student_id,sentence_id,audio_file,mel_file,ground_truth,transcript,wer,cer,fluency_label,fluency_label_wer,length_class,duration_s,speech_duration_s,hesitation_count,mean_pause_s,zcr,energy_variance,chars_per_sec,cluster_label,length_class_enc
S001,1,S001_001.wav,S001_001_mel.npy,යාළුවෝ හැමදෙනාම නිදහස් උත්සවය බැලුවා,යාළුවෝ හැමදෙනාම නිදාස් උත්සවය බැලුවා,0.2,0.0312,0,1,short,3.541,3.328,0,0.0,0.0808,0.003633,9.615,2,0
S001,2,S001_002.wav,S001_002_mel.npy,කවිඳු යාළුවොත් එක්ක මිදුලේ සෙල්ලම් කරමින් සිටියා,කවිඳු යාලුවත් එක්ක මිදුලේ සෙල්ලම් කරමින් සිටියා.,0.1429,0.0238,0,1,long,3.925,3.456,0,0.0,0.0849,0.003386,12.153,2,1
S001,3,S001_003.wav,S001_003_mel.npy,අපේ රටේ නිදහස් උත්සවය,අපේ රටේ නිදහස් උත්සවය,0.0,0.0,0,0,short,2.816,2.176,1,0.352,0.106,0.00408,8.272,2,0
S001,4,S001_004.wav,S001_004_mel.npy,මම කෝෂය ඇතුලේ සති දෙකක් විතර හිටියා,මම කෝෂයේ ඇතුළ සති දෙකක් විතර හිටියා.,0.2857,0.069,0,1,long,3.925,3.392,1,0.16,0.0996,0.004475,8.55,2,1
S001,5,S001_005.wav,S001_005_mel.npy,පොත් කියවීමෙන් මිනිසා සම්පූර්ණ වේ,පොත් කියවීමෙන් මිනිසා සම්පූර්ණ වේ.,0.0,0.0,0,0,short,3.648,3.264,1,0.16,0.0768,0.003699,8.885,2,0
S001,6,S001_006.wav,S001_006_mel.npy,මුහුද හරිම ලස්සනයි,මුහුද හරිම ලස්සු නැයි,0.6667,0.125,1,2,short,2.005,1.568,0,0.0,0.0844,0.00311,10.204,2,0
S001,7,S001_007.wav,S001_007_mel.npy,හැමෝම එකට අත් අල්ලා ගන්න,හැමෝම එකට අත් අල්ලා ගන්න,0.0,0.0,0,0,short,3.2,2.848,1,0.224,0.0792,0.003848,7.022,2,0
S001,8,S001_008.wav,S001_008_mel.npy,මම එහෙනම් නාගෙන එන්නම්,මම හිනම් ලාගෙන එන්නම්,0.5,0.1579,1,2,short,2.539,2.048,0,0.0,0.0802,0.00285,9.277,2,0
S001,9,S001_009.wav,S001_009_mel.npy,අපි අද පොල් කැඩුවා,අපි අද පොල් කැඩුව,0.25,0.0667,0,1,short,2.411,1.696,0,0.0,0.0879,0.002617,8.844,2,0
S001,10,S001_010.wav,S001_010_mel.npy,"ඇයි හිනා වෙන්නේ, මට රජ වෙන්න බැරිද",ඇයි ඉනා වෙන්නේ මට රජ වෙන්න බැරිද?,0.1429,0.0741,0,1,long,4.139,2.976,1,0.48,0.082,0.002282,9.409,2,1
S001,11,S001_011.wav,S001_011_mel.npy,දුව සටහන් පොතේ මොනවාද ලියා ගත්තේ,දුව සටහන් පොතේ මොනවාද රියා ගත්තේ,0.1667,0.037,0,1,long,4.075,3.776,1,0.256,0.0837,0.004245,7.15,2,1
S001,12,S001_012.wav,S001_012_mel.npy,ඉතින් මෙච්චර පරක්කු වුනේ ඇයි,ඉතින් මෙච්චර පරක්වුණේ ඇයි,0.4,0.0833,0,1,short,2.731,2.475,0,0.0,0.0876,0.004274,9.698,2,0
S001,13,S001_013.wav,S001_013_mel.npy,දවසක් අම්මා අශ්ව පැටියාගෙන් උදව්වක් ඉල්ලුවා,දවසක් අම්මාශ්‍ය පැටියාගෙන් උදව්වක් ඉල්ලුවා.,0.3333,0.0789,0,1,long,4.245,3.872,0,0.0,0.1005,0.002328,9.814,2,1
S001,14,S001_014.wav,S001_014_mel.npy,ඔය ගඟ හරි ගැඹුරුයි,ඔයේ ගංග හරි කැඹුරුයුයි,0.75,0.4,2,2,short,1.984,1.76,0,0.0,0.0792,0.002726,8.523,2,0
S001,15,S001_015.wav,S001_015_mel.npy,අශ්ව පැටියා ඉක්මනින් ගෙදර එනවා දැකලා අම්මා පුදුම වුනා,අශ්ව පැටියා ඉක්මනින් ගෙදරෙ නවාද එකලා අම්මා පුදුම වුන්නා.,0.4444,0.0889,0,2,long,5.269,4.544,0,0.0,0.0937,0.002653,9.903,2,1
S001,16,S001_016.wav,S001_016_mel.npy,"සිටුතුමනි, අපට අනුකම්පා කරනු මැනවි",සිටුතුමනි අපට අනුකම්පා කරනු මැනවි.,0.0,0.0,0,0,short,4.267,3.488,0,0.0,0.0981,0.001921,8.601,2,0
S001,17,S001_017.wav,S001_017_mel.npy,බරෙන් වැඩි වන්නේ ගසක මුල කොටසද,බරින් වැඩි වන්නේ ගසක මුල කොටසිද,0.3333,0.08,0,1,long,3.797,2.912,0,0.0,0.0872,0.003348,8.585,2,1
S001,18,S001_018.wav,S001_018_mel.npy,රයිට් සහෝදරයන්ගේ පියා ඔවුන් පුංචිකාලයේ දී කඩදාසි සහ රබර් පටිවලින් සෙල්ලම් අහස් යානා තනා දුන්නේය,රයිත් සහෝදරයන්ගේ පියා ඔවුන් පුංචි කාලේදී කඩිදාස සහ රබර් පටිවලින් සෙල්ලම් අහස්‍යයානා තනා දුන්නේය.,0.4,0.0741,0,1,long,10.133,8.853,4,0.288,0.0965,0.002749,9.149,2,1
S001,19,S001_019.wav,S001_019_mel.npy,පසු කලෙක ඔවුහු බයිසිකල් වැඩ වැඩපොළක් ඇරඹූහ,බසු කලෙක හෝ පයිසිකල් වැඩඵලක් ඇනැඹූහ.,0.8571,0.3333,1,2,long,4.203,3.883,1,0.256,0.0861,0.003001,9.272,2,1
S001,20,S001_020.wav,S001_020_mel.npy,දැන් හැමෝම වාඩිවෙන්න,දැන් හැමම වාඩි වෙන්න,1.0,0.0556,0,2,short,2.603,2.208,1,0.16,0.0731,0.003135,8.152,2,0
S001,21,S001_021.wav,S001_021_mel.npy,අපි ඊළඟ දවසේ තවත් සෙල්ලමක් කරමු,අපි ඊලන්ග දාසෙ සවත් සෙල්ලමක් කරමු,0.5,0.2308,1,2,long,3.413,2.944,0,0.0,0.0942,0.004131,8.832,2,1
S001,22,S001_022.wav,S001_022_mel.npy,මේ සිහින අප නින්දේ දී දකින සිහින නම් නොවේ,මේ සිහින අප නින්දේ දී දකෙන සිහින නම් නොවේ.,0.1111,0.0303,0,1,long,6.016,4.736,1,0.768,0.0855,0.003062,6.968,2,1
S001,23,S001_023.wav,S001_023_mel.npy,ඇගේ ගම ගිංතොට ය,ඇගේ ගම ගින්තොටය,0.5,0.1667,1,2,short,2.411,1.899,0,0.0,0.0788,0.004186,6.32,2,0
S001,24,S001_024.wav,S001_024_mel.npy,මේ පුංචි දැරිය ඇගේ ප්‍රියතම වැඩිහිටි නෑදෑයා ගැන පසු කලෙක එසේ කීවාය,මේ පුංජ දරිය ඇගේ පියතම වැඩිහිටි නෑදෑයා ගන පසු කළෙක එසේ කීවාය.,0.3333,0.1273,1,1,long,6.059,5.728,0,0.0,0.0904,0.004017,9.602,2,1
S001,25,S001_025.wav,S001_025_mel.npy,පින්තූර මගින් කතා කීම ඈත කාලයේ සිට පැවත එන ක්‍රමයකි,පින්තූර මගින් කතා කීම ඈත අත්කාලයේ සිට පැවත එන ක්‍රමයෙකි.,0.2,0.0952,0,1,long,6.08,5.504,1,0.352,0.0945,0.003193,7.631,2,1
S001,26,S001_026.wav,S001_026_mel.npy,මකුළුවා තණ බිස්සේ හැංගුනා,මකුරුවා තන ලිස්සේ හැංගුණා.,0.5,0.0909,0,2,short,2.752,2.432,0,0.0,0.1003,0.002628,9.046,2,0
S001,27,S001_027.wav,S001_027_mel.npy,එළියේ ලස්සන ගැහැණු ළමයෙක් හිටගෙන හිටියා,එළියේ ලස්සන ගෑනු ළමයෙක් හිටගෙන හිටියා,0.1667,0.0882,0,1,long,3.84,3.232,0,0.0,0.0929,0.002716,10.52,2,1
S001,28,S001_028.wav,S001_028_mel.npy,අතරමගදී ඉතාම භයානක දෙයක් සිදුවුණා,අතර මගද ඉතා භයහනක දෙයක් සිදු වුණා,1.0,0.1034,1,2,short,3.669,3.2,0,0.0,0.0892,0.003261,9.062,2,0
S001,29,S001_029.wav,S001_029_mel.npy,සර්පයා මහා විශාලෙට කට ඇරියා,සර්පයා මහා විශාර කටෑරියා,0.6,0.1739,1,2,short,3.264,2.784,0,0.0,0.0992,0.003756,8.261,2,0
S001,30,S001_030.wav,S001_030_mel.npy,ටිකක් හිතලා බලන්නකෝ,ටිකා කිදලා බලන්නකෝ.,0.6667,0.2353,1,2,short,2.475,2.219,1,0.192,0.0795,0.00623,7.662,2,0
S001,31,S001_031.wav,S001_031_mel.npy,තනියෙන් ලියන්න,තනියෙන් ලියන්න,0.0,0.0,0,0,short,1.941,1.312,0,0.0,0.0787,0.004556,9.909,2,0
S001,32,S001_032.wav,S001_032_mel.npy,පස්වැනි ගුණාංගය,පස්සනි ගුණංග,1.0,0.2857,1,2,short,2.005,1.6,0,0.0,0.1115,0.007547,8.75,2,0
S001,33,S001_033.wav,S001_033_mel.npy,බරණැස් නුවර සිටුවරයෙක් වාසය කළේය,බරණස් නොර්ර සිටුවර එක් වාසේ කළේය.,1.0,0.25,1,2,short,4.139,3.488,1,0.32,0.1169,0.003142,8.028,2,0
S001,34,S001_034.wav,S001_034_mel.npy,නායකතුමා මෙසේ පිළිතුරු දුන්නේය,නායක සිරිතුමා මැසේ පිහිතුර දුන්නේය.,1.0,0.2593,1,2,short,4.736,4.352,1,0.256,0.0844,0.003345,6.204,2,0
S001,35,S001_035.wav,S001_035_mel.npy,තේරවිලි වර්ග කිහිපයක් තිබේ,තේනවිලි වර්ක කිහිපයක් තිබේ.,0.5,0.087,0,2,short,2.795,2.443,0,0.0,0.074,0.005879,9.416,2,0
S001,36,S001_036.wav,S001_036_mel.npy,අපේ සීයා කතන්දර කීමට සමතෙකි,අපේ සීයා කතැන්දර කීමට සමතකි.,0.4,0.087,0,1,short,3.52,3.136,0,0.0,0.0981,0.002471,7.334,2,0
S001,37,S001_037.wav,S001_037_mel.npy,මේ අය අතරමගදී අම්බලමක නතර වුණා,මේ අය අතර මකදි අම්බැලමකන අතර වුණා,0.6667,0.16,1,2,long,3.669,3.232,0,0.0,0.0794,0.002432,7.735,2,1
S001,38,S001_038.wav,S001_038_mel.npy,හරි අපූරු කතාවක්,හරි අපූරු කතාවක්,0.0,0.0,0,0,short,2.176,1.664,0,0.0,0.0877,0.006999,8.413,2,0
S001,39,S001_039.wav,S001_039_mel.npy,කටුස්සාගේ කරේ රත්තරන් බැන්දා වගෙයි,කටසාගේ කරේ රතරන් බැඳා වගේ,0.8,0.3667,2,2,short,3.2,2.848,0,0.0,0.0988,0.00456,10.534,2,0
S001,40,S001_040.wav,S001_040_mel.npy,මුල් ගුරුතුමා කීවේය,මුල් ගුරුතුමා කීවේය.,0.0,0.0,0,0,short,2.347,1.856,0,0.0,0.0827,0.003968,9.159,2,0
S001,41,S001_041.wav,S001_041_mel.npy,අද පුස්තකාල පන්තියක් කරමු,අද පුස්තකාල පන්තිය කරමු,0.25,0.0909,0,1,short,3.605,2.464,1,0.736,0.0964,0.002441,8.929,2,0
S001,42,S001_042.wav,S001_042_mel.npy,මම ගල්පරයක ඇලී ජීවත් වුනෙමි,මම ගල් පරේකැලියි ජීවත් වුනෙමි.,0.4,0.2174,1,1,short,3.243,2.688,0,0.0,0.0848,0.002535,8.557,2,0
S001,43,S001_043.wav,S001_043_mel.npy,බෙලි කටුව කතා කරයි,බෙරි කටුව කතා කරයි.,0.25,0.0667,0,1,short,2.475,2.315,0,0.0,0.1129,0.004928,6.48,2,0
S001,44,S001_044.wav,S001_044_mel.npy,සති අන්තේ නිවාඩුවට බිංදුලා ගමේ ගියා,සතිය අන්තය නිවාඩුවට බින්දුලා ගමේ ගියා,0.5,0.1333,1,2,long,3.605,3.456,0,0.0,0.0849,0.00239,8.681,2,1
S001,45,S001_045.wav,S001_045_mel.npy,මොනවාද ඒවායේ නම්,මොනැවද ඒවායේ නම්,0.3333,0.1429,1,1,short,2.133,1.76,0,0.0,0.0776,0.004844,7.955,2,0
S001,46,S001_046.wav,S001_046_mel.npy,නංගි උත්තර දුන්නා,නංගේ උත්තර දුන්නා,0.3333,0.0667,0,1,short,2.304,1.824,0,0.0,0.0758,0.003842,8.224,2,0
S001,47,S001_047.wav,S001_047_mel.npy,පාර කියන අත්තම්මා,පාර කියන අත්දම්මා,0.3333,0.0667,0,1,short,2.325,1.632,0,0.0,0.0825,0.006477,9.191,2,0
S001,48,S001_048.wav,S001_048_mel.npy,ඇයගේ කැපවීම පුදුමාකාරය,ඇයගේ කැබවීම පුදුමා කාරය.,1.0,0.05,0,2,short,2.752,2.432,0,0.0,0.0774,0.004111,8.224,2,0
S001,49,S001_049.wav,S001_049_mel.npy,මිනිසාගේ පරම යුතුකම මිනිසාට සේවය කිරීම,මිලිසාගේ පරම යුතුකම් මිලිසාට සේවේ කීම,0.8333,0.1818,1,2,long,4.011,3.488,0,0.0,0.0958,0.002911,9.461,2,1
S001,50,S001_050.wav,S001_050_mel.npy,අපි මේ වන විට පැය දොළහක් වැඩ කර පැය දොළහක් විවේක ගත්තා,අපි මේ වනවිට පැයිදොලාක් වඩ කර පැයිදොලාක් විවේක ගත්තා,0.5833,0.1163,1,2,long,4.459,4.0,0,0.0,0.0751,0.00333,10.75,2,1
S001,51,S001_051.wav,S001_051_mel.npy,අප කවුරුත් පුදුමයට පත්කරමින් ඈට පණ ආවා,අප කවුරුත් පුදමයට පත්කරමින් ඈට පණාවා,0.4286,0.0625,0,2,long,3.605,3.2,0,0.0,0.0775,0.001647,10.0,2,1
S001,52,S001_052.wav,S001_052_mel.npy,සුගන්ධවත් පුෂ්පයෝ අපගේ සොහොයුරියෝය,සුගන්දවත් පුෂ්පයෝ අපගේ සහවදරියෝය,0.25,0.129,1,1,short,3.52,3.104,0,0.0,0.1022,0.002551,9.987,2,0
S001,53,S001_053.wav,S001_053_mel.npy,ගංගාවෝ අපගේ සොහොයුරෝ වෙති,ගංගාවෝ අපගේ සහෝයුරො වෙති,0.25,0.1364,1,1,short,3.072,2.752,0,0.0,0.0933,0.004355,7.994,2,0
S001,54,S001_054.wav,S001_054_mel.npy,නංගී මට නොදී කිසිවක් නොකනවා ඇතැයි මට සිතේ,නංගීය මඩ නොදී කිසිවක් නොකෙනවා ඇතැයි මට සිතේ,0.375,0.0882,0,1,long,4.267,3.776,0,0.0,0.0987,0.001719,9.004,2,1
S001,55,S001_055.wav,S001_055_mel.npy,නංගි උදේ පාන්දරින්ම නැගිටියි,නංගින් උදේ පාන්දරින්ම නැගිටි,0.5,0.16,1,2,short,2.88,2.304,0,0.0,0.071,0.006789,10.851,2,0
S001,56,S001_056.wav,S001_056_mel.npy,ඈ මා ගෙදර යන විට අසනු ඇත,ඇය මා ගෙදරේ අනවිටය අසනු ඇත.,0.5714,0.2778,1,2,long,3.008,2.304,0,0.0,0.0986,0.003026,7.813,2,1
S001,57,S001_057.wav,S001_057_mel.npy,ගොවිතැන සඳහා භාවිත වන උපකරණ එකින් එක විස්තර කරද්දී ළමයි සාවධානව අසා සිටියහ,ගොවිතාන සඳහා භාවිත වන උපකරන එකින් එක විස්තර කරත්දි ළමයි සාවදානව අසා සිටියහ.,0.1538,0.0484,0,1,long,9.045,7.584,3,0.309,0.0992,0.002357,8.175,2,1
S001,58,S001_058.wav,S001_058_mel.npy,ළමයි පොල්තෙල් හිඳීමට භාවිත කරන සෙක්කුව අසලට රැස් වූහ,ළමයි පොරිතේ හිඳීමට වාවිත ගන්න සෙක්කුව අසරයට රැසූහ.,0.6667,0.2955,1,2,long,5.269,4.8,1,0.224,0.103,0.002131,9.167,2,1
S001,59,S001_059.wav,S001_059_mel.npy,ඒ ගොල්ලන්ට අලුත් ක්‍රමයක් හොයා ගන්න වෙනවා,ඒගොල්ලන්ට අලුත් ක්‍රමයක් ඔයාගන්න වෙනවා.,0.5714,0.0571,0,2,long,4.245,3.232,0,0.0,0.0797,0.002632,10.829,2,1
S001,60,S001_060.wav,S001_060_mel.npy,බොහෝ දෙනෙක් මම එනතුරු බලා ගෙන හිටියා,බොහෝ දෙනෙක් මම එනසුරු බලාගෙන හිටියා,0.4286,0.0333,0,2,long,3.477,3.125,0,0.0,0.0835,0.004419,9.599,2,1
S001,61,S001_061.wav,S001_061_mel.npy,මට ආරංචි වුණා රජතුමාගේ ගුහාව ළඟ අනතුරක් කියලා,මට ආරංච පුණා රජතුමාගේ ගුහාව ළඟ අනසුරක් කියලා.,0.375,0.0789,0,1,long,5.611,4.672,1,0.416,0.0914,0.004216,8.134,2,1
S001,62,S001_062.wav,S001_062_mel.npy,පැය අටකට පසු ඔවුන්ට පියාපත් සලන හඬක් ඇසිණි,බැය අටගට පසුම් ඔවුන්ට වියාපත් සලෙන හඬක් හැසුනි.,0.75,0.2571,1,2,long,4.48,4.0,0,0.0,0.099,0.003897,8.75,2,1
S001,63,S001_063.wav,S001_063_mel.npy,මිනිසුන් ගැන විස්තර දැනගන්න බොහෝ ක්‍රම තියෙනවා,මිනිසිම් ගැන විස්තර දැනගන්න බොහෝ ක්‍රමතියනවා,0.4286,0.075,0,2,long,4.651,3.584,1,0.288,0.0893,0.002745,11.161,2,1
S001,64,S001_064.wav,S001_064_mel.npy,ඔබට දින හතරක් දෙමි,ඔබට දින හතරක් දෙමි,0.0,0.0,0,0,short,2.347,1.92,0,0.0,0.0714,0.004096,7.812,2,0
S001,65,S001_065.wav,S001_065_mel.npy,ඇදුරුතුමා බෙහෙවින් සතුටට පත් විය,ඇදුරුතුමා බෙහෙවින් සදුරට පතිය,0.6,0.1429,1,2,short,3.669,2.752,0,0.0,0.0827,0.001067,10.174,2,0
S001,66,S001_066.wav,S001_066_mel.npy,ඔබට පේන්නේ කුමක්දැයි මම ඇසුවෙමි,ඔබට පේන්නේ කුමක්දැයි මම ඇසුවෙමි.,0.0,0.0,0,0,short,3.285,2.848,0,0.0,0.0922,0.005132,9.48,2,0
S001,67,S001_067.wav,S001_067_mel.npy,මෙතැන තමයි හොඳම තැන,මෙතැන පමයි හොඳම තැන,0.25,0.0625,0,1,short,2.325,2.112,0,0.0,0.0804,0.004913,7.576,2,0
S001,68,S001_068.wav,S001_068_mel.npy,ඇය කාචය සකස් කර නැවත බැලූවාය,ඇයේ කාජය සකස් කර නැවත බැලුවාය.,0.5,0.1304,1,2,long,3.371,2.72,0,0.0,0.0987,0.002158,8.456,2,1
S002,1,S002_001.wav,S002_001_mel.npy,යාළුවෝ හැමදෙනාම නිදහස් උත්සවය බැලුවා,යාළුවෝ හැම දෙනාම නිදහස් උත්සවය බැලුව,0.6,0.0312,0,2,short,4.949,4.405,1,0.224,0.092,0.003621,7.264,2,0
S002,2,S002_002.wav,S002_002_mel.npy,කවිඳු යාළුවොත් එක්ක මිදුලේ සෙල්ලම් කරමින් සිටියා,කවිඳුහු යාළුවොත් එක්ක මිදුලේ සෙල්ලම් කරමින් සිටියක්,0.2857,0.0952,0,1,long,10.581,5.237,0,0.0,0.0825,0.003702,8.019,2,1
S002,3,S002_003.wav,S002_003_mel.npy,අපේ රටේ නිදහස් උත්සවය,අපේ රටේ නිදහස් උත්සවය,0.0,0.0,0,0,short,3.477,2.88,0,0.0,0.0837,0.005574,6.25,2,0
S002,4,S002_004.wav,S002_004_mel.npy,මම කෝෂය ඇතුලේ සති දෙකක් විතර හිටියා,මම කෝෂයේ ඇතුළේ සති දෙකක් පුත්තර හිටියා,0.2857,0.1724,1,1,long,4.416,3.968,0,0.0,0.0984,0.0039,7.308,2,1
S002,5,S002_005.wav,S002_005_mel.npy,පොත් කියවීමෙන් මිනිසා සම්පූර්ණ වේ,පොත් කියවීමෙන් මිනිසා සම්පූර්ණ වේ.,0.0,0.0,0,0,short,4.075,3.552,0,0.0,0.0931,0.00632,8.164,2,0
S002,6,S002_006.wav,S002_006_mel.npy,මුහුද හරිම ලස්සනයි,මුහුදු මුහුදෑ හරි මැලාසනයි.,1.0,0.625,2,2,short,3.2,2.784,0,0.0,0.0889,0.002045,5.747,2,0
S002,7,S002_007.wav,S002_007_mel.npy,හැමෝම එකට අත් අල්ලා ගන්න,හැමෝම එකට අත්අල්ලා ගන්න,0.4,0.0,0,1,short,3.136,2.688,0,0.0,0.0879,0.003844,7.44,2,0
S002,8,S002_008.wav,S002_008_mel.npy,මම එහෙනම් නාගෙන එන්නම්,මම එහෙනම් නාගෙන එන්නම්,0.0,0.0,0,0,short,3.072,2.72,0,0.0,0.0836,0.005001,6.985,2,0
S002,9,S002_009.wav,S002_009_mel.npy,අපි අද පොල් කැඩුවා,අපි අද පොල් කැඩුවා,0.0,0.0,0,0,short,2.88,2.208,1,0.288,0.0816,0.004291,6.793,2,0
S002,10,S002_010.wav,S002_010_mel.npy,"ඇයි හිනා වෙන්නේ, මට රජ වෙන්න බැරිද",ඇයි හිනාවෙන්නෙ මට රජ වෙන්න බැරිද?,0.2857,0.037,0,1,long,5.739,4.032,2,0.512,0.0802,0.004124,6.944,2,1
S002,11,S002_011.wav,S002_011_mel.npy,දුව සටහන් පොතේ මොනවාද ලියා ගත්තේ,තුව සටහන් පොතේ මොනවාදළියාගත්තේ,0.6667,0.037,0,2,long,5.141,4.8,0,0.0,0.0827,0.001438,5.625,2,1
S002,12,S002_012.wav,S002_012_mel.npy,ඉතින් මෙච්චර පරක්කු වුනේ ඇයි,ඉතිම් මේ චර පරක්වූ නැහැයි,1.0,0.4167,2,2,short,3.413,2.848,0,0.0,0.0721,0.004664,8.427,2,0
S002,13,S002_013.wav,S002_013_mel.npy,දවසක් අම්මා අශ්ව පැටියාගෙන් උදව්වක් ඉල්ලුවා,දාවසක් අම්මා අශ්‍ය පැටියාගෙන් උදව්වක් කිල්ලුව,0.5,0.1579,1,2,long,4.608,4.064,0,0.0,0.101,0.003098,9.35,2,1
S002,14,S002_014.wav,S002_014_mel.npy,ඔය ගඟ හරි ගැඹුරුයි,ඔය ගඟ හරිම ගැඹුරුයි,0.25,0.0667,0,1,short,2.944,2.304,0,0.0,0.0766,0.007036,6.51,2,0
S002,15,S002_015.wav,S002_015_mel.npy,අශ්ව පැටියා ඉක්මනින් ගෙදර එනවා දැකලා අම්මා පුදුම වුනා,අශ්ව පැටියා ඉක්මනින් ගෙදරේ නවාදැ කළා අම්මා පුදුම වුනා,0.3333,0.0222,0,1,long,6.549,5.76,1,0.256,0.0923,0.002486,7.812,2,1
S002,16,S002_016.wav,S002_016_mel.npy,"සිටුතුමනි, අපට අනුකම්පා කරනු මැනවි",සිටු තුමනි අපට අනුකම්පා කරනු මැනවි.,0.4,0.0,0,1,short,5.333,4.0,1,0.448,0.0813,0.002807,7.5,2,0
S002,17,S002_017.wav,S002_017_mel.npy,බරෙන් වැඩි වන්නේ ගසක මුල කොටසද,බාරෙන් වැඩි වන්නේ ගසක මුලකොටසද,0.5,0.04,0,2,long,4.544,4.064,1,0.224,0.0871,0.003333,6.152,2,1
S002,18,S002_018.wav,S002_018_mel.npy,රයිට් සහෝදරයන්ගේ පියා ඔවුන් පුංචිකාලයේ දී කඩදාසි සහ රබර් පටිවලින් සෙල්ලම් අහස් යානා තනා දුන්නේය,රයිට් සහෝදරයන්ගේ පියා ඔවුන් පුංචි කාලයේදී කඩදාසි සහ රබර් පටිවලින් සෙල්ලම් අහස්‍යානා තනා දුන්නේ,0.3333,0.0247,0,1,long,13.739,11.072,5,0.346,0.098,0.001853,7.316,2,1
S002,19,S002_019.wav,S002_019_mel.npy,පසු කලෙක ඔවුහු බයිසිකල් වැඩ වැඩපොළක් ඇරඹූහ,පසුකාලෙක ඔහු බ්යසිකල් වැඩ පොලක් ඇරැඹූහ.,0.8571,0.25,1,2,long,5.781,5.216,1,0.256,0.0953,0.003216,6.902,2,1
S002,20,S002_020.wav,S002_020_mel.npy,දැන් හැමෝම වාඩිවෙන්න,දැං ඇමෝම වාඩි වෙන්න,1.0,0.2222,1,2,short,6.315,4.64,2,0.464,0.089,0.003915,3.879,2,0
S002,21,S002_021.wav,S002_021_mel.npy,අපි ඊළඟ දවසේ තවත් සෙල්ලමක් කරමු,අපි ඊ ළඟදාවසේ තවත්සෙල්ලමක් කරමු,0.6667,0.0385,0,2,long,4.267,3.84,0,0.0,0.0926,0.005997,6.771,2,1
S002,22,S002_022.wav,S002_022_mel.npy,මේ සිහින අප නින්දේ දී දකින සිහින නම් නොවේ,මේ සිහින අප නින්දේදී දකින සිහින නම් නොවේ.,0.2222,0.0,0,1,long,4.949,4.245,1,0.224,0.0879,0.006055,7.773,2,1
S002,23,S002_023.wav,S002_023_mel.npy,ඇගේ ගම ගිංතොට ය,ඇගේ ගම ගින්තොටය,0.5,0.1667,1,2,short,3.413,2.517,1,0.256,0.085,0.00648,4.767,2,0
S002,24,S002_024.wav,S002_024_mel.npy,මේ පුංචි දැරිය ඇගේ ප්‍රියතම වැඩිහිටි නෑදෑයා ගැන පසු කලෙක එසේ කීවාය,මේ පුංචි දැරිය ඇගේ ප්‍රියතම වැඩිහිටි නෑදෑයා ගැන පසු කාලෙක එසේ කීවාය.,0.0833,0.0182,0,1,long,8.213,7.232,3,0.245,0.1019,0.002096,7.605,2,1
S002,25,S002_025.wav,S002_025_mel.npy,පින්තූර මගින් කතා කීම ඈත කාලයේ සිට පැවත එන ක්‍රමයකි,පින්තූර මගින් කතා කීම ඈත කාලයේ සිට පැවත එන ක්‍රමයකි.,0.0,0.0,0,0,long,8.917,6.613,3,0.64,0.0994,0.003738,6.351,2,1
S002,26,S002_026.wav,S002_026_mel.npy,මකුළුවා තණ බිස්සේ හැංගුනා,මකුළුවා තම තන බිස්සේ හැංගුණා.,0.25,0.0909,0,1,short,4.672,4.192,1,0.16,0.1116,0.004488,5.248,2,0
S002,27,S002_027.wav,S002_027_mel.npy,එළියේ ලස්සන ගැහැණු ළමයෙක් හිටගෙන හිටියා,එළියේ ලස්සන ගෑනුලමේ හිටගෙන හිටියා,0.3333,0.2059,1,1,long,4.352,3.648,0,0.0,0.0914,0.003001,9.32,2,1
S002,28,S002_028.wav,S002_028_mel.npy,අතරමගදී ඉතාම භයානක දෙයක් සිදුවුණා,අතර මඟදී ඉතාම භයානක දෙයක් සිදුවුණා,0.4,0.0345,0,1,short,4.523,3.584,0,0.0,0.0821,0.005265,8.092,2,0
S002,29,S002_029.wav,S002_029_mel.npy,සර්පයා මහා විශාලෙට කට ඇරියා,සර්පයා මහ විශාලෙට කට ඇරිය.,0.4,0.087,0,1,short,3.392,3.136,0,0.0,0.1163,0.004989,7.334,2,0
S002,30,S002_030.wav,S002_030_mel.npy,ටිකක් හිතලා බලන්නකෝ,ටිකක් හිතලා බලන්නුකෝ.,0.3333,0.0588,0,1,short,2.219,1.92,0,0.0,0.0873,0.006143,8.854,2,0
S002,31,S002_031.wav,S002_031_mel.npy,තනියෙන් ලියන්න,තනිඉං ලියන්,1.0,0.3846,2,2,short,1.6,1.248,0,0.0,0.0897,0.00695,10.417,2,0
S002,32,S002_032.wav,S002_032_mel.npy,පස්වැනි ගුණාංගය,පස්වැනි ගුණාංගය.,0.0,0.0,0,0,short,1.856,1.568,0,0.0,0.1017,0.006918,8.929,2,0
S002,33,S002_033.wav,S002_033_mel.npy,බරණැස් නුවර සිටුවරයෙක් වාසය කළේය,බරණැස් නුවර සිතුවරයෙක් වාසේ කොලේය.,0.6,0.1071,1,2,short,3.861,3.616,0,0.0,0.1007,0.004538,7.743,2,0
S002,34,S002_034.wav,S002_034_mel.npy,නායකතුමා මෙසේ පිළිතුරු දුන්නේය,නායක සිටුතුමා මෙසේ පිළිතුරු දුන්නේය.,0.5,0.1481,1,2,short,6.741,5.376,1,0.16,0.0895,0.001971,5.022,2,0
S002,35,S002_035.wav,S002_035_mel.npy,තේරවිලි වර්ග කිහිපයක් තිබේ,තේරවිලි වර්ග කිහිපයක් තිබේ.,0.0,0.0,0,0,short,3.541,2.88,1,0.32,0.0819,0.005792,7.986,2,0
S002,36,S002_036.wav,S002_036_mel.npy,අපේ සීයා කතන්දර කීමට සමතෙකි,අපේ සීයා කතන්දර කීමට සමතෙකි.,0.0,0.0,0,0,short,6.272,4.128,2,0.784,0.0992,0.002298,5.572,2,0
S002,37,S002_037.wav,S002_037_mel.npy,මේ අය අතරමගදී අම්බලමක නතර වුණා,මේ අය අතර මගදි අම්බලමක නතර වුනා,0.3333,0.04,0,1,long,5.397,4.704,1,0.192,0.0922,0.001791,5.315,2,1
S002,38,S002_038.wav,S002_038_mel.npy,හරි අපූරු කතාවක්,හරි අපූරු කතාවක්,0.0,0.0,0,0,short,2.667,1.984,0,0.0,0.0963,0.008611,7.056,2,0
S002,39,S002_039.wav,S002_039_mel.npy,කටුස්සාගේ කරේ රත්තරන් බැන්දා වගෙයි,කටුස්සගේ කරේ තාත්තරා බැඳ්තරම් බැන්දා වගේ,0.8,0.4667,2,2,short,4.672,4.256,1,0.16,0.0937,0.003623,7.049,2,0
S002,40,S002_040.wav,S002_040_mel.npy,මුල් ගුරුතුමා කීවේය,මුල් ගුරුතුමා කීවේය.,0.0,0.0,0,0,short,2.539,2.272,0,0.0,0.1068,0.005632,7.482,2,0
S002,41,S002_041.wav,S002_041_mel.npy,අද පුස්තකාල පන්තියක් කරමු,අද පුෂ්තකාලය පංතියක්‌ කරමු,0.5,0.2273,1,2,short,3.051,2.72,0,0.0,0.1226,0.005097,8.088,2,0
S002,42,S002_042.wav,S002_042_mel.npy,මම ගල්පරයක ඇලී ජීවත් වුනෙමි,මම ගල් පරේ කෑලී ජීවල් බුණෙමි.,1.0,0.1739,1,2,short,3.605,3.413,0,0.0,0.0869,0.005401,6.738,2,0
S002,43,S002_043.wav,S002_043_mel.npy,බෙලි කටුව කතා කරයි,බෙලි බෙලිකටුව කතා කරන්න.,0.5,0.4667,2,2,short,3.456,2.464,1,0.192,0.0816,0.005852,6.088,2,0
S002,44,S002_044.wav,S002_044_mel.npy,සති අන්තේ නිවාඩුවට බිංදුලා ගමේ ගියා,සතිය අන්තයේ නිවාඩුවට බින්දුලා ගමේ ගියා,0.5,0.1333,1,2,long,6.976,6.176,1,0.288,0.0919,0.003924,4.858,2,1
S002,45,S002_045.wav,S002_045_mel.npy,මොනවාද ඒවායේ නම්,මුනවාද ඒවායේ නම්,0.3333,0.0714,0,1,short,2.667,2.475,1,0.16,0.0927,0.003178,5.657,2,0
S002,46,S002_046.wav,S002_046_mel.npy,නංගි උත්තර දුන්නා,නංගී උත්තර දුන්නා,0.3333,0.0667,0,1,short,2.475,2.112,0,0.0,0.1055,0.003049,7.102,2,0
S002,47,S002_047.wav,S002_047_mel.npy,පාර කියන අත්තම්මා,පාර කියන අත්තම්ම,0.3333,0.0667,0,1,short,2.069,1.728,0,0.0,0.1066,0.007971,8.681,2,0
S002,48,S002_048.wav,S002_048_mel.npy,ඇයගේ කැපවීම පුදුමාකාරය,ඇයගේ කැපවීම පුදුමාකාරය,0.0,0.0,0,0,short,3.52,3.2,0,0.0,0.0913,0.006208,6.25,2,0
S002,49,S002_049.wav,S002_049_mel.npy,මිනිසාගේ පරම යුතුකම මිනිසාට සේවය කිරීම,මිනිසාගේ පරම යුතුකම මිනිසාට සේදය කිරීම,0.1667,0.0303,0,1,long,6.485,5.28,3,0.267,0.0924,0.002655,6.25,2,1
S002,50,S002_050.wav,S002_050_mel.npy,අපි මේ වන විට පැය දොළහක් වැඩ කර පැය දොළහක් විවේක ගත්තා,අපි මේ වන විට පැය දුළහක් වැඩ කර පැය දුළහක් විවේක ගත්තක්,0.25,0.093,0,1,long,8.0,6.336,1,0.704,0.0962,0.003517,6.787,2,1
S002,51,S002_051.wav,S002_051_mel.npy,අප කවුරුත් පුදුමයට පත්කරමින් ඈට පණ ආවා,අප කවුරුත් පුදුමයට පත් කරමින් ඇට පනාවක්,0.5714,0.125,1,2,long,4.992,4.0,1,0.288,0.0875,0.003032,8.0,2,1
S002,52,S002_052.wav,S002_052_mel.npy,සුගන්ධවත් පුෂ්පයෝ අපගේ සොහොයුරියෝය,සුගන්ධවත් පුෂ්පයෝ අපගේ සහෝ යුරෝයෝය.,0.5,0.0968,0,2,short,7.189,5.824,3,0.373,0.0964,0.001869,5.323,2,0
S002,53,S002_053.wav,S002_053_mel.npy,ගංගාවෝ අපගේ සොහොයුරෝ වෙති,ගංගාවේ අපගේ සහෝ යුරෝවෙති,0.75,0.1364,1,2,short,3.947,3.264,0,0.0,0.1002,0.004833,6.74,2,0
S002,54,S002_054.wav,S002_054_mel.npy,නංගී මට නොදී කිසිවක් නොකනවා ඇතැයි මට සිතේ,නංගී මට නොදී කිසිවා නොකනවා ඇතැයි මට සිතෙ,0.25,0.0882,0,1,long,7.744,5.92,2,0.448,0.1065,0.004204,5.743,2,1
S002,55,S002_055.wav,S002_055_mel.npy,නංගි උදේ පාන්දරින්ම නැගිටියි,නංගී පා උදේ පාන්දරින්ම නැගිටින්,0.75,0.2,1,2,short,4.011,3.488,1,0.256,0.101,0.004342,7.167,2,0
S002,56,S002_056.wav,S002_056_mel.npy,ඈ මා ගෙදර යන විට අසනු ඇත,ඇය මාගෙදර යනවිට අසනුහැත,1.0,0.2222,1,2,long,4.011,3.776,0,0.0,0.0981,0.002859,4.767,2,1
S002,57,S002_057.wav,S002_057_mel.npy,ගොවිතැන සඳහා භාවිත වන උපකරණ එකින් එක විස්තර කරද්දී ළමයි සාවධානව අසා සිටියහ,බෝවිතැන සඳහා භාවිතාවන උපකරන එකින් එක විස්තරකරදි දමයි සාවදානව අසාසි ටියහ.,0.6154,0.0968,0,2,long,9.941,8.725,4,0.2,0.1076,0.003999,7.106,2,1
S002,58,S002_058.wav,S002_058_mel.npy,ළමයි පොල්තෙල් හිඳීමට භාවිත කරන සෙක්කුව අසලට රැස් වූහ,ලමයි ඔල්තෙල් හිඳීමට වාවිතා කරන තෙක්ව්ව අසලට රැස්වූව,0.5556,0.1818,1,2,long,6.336,5.472,3,0.235,0.1045,0.004089,8.041,2,1
S002,59,S002_059.wav,S002_059_mel.npy,ඒ ගොල්ලන්ට අලුත් ක්‍රමයක් හොයා ගන්න වෙනවා,ඒ ගොල්ලන්ට අලුත්‍රමයක් ඔයා ගන්න වෙනවා.,0.4286,0.1143,1,2,long,5.013,3.584,1,0.352,0.0754,0.004314,9.766,2,1
S002,60,S002_060.wav,S002_060_mel.npy,බොහෝ දෙනෙක් මම එනතුරු බලා ගෙන හිටියා,බොහෝ දෙනෙක් මම එනතුරු බලා ගෙනහිටියක්,0.2857,0.0667,0,1,long,5.717,4.533,2,0.24,0.0821,0.003291,6.618,2,1
S002,61,S002_061.wav,S002_061_mel.npy,මට ආරංචි වුණා රජතුමාගේ ගුහාව ළඟ අනතුරක් කියලා,මට ආරංචි වුණා රජතුමාගේ ගුහාව ළඟ අනතුරක් කියලා.,0.0,0.0,0,0,long,6.336,5.6,2,0.192,0.0995,0.003538,6.786,2,1
S002,62,S002_062.wav,S002_062_mel.npy,පැය අටකට පසු ඔවුන්ට පියාපත් සලන හඬක් ඇසිණි,පැය අටකට පසු ඔවුන්ට පියාපත් සලන හඬක් ඇසුනි,0.125,0.0286,0,1,long,5.867,4.928,1,0.512,0.1224,0.003984,7.102,2,1
S002,63,S002_063.wav,S002_063_mel.npy,මිනිසුන් ගැන විස්තර දැනගන්න බොහෝ ක්‍රම තියෙනවා,මිනිසුන් ගැන විස්තර දැනගන්න බොහෝ ක්‍රමතියනවා.,0.2857,0.025,0,1,long,4.544,4.064,1,0.192,0.1175,0.002954,9.843,2,1
S002,64,S002_064.wav,S002_064_mel.npy,ඔබට දින හතරක් දෙමි,ඔබට දින හතරක් දෙමි,0.0,0.0,0,0,short,3.072,2.272,0,0.0,0.0844,0.004489,6.602,2,0
S002,65,S002_065.wav,S002_065_mel.npy,ඇදුරුතුමා බෙහෙවින් සතුටට පත් විය,ඇදුරු තුමා භේවින් සතුටට පත් විය.,0.6,0.1071,1,2,short,3.925,3.04,1,0.16,0.0898,0.002775,9.211,2,0
S002,66,S002_066.wav,S002_066_mel.npy,ඔබට පේන්නේ කුමක්දැයි මම ඇසුවෙමි,ඔබට පේන්නේ හුමක් යැයිස් මම ඇසුවෙමෙන්,0.6,0.2593,1,2,short,4.011,3.264,2,0.288,0.1112,0.00565,8.272,2,0
S002,67,S002_067.wav,S002_067_mel.npy,මෙතැන තමයි හොඳම තැන,මෙතැන තමයි හොඳම තැන,0.0,0.0,0,0,short,2.133,1.888,0,0.0,0.0846,0.002325,8.475,2,0
S002,68,S002_068.wav,S002_068_mel.npy,ඇය කාචය සකස් කර නැවත බැලූවාය,ඇය කාචේ සකස් කර නැවත බැලුව,0.3333,0.1739,1,1,long,3.883,2.976,1,0.288,0.1184,0.004684,7.728,2,1
S003,1,S003_001.wav,S003_001_mel.npy,යාළුවෝ හැමදෙනාම නිදහස් උත්සවය බැලුවා,යාළුව හැම දෙනාම නිදහසුත්වය බැලුවා,0.8,0.125,1,2,short,3.413,3.232,0,0.0,0.0822,0.003895,9.901,2,0
S003,2,S003_002.wav,S003_002_mel.npy,කවිඳු යාළුවොත් එක්ක මිදුලේ සෙල්ලම් කරමින් සිටියා,කවිදු යාළුවත් එකක මිදුලේ සෙල්ලන් කරමින් සිටියා.,0.5714,0.0952,0,2,long,3.733,3.36,0,0.0,0.083,0.003122,12.5,2,1
S003,3,S003_003.wav,S003_003_mel.npy,අපේ රටේ නිදහස් උත්සවය,අපේ රටේ නිදහස් සුස්සවය,0.25,0.1667,1,1,short,2.923,2.464,0,0.0,0.0874,0.005514,7.305,2,0
S003,4,S003_004.wav,S003_004_mel.npy,මම කෝෂය ඇතුලේ සති දෙකක් විතර හිටියා,මමක් කෝෂයක් ඇතුලේ සති දෙකක් පිතර හිටියා.,0.4286,0.1724,1,2,long,4.48,3.456,1,0.224,0.1113,0.003046,8.391,2,1
S003,5,S003_005.wav,S003_005_mel.npy,පොත් කියවීමෙන් මිනිසා සම්පූර්ණ වේ,පොත් කියවීමෙන් මිනිසා සම්පූන්න වේ.,0.2,0.0345,0,1,short,3.285,2.784,0,0.0,0.1029,0.002262,10.417,2,0
S003,6,S003_006.wav,S003_006_mel.npy,මුහුද හරිම ලස්සනයි,මුහුද හරිම ලස්සනයි,0.0,0.0,0,0,short,2.283,1.408,0,0.0,0.101,0.003279,11.364,2,0
S003,7,S003_007.wav,S003_007_mel.npy,හැමෝම එකට අත් අල්ලා ගන්න,හැමෝම එකට අත්තල්ලා ගන්න,0.4,0.05,0,1,short,3.264,2.656,0,0.0,0.1137,0.003117,7.53,2,0
S003,8,S003_008.wav,S003_008_mel.npy,මම එහෙනම් නාගෙන එන්නම්,මමෙහි නම් නොගෙන එන්නම්,0.75,0.1579,1,2,short,2.837,2.016,2,0.32,0.1012,0.003227,9.425,2,0
S003,9,S003_009.wav,S003_009_mel.npy,අපි අද පොල් කැඩුවා,අපි යද හොල් හැඩුවා,0.75,0.2,1,2,short,2.347,1.824,2,0.24,0.0833,0.003695,8.224,2,0
S003,10,S003_010.wav,S003_010_mel.npy,"ඇයි හිනා වෙන්නේ, මට රජ වෙන්න බැරිද",ඇයි හිනාවෙන්නේ මට රජ වෙන්න බැරිද?,0.2857,0.0,0,1,long,4.139,3.136,2,0.288,0.0949,0.003098,8.929,2,1
S003,11,S003_011.wav,S003_011_mel.npy,දුව සටහන් පොතේ මොනවාද ලියා ගත්තේ,දුව සටහන් පොත මොනවද ලියා ගත්තේ,0.3333,0.0741,0,1,long,4.416,3.584,1,0.416,0.0818,0.005914,7.533,2,1
S003,12,S003_012.wav,S003_012_mel.npy,ඉතින් මෙච්චර පරක්කු වුනේ ඇයි,ඉතින් මෙත්චර පරක්ක වුණෑ ඇයි.,0.6,0.125,1,2,short,2.731,2.176,0,0.0,0.0923,0.004418,11.029,2,0
S003,13,S003_013.wav,S003_013_mel.npy,දවසක් අම්මා අශ්ව පැටියාගෙන් උදව්වක් ඉල්ලුවා,දව සක්කම් ආ අශ්‍ය පැටියාගෙන් උදවුවක් ඉල්ලුව,1.0,0.1842,1,2,long,4.117,3.616,0,0.0,0.1064,0.003096,10.509,2,1
S003,14,S003_014.wav,S003_014_mel.npy,ඔය ගඟ හරි ගැඹුරුයි,ඔය ගග හරිම ගැර්පුරුයි,0.75,0.3333,1,2,short,2.773,2.176,0,0.0,0.0966,0.004369,6.893,2,0
S003,15,S003_015.wav,S003_015_mel.npy,අශ්ව පැටියා ඉක්මනින් ගෙදර එනවා දැකලා අම්මා පුදුම වුනා,අශ්ව පැටියා ඉක්මනින් ගෙදර එනවා දැකලා මම පුදුම වුණා,0.1111,0.0667,0,1,long,6.272,5.472,1,0.288,0.093,0.003462,8.224,2,1
S003,16,S003_016.wav,S003_016_mel.npy,"සිටුතුමනි, අපට අනුකම්පා කරනු මැනවි",සිටුතුමනි මට අපට අනුකම්පා කරනු මැනවි.,0.2,0.069,0,1,short,4.992,3.968,3,0.245,0.0803,0.006117,7.56,2,0
S003,17,S003_017.wav,S003_017_mel.npy,බරෙන් වැඩි වන්නේ ගසක මුල කොටසද,බරෙන් වැඩි වන්නේ ගසක මුල කොටසද,0.0,0.0,0,0,long,4.053,3.36,0,0.0,0.0923,0.004594,7.44,2,1
S003,18,S003_018.wav,S003_018_mel.npy,රයිට් සහෝදරයන්ගේ පියා ඔවුන් පුංචිකාලයේ දී කඩදාසි සහ රබර් පටිවලින් සෙල්ලම් අහස් යානා තනා දුන්නේය,රයිට් සොහුයුරංගේ පියා ඔවුන් පුංචි කාලේදී කඩදාසි සහ රඹර් පටිවලින් සෙල්ලම් අහස් යානා තනා දුන්නේය.,0.2667,0.1111,1,1,long,12.8,9.184,7,0.37,0.1049,0.001708,8.82,2,1
S003,19,S003_019.wav,S003_019_mel.npy,පසු කලෙක ඔවුහු බයිසිකල් වැඩ වැඩපොළක් ඇරඹූහ,පසු කළෙක ඕහු බයිසිකල් වැඩ පොළක් ඇඩ බූහ.,0.5714,0.2222,1,2,long,5.184,4.224,1,0.224,0.0926,0.001627,8.523,2,1
S003,20,S003_020.wav,S003_020_mel.npy,දැන් හැමෝම වාඩිවෙන්න,දැන් හැමෝම වාඩි වෙන්න,0.6667,0.0,0,2,short,2.133,1.888,0,0.0,0.0766,0.003156,9.534,2,0
S003,21,S003_021.wav,S003_021_mel.npy,අපි ඊළඟ දවසේ තවත් සෙල්ලමක් කරමු,අපි ඒ ලග දවසේ තවස් සෙල්ලමක් කරමු.,0.5,0.1154,1,2,long,3.797,3.136,1,0.288,0.0999,0.004754,8.291,2,1
S003,22,S003_022.wav,S003_022_mel.npy,මේ සිහින අප නින්දේ දී දකින සිහින නම් නොවේ,මේ සිහින අපෙ නින්ද දී දකින සිහින නම් නොවේ,0.2222,0.0606,0,1,long,7.403,5.92,3,0.224,0.0944,0.002172,5.574,2,1
S003,23,S003_023.wav,S003_023_mel.npy,ඇගේ ගම ගිංතොට ය,ඇගේ ගමගින් තොටය.,0.75,0.1667,1,2,short,2.752,1.952,0,0.0,0.0769,0.001826,6.148,2,0
S003,24,S003_024.wav,S003_024_mel.npy,මේ පුංචි දැරිය ඇගේ ප්‍රියතම වැඩිහිටි නෑදෑයා ගැන පසු කලෙක එසේ කීවාය,මේ පුංචි දැරිය අපේ ඇගේ ප්‍රියතම වැඩිහිටී නෑ දෑයා ගැන පසු කළෙක එසේ කීවාය.,0.3333,0.0727,0,1,long,11.243,8.288,7,0.334,0.0946,0.001355,6.636,2,1
S003,25,S003_025.wav,S003_025_mel.npy,පින්තූර මගින් කතා කීම ඈත කාලයේ සිට පැවත එන ක්‍රමයකි,පින්තූර මගින් කතා කීම ඈත කරලේය සිට පැවත එන ක්‍රමයකි.,0.1,0.0714,0,1,long,7.275,5.739,2,0.672,0.0863,0.001341,7.319,2,1
S003,26,S003_026.wav,S003_026_mel.npy,මකුළුවා තණ බිස්සේ හැංගුනා,මකුළුවා තන බිස්සේ හැංගුණා,0.0,0.0,0,0,short,3.477,2.752,1,0.192,0.1048,0.010738,7.994,2,0
S003,27,S003_027.wav,S003_027_mel.npy,එළියේ ලස්සන ගැහැණු ළමයෙක් හිටගෙන හිටියා,එළියේ ලස්සන ගෑනු ළමයෙක් හිට ගෙනස් සිටියා,0.6667,0.1765,1,2,long,4.267,3.328,2,0.272,0.0894,0.004445,10.216,2,1
S003,28,S003_028.wav,S003_028_mel.npy,අතරමගදී ඉතාම භයානක දෙයක් සිදුවුණා,අතර මගදී ඉතාම බා භයානක දෙයක් සිදුවුණා,0.6,0.069,0,2,short,5.184,3.872,2,0.368,0.0796,0.005013,7.49,2,0
S003,29,S003_029.wav,S003_029_mel.npy,සර්පයා මහා විශාලෙට කට ඇරියා,සර්පයෙන් මහ විශා ලෙක් විශාලෙට කටෑරියා,1.0,0.4783,2,2,short,5.483,3.84,4,0.288,0.12,0.003901,5.99,2,0
S003,30,S003_030.wav,S003_030_mel.npy,ටිකක් හිතලා බලන්නකෝ,ටිකක් හිතලා බලන්නකෝ.,0.0,0.0,0,0,short,2.347,1.728,0,0.0,0.0868,0.004138,9.838,2,0
S003,31,S003_031.wav,S003_031_mel.npy,තනියෙන් ලියන්න,තනියම ලියන්න,0.5,0.2308,1,2,short,2.048,1.568,0,0.0,0.0737,0.005166,8.291,2,0
S003,32,S003_032.wav,S003_032_mel.npy,පස්වැනි ගුණාංගය,පස්සැනි ගුණාන්ගැ,1.0,0.2857,1,2,short,1.92,1.6,0,0.0,0.0896,0.008783,8.75,2,0
S003,33,S003_033.wav,S003_033_mel.npy,බරණැස් නුවර සිටුවරයෙක් වාසය කළේය,බරනස් නුවර සිටුවරේ වාසය කළා.,0.6,0.25,1,2,short,3.733,2.976,1,0.16,0.1115,0.004883,9.409,2,0
S003,34,S003_034.wav,S003_034_mel.npy,නායකතුමා මෙසේ පිළිතුරු දුන්නේය,නායක සිටුතුමා මෙසේ පිළිතුරු දුන්නේය.,0.5,0.1481,1,2,short,3.2,3.104,0,0.0,0.0947,0.003606,8.698,2,0
S003,35,S003_035.wav,S003_035_mel.npy,තේරවිලි වර්ග කිහිපයක් තිබේ,තේරවිලි වර්ග කීපයක් තිබේ.,0.25,0.1304,1,1,short,2.539,2.112,0,0.0,0.0761,0.003093,10.89,2,0
S003,36,S003_036.wav,S003_036_mel.npy,අපේ සීයා කතන්දර කීමට සමතෙකි,අපේ සීයා කතන්දර්කීමට සමතකි.,0.6,0.087,0,2,short,3.115,2.784,0,0.0,0.0935,0.002273,8.261,2,0
S003,37,S003_037.wav,S003_037_mel.npy,මේ අය අතරමගදී අම්බලමක නතර වුණා,මේ අය අතම ගදි අම්බලමක නතර වුණා,0.3333,0.08,0,1,long,3.477,3.136,0,0.0,0.0842,0.003602,7.972,2,1
S003,38,S003_038.wav,S003_038_mel.npy,හරි අපූරු කතාවක්,හරි අපූරු කතාවක්,0.0,0.0,0,0,short,1.941,1.504,0,0.0,0.0938,0.004375,9.309,2,0
S003,39,S003_039.wav,S003_039_mel.npy,කටුස්සාගේ කරේ රත්තරන් බැන්දා වගෙයි,කටුස්සාගේ කරේ රත්තරම් බැන්දා වගෙයි.,0.2,0.0333,0,1,short,3.115,2.848,0,0.0,0.0825,0.005661,10.534,2,0
S003,40,S003_040.wav,S003_040_mel.npy,මුල් ගුරුතුමා කීවේය,මුල් කුරුතුමා කීවේය.,0.3333,0.0588,0,1,short,2.005,1.664,0,0.0,0.0822,0.004084,10.216,2,0
S003,41,S003_041.wav,S003_041_mel.npy,අද පුස්තකාල පන්තියක් කරමු,අද පිස්තකාල පන්තියක්‌කරමු,0.75,0.0909,0,2,short,2.325,2.048,0,0.0,0.0854,0.00158,10.742,2,0
S003,42,S003_042.wav,S003_042_mel.npy,මම ගල්පරයක ඇලී ජීවත් වුනෙමි,මම ගල් පරයක ඇලීජී වත්තුනෙමු,0.8,0.087,0,2,short,3.883,3.296,0,0.0,0.0895,0.005256,6.978,2,0
S003,43,S003_043.wav,S003_043_mel.npy,බෙලි කටුව කතා කරයි,මෙලි කටුව කතා කරයි,0.25,0.0667,0,1,short,3.136,1.856,1,0.896,0.0874,0.003076,8.082,2,0
S003,44,S003_044.wav,S003_044_mel.npy,සති අන්තේ නිවාඩුවට බිංදුලා ගමේ ගියා,සතියඅත්තේ නිවාඩුවට බින්දුලා ගමේ කියා,0.6667,0.1667,1,2,long,4.864,4.256,2,0.176,0.083,0.003231,7.049,2,1
S003,45,S003_045.wav,S003_045_mel.npy,මොනවාද ඒවායේ නම්,මොනව දේවායේ නම්,0.6667,0.1429,1,2,short,2.048,1.696,0,0.0,0.0699,0.00648,8.255,2,0
S003,46,S003_046.wav,S003_046_mel.npy,නංගි උත්තර දුන්නා,නංගී උත්තර දුන්නා,0.3333,0.0667,0,1,short,1.856,1.376,1,0.16,0.0654,0.010088,10.901,2,0
S003,47,S003_047.wav,S003_047_mel.npy,පාර කියන අත්තම්මා,පාර කියන අත්තම්මා,0.0,0.0,0,0,short,1.877,1.504,0,0.0,0.0951,0.004353,9.973,2,0
S003,48,S003_048.wav,S003_048_mel.npy,ඇයගේ කැපවීම පුදුමාකාරය,ඇගේ කැපවීම පුදුමාකාරය,0.3333,0.05,0,1,short,3.136,2.688,0,0.0,0.0834,0.003322,7.44,2,0
S003,49,S003_049.wav,S003_049_mel.npy,මිනිසාගේ පරම යුතුකම මිනිසාට සේවය කිරීම,මිනිසාගේ පරම යුතුකම මිනිසාට සේවය කිරීම,0.0,0.0,0,0,long,5.141,4.192,2,0.256,0.0982,0.00551,7.872,2,1
S003,50,S003_050.wav,S003_050_mel.npy,අපි මේ වන විට පැය දොළහක් වැඩ කර පැය දොළහක් විවේක ගත්තා,අපි මේ වනවිට පැය දොළහක් වැඩ කර පැය දොළහක් විවේකක්තා,0.3333,0.0465,0,1,long,6.4,5.248,2,0.32,0.0814,0.004696,8.194,2,1
S003,51,S003_051.wav,S003_051_mel.npy,අප කවුරුත් පුදුමයට පත්කරමින් ඈට පණ ආවා,අපි කවුරුත් පුදුම පුදුමයට පත් කරමින් ඈට පනාවක්,0.8571,0.2812,1,2,long,7.68,5.28,5,0.314,0.0836,0.00164,6.061,2,1
S003,52,S003_052.wav,S003_052_mel.npy,සුගන්ධවත් පුෂ්පයෝ අපගේ සොහොයුරියෝය,සුගන්දවත් පුෂ්පොයෝ අපගේ සොහොයුරෝ ය.,0.75,0.0968,0,2,short,5.056,3.968,1,0.192,0.0895,0.006116,7.812,2,0
S003,53,S003_053.wav,S003_053_mel.npy,ගංගාවෝ අපගේ සොහොයුරෝ වෙති,ගංගාවෝ අපගේ සොහුරෝවෙති,0.5,0.0909,0,2,short,3.477,2.912,1,0.32,0.0875,0.002554,7.555,2,0
S003,54,S003_054.wav,S003_054_mel.npy,නංගී මට නොදී කිසිවක් නොකනවා ඇතැයි මට සිතේ,නංගේ මට නොදී කිසිවක් නොකනවා ඇතැයි මට චිතෙම්,0.25,0.1471,1,1,long,6.912,4.256,4,0.552,0.0921,0.005581,7.989,2,1
S003,55,S003_055.wav,S003_055_mel.npy,නංගි උදේ පාන්දරින්ම නැගිටියි,නංගී උදේ පාන්දරින්ම නැගිටීන්,0.5,0.16,1,2,short,2.987,2.592,1,0.224,0.0771,0.003301,9.645,2,0
S003,56,S003_056.wav,S003_056_mel.npy,ඈ මා ගෙදර යන විට අසනු ඇත,ඈමා ගිදර යන විට අසනු ඇත.,0.4286,0.0556,0,2,long,3.669,2.88,0,0.0,0.0968,0.004082,6.25,2,1
S003,57,S003_057.wav,S003_057_mel.npy,ගොවිතැන සඳහා භාවිත වන උපකරණ එකින් එක විස්තර කරද්දී ළමයි සාවධානව අසා සිටියහ,ගොවිතන සදහා භාවිත කරන උපකරන එක්කින් එක විස්තර කරද්දී ළමයින් සාවදානයව අසා සිටියහ.,0.4615,0.1452,1,2,long,11.349,8.96,3,0.469,0.0955,0.002178,6.92,2,1
S003,58,S003_058.wav,S003_058_mel.npy,ළමයි පොල්තෙල් හිඳීමට භාවිත කරන සෙක්කුව අසලට රැස් වූහ,ලම අයිපොල් තෙල් හිදීමට භාවිත කරනස් එක්වා අසල රැස්වූහ.,1.0,0.1818,1,2,long,6.933,5.12,3,0.395,0.0993,0.002767,8.594,2,1
S003,59,S003_059.wav,S003_059_mel.npy,ඒ ගොල්ලන්ට අලුත් ක්‍රමයක් හොයා ගන්න වෙනවා,ඒ ගොල්ලන්ට අලුත් ක්‍රමයක් ඔයා ගන්න වෙනවා.,0.1429,0.0571,0,1,long,5.141,3.712,2,0.4,0.0844,0.004875,9.429,2,1
S003,60,S003_060.wav,S003_060_mel.npy,බොහෝ දෙනෙක් මම එනතුරු බලා ගෙන හිටියා,බොහෝ දෙනෙක් මම එන තුරු බලාගෙන සිටියා,0.5714,0.0333,0,2,long,4.011,3.552,0,0.0,0.0888,0.00359,8.446,2,1
S003,61,S003_061.wav,S003_061_mel.npy,මට ආරංචි වුණා රජතුමාගේ ගුහාව ළඟ අනතුරක් කියලා,මට ආරංචයක් වුණා රල්සුමාගේ ගුහාව ලග අනතුරක් කියලා.,0.375,0.1842,1,1,long,5.952,4.96,1,0.288,0.093,0.001143,7.661,2,1
S003,62,S003_062.wav,S003_062_mel.npy,පැය අටකට පසු ඔවුන්ට පියාපත් සලන හඬක් ඇසිණි,පැය කටුව ට පසු ඔවුන්ට පියාපත්සල නහඩ කෙසුනි.,0.75,0.2,1,2,long,6.549,4.704,2,0.512,0.0976,0.001578,7.44,2,1
S003,63,S003_063.wav,S003_063_mel.npy,මිනිසුන් ගැන විස්තර දැනගන්න බොහෝ ක්‍රම තියෙනවා,මහ්මිනිස්සුන් ගැන විස්තර ගැන ගන්න බොහෝ ක්‍රම තියෙනවා,0.4286,0.15,1,2,long,7.083,5.6,3,0.405,0.0936,0.003797,7.143,2,1
S003,64,S003_064.wav,S003_064_mel.npy,ඔබට දින හතරක් දෙමි,මට දින හතරක් දෙමි,0.25,0.1333,1,1,short,2.453,1.696,0,0.0,0.0748,0.002667,8.844,2,0
S003,65,S003_065.wav,S003_065_mel.npy,ඇදුරුතුමා බෙහෙවින් සතුටට පත් විය,ඇදුරතුමා බෙහෙවින් සතුටට පත් විය.,0.2,0.0357,0,1,short,3.669,2.752,1,0.256,0.0771,0.004348,10.174,2,0
S003,66,S003_066.wav,S003_066_mel.npy,ඔබට පේන්නේ කුමක්දැයි මම ඇසුවෙමි,ඔබට පෙන්නේ කුමක් දැයික් මම සුවමි,0.8,0.1852,1,2,short,4.459,3.499,1,0.384,0.0728,0.003147,7.717,2,0
S003,67,S003_067.wav,S003_067_mel.npy,මෙතැන තමයි හොඳම තැන,මෙතන තමයි හොදම තැන,0.5,0.125,1,2,short,1.941,1.824,0,0.0,0.0798,0.003596,8.772,2,0
S003,68,S003_068.wav,S003_068_mel.npy,ඇය කාචය සකස් කර නැවත බැලූවාය,ඇය කාචය සකස්කර නැවත බැලුවාය.,0.5,0.0435,0,2,long,4.395,3.072,1,0.448,0.1008,0.002749,7.487,2,1
S004,1,S004_001.wav,S004_001_mel.npy,යාළුවෝ හැමදෙනාම නිදහස් උත්සවය බැලුවා,යාළුවෝ හැම දෙනා මැ නිදහස් උත්සවේ බැලුවා,0.8,0.0625,0,2,short,3.989,3.488,0,0.0,0.0991,0.003253,9.174,2,0
S004,2,S004_002.wav,S004_002_mel.npy,කවිඳු යාළුවොත් එක්ක මිදුලේ සෙල්ලම් කරමින් සිටියා,කමිදී ආර්කවිදු යාළුවොත් එක්ක මිදුලේ සෙල්ලම් කරමින් සිටියා.,0.2857,0.2143,1,1,long,4.736,4.064,0,0.0,0.0881,0.002697,10.335,2,1
S004,3,S004_003.wav,S004_003_mel.npy,අපේ රටේ නිදහස් උත්සවය,අපේ රටේ නිදහත් තුච්චවය.,0.5,0.2778,1,2,short,2.581,2.208,1,0.192,0.1029,0.00693,8.152,2,0
S004,4,S004_004.wav,S004_004_mel.npy,මම කෝෂය ඇතුලේ සති දෙකක් විතර හිටියා,මම කෝෂය ඇතුළේ සති දෙකක් විතර හිටියා,0.0,0.0,0,0,long,4.331,3.499,1,0.544,0.0934,0.004648,8.289,2,1
S004,5,S004_005.wav,S004_005_mel.npy,පොත් කියවීමෙන් මිනිසා සම්පූර්ණ වේ,කොත් කියවීමෙන් මින් සා සම්පූර්ණ වේ.,0.6,0.069,0,2,short,3.2,2.656,1,0.384,0.0825,0.002979,10.919,2,0
S004,6,S004_006.wav,S004_006_mel.npy,මුහුද හරිම ලස්සනයි,මුමුද හරිම ලස්සනයි,0.3333,0.0625,0,1,short,1.984,1.76,1,0.16,0.0954,0.004005,9.091,2,0
S004,7,S004_007.wav,S004_007_mel.npy,හැමෝම එකට අත් අල්ලා ගන්න,හැමෝම එකට අතල්ලා ගන්න,0.4,0.1,0,1,short,2.517,2.389,0,0.0,0.0852,0.005398,8.37,2,0
S004,8,S004_008.wav,S004_008_mel.npy,මම එහෙනම් නාගෙන එන්නම්,මම එහෙනම් නාගෙන එන්නම්,0.0,0.0,0,0,short,2.411,2.059,1,0.352,0.077,0.00521,9.229,2,0
S004,9,S004_009.wav,S004_009_mel.npy,අපි අද පොල් කැඩුවා,අපි අද පොන් කැඩුව,0.5,0.1333,1,2,short,2.048,1.76,1,0.256,0.0766,0.004797,8.523,2,0
S004,10,S004_010.wav,S004_010_mel.npy,"ඇයි හිනා වෙන්නේ, මට රජ වෙන්න බැරිද",ඇයි හිනාවෙන්නෙ මට රජ වෙන්න බැරිද?,0.2857,0.037,0,1,long,3.52,2.656,1,0.256,0.0802,0.002656,10.542,2,1
S004,11,S004_011.wav,S004_011_mel.npy,දුව සටහන් පොතේ මොනවාද ලියා ගත්තේ,දුව සටහන් පොත් මොනවාද ලියා ගත්තේ,0.1667,0.037,0,1,long,4.203,3.616,1,0.48,0.0801,0.00278,7.467,2,1
S004,12,S004_012.wav,S004_012_mel.npy,ඉතින් මෙච්චර පරක්කු වුනේ ඇයි,ඉතින් මෙච්චර පරකුණේ ඇයි?,0.4,0.1667,1,1,short,2.539,2.208,0,0.0,0.0847,0.006197,10.87,2,0
S004,13,S004_013.wav,S004_013_mel.npy,දවසක් අම්මා අශ්ව පැටියාගෙන් උදව්වක් ඉල්ලුවා,දවසක් කම්මා අශ්ව පැටියාගේ උදව්වක් කිල්වා,0.5,0.2105,1,2,long,4.139,3.648,0,0.0,0.1084,0.003865,10.417,2,1
S004,14,S004_014.wav,S004_014_mel.npy,ඔය ගඟ හරි ගැඹුරුයි,ඔය ගඟ හරි ගැඹුරුයි,0.0,0.0,0,0,short,1.813,1.472,0,0.0,0.0746,0.004377,10.19,2,0
S004,15,S004_015.wav,S004_015_mel.npy,අශ්ව පැටියා ඉක්මනින් ගෙදර එනවා දැකලා අම්මා පුදුම වුනා,අශ්ව පැටියා ඉක්මනින් ගෙදර එනවා දැකල අම්මපුදු මවුණා,0.4444,0.0444,0,2,long,5.589,4.512,0,0.0,0.0945,0.002345,9.973,2,1
S004,16,S004_016.wav,S004_016_mel.npy,"සිටුතුමනි, අපට අනුකම්පා කරනු මැනවි",චිටුතුමා අපට අනුකම් කරනු මැනවි.,0.4,0.1724,1,1,short,4.331,3.36,1,0.448,0.0976,0.002544,8.929,2,0
S004,17,S004_017.wav,S004_017_mel.npy,බරෙන් වැඩි වන්නේ ගසක මුල කොටසද,බරෙන් වැඩි වන්නේ ගසක මුල කොටසද,0.0,0.0,0,0,long,4.395,3.168,1,0.256,0.0861,0.0021,7.891,2,1
S004,18,S004_018.wav,S004_018_mel.npy,රයිට් සහෝදරයන්ගේ පියා ඔවුන් පුංචිකාලයේ දී කඩදාසි සහ රබර් පටිවලින් සෙල්ලම් අහස් යානා තනා දුන්නේය,රයිත් සහෝදරයන්ගේ පියා ඔවුන් පුංචි කාලයේද්දාස සහ රබල් පටිවෙලින් සෙල්ලම් අහසයානා තනා දුන්නේය.,0.5333,0.0988,0,2,long,13.525,10.432,9,0.313,0.1033,0.001961,7.765,2,1
S004,19,S004_019.wav,S004_019_mel.npy,පසු කලෙක ඔවුහු බයිසිකල් වැඩ වැඩපොළක් ඇරඹූහ,පසු කාලෙක ඔවුහු බයිසිකල් වැඩ පොලක් ඇර්පූහ.,0.4286,0.1667,1,2,long,5.547,4.523,2,0.4,0.1034,0.003787,7.96,2,1
S004,20,S004_020.wav,S004_020_mel.npy,දැන් හැමෝම වාඩිවෙන්න,දැන් හැමූම වාඩිවෙන්න,0.3333,0.0556,0,1,short,2.197,1.984,0,0.0,0.0823,0.003092,9.073,2,0
S004,21,S004_021.wav,S004_021_mel.npy,අපි ඊළඟ දවසේ තවත් සෙල්ලමක් කරමු,අපි ඊලඟ දවසේ තවත් සෙල්ලමක් කරමු,0.0,0.0,0,0,long,3.413,2.976,0,0.0,0.0948,0.003757,8.737,2,1
S004,22,S004_022.wav,S004_022_mel.npy,මේ සිහින අප නින්දේ දී දකින සිහින නම් නොවේ,මේ සිහින අපල් නිදේදී දකින සිහිනන් නම් නොවේ,0.4444,0.1515,1,2,long,5.739,4.416,2,0.368,0.0807,0.002677,7.473,2,1
S004,23,S004_023.wav,S004_023_mel.npy,ඇගේ ගම ගිංතොට ය,ඇගේ ගම ගින් තොටය,0.5,0.1667,1,2,short,3.456,2.784,1,0.256,0.0749,0.0059,4.31,2,0
S004,24,S004_024.wav,S004_024_mel.npy,මේ පුංචි දැරිය ඇගේ ප්‍රියතම වැඩිහිටි නෑදෑයා ගැන පසු කලෙක එසේ කීවාය,මේ පුංචි දැරියා ඇගේ ප්‍රතියි ප්‍රතියතම වැඩිහිටි නෑදෑයා ගැන පසු කළේ එසේ කීවාය.,0.3333,0.2182,1,1,long,10.475,8.224,8,0.252,0.0952,0.002306,6.688,2,1
S004,25,S004_025.wav,S004_025_mel.npy,පින්තූර මගින් කතා කීම ඈත කාලයේ සිට පැවත එන ක්‍රමයකි,පිර්තූර මගින් කතා කීම ඇත් ඈත කාලයේ සිට ප්‍රප් පැවත එන ක්‍රමයකි.,0.3,0.2381,1,1,long,6.741,5.504,2,0.464,0.087,0.004277,7.631,2,1
S004,26,S004_026.wav,S004_026_mel.npy,මකුළුවා තණ බිස්සේ හැංගුනා,මකුළුවාතනෙක් බිස්සේ හැඟුණා.,0.75,0.2273,1,2,short,2.731,2.368,0,0.0,0.1016,0.00562,9.291,2,0
S004,27,S004_027.wav,S004_027_mel.npy,එළියේ ලස්සන ගැහැණු ළමයෙක් හිටගෙන හිටියා,එළියේ ලස්සන ගෑරු ළමයෙක් හිටගෙන හිත්‍යා,0.3333,0.2059,1,1,long,3.477,3.008,1,0.256,0.096,0.00771,11.303,2,1
S004,28,S004_028.wav,S004_028_mel.npy,අතරමගදී ඉතාම භයානක දෙයක් සිදුවුණා,අතර මගදී ඉතාම බයානෙක දෙයක් සිදු වුණා,1.0,0.0345,0,2,short,4.309,3.744,0,0.0,0.0864,0.002729,7.746,2,0
S004,29,S004_029.wav,S004_029_mel.npy,සර්පයා මහා විශාලෙට කට ඇරියා,සර්පයා මහ විශාලයට කටෑරියක්,0.8,0.2174,1,2,short,2.88,2.688,0,0.0,0.1073,0.003993,8.557,2,0
S004,30,S004_030.wav,S004_030_mel.npy,ටිකක් හිතලා බලන්නකෝ,ටිකා කිතලා බලන්නෙකෝ.,1.0,0.2353,1,2,short,1.749,1.568,0,0.0,0.0869,0.003003,10.842,2,0
S004,31,S004_031.wav,S004_031_mel.npy,තනියෙන් ලියන්න,තනියෙන් ලියන්න,0.0,0.0,0,0,short,1.536,1.344,0,0.0,0.063,0.004804,9.673,2,0
S004,32,S004_032.wav,S004_032_mel.npy,පස්වැනි ගුණාංගය,පස් වැනි ගුණාංගය.,1.0,0.0,0,2,short,1.685,1.376,0,0.0,0.1039,0.005331,10.174,2,0
S004,33,S004_033.wav,S004_033_mel.npy,බරණැස් නුවර සිටුවරයෙක් වාසය කළේය,පරණැස් නුවන සිටුවරයෙක් වාෂකළය.,0.8,0.1786,1,2,short,5.205,4.064,2,0.24,0.1608,0.003179,6.89,2,0
S004,34,S004_034.wav,S004_034_mel.npy,නායකතුමා මෙසේ පිළිතුරු දුන්නේය,නායක්ක සිටුතුමා මෙසේ පිළිතුර දුන්නේය.,0.75,0.2593,1,2,short,4.139,3.712,1,0.256,0.101,0.004227,7.274,2,0
S004,35,S004_035.wav,S004_035_mel.npy,තේරවිලි වර්ග කිහිපයක් තිබේ,තේරවිලි වර්ග කීපයක් තිබේ.,0.25,0.1304,1,1,short,2.667,2.336,0,0.0,0.0727,0.00828,9.846,2,0
S004,36,S004_036.wav,S004_036_mel.npy,අපේ සීයා කතන්දර කීමට සමතෙකි,අපේ සීයා කතන්දරේ කීම සමතෙකි.,0.4,0.087,0,1,short,4.075,3.392,1,0.48,0.103,0.00292,6.781,2,0
S004,37,S004_037.wav,S004_037_mel.npy,මේ අය අතරමගදී අම්බලමක නතර වුණා,මේ යලා අතරමක්ද අම්බලමක නතර වුණා,0.3333,0.24,1,1,long,3.541,3.104,1,0.16,0.0793,0.005027,8.054,2,1
S004,38,S004_038.wav,S004_038_mel.npy,හරි අපූරු කතාවක්,හරි අපූරු කතාවක්,0.0,0.0,0,0,short,1.749,1.6,0,0.0,0.0963,0.005056,8.75,2,0
S004,39,S004_039.wav,S004_039_mel.npy,කටුස්සාගේ කරේ රත්තරන් බැන්දා වගෙයි,කටුස්සාගේ කරෙ රත්තරම් බැන්දා වගේ,0.6,0.1667,1,2,short,2.944,2.656,0,0.0,0.105,0.004637,11.295,2,0
S004,40,S004_040.wav,S004_040_mel.npy,මුල් ගුරුතුමා කීවේය,මුල් ගුරුතුමා කීවේය.,0.0,0.0,0,0,short,2.069,1.76,0,0.0,0.0823,0.005178,9.659,2,0
S004,41,S004_041.wav,S004_041_mel.npy,අද පුස්තකාල පන්තියක් කරමු,අද පුෂ්තකාල පන්තියක් කරමු,0.25,0.0455,0,1,short,2.325,2.048,0,0.0,0.0844,0.007562,10.742,2,0
S004,42,S004_042.wav,S004_042_mel.npy,මම ගල්පරයක ඇලී ජීවත් වුනෙමි,මම ගල් පරයක් ඇලීජීවත් උනෙමි.,0.8,0.1304,1,2,short,3.861,2.965,2,0.304,0.0783,0.003556,7.756,2,0
S004,43,S004_043.wav,S004_043_mel.npy,බෙලි කටුව කතා කරයි,මෙලිකටුව කතා කරයි.,0.5,0.0667,0,2,short,1.941,1.536,0,0.0,0.0836,0.005558,9.766,2,0
S004,44,S004_044.wav,S004_044_mel.npy,සති අන්තේ නිවාඩුවට බිංදුලා ගමේ ගියා,සතිය අන්තේ ඥවාදුවට බින්දුක්දා ගමේ ගියා,0.5,0.3,1,2,long,4.011,3.819,1,0.192,0.0831,0.003586,7.856,2,1
S004,45,S004_045.wav,S004_045_mel.npy,මොනවාද ඒවායේ නම්,මොනව දේවායේ නම්,0.6667,0.1429,1,2,short,1.813,1.664,0,0.0,0.0852,0.007339,8.413,2,0
S004,46,S004_046.wav,S004_046_mel.npy,නංගි උත්තර දුන්නා,නංගි උත්තර දුන්නා,0.0,0.0,0,0,short,2.069,1.632,0,0.0,0.0709,0.005527,9.191,2,0
S004,47,S004_047.wav,S004_047_mel.npy,පාර කියන අත්තම්මා,පාර කියන අත්තම්හ.,0.3333,0.1333,1,1,short,1.92,1.472,0,0.0,0.083,0.004687,10.19,2,0
S004,48,S004_048.wav,S004_048_mel.npy,ඇයගේ කැපවීම පුදුමාකාරය,ඇයගේ කැපවීම පුදු පුදුමාකාරය,0.3333,0.2,1,1,short,3.797,2.912,1,0.576,0.0812,0.003745,6.868,2,0
S004,49,S004_049.wav,S004_049_mel.npy,මිනිසාගේ පරම යුතුකම මිනිසාට සේවය කිරීම,මිනිසාගේ පරුම යුතුකම මිනිසාට සේවය කිරීම,0.1667,0.0303,0,1,long,3.883,3.552,0,0.0,0.0914,0.002871,9.291,2,1
S004,50,S004_050.wav,S004_050_mel.npy,අපි මේ වන විට පැය දොළහක් වැඩ කර පැය දොළහක් විවේක ගත්තා,අපි මේ වන විට පැය දොළහක් වෙඩ කර පැය දොළහක් විවේක ගත්තා,0.0833,0.0233,0,1,long,5.419,4.384,2,0.336,0.0854,0.002326,9.808,2,1
S004,51,S004_051.wav,S004_051_mel.npy,අප කවුරුත් පුදුමයට පත්කරමින් ඈට පණ ආවා,අප කවුරුත් පුදුමයට පත් කරමින් ඈට පන ආවා,0.2857,0.0,0,1,long,4.053,3.456,1,0.192,0.0839,0.001699,9.259,2,1
S004,52,S004_052.wav,S004_052_mel.npy,සුගන්ධවත් පුෂ්පයෝ අපගේ සොහොයුරියෝය,සුගන්දවත් පුෂ්පයෝ අපගේ සගෝදරියෝය,0.25,0.1613,1,1,short,4.395,3.488,1,0.224,0.1093,0.002737,8.888,2,0
S004,53,S004_053.wav,S004_053_mel.npy,ගංගාවෝ අපගේ සොහොයුරෝ වෙති,ගංගාවෝ අපගේ සහෝද යුරෝ වෙති,0.5,0.1364,1,2,short,4.011,3.2,1,0.224,0.0796,0.004631,6.875,2,0
S004,54,S004_054.wav,S004_054_mel.npy,නංගී මට නොදී කිසිවක් නොකනවා ඇතැයි මට සිතේ,නංගී මට නොදුවූ කිසිවක් නොකනවා හැතැයි මට සිටේ,0.375,0.1765,1,1,long,4.672,3.84,1,0.288,0.091,0.003081,8.854,2,1
S004,55,S004_055.wav,S004_055_mel.npy,නංගි උදේ පාන්දරින්ම නැගිටියි,නගි උදේ පාන්දරින්ම නැගිටි,0.5,0.12,1,2,short,3.136,2.624,1,0.16,0.0764,0.002933,9.527,2,0
S004,56,S004_056.wav,S004_056_mel.npy,ඈ මා ගෙදර යන විට අසනු ඇත,ඈමා ගෙදර යනවිට අසුන අසුනු ඇත.,0.7143,0.2778,1,2,long,4.203,3.456,1,0.224,0.1129,0.003245,5.208,2,1
S004,57,S004_057.wav,S004_057_mel.npy,ගොවිතැන සඳහා භාවිත වන උපකරණ එකින් එක විස්තර කරද්දී ළමයි සාවධානව අසා සිටියහ,ගොවිතෙන සඳහා භාවිතාවන උපකරන එකීන් එක විස්තර කරද්දී ළමයින් අව සාවාදානය අසා සිටිය.,0.6154,0.1613,1,2,long,9.067,7.52,4,0.312,0.0961,0.001997,8.245,2,1
S004,58,S004_058.wav,S004_058_mel.npy,ළමයි පොල්තෙල් හිඳීමට භාවිත කරන සෙක්කුව අසලට රැස් වූහ,ළමයි පොල්ටල් ඉන්දීමට භාවිත කරන සෙක්කුව අසලට රැස්වූහ.,0.4444,0.1364,1,2,long,6.272,5.376,1,0.224,0.0964,0.003131,8.185,2,1
S004,59,S004_059.wav,S004_059_mel.npy,ඒ ගොල්ලන්ට අලුත් ක්‍රමයක් හොයා ගන්න වෙනවා,ඒ ගොල්ලන්ට අලුත් ක්‍රමයක් හොයක් ගන්න වෙනවා.,0.1429,0.0571,0,1,long,4.672,4.032,1,0.16,0.0907,0.004186,8.681,2,1
S004,60,S004_060.wav,S004_060_mel.npy,බොහෝ දෙනෙක් මම එනතුරු බලා ගෙන හිටියා,බොහෝ දෙනෙක් මම එනතුරු බලාගෙන හිටියා,0.2857,0.0,0,1,long,3.072,3.008,0,0.0,0.0791,0.003668,9.973,2,1
S004,61,S004_061.wav,S004_061_mel.npy,මට ආරංචි වුණා රජතුමාගේ ගුහාව ළඟ අනතුරක් කියලා,මට ආරංකි මුණාන් රජතුමාගේ ගූහාව ළග අනතුරක් කියල.,0.625,0.1842,1,2,long,4.864,4.512,1,0.16,0.094,0.003427,8.422,2,1
S004,62,S004_062.wav,S004_062_mel.npy,පැය අටකට පසු ඔවුන්ට පියාපත් සලන හඬක් ඇසිණි,පැය කටකට පසු ඔවුන් පියාපත් සලෙන හඬක් ඇසුනි.,0.5,0.1143,1,2,long,5.376,4.224,3,0.213,0.1091,0.004074,8.286,2,1
S004,63,S004_063.wav,S004_063_mel.npy,මිනිසුන් ගැන විස්තර දැනගන්න බොහෝ ක්‍රම තියෙනවා,මිනිසුන් ගැන විස්තර දැනගන්න බොහෝ ක්‍රම තියෙනවා.,0.0,0.0,0,0,long,3.776,3.392,0,0.0,0.088,0.002999,11.792,2,1
S004,64,S004_064.wav,S004_064_mel.npy,ඔබට දින හතරක් දෙමි,ඔබට දින හතරක් දෙමියි,0.25,0.1333,1,1,short,1.792,1.568,0,0.0,0.0672,0.004732,9.566,2,0
S004,65,S004_065.wav,S004_065_mel.npy,ඇදුරුතුමා බෙහෙවින් සතුටට පත් විය,ඇදුරුතුමා මෙහෙවින් සතුටුට පතිය,0.8,0.1429,1,2,short,3.2,2.784,1,0.224,0.0869,0.003591,10.057,2,0
S004,66,S004_066.wav,S004_066_mel.npy,ඔබට පේන්නේ කුමක්දැයි මම ඇසුවෙමි,ඔබට පෙනෙන්නේ කුමක් දෙයි මම ඇසුවෙමි.,0.6,0.1481,1,2,short,2.731,2.464,0,0.0,0.0922,0.003347,10.958,2,0
S004,67,S004_067.wav,S004_067_mel.npy,මෙතැන තමයි හොඳම තැන,මෙත නෑ තමයි හොඳම තැනෑ.,0.75,0.1875,1,2,short,2.581,1.952,1,0.16,0.0786,0.002974,8.197,2,0
S004,68,S004_068.wav,S004_068_mel.npy,ඇය කාචය සකස් කර නැවත බැලූවාය,ඇය කාචස කාචය සකස්කර නැවත බැලුවාය,0.6667,0.2174,1,2,long,5.739,5.195,1,0.32,0.1174,0.002998,4.428,2,1
S005,1,S005_001.wav,S005_001_mel.npy,යාළුවෝ හැමදෙනාම නිදහස් උත්සවය බැලුවා,යාලු ඕ හැමදෙනාම නිදහස් උස්සවය බැලුවක්,0.8,0.1562,1,2,short,2.987,2.848,0,0.0,0.096,0.005169,11.236,2,0
S005,2,S005_002.wav,S005_002_mel.npy,කවිඳු යාළුවොත් එක්ක මිදුලේ සෙල්ලම් කරමින් සිටියා,කවිදු යාළුවොත් එක මිඳුලේ සෙල්ලන් කරමින් සිටියා,0.5714,0.119,1,2,long,3.477,3.253,0,0.0,0.0958,0.002126,12.91,2,1
S005,3,S005_003.wav,S005_003_mel.npy,අපේ රටේ නිදහස් උත්සවය,අපේ රටේ නිදහත් උත්සවය,0.25,0.0556,0,1,short,2.411,1.952,0,0.0,0.1213,0.003761,9.221,2,0
S005,4,S005_004.wav,S005_004_mel.npy,මම කෝෂය ඇතුලේ සති දෙකක් විතර හිටියා,මම කෝෂයේ ඇතුලේ සති දෙකක් විතර හිටියක්,0.2857,0.1034,1,1,long,3.541,3.168,0,0.0,0.0951,0.003923,9.154,2,1
S005,5,S005_005.wav,S005_005_mel.npy,පොත් කියවීමෙන් මිනිසා සම්පූර්ණ වේ,පොත් කියවීම මිනිසා සම්පූර්ණමේ,0.6,0.1379,1,2,short,2.603,2.176,0,0.0,0.1037,0.002524,13.327,2,0
S005,6,S005_006.wav,S005_006_mel.npy,මුහුද හරිම ලස්සනයි,මුහුද හරිම ලස්තරයි,0.3333,0.125,1,1,short,2.133,1.408,0,0.0,0.1078,0.004433,11.364,2,0
S005,7,S005_007.wav,S005_007_mel.npy,හැමෝම එකට අත් අල්ලා ගන්න,හැමෝම ඒකට ආත්ල්ලා ගන්න,0.6,0.15,1,2,short,2.816,2.4,0,0.0,0.0967,0.003369,8.333,2,0
S005,8,S005_008.wav,S005_008_mel.npy,මම එහෙනම් නාගෙන එන්නම්,මම එහෙනම් නාගෙන එන්නක්,0.25,0.0526,0,1,short,2.133,1.888,0,0.0,0.0976,0.002152,10.064,2,0
S005,9,S005_009.wav,S005_009_mel.npy,අපි අද පොල් කැඩුවා,අපි අද පොල් කැඩුවක්,0.25,0.1333,1,1,short,2.005,1.504,0,0.0,0.0935,0.004221,9.973,2,0
S005,10,S005_010.wav,S005_010_mel.npy,"ඇයි හිනා වෙන්නේ, මට රජ වෙන්න බැරිද",ඇයි හිනා වෙන්නේ මට රජ වෙන්න බැරිද?,0.0,0.0,0,0,long,3.733,3.008,1,0.352,0.0847,0.002592,9.309,2,1
S005,11,S005_011.wav,S005_011_mel.npy,දුව සටහන් පොතේ මොනවාද ලියා ගත්තේ,දුව සටහන් පොතේ මොනවද ලියා ඇත්තේ,0.3333,0.0741,0,1,long,3.072,2.912,0,0.0,0.0935,0.003075,9.272,2,1
S005,12,S005_012.wav,S005_012_mel.npy,ඉතින් මෙච්චර පරක්කු වුනේ ඇයි,ඉතින් මෙච්චර පරක් වුණේ හැයි,0.4,0.1667,1,1,short,2.453,2.208,0,0.0,0.1041,0.002872,10.87,2,0
S005,13,S005_013.wav,S005_013_mel.npy,දවසක් අම්මා අශ්ව පැටියාගෙන් උදව්වක් ඉල්ලුවා,දවසක් කම්මා විශ්ව පැටියාගෙන් උදවුවක් ඉළුවා.,0.6667,0.1579,1,2,long,4.181,3.808,0,0.0,0.1129,0.003827,9.979,2,1
S005,14,S005_014.wav,S005_014_mel.npy,ඔය ගඟ හරි ගැඹුරුයි,ඔයා ගග හරි ගැඹුරුයි,0.5,0.1333,1,2,short,4.075,3.403,1,0.16,0.0908,0.00557,4.408,2,0
S005,15,S005_015.wav,S005_015_mel.npy,අශ්ව පැටියා ඉක්මනින් ගෙදර එනවා දැකලා අම්මා පුදුම වුනා,අශ්ව පැටියා ඉක්මනින් ගෙදර එනවා දැකල අම්මා පුදුම වුණා.,0.1111,0.0222,0,1,long,4.928,4.544,0,0.0,0.1041,0.001999,9.903,2,1
S005,16,S005_016.wav,S005_016_mel.npy,"සිටුතුමනි, අපට අනුකම්පා කරනු මැනවි",සිටුතුමනි අපට අනුකම්පා කරනුව මැනවි,0.2,0.0345,0,1,short,4.267,3.595,2,0.176,0.0897,0.004782,8.346,2,0
S005,17,S005_017.wav,S005_017_mel.npy,බරෙන් වැඩි වන්නේ ගසක මුල කොටසද,බරෙන් වැඩි වන්නේ ගසක මුලකොටසද?,0.3333,0.0,0,1,long,3.605,3.413,0,0.0,0.0897,0.00416,7.324,2,1
S005,18,S005_018.wav,S005_018_mel.npy,රයිට් සහෝදරයන්ගේ පියා ඔවුන් පුංචිකාලයේ දී කඩදාසි සහ රබර් පටිවලින් සෙල්ලම් අහස් යානා තනා දුන්නේය,රයිට් සහෝදරයන්ගෙ පියා ඔවුන් පුංචි කාලයේදී කඩදාසි සහ රබැර් පටිවලින් සෙල්ලන් අහස්‍යානා තනා දුන්නේය.,0.4667,0.0494,0,2,long,9.792,9.088,1,0.192,0.1165,0.0025,8.913,2,1
S005,19,S005_019.wav,S005_019_mel.npy,පසු කලෙක ඔවුහු බයිසිකල් වැඩ වැඩපොළක් ඇරඹූහ,පසු කාලෙක ඔහු භෛසිකලේ භෛසිකල් වැඩපොලක් ඇරඹූහ,0.5714,0.3611,2,2,long,7.147,6.368,2,0.192,0.0905,0.002886,5.653,2,1
S005,20,S005_020.wav,S005_020_mel.npy,දැන් හැමෝම වාඩිවෙන්න,දෑන් හැමෝම වාඩි වෙන්න,1.0,0.0556,0,2,short,2.411,1.92,0,0.0,0.0914,0.003751,9.375,2,0
S005,21,S005_021.wav,S005_021_mel.npy,අපි ඊළඟ දවසේ තවත් සෙල්ලමක් කරමු,අපි ඊළඟ දවසය තවස් සෙල්ලමක් කරමු,0.3333,0.0769,0,1,long,3.349,2.784,0,0.0,0.0985,0.003597,9.339,2,1
S005,22,S005_022.wav,S005_022_mel.npy,මේ සිහින අප නින්දේ දී දකින සිහින නම් නොවේ,මේ සිහින අප නින්දේදී දකින සිහිනනං නොවේ.,0.4444,0.0606,0,2,long,4.928,4.384,0,0.0,0.1045,0.00262,7.527,2,1
S005,23,S005_023.wav,S005_023_mel.npy,ඇගේ ගම ගිංතොට ය,ඇගේ ගමගින්තොටය,0.75,0.1667,1,2,short,2.411,1.76,0,0.0,0.0805,0.006206,6.818,2,0
S005,24,S005_024.wav,S005_024_mel.npy,මේ පුංචි දැරිය ඇගේ ප්‍රියතම වැඩිහිටි නෑදෑයා ගැන පසු කලෙක එසේ කීවාය,මේ පුංචි දරිය ඇගේ ප්‍රියතම වැඩහිට නෑදායක ග්‍රන පහල් පසු කාලයක එසේ කීවාය,0.5,0.2545,1,2,long,6.869,6.176,1,0.192,0.105,0.003952,8.905,2,1
S005,25,S005_025.wav,S005_025_mel.npy,පින්තූර මගින් කතා කීම ඈත කාලයේ සිට පැවත එන ක්‍රමයකි,පින්තූර මගින් කතා කීම ඈත කාලයේ සිට පැවත එන ක්‍රමයකි.,0.0,0.0,0,0,long,5.205,4.821,1,0.288,0.1057,0.002327,8.711,2,1
S005,26,S005_026.wav,S005_026_mel.npy,මකුළුවා තණ බිස්සේ හැංගුනා,ම්වකුළුවා තන බිස්සේ හැඟුණා.,0.5,0.1818,1,2,short,2.752,2.496,0,0.0,0.0951,0.004195,8.814,2,0
S005,27,S005_027.wav,S005_027_mel.npy,එළියේ ලස්සන ගැහැණු ළමයෙක් හිටගෙන හිටියා,එළියේ ලස්තන ගෑනු ලමයෙක් සිට ගෙන සිටියා,0.8333,0.1765,1,2,long,4.139,3.712,1,0.224,0.1092,0.002177,9.159,2,1
S005,28,S005_028.wav,S005_028_mel.npy,අතරමගදී ඉතාම භයානක දෙයක් සිදුවුණා,අතර මගද ඉතාම භයානක දෙයස් සිදු වුණා,1.0,0.069,0,2,short,3.925,3.392,0,0.0,0.1115,0.002621,8.55,2,0
S005,29,S005_029.wav,S005_029_mel.npy,සර්පයා මහා විශාලෙට කට ඇරියා,සර්පයා මහ විශාලයට කටෑරියා,0.8,0.1304,1,2,short,4.395,3.68,1,0.192,0.1184,0.004448,6.25,2,0
S005,30,S005_030.wav,S005_030_mel.npy,ටිකක් හිතලා බලන්නකෝ,ටිකක් හිතලා බලන්නකෝ.,0.0,0.0,0,0,short,2.283,1.792,0,0.0,0.0953,0.0051,9.487,2,0
S005,31,S005_031.wav,S005_031_mel.npy,තනියෙන් ලියන්න,තනියෙන් ලියන්න,0.0,0.0,0,0,short,1.813,1.248,0,0.0,0.0916,0.004022,10.417,2,0
S005,32,S005_032.wav,S005_032_mel.npy,පස්වැනි ගුණාංගය,පස්සනී ගුණාංගය,0.5,0.2143,1,2,short,1.792,1.504,0,0.0,0.1152,0.005485,9.309,2,0
S005,33,S005_033.wav,S005_033_mel.npy,බරණැස් නුවර සිටුවරයෙක් වාසය කළේය,බර නුවර සිටුවරයෙක් වාසය කළ ය.,0.6,0.1786,1,2,short,3.136,2.88,0,0.0,0.1254,0.003343,9.722,2,0
S005,34,S005_034.wav,S005_034_mel.npy,නායකතුමා මෙසේ පිළිතුරු දුන්නේය,නායක සිතුතුමා එසේ පිළිතුර දුන්නේය.,1.0,0.2593,1,2,short,3.349,3.168,0,0.0,0.1164,0.005492,8.523,2,0
S005,35,S005_035.wav,S005_035_mel.npy,තේරවිලි වර්ග කිහිපයක් තිබේ,තේරවිලිවරග කීපයක් තිබේ.,0.75,0.1739,1,2,short,2.539,2.08,0,0.0,0.0851,0.005551,11.058,2,0
S005,36,S005_036.wav,S005_036_mel.npy,අපේ සීයා කතන්දර කීමට සමතෙකි,අපේ සියා ගතන්දර කීමට සමතකි.,0.6,0.1304,1,2,short,3.072,2.624,0,0.0,0.1057,0.003076,8.765,2,0
S005,37,S005_037.wav,S005_037_mel.npy,මේ අය අතරමගදී අම්බලමක නතර වුණා,මේ අය අතර මගදී අම්බලමක නතර වුනා.,0.3333,0.0,0,1,long,3.392,3.008,0,0.0,0.0967,0.001827,8.311,2,1
S005,38,S005_038.wav,S005_038_mel.npy,හරි අපූරු කතාවක්,හරි අපූරු කතාවක්,0.0,0.0,0,0,short,2.048,1.6,0,0.0,0.0949,0.004641,8.75,2,0
S005,39,S005_039.wav,S005_039_mel.npy,කටුස්සාගේ කරේ රත්තරන් බැන්දා වගෙයි,කටුස්සාගේ කරේ රතරම් බැන්දා වගේ,0.4,0.2,1,1,short,3.392,2.496,0,0.0,0.1277,0.002968,12.019,2,0
S005,40,S005_040.wav,S005_040_mel.npy,මුල් ගුරුතුමා කීවේය,මුල් ගුරුතුමා කීවේය,0.0,0.0,0,0,short,2.197,1.792,0,0.0,0.0886,0.003111,9.487,2,0
S005,41,S005_041.wav,S005_041_mel.npy,අද පුස්තකාල පන්තියක් කරමු,අද පුස්තකාලය පන්තීයක්කරමු,0.75,0.0909,0,2,short,2.731,2.336,0,0.0,0.0875,0.004254,9.418,2,0
S005,42,S005_042.wav,S005_042_mel.npy,මම ගල්පරයක ඇලී ජීවත් වුනෙමි,මම ගල් පරයක ඇලි ජීවත් උනෙමින්,0.8,0.2174,1,2,short,4.181,3.648,0,0.0,0.087,0.002658,6.305,2,0
S005,43,S005_043.wav,S005_043_mel.npy,බෙලි කටුව කතා කරයි,බෙලි කටුව ඉතා ඉතා කරයි.,0.5,0.2667,1,2,short,3.072,2.304,1,0.448,0.0935,0.003731,6.51,2,0
S005,44,S005_044.wav,S005_044_mel.npy,සති අන්තේ නිවාඩුවට බිංදුලා ගමේ ගියා,"සති, සති අන්තේ නිවාඩු බින්දුලා ගමේ ගියා",0.5,0.2333,1,2,long,4.608,4.128,1,0.224,0.0954,0.002246,7.267,2,1
S005,45,S005_045.wav,S005_045_mel.npy,මොනවාද ඒවායේ නම්,මොනමද ඒවායේ නම්,0.3333,0.1429,1,1,short,2.283,1.728,0,0.0,0.091,0.007202,8.102,2,0
S005,46,S005_046.wav,S005_046_mel.npy,නංගි උත්තර දුන්නා,නඟී උත්තර දුන්නා,0.3333,0.2,1,1,short,2.133,1.568,0,0.0,0.0904,0.003598,9.566,2,0
S005,47,S005_047.wav,S005_047_mel.npy,පාර කියන අත්තම්මා,පාර කියන අත්තම්මා,0.0,0.0,0,0,short,1.728,1.472,0,0.0,0.1035,0.006023,10.19,2,0
S005,48,S005_048.wav,S005_048_mel.npy,ඇයගේ කැපවීම පුදුමාකාරය,ඇයගේ කැපවීම පුදුමාකාරය,0.0,0.0,0,0,short,3.2,3.008,0,0.0,0.0921,0.006906,6.649,2,0
S005,49,S005_049.wav,S005_049_mel.npy,මිනිසාගේ පරම යුතුකම මිනිසාට සේවය කිරීම,මිනිසාගේ පරම යුතුකමන් මිනිසාට සේවය කිරීම,0.1667,0.0606,0,1,long,4.672,4.064,1,0.192,0.1023,0.003378,8.12,2,1
S005,50,S005_050.wav,S005_050_mel.npy,අපි මේ වන විට පැය දොළහක් වැඩ කර පැය දොළහක් විවේක ගත්තා,අපි මේ වන විට පැය දොළහක් වැඩකර පැය දොළහක් විවේක ගත්තා,0.1667,0.0,0,1,long,5.376,4.96,0,0.0,0.0918,0.001939,8.669,2,1
S005,51,S005_051.wav,S005_051_mel.npy,අප කවුරුත් පුදුමයට පත්කරමින් ඈට පණ ආවා,අප කවුරු පුදුමයට පත් කරමින් ඈට පනාවා,0.7143,0.0938,0,2,long,4.139,3.776,0,0.0,0.0858,0.003507,8.475,2,1
S005,52,S005_052.wav,S005_052_mel.npy,සුගන්ධවත් පුෂ්පයෝ අපගේ සොහොයුරියෝය,සුගන්දවක් පුෂ්පයෝ අපගේ සහෝදරියෝය,0.5,0.1613,1,2,short,3.669,3.136,0,0.0,0.0862,0.003392,9.885,2,0
S005,53,S005_053.wav,S005_053_mel.npy,ගංගාවෝ අපගේ සොහොයුරෝ වෙති,ගංගාවෝ අපගේ සහෝදර යුරො එති,0.75,0.3182,1,2,short,3.819,3.424,0,0.0,0.0866,0.004973,6.425,2,0
S005,54,S005_054.wav,S005_054_mel.npy,නංගී මට නොදී කිසිවක් නොකනවා ඇතැයි මට සිතේ,නංගී මට නොදී කිසිවත් නොකනවා ඇතැයි මට සිතේ,0.125,0.0294,0,1,long,4.864,4.512,0,0.0,0.1069,0.003257,7.535,2,1
S005,55,S005_055.wav,S005_055_mel.npy,නංගි උදේ පාන්දරින්ම නැගිටියි,නගේ උදේ පාන්දර ඉන්ව නැගිටියි,0.75,0.16,1,2,short,2.944,2.496,0,0.0,0.0945,0.00401,10.016,2,0
S005,56,S005_056.wav,S005_056_mel.npy,ඈ මා ගෙදර යන විට අසනු ඇත,ඈ අම්මා ගෙදර යනවිට අසනුන ඇත.,0.5714,0.2222,1,2,long,3.669,3.328,0,0.0,0.1009,0.005253,5.409,2,1
S005,57,S005_057.wav,S005_057_mel.npy,ගොවිතැන සඳහා භාවිත වන උපකරණ එකින් එක විස්තර කරද්දී ළමයි සාවධානව අසා සිටියහ,ගොවිතන සඳහා භාවිතා වන උපකරන එකින් එක විස්තර කරද්දි ළමයින් ද සාවධානය අසා සිටිය.,0.5385,0.129,1,2,long,9.067,8.448,1,0.224,0.1068,0.004607,7.339,2,1
S005,58,S005_058.wav,S005_058_mel.npy,ළමයි පොල්තෙල් හිඳීමට භාවිත කරන සෙක්කුව අසලට රැස් වූහ,ළමයි පොල්තය සහීදීමට බත් තා කරන තෙක්ව අසලට රැස්වූහ.,0.7778,0.2727,1,2,long,5.397,4.864,1,0.352,0.1045,0.004398,9.046,2,1
S005,59,S005_059.wav,S005_059_mel.npy,ඒ ගොල්ලන්ට අලුත් ක්‍රමයක් හොයා ගන්න වෙනවා,ඒ ගොල්ලන්ට අලුත් ප්‍රමයක් සොයා ගන්න වෙනවා,0.2857,0.0571,0,1,long,3.584,3.328,0,0.0,0.1018,0.004544,10.517,2,1
S005,60,S005_060.wav,S005_060_mel.npy,බොහෝ දෙනෙක් මම එනතුරු බලා ගෙන හිටියා,බොහෝ දෙනෙක් මම නැතුරු බලාල් ගෙන සිටියා,0.4286,0.1667,1,2,long,4.011,3.36,2,0.208,0.0891,0.004389,8.929,2,1
S005,61,S005_061.wav,S005_061_mel.npy,මට ආරංචි වුණා රජතුමාගේ ගුහාව ළඟ අනතුරක් කියලා,මට පුණ් මට ආරංචි වුණා රජතුමාගේ ගුහාව ළඟ අනතුරක් කියලක්,0.375,0.2105,1,1,long,6.123,5.6,0,0.0,0.0889,0.004691,6.786,2,1
S005,62,S005_062.wav,S005_062_mel.npy,පැය අටකට පසු ඔවුන්ට පියාපත් සලන හඬක් ඇසිණි,පැය අටකට පසු ඔවුන් පියාපත් සලන හඬක්ට ඇසුනි.,0.375,0.0857,0,1,long,4.736,3.936,0,0.0,0.1074,0.005401,8.892,2,1
S005,63,S005_063.wav,S005_063_mel.npy,මිනිසුන් ගැන විස්තර දැනගන්න බොහෝ ක්‍රම තියෙනවා,මිනිසුන් ගැන විස්තර දැනගන්න බොහෝ ක්‍රමතියනවා.,0.2857,0.025,0,1,long,4.011,3.648,0,0.0,0.0949,0.002671,10.965,2,1
S005,64,S005_064.wav,S005_064_mel.npy,ඔබට දින හතරක් දෙමි,ඔබට දින හතරක් දෙමින්,0.25,0.1333,1,1,short,2.112,1.664,0,0.0,0.0768,0.003104,9.014,2,0
S005,65,S005_065.wav,S005_065_mel.npy,ඇදුරුතුමා බෙහෙවින් සතුටට පත් විය,ඇදුරුතුමා බෙහැවින් සතුරට පත් විය.,0.4,0.0714,0,1,short,2.88,2.624,0,0.0,0.0852,0.004666,10.671,2,0
S005,66,S005_066.wav,S005_066_mel.npy,ඔබට පේන්නේ කුමක්දැයි මම ඇසුවෙමි,ඔබට පේන්නේ කුමක් දැයි මම ඇසුවෙමි.,0.4,0.0,0,1,short,3.072,3.008,0,0.0,0.0955,0.00486,8.976,2,0
S005,67,S005_067.wav,S005_067_mel.npy,මෙතැන තමයි හොඳම තැන,මෙතැන් තමයි හොඳම තැන,0.25,0.0625,0,1,short,2.069,1.845,0,0.0,0.1023,0.00503,8.67,2,0
S005,68,S005_068.wav,S005_068_mel.npy,ඇය කාචය සකස් කර නැවත බැලූවාය,ඇය කාචය සකස් කර රැවත මැලුවාය.,0.3333,0.1304,1,1,long,3.605,3.232,1,0.224,0.1319,0.005248,7.116,2,1
S006,1,S006_001.wav,S006_001_mel.npy,යාළුවෝ හැමදෙනාම නිදහස් උත්සවය බැලුවා,තියාලුවෝ හැම දෙනාම නිදහත් තුස් සවය බැලුවා,1.0,0.1875,1,2,short,4.011,3.616,1,0.224,0.1012,0.002983,8.85,2,0
S006,2,S006_002.wav,S006_002_mel.npy,කවිඳු යාළුවොත් එක්ක මිදුලේ සෙල්ලම් කරමින් සිටියා,කවිදි යාළුවත් එක මිදුලේ සෙල්ලම් කරමින් සිටියා.,0.4286,0.119,1,2,long,4.203,3.84,0,0.0,0.0846,0.002962,10.938,2,1
S006,3,S006_003.wav,S006_003_mel.npy,අපේ රටේ නිදහස් උත්සවය,අපේ රටේ නිදහස් උත්සවය,0.0,0.0,0,0,short,3.008,2.624,0,0.0,0.0862,0.002371,6.86,2,0
S006,4,S006_004.wav,S006_004_mel.npy,මම කෝෂය ඇතුලේ සති දෙකක් විතර හිටියා,මම කෝෂයේ ඇතුළේ හිසති දෙකක් විතර හිටියා.,0.2857,0.1034,1,1,long,4.672,4.256,0,0.0,0.0943,0.00253,6.814,2,1
S006,5,S006_005.wav,S006_005_mel.npy,පොත් කියවීමෙන් මිනිසා සම්පූර්ණ වේ,පොත් කියවීමෙන් මිනිසා සම්පූර්ණ වේ,0.0,0.0,0,0,short,3.477,2.624,1,0.16,0.085,0.002851,11.052,2,0
S006,6,S006_006.wav,S006_006_mel.npy,මුහුද හරිම ලස්සනයි,මුහුද හරිම ලස්සනයි.,0.0,0.0,0,0,short,2.133,1.632,0,0.0,0.0846,0.006337,9.804,2,0
S006,7,S006_007.wav,S006_007_mel.npy,හැමෝම එකට අත් අල්ලා ගන්න,හැමෝම එකට අත්තල්ලා ගන්න,0.4,0.05,0,1,short,2.88,2.56,0,0.0,0.0766,0.006442,7.812,2,0
S006,8,S006_008.wav,S006_008_mel.npy,මම එහෙනම් නාගෙන එන්නම්,මම එහෙනම් නාගෙනෙන්නම්,0.5,0.0526,0,2,short,3.008,2.304,1,0.288,0.0671,0.003463,8.247,2,0
S006,9,S006_009.wav,S006_009_mel.npy,අපි අද පොල් කැඩුවා,අපි අද බොල් කැඩුවා,0.25,0.0667,0,1,short,2.325,1.632,0,0.0,0.0793,0.005019,9.191,2,0
S006,10,S006_010.wav,S006_010_mel.npy,"ඇයි හිනා වෙන්නේ, මට රජ වෙන්න බැරිද",ඇයි හිනා වෙන්නේ මට රජ වෙන්න බැරිද?,0.0,0.0,0,0,long,3.349,3.104,0,0.0,0.0742,0.002516,9.021,2,1
S006,11,S006_011.wav,S006_011_mel.npy,දුව සටහන් පොතේ මොනවාද ලියා ගත්තේ,දුව සටහන් කොතේ මොනවද ලියා ගත්තේ,0.3333,0.0741,0,1,long,3.2,3.008,0,0.0,0.0708,0.002487,8.976,2,1
S006,12,S006_012.wav,S006_012_mel.npy,ඉතින් මෙච්චර පරක්කු වුනේ ඇයි,ඉතින් මෙචර පරක්කූනේ ඇයි?,0.6,0.2083,1,2,short,3.349,2.784,0,0.0,0.0764,0.00259,8.621,2,0
S006,13,S006_013.wav,S006_013_mel.npy,දවසක් අම්මා අශ්ව පැටියාගෙන් උදව්වක් ඉල්ලුවා,දවසක මම අම්මා ආශ්‍ය වැටියාගෙන් උදව්වක් කිල්ලුවා,0.8333,0.2105,1,2,long,5.525,4.96,1,0.16,0.0894,0.002498,7.661,2,1
S006,14,S006_014.wav,S006_014_mel.npy,ඔය ගඟ හරි ගැඹුරුයි,ඔයගඟ හාරි කැඹුරුවී,1.0,0.2667,1,2,short,2.219,1.856,0,0.0,0.0714,0.002457,8.082,2,0
S006,15,S006_015.wav,S006_015_mel.npy,අශ්ව පැටියා ඉක්මනින් ගෙදර එනවා දැකලා අම්මා පුදුම වුනා,අශ්‍ය පැටියා ඉක්මණින් ගෙදර එනවා දැකල අම්මා හුදුම වුණා.,0.3333,0.0889,0,1,long,5.013,4.704,0,0.0,0.0868,0.002014,9.566,2,1
S006,16,S006_016.wav,S006_016_mel.npy,"සිටුතුමනි, අපට අනුකම්පා කරනු මැනවි",සිතෘටුමනි අපට අනුකම්මා කරම මැනවි.,0.6,0.2069,1,2,short,4.267,3.883,0,0.0,0.0782,0.002552,7.727,2,0
S006,17,S006_017.wav,S006_017_mel.npy,බරෙන් වැඩි වන්නේ ගසක මුල කොටසද,බරෙහි වැඩි වන්නේ ගසක මුල කොටසද?,0.1667,0.08,0,1,long,3.733,3.477,0,0.0,0.0748,0.00339,7.189,2,1
S006,18,S006_018.wav,S006_018_mel.npy,රයිට් සහෝදරයන්ගේ පියා ඔවුන් පුංචිකාලයේ දී කඩදාසි සහ රබර් පටිවලින් සෙල්ලම් අහස් යානා තනා දුන්නේය,රයිට් සහෝදරයාන්ගේ පියා ඔවුන් උංජි කාලයේදී කඩදාසි සහ රබර පටිවලි සෙල්ලම් ආහස්‍යානනන් තනා දුන්නාය.,0.5333,0.1605,1,2,long,10.667,9.803,2,0.384,0.0868,0.002244,8.263,2,1
S006,19,S006_019.wav,S006_019_mel.npy,පසු කලෙක ඔවුහු බයිසිකල් වැඩ වැඩපොළක් ඇරඹූහ,පසු කළෙහක ඔවුහු බ්‍රිසිකල් වඩපළක වැඩපොළක් බ්‍රිසිකල් වැඩපොලක් ඈරෙන බූහ.,1.0,0.7778,2,2,long,9.344,7.232,3,0.587,0.0782,0.002011,4.978,2,1
S006,20,S006_020.wav,S006_020_mel.npy,දැන් හැමෝම වාඩිවෙන්න,දැන් හැමෝම වාඩි වෙන්න,0.6667,0.0,0,2,short,2.389,2.112,0,0.0,0.0771,0.001855,8.523,2,0
S006,21,S006_021.wav,S006_021_mel.npy,අපි ඊළඟ දවසේ තවත් සෙල්ලමක් කරමු,අපීරඟ දවසේ තවත් සෙල්දමක් කරමු,0.5,0.1538,1,2,long,3.819,3.264,0,0.0,0.0765,0.001599,7.966,2,1
S006,22,S006_022.wav,S006_022_mel.npy,මේ සිහින අප නින්දේ දී දකින සිහින නම් නොවේ,මේ සිහින අප නින්දේදී දකින සිහින් නම් නොවේ,0.3333,0.0303,0,1,long,7.403,5.728,2,0.672,0.0797,0.003169,5.761,2,1
S006,23,S006_023.wav,S006_023_mel.npy,ඇගේ ගම ගිංතොට ය,අප ගම ගින්දොටය,0.75,0.5,2,2,short,3.819,2.507,1,0.96,0.0774,0.008325,4.787,2,0
S006,24,S006_024.wav,S006_024_mel.npy,මේ පුංචි දැරිය ඇගේ ප්‍රියතම වැඩිහිටි නෑදෑයා ගැන පසු කලෙක එසේ කීවාය,මේ පුංජි දැරිය මගේ ප්‍රියතම වැඩ හිටිය නෑ දෑයා ගැන පසු කළෙක එසේ කීවා ය.,0.6667,0.0727,0,2,long,6.805,6.336,0,0.0,0.0813,0.003327,8.681,2,1
S006,25,S006_025.wav,S006_025_mel.npy,පින්තූර මගින් කතා කීම ඈත කාලයේ සිට පැවත එන ක්‍රමයකි,පින්තූර මගින් කතා කීම ඈත අතීතය සිට පැවතියෙන ක්‍රමයකි.,0.3,0.1905,1,1,long,7.275,6.411,2,0.272,0.083,0.003199,6.552,2,1
S006,26,S006_026.wav,S006_026_mel.npy,මකුළුවා තණ බිස්සේ හැංගුනා,මකුළුවා තන බිස්සේ හැන්ගුණා.,0.25,0.0909,0,1,short,2.944,2.624,0,0.0,0.0956,0.005392,8.384,2,0
S006,27,S006_027.wav,S006_027_mel.npy,එළියේ ලස්සන ගැහැණු ළමයෙක් හිටගෙන හිටියා,එළියේ ලසසන ගෑල්ලමයෙක් හිටගෙන හිටියා,0.5,0.1765,1,2,long,3.584,3.168,0,0.0,0.0883,0.002329,10.732,2,1
S006,28,S006_028.wav,S006_028_mel.npy,අතරමගදී ඉතාම භයානක දෙයක් සිදුවුණා,අතරමකදී ඉතාම් භයානකදෙත් අත් සිදුවුණා,0.8,0.2069,1,2,short,4.395,3.712,1,0.384,0.0837,0.003557,7.812,2,0
S006,29,S006_029.wav,S006_029_mel.npy,සර්පයා මහා විශාලෙට කට ඇරියා,සර්පයා මහා විශාලට කටහැරියා,0.6,0.1304,1,2,short,3.392,3.072,0,0.0,0.0889,0.002244,7.487,2,0
S006,30,S006_030.wav,S006_030_mel.npy,ටිකක් හිතලා බලන්නකෝ,ටිකක් හිතලා බලන්නකෝ,0.0,0.0,0,0,short,2.667,2.272,1,0.16,0.0735,0.003489,7.482,2,0
S006,31,S006_031.wav,S006_031_mel.npy,තනියෙන් ලියන්න,තනියෙන් දියන්න,0.5,0.0769,0,2,short,2.944,2.176,1,0.224,0.0635,0.005176,5.974,2,0
S006,32,S006_032.wav,S006_032_mel.npy,පස්වැනි ගුණාංගය,ආස්වැනි ගුණාන්ගෙය,1.0,0.2857,1,2,short,2.133,1.696,0,0.0,0.1061,0.00277,8.255,2,0
S006,33,S006_033.wav,S006_033_mel.npy,බරණැස් නුවර සිටුවරයෙක් වාසය කළේය,බරණුවර සුටුවයෙක් වාසය කළ කළ ඒය,1.0,0.3214,1,2,short,4.139,3.776,0,0.0,0.0852,0.003847,7.415,2,0
S006,34,S006_034.wav,S006_034_mel.npy,නායකතුමා මෙසේ පිළිතුරු දුන්නේය,නායක තිසිතුවා මෙසේ පිළිතුර දුන්නේය.,0.75,0.2222,1,2,short,3.712,3.36,0,0.0,0.0864,0.003299,8.036,2,0
S006,35,S006_035.wav,S006_035_mel.npy,තේරවිලි වර්ග කිහිපයක් තිබේ,තේලි විරි වර්ග කිහිපයක් තිබේ.,0.5,0.1304,1,2,short,3.072,2.592,0,0.0,0.0775,0.004663,8.873,2,0
S006,36,S006_036.wav,S006_036_mel.npy,අපේ සීයා කතන්දර කීමට සමතෙකි,අපේ සියා කතන්දර කීමට සමතයකි.,0.4,0.087,0,1,short,3.2,3.136,0,0.0,0.0985,0.002586,7.334,2,0
S006,37,S006_037.wav,S006_037_mel.npy,මේ අය අතරමගදී අම්බලමක නතර වුණා,මේ අය අතර මඟදි අම්බලමක නතර වුණා,0.3333,0.08,0,1,long,3.413,3.136,0,0.0,0.0936,0.00305,7.972,2,1
S006,38,S006_038.wav,S006_038_mel.npy,හරි අපූරු කතාවක්,හරි අපූරු කතාවක්,0.0,0.0,0,0,short,2.411,1.792,0,0.0,0.0804,0.003803,7.812,2,0
S006,39,S006_039.wav,S006_039_mel.npy,කටුස්සාගේ කරේ රත්තරන් බැන්දා වගෙයි,කටුස්සාගේ කරේ රත්තරම් බැන්දා වගේ,0.4,0.1333,1,1,short,3.072,2.848,0,0.0,0.0957,0.003419,10.534,2,0
S006,40,S006_040.wav,S006_040_mel.npy,මුල් ගුරුතුමා කීවේය,මුල්ගුරුතුමා කීවේය.,0.6667,0.0,0,2,short,2.539,2.016,0,0.0,0.0766,0.003314,8.433,2,0
S006,41,S006_041.wav,S006_041_mel.npy,අද පුස්තකාල පන්තියක් කරමු,අද පුස්තකාලේ පන්තියක් කරමු,0.25,0.0455,0,1,short,3.072,2.752,0,0.0,0.0805,0.002554,7.994,2,0
S006,42,S006_042.wav,S006_042_mel.npy,මම ගල්පරයක ඇලී ජීවත් වුනෙමි,මම ගල් පරයක් කෑ ඇලී ජීවත් පුණෙමි.,0.8,0.1739,1,2,short,4.075,3.232,1,0.32,0.0748,0.004285,7.116,2,0
S006,43,S006_043.wav,S006_043_mel.npy,බෙලි කටුව කතා කරයි,බෙලි කටුව හතා කරයි.,0.25,0.0667,0,1,short,2.197,1.909,0,0.0,0.0792,0.004192,7.856,2,0
S006,44,S006_044.wav,S006_044_mel.npy,සති අන්තේ නිවාඩුවට බිංදුලා ගමේ ගියා,සතියන්තේ නිමාඩුවට බින්දුලා ගමේ ගියා,0.6667,0.1333,1,2,long,4.075,3.84,0,0.0,0.0864,0.002336,7.812,2,1
S006,45,S006_045.wav,S006_045_mel.npy,මොනවාද ඒවායේ නම්,මොනවද ඒවායේ නම්,0.3333,0.0714,0,1,short,3.051,2.208,1,0.16,0.0811,0.005827,6.341,2,0
S006,46,S006_046.wav,S006_046_mel.npy,නංගි උත්තර දුන්නා,නංගී උත්තර දුන්නා.,0.3333,0.0667,0,1,short,2.133,1.984,0,0.0,0.0692,0.003372,7.56,2,0
S006,47,S006_047.wav,S006_047_mel.npy,පාර කියන අත්තම්මා,පාර කියන අත්තම්මා,0.0,0.0,0,0,short,2.24,2.016,0,0.0,0.0906,0.004752,7.44,2,0
S006,48,S006_048.wav,S006_048_mel.npy,ඇයගේ කැපවීම පුදුමාකාරය,ඇයගේ කැපවීම පුදුමා කාරය,0.6667,0.0,0,2,short,3.072,2.752,0,0.0,0.08,0.003101,7.267,2,0
S006,49,S006_049.wav,S006_049_mel.npy,මිනිසාගේ පරම යුතුකම මිනිසාට සේවය කිරීම,මිනිසාගේ පරම යුතුකම මිනිසාට සේවය කිරීම,0.0,0.0,0,0,long,4.544,4.192,0,0.0,0.0803,0.002813,7.872,2,1
S006,50,S006_050.wav,S006_050_mel.npy,අපි මේ වන විට පැය දොළහක් වැඩ කර පැය දොළහක් විවේක ගත්තා,අපි මේ වන විට පෑ දොළහක් වැඩ කර පෑ දොළහක් විවේක ගත්තා,0.1667,0.093,0,1,long,6.528,5.536,1,0.416,0.0819,0.001399,7.767,2,1
S006,51,S006_051.wav,S006_051_mel.npy,අප කවුරුත් පුදුමයට පත්කරමින් ඈට පණ ආවා,අප කවුරුත් පුදුමයට පත් කරමින් ඈට පනාව,0.5714,0.0625,0,2,long,4.608,4.192,0,0.0,0.0824,0.003412,7.634,2,1
S006,52,S006_052.wav,S006_052_mel.npy,සුගන්ධවත් පුෂ්පයෝ අපගේ සොහොයුරියෝය,සුන්දරග සුන්සුගන්ධවත් පුෂ්පයෝ අපගේ සහෝ දරි සහෝ සහෝ යුරියෝය.,1.0,0.6774,2,2,short,11.051,8.192,6,0.373,0.108,0.003853,3.784,2,0
S006,53,S006_053.wav,S006_053_mel.npy,ගංගාවෝ අපගේ සොහොයුරෝ වෙති,ගංගාවෝ අපගේ සහෝදරියෝව ඇති,0.5,0.3182,1,2,short,3.008,2.688,0,0.0,0.0782,0.003452,8.185,2,0
S006,54,S006_054.wav,S006_054_mel.npy,නංගී මට නොදී කිසිවක් නොකනවා ඇතැයි මට සිතේ,නංගී මට නොදී කිසිවක් නොකනවා ඇතැයි මතට සිතෙයි.,0.25,0.1176,1,1,long,4.949,4.384,0,0.0,0.095,0.003842,7.755,2,1
S006,55,S006_055.wav,S006_055_mel.npy,නංගි උදේ පාන්දරින්ම නැගිටියි,නංගී යුදේ පාන්දරින්ම නැගිටී,0.75,0.24,1,2,short,3.008,2.688,0,0.0,0.076,0.003891,9.301,2,0
S006,56,S006_056.wav,S006_056_mel.npy,ඈ මා ගෙදර යන විට අසනු ඇත,ඈම ගෙදර එන්න වීට අසනු ඇත.,0.5714,0.2778,1,2,long,3.328,2.976,0,0.0,0.0984,0.004181,6.048,2,1
S006,57,S006_057.wav,S006_057_mel.npy,ගොවිතැන සඳහා භාවිත වන උපකරණ එකින් එක විස්තර කරද්දී ළමයි සාවධානව අසා සිටියහ,ගොවිදන් සඳහා භාවිදා කරන උපන කරන එකින් එක විස්තර කරද්දී ළමයි සංවා අසා සිටියාය.,0.5385,0.2258,1,2,long,9.28,7.872,2,0.592,0.0869,0.003309,7.876,2,1
S006,58,S006_058.wav,S006_058_mel.npy,ළමයි පොල්තෙල් හිඳීමට භාවිත කරන සෙක්කුව අසලට රැස් වූහ,ලමයි පොල්තයෙල් හිඳීමට භාවිදා කරන සෙක්සුවූ අසරට රැස්වූහ.,0.6667,0.1364,1,2,long,5.205,4.704,0,0.0,0.0739,0.005186,9.354,2,1
S006,59,S006_059.wav,S006_059_mel.npy,ඒ ගොල්ලන්ට අලුත් ක්‍රමයක් හොයා ගන්න වෙනවා,ඒය ගොල්ලන්ට අලු ක්‍රමයක් හොයාගන්න වෙනවා.,0.5714,0.0857,0,2,long,3.307,2.987,0,0.0,0.0709,0.004341,11.719,2,1
S006,60,S006_060.wav,S006_060_mel.npy,බොහෝ දෙනෙක් මම එනතුරු බලා ගෙන හිටියා,බොහෝ දෙනෙක් මම එනතුරු බලාගෙන හිටියා.,0.2857,0.0,0,1,long,4.267,3.808,1,0.192,0.0715,0.004085,7.878,2,1
S006,61,S006_061.wav,S006_061_mel.npy,මට ආරංචි වුණා රජතුමාගේ ගුහාව ළඟ අනතුරක් කියලා,මට ආරණ්ටි වුණා රජතුමාගේ ගුහාවලග අනතුරක් කියලා.,0.375,0.1053,1,1,long,6.336,5.024,2,0.352,0.0809,0.003772,7.564,2,1
S006,62,S006_062.wav,S006_062_mel.npy,පැය අටකට පසු ඔවුන්ට පියාපත් සලන හඬක් ඇසිණි,පැයි අටකට බසු ඔවුන්ගෙන් බියාපත් සලන හඬක් ඇසිනි.,0.5,0.2,1,2,long,4.459,3.776,0,0.0,0.0931,0.004502,9.269,2,1
S006,63,S006_063.wav,S006_063_mel.npy,මිනිසුන් ගැන විස්තර දැනගන්න බොහෝ ක්‍රම තියෙනවා,මිනිසුන් ගැන විස්තර දැනගන්න බොහෝම ප්‍රමසියනවා,0.4286,0.1,0,2,long,4.267,3.68,1,0.288,0.0872,0.003491,10.87,2,1
S006,64,S006_064.wav,S006_064_mel.npy,ඔබට දින හතරක් දෙමි,ඔබට දිනව හතරක් දෙමි.,0.25,0.0667,0,1,short,2.411,1.888,0,0.0,0.0561,0.005452,7.945,2,0
S006,65,S006_065.wav,S006_065_mel.npy,ඇදුරුතුමා බෙහෙවින් සතුටට පත් විය,ඇදුරුතුමා බෙහෙවින් සතුරට පත් විය.,0.2,0.0357,0,1,short,3.477,2.656,0,0.0,0.0722,0.001873,10.542,2,0
S006,66,S006_066.wav,S006_066_mel.npy,ඔබට පේන්නේ කුමක්දැයි මම ඇසුවෙමි,ඔබට පෙනෙන්නේ කුමක්දැයි මම ඇසුවෙමි.,0.2,0.1111,1,1,short,3.136,2.88,0,0.0,0.0763,0.003982,9.375,2,0
S006,67,S006_067.wav,S006_067_mel.npy,මෙතැන තමයි හොඳම තැන,මෙතන තමයි හොඳම තැන,0.25,0.0625,0,1,short,2.133,1.76,0,0.0,0.0858,0.004183,9.091,2,0
S006,68,S006_068.wav,S006_068_mel.npy,ඇය කාචය සකස් කර නැවත බැලූවාය,ඇය කාච්චයේ සකස් කර නැවත බැලුවාය.,0.3333,0.1739,1,1,long,3.072,2.88,0,0.0,0.0903,0.00386,7.986,2,1
S007,1,S007_001.wav,S007_001_mel.npy,යාළුවෝ හැමදෙනාම නිදහස් උත්සවය බැලුවා,යාළුවෝ හැමැදෙනාම නිදහා තුස්සවය බැලුවා,0.6,0.1562,1,2,short,3.328,3.072,0,0.0,0.0881,0.003604,10.417,2,0
S007,2,S007_002.wav,S007_002_mel.npy,කවිඳු යාළුවොත් එක්ක මිදුලේ සෙල්ලම් කරමින් සිටියා,කංදුයාලුවොත් එක විඳුලේ සෙල්ලන් කරමින් තිටියා,0.8571,0.2143,1,2,long,3.776,3.424,0,0.0,0.0876,0.002111,12.266,2,1
S007,3,S007_003.wav,S007_003_mel.npy,අපේ රටේ නිදහස් උත්සවය,අපේ රටේ නිදහත් උත්සවය,0.25,0.0556,0,1,short,2.133,2.005,0,0.0,0.1081,0.002288,8.976,2,0
S007,4,S007_004.wav,S007_004_mel.npy,මම කෝෂය ඇතුලේ සති දෙකක් විතර හිටියා,මම කෝෂය ඇතුළේ සති දෙකක් විතර හිටියා.,0.0,0.0,0,0,long,3.733,3.392,0,0.0,0.0941,0.003569,8.55,2,1
S007,5,S007_005.wav,S007_005_mel.npy,පොත් කියවීමෙන් මිනිසා සම්පූර්ණ වේ,පොතේ කියවීමෙන් නිසා මිනිසා සම්පූර්ණ වේ.,0.4,0.1724,1,1,short,3.648,3.168,1,0.256,0.0925,0.003328,9.154,2,0
S007,6,S007_006.wav,S007_006_mel.npy,මුහුද හරිම ලස්සනයි,මුහුද හරිම ලස්සනයි.,0.0,0.0,0,0,short,1.6,1.536,0,0.0,0.0862,0.002135,10.417,2,0
S007,7,S007_007.wav,S007_007_mel.npy,හැමෝම එකට අත් අල්ලා ගන්න,හැමෝම එකට අත්අල්ලා ගන්න,0.4,0.0,0,1,short,2.816,2.432,1,0.16,0.0924,0.002793,8.224,2,0
S007,8,S007_008.wav,S007_008_mel.npy,මම එහෙනම් නාගෙන එන්නම්,මම එහෙනා එහෙනම් නාගෙන එන්නනු,0.5,0.3684,2,2,short,3.392,3.04,1,0.224,0.0876,0.003167,6.25,2,0
S007,9,S007_009.wav,S007_009_mel.npy,අපි අද පොල් කැඩුවා,අපි අද පොල් කැඩුව,0.25,0.0667,0,1,short,1.408,1.376,0,0.0,0.0819,0.003133,10.901,2,0
S007,10,S007_010.wav,S007_010_mel.npy,"ඇයි හිනා වෙන්නේ, මට රජ වෙන්න බැරිද",ඇයි හිනා වෙන්නෙ මට ප්‍රජ වෙන්න බැරිද?,0.2857,0.1481,1,1,long,3.243,2.987,1,0.192,0.0839,0.001982,9.375,2,1
S007,11,S007_011.wav,S007_011_mel.npy,දුව සටහන් පොතේ මොනවාද ලියා ගත්තේ,දුව සටහන් පොතේ මොනවාද රියා රියා ගත්තේ,0.3333,0.1852,1,1,long,3.605,3.456,0,0.0,0.0918,0.003433,7.812,2,1
S007,12,S007_012.wav,S007_012_mel.npy,ඉතින් මෙච්චර පරක්කු වුනේ ඇයි,ඉතින් මෙච්චර පරක් වුණේයි.,0.6,0.125,1,2,short,2.475,2.347,0,0.0,0.082,0.005453,10.227,2,0
S007,13,S007_013.wav,S007_013_mel.npy,දවසක් අම්මා අශ්ව පැටියාගෙන් උදව්වක් ඉල්ලුවා,දවසක් කමා අශ්‍ය පැටියාගෙන් උදව්වක් ඉල්වා,0.5,0.1842,1,2,long,3.584,3.36,0,0.0,0.0998,0.004891,11.31,2,1
S007,14,S007_014.wav,S007_014_mel.npy,ඔය ගඟ හරි ගැඹුරුයි,ඔය ගංග හඩි ගැඹුරුයි,0.5,0.2,1,2,short,1.941,1.728,0,0.0,0.0784,0.005038,8.681,2,0
S007,15,S007_015.wav,S007_015_mel.npy,අශ්ව පැටියා ඉක්මනින් ගෙදර එනවා දැකලා අම්මා පුදුම වුනා,අශ්‍ය පැටියා ඉක්මනින්ම ගෙදර එනවා දැක්කා අම්මා පුවිදුම වුනක්,0.5556,0.2,1,2,long,4.8,4.416,0,0.0,0.0932,0.001931,10.19,2,1
S007,16,S007_016.wav,S007_016_mel.npy,"සිටුතුමනි, අපට අනුකම්පා කරනු මැනවි",සිතුතුමනිය අප අනුකම්පා ආප් අපට අනුකම්පා කරනු මැනවිය.,1.0,0.5517,2,2,short,6.251,5.376,2,0.336,0.09,0.002396,5.58,2,0
S007,17,S007_017.wav,S007_017_mel.npy,බරෙන් වැඩි වන්නේ ගසක මුල කොටසද,බරෙන් වැඩිවන්නේ ගස මුල කොටසෙද,0.6667,0.08,0,2,long,3.947,3.328,1,0.224,0.0961,0.003162,7.512,2,1
S007,18,S007_018.wav,S007_018_mel.npy,රයිට් සහෝදරයන්ගේ පියා ඔවුන් පුංචිකාලයේ දී කඩදාසි සහ රබර් පටිවලින් සෙල්ලම් අහස් යානා තනා දුන්නේය,රයිට් සහෝදරින්ගේ පියා ඔවුන් පුංචි කාලේදී කඩදාසි සහ රබර් පටිවලින් සෙල්ලම් අහා ස්‍යාන තන දුන්නේය.,0.4,0.0741,0,1,long,12.117,10.368,3,0.363,0.1015,0.001688,7.812,2,1
S007,19,S007_019.wav,S007_019_mel.npy,පසු කලෙක ඔවුහු බයිසිකල් වැඩ වැඩපොළක් ඇරඹූහ,අසුකලෙක ඔවුන් භයසිකල් වැඩපොලක් ඇරවූහ.,0.8571,0.2222,1,2,long,5.333,4.512,2,0.336,0.1002,0.001947,7.979,2,1
S007,20,S007_020.wav,S007_020_mel.npy,දැන් හැමෝම වාඩිවෙන්න,දැන් හැමෝම වාජ්‍ය වෙන්න,0.6667,0.2222,1,2,short,1.6,1.44,0,0.0,0.0732,0.004505,12.5,2,0
S007,21,S007_021.wav,S007_021_mel.npy,අපි ඊළඟ දවසේ තවත් සෙල්ලමක් කරමු,අපි ඊළඟ දවසේ තවත් සෙල්ලොම් කරමු,0.1667,0.0769,0,1,long,2.88,2.688,0,0.0,0.0913,0.002399,9.673,2,1
S007,22,S007_022.wav,S007_022_mel.npy,මේ සිහින අප නින්දේ දී දකින සිහින නම් නොවේ,මේ සිහින අප නින්දේදී දකින සිහින නම් නොවේ.,0.2222,0.0,0,1,long,4.928,4.384,1,0.192,0.0952,0.002374,7.527,2,1
S007,23,S007_023.wav,S007_023_mel.npy,ඇගේ ගම ගිංතොට ය,ඇගේ ගම ගින් තොටය,0.5,0.1667,1,2,short,2.133,1.845,1,0.192,0.0743,0.004799,6.503,2,0
S007,24,S007_024.wav,S007_024_mel.npy,මේ පුංචි දැරිය ඇගේ ප්‍රියතම වැඩිහිටි නෑදෑයා ගැන පසු කලෙක එසේ කීවාය,මේකිපුංචි දැරිය ඇගේ පියතන වැඩි වැඩිහිටි නෑ දෑයා ගෙන පසු කලෙක එසේ කීවාජ,0.6667,0.2182,1,2,long,7.595,7.083,2,0.176,0.0935,0.002364,7.765,2,1
S007,25,S007_025.wav,S007_025_mel.npy,පින්තූර මගින් කතා කීම ඈත කාලයේ සිට පැවත එන ක්‍රමයකි,පින්තූර මගින් කතා කීම ඈත කාලයේ සිටි සිට පැවත එන ක්‍රමයක්,0.2,0.119,1,1,long,6.336,5.632,2,0.272,0.0982,0.002654,7.457,2,1
S007,26,S007_026.wav,S007_026_mel.npy,මකුළුවා තණ බිස්සේ හැංගුනා,මකුළුවා තන බිවිස්සේ හැඟුවුණා,0.5,0.2273,1,2,short,3.008,2.816,0,0.0,0.1271,0.003577,7.813,2,0
S007,27,S007_027.wav,S007_027_mel.npy,එළියේ ලස්සන ගැහැණු ළමයෙක් හිටගෙන හිටියා,එරියේ ලස්සන ගෑනු නමයෙක් හිටගෙන ඉහි ටියා,0.8333,0.1765,1,2,long,3.477,3.104,0,0.0,0.0919,0.001683,10.954,2,1
S007,28,S007_028.wav,S007_028_mel.npy,අතරමගදී ඉතාම භයානක දෙයක් සිදුවුණා,ආතර මගදී ඉතාම වයනක දෙයක් සිදු වුණම්,1.0,0.1724,1,2,short,3.584,3.36,0,0.0,0.0908,0.00259,8.631,2,0
S007,29,S007_029.wav,S007_029_mel.npy,සර්පයා මහා විශාලෙට කට ඇරියා,සර්පයා මහ විශාරකට විශාලට කටහැරියා,0.8,0.3913,2,2,short,4.267,3.776,1,0.288,0.1168,0.002779,6.091,2,0
S007,30,S007_030.wav,S007_030_mel.npy,ටිකක් හිතලා බලන්නකෝ,ටිකක් හිතලා බලන්නකෝ,0.0,0.0,0,0,short,1.813,1.685,0,0.0,0.0768,0.004769,10.087,2,0
S007,31,S007_031.wav,S007_031_mel.npy,තනියෙන් ලියන්න,තත්තයෙන් දියන්න,1.0,0.3077,1,2,short,1.152,1.056,0,0.0,0.057,0.006862,12.311,2,0
S007,32,S007_032.wav,S007_032_mel.npy,පස්වැනි ගුණාංගය,පස්සනි ගුණාන්ගය,1.0,0.2857,1,2,short,1.472,1.344,0,0.0,0.0857,0.006209,10.417,2,0
S007,33,S007_033.wav,S007_033_mel.npy,බරණැස් නුවර සිටුවරයෙක් වාසය කළේය,බරණස් මුවර සිතුවරයෙක් වාසය කළේ ය.,1.0,0.1071,1,2,short,2.944,2.784,0,0.0,0.1153,0.003809,10.057,2,0
S007,34,S007_034.wav,S007_034_mel.npy,නායකතුමා මෙසේ පිළිතුරු දුන්නේය,නායක සිටිතුමා මෙසේ පිළිතුරු දුන්නේත්,0.75,0.2222,1,2,short,2.667,2.603,0,0.0,0.1013,0.002398,10.374,2,0
S007,35,S007_035.wav,S007_035_mel.npy,තේරවිලි වර්ග කිහිපයක් තිබේ,තේල්විලි වර්ග කිහිපයක් තිබේ.,0.25,0.087,0,1,short,1.941,1.845,0,0.0,0.0812,0.003941,12.464,2,0
S007,36,S007_036.wav,S007_036_mel.npy,අපේ සීයා කතන්දර කීමට සමතෙකි,අපේ සියා කතන්දර කීමට සමතකි.,0.4,0.087,0,1,short,2.475,2.475,0,0.0,0.1114,0.002239,9.294,2,0
S007,37,S007_037.wav,S007_037_mel.npy,මේ අය අතරමගදී අම්බලමක නතර වුණා,මේ අය අතර මඟදීව අම්බලමක නතර වුණා,0.3333,0.08,0,1,long,3.413,3.317,0,0.0,0.0894,0.002478,7.536,2,1
S007,38,S007_038.wav,S007_038_mel.npy,හරි අපූරු කතාවක්,හරි යපුරු කතාවක්.,0.3333,0.1429,1,1,short,1.6,1.472,0,0.0,0.0846,0.005424,9.511,2,0
S007,39,S007_039.wav,S007_039_mel.npy,කටුස්සාගේ කරේ රත්තරන් බැන්දා වගෙයි,කටුස්සාගෙ කරේ රත්තරම් බැන්දා වගේ,0.6,0.1667,1,2,short,2.816,2.624,0,0.0,0.1188,0.004118,11.433,2,0
S007,40,S007_040.wav,S007_040_mel.npy,මුල් ගුරුතුමා කීවේය,මොල් ගොරතුමා කීවේය.,0.6667,0.1765,1,2,short,1.685,1.621,0,0.0,0.073,0.006001,10.485,2,0
S007,41,S007_041.wav,S007_041_mel.npy,අද පුස්තකාල පන්තියක් කරමු,අද පුෂ්තකාල පන්තිය කරමු,0.5,0.1364,1,2,short,2.475,2.187,1,0.256,0.0923,0.002647,10.061,2,0
S007,42,S007_042.wav,S007_042_mel.npy,මම ගල්පරයක ඇලී ජීවත් වුනෙමි,මම මම ගල් පල පර පරයක ඇලී තීවත් උරමේ,1.0,0.5217,2,2,short,4.949,4.085,2,0.272,0.0834,0.002384,5.63,2,0
S007,43,S007_043.wav,S007_043_mel.npy,බෙලි කටුව කතා කරයි,වැලි කටුව කතා කරයි.,0.25,0.1333,1,1,short,2.112,2.048,0,0.0,0.0812,0.003953,7.324,2,0
S007,44,S007_044.wav,S007_044_mel.npy,සති අන්තේ නිවාඩුවට බිංදුලා ගමේ ගියා,සතියන්තයෙන් ඉවාජවට බින්බුලා ගමය ගියප්,1.0,0.4333,2,2,long,3.2,3.072,0,0.0,0.0916,0.003107,9.766,2,1
S007,45,S007_045.wav,S007_045_mel.npy,මොනවාද ඒවායේ නම්,මොනාදේවා යෙනම්,1.0,0.2143,1,2,short,1.749,1.536,0,0.0,0.0842,0.004408,9.115,2,0
S007,46,S007_046.wav,S007_046_mel.npy,නංගි උත්තර දුන්නා,නංගී උත්තර දුන්න,0.6667,0.1333,1,2,short,1.6,1.44,0,0.0,0.0837,0.003787,10.417,2,0
S007,47,S007_047.wav,S007_047_mel.npy,පාර කියන අත්තම්මා,පාර කියන අත්තම්ම,0.3333,0.0667,0,1,short,1.813,1.472,0,0.0,0.1011,0.004014,10.19,2,0
S007,48,S007_048.wav,S007_048_mel.npy,ඇයගේ කැපවීම පුදුමාකාරය,ඇයගේ කැපවීම පුදුමාකාරය,0.0,0.0,0,0,short,3.008,2.624,0,0.0,0.094,0.003364,7.622,2,0
S007,49,S007_049.wav,S007_049_mel.npy,මිනිසාගේ පරම යුතුකම මිනිසාට සේවය කිරීම,මිනිසාගේ පරම යුතුකම මිනිසාට ස්වෙවේ කිරීම,0.1667,0.1212,1,1,long,5.333,4.501,2,0.288,0.1081,0.003538,7.331,2,1
S007,50,S007_050.wav,S007_050_mel.npy,අපි මේ වන විට පැය දොළහක් වැඩ කර පැය දොළහක් විවේක ගත්තා,අපි මේවන වනවිට පැය දොළහක් වැඩ කර පැය දොළහක් විවේක ගත්ත,0.3333,0.0698,0,1,long,5.909,5.376,1,0.224,0.0826,0.001809,7.999,2,1
S007,51,S007_051.wav,S007_051_mel.npy,අප කවුරුත් පුදුමයට පත්කරමින් ඈට පණ ආවා,අප කවුරුත් පුදුම පුදුමයට පත් කරමින් ඇට පනාවක්,0.7143,0.2812,1,2,long,5.333,4.661,1,0.224,0.083,0.002341,6.865,2,1
S007,52,S007_052.wav,S007_052_mel.npy,සුගන්ධවත් පුෂ්පයෝ අපගේ සොහොයුරියෝය,සුගන්ධවත් ගෘෂ්ඨ ගෘෂ්පයෝ අපගේ සහෝදරියෝය,0.75,0.3548,2,2,short,5.056,4.32,2,0.304,0.0934,0.006779,7.176,2,0
S007,53,S007_053.wav,S007_053_mel.npy,ගංගාවෝ අපගේ සොහොයුරෝ වෙති,ගංගාවෝ අපගේ සොහොයූරියෝ සොහොයුරවැති,0.5,0.5,2,2,short,4.544,4.192,1,0.16,0.1125,0.003035,5.248,2,0
S007,54,S007_054.wav,S007_054_mel.npy,නංගී මට නොදී කිසිවක් නොකනවා ඇතැයි මට සිතේ,රංගී මට නොදී කිසිවක් නොකරවා ඇතැයි මට සිතේ,0.25,0.0588,0,1,long,5.013,4.704,0,0.0,0.1024,0.006203,7.228,2,1
S007,55,S007_055.wav,S007_055_mel.npy,නංගි උදේ පාන්දරින්ම නැගිටියි,නංගී උදේ පාන්දරින්ම ගැන්න ගිටි,0.75,0.28,1,2,short,2.667,2.507,0,0.0,0.082,0.004784,9.973,2,0
S007,56,S007_056.wav,S007_056_mel.npy,ඈ මා ගෙදර යන විට අසනු ඇත,එමා ගෙදර යන විටා අසනු ඇත.,0.4286,0.1111,1,2,long,3.413,2.773,2,0.32,0.1109,0.00182,6.49,2,1
S007,57,S007_057.wav,S007_057_mel.npy,ගොවිතැන සඳහා භාවිත වන උපකරණ එකින් එක විස්තර කරද්දී ළමයි සාවධානව අසා සිටියහ,ගොවිතන සඳහා භාවිතාවන් උපක්‍ර උපකරන එකින් එක විස්තර කරද්දි ලමයි සාවදාන සාවදානොව අසා සිටියහ.,0.4615,0.2742,1,2,long,11.264,9.888,3,0.331,0.1014,0.003053,6.27,2,1
S007,58,S007_058.wav,S007_058_mel.npy,ළමයි පොල්තෙල් හිඳීමට භාවිත කරන සෙක්කුව අසලට රැස් වූහ,ළමයි පොල් තෙල් හිදී මට භාවිතා කරන සෙක්කුව අසලොට රැල්රැස් වූහ.,0.7778,0.1591,1,2,long,6.528,5.6,2,0.272,0.0937,0.00336,7.857,2,1
S007,59,S007_059.wav,S007_059_mel.npy,ඒ ගොල්ලන්ට අලුත් ක්‍රමයක් හොයා ගන්න වෙනවා,ඒගොල්ලන්ට අලුත් ක්‍රමය කොයා ගන්න වෙනවා,0.5714,0.0571,0,2,long,3.477,3.04,1,0.352,0.0856,0.00467,11.513,2,1
S007,60,S007_060.wav,S007_060_mel.npy,බොහෝ දෙනෙක් මම එනතුරු බලා ගෙන හිටියා,බොහෝ බොහෝ දෙනෙක් මම එනතුරු බලාගෙනෙහි ඉතියාම,0.5714,0.2667,1,2,long,4.053,3.733,1,0.32,0.0851,0.004155,8.036,2,1
S007,61,S007_061.wav,S007_061_mel.npy,මට ආරංචි වුණා රජතුමාගේ ගුහාව ළඟ අනතුරක් කියලා,මට ආරංචි වුණා රජිතුමාගේ ගුහාව ලග අනතුරු කියල.,0.5,0.1316,1,2,long,4.544,4.224,1,0.32,0.0957,0.003086,8.996,2,1
S007,62,S007_062.wav,S007_062_mel.npy,පැය අටකට පසු ඔවුන්ට පියාපත් සලන හඬක් ඇසිණි,පැය අටකට පසු ඔවුන්ටත් තියාපත් සලන හොඩක් ඇසුනි,0.5,0.1714,1,2,long,4.949,4.192,1,0.64,0.1052,0.002273,8.349,2,1
S007,63,S007_063.wav,S007_063_mel.npy,මිනිසුන් ගැන විස්තර දැනගන්න බොහෝ ක්‍රම තියෙනවා,මිනිසුන් මිනිසුන් ගැන විස්තර දැනය ගන්න බොහෝ ක්‍රම තියනව,0.5714,0.275,1,2,long,5.184,4.512,1,0.192,0.1037,0.003073,8.865,2,1
S007,64,S007_064.wav,S007_064_mel.npy,ඔබට දින හතරක් දෙමි,ඔබට රෙදි නොහතරක් දෙමි.,0.5,0.2,1,2,short,2.347,2.08,0,0.0,0.0932,0.00245,7.212,2,0
S007,65,S007_065.wav,S007_065_mel.npy,ඇදුරුතුමා බෙහෙවින් සතුටට පත් විය,ඇදුරුතුමා බෙහිවින් සතුටට පත් විය.,0.2,0.0357,0,1,short,2.944,2.464,0,0.0,0.1036,0.002849,11.364,2,0
S007,66,S007_066.wav,S007_066_mel.npy,ඔබට පේන්නේ කුමක්දැයි මම ඇසුවෙමි,ඔබට පෙනෙන්නේ කුමස් දැයි මම රසුවෙමේ,0.8,0.2222,1,2,short,3.349,2.848,1,0.224,0.0962,0.002141,9.48,2,0
S007,67,S007_067.wav,S007_067_mel.npy,මෙතැන තමයි හොඳම තැන,මෙතෙන් තම් සමයි හොඳ ම තැන,1.0,0.3125,1,2,short,3.392,3.04,0,0.0,0.0959,0.002742,5.263,2,0
S007,68,S007_068.wav,S007_068_mel.npy,ඇය කාචය සකස් කර නැවත බැලූවාය,ඇය කාචේ සකස් කෙර නැමත ගළුවාය.,0.6667,0.2609,1,2,long,3.072,2.752,1,0.16,0.0826,0.00589,8.358,2,1
S008,1,S008_001.wav,S008_001_mel.npy,යාළුවෝ හැමදෙනාම නිදහස් උත්සවය බැලුවා,බැලුව හැමදෙනාවනිදහස් උත්සවේ බැලුව,1.0,0.1875,1,2,short,2.88,2.528,0,0.0,0.0837,0.007089,12.658,2,0
S008,2,S008_002.wav,S008_002_mel.npy,කවිඳු යාළුවොත් එක්ක මිදුලේ සෙල්ලම් කරමින් සිටියා,කවිද යාළුවත් එක මිදුරේ සෙලන් කරමින් සිටියා,0.7143,0.2143,1,2,long,3.712,3.264,0,0.0,0.0795,0.004321,12.868,2,1
S008,3,S008_003.wav,S008_003_mel.npy,අපේ රටේ නිදහස් උත්සවය,අපේ රටේ නිගා සුත්සවේ.,0.5,0.2778,1,2,short,2.219,1.856,0,0.0,0.0811,0.007966,9.698,2,0
S008,4,S008_004.wav,S008_004_mel.npy,මම කෝෂය ඇතුලේ සති දෙකක් විතර හිටියා,මම කෝසයේ ඇතුවේ සති දෙකක් පිතෙරා හිටියා,0.4286,0.2069,1,2,long,3.925,3.232,0,0.0,0.076,0.008687,8.973,2,1
S008,5,S008_005.wav,S008_005_mel.npy,පොත් කියවීමෙන් මිනිසා සම්පූර්ණ වේ,පොත් කියවීමේ පොත් කියවීමෙන් මිනිසා සම්පූර්ණ වේ.,0.4,0.3793,2,1,short,4.864,4.48,1,0.192,0.063,0.004367,6.473,2,0
S008,6,S008_006.wav,S008_006_mel.npy,මුහුද හරිම ලස්සනයි,මුහු දැ හරින ලස්සනයි,1.0,0.125,1,2,short,1.984,1.632,0,0.0,0.09,0.005982,9.804,2,0
S008,7,S008_007.wav,S008_007_mel.npy,හැමෝම එකට අත් අල්ලා ගන්න,හැමෝම එකට අත්තල්ලා ගන්නෙ,0.6,0.1,0,2,short,2.475,2.144,0,0.0,0.0711,0.006645,9.328,2,0
S008,8,S008_008.wav,S008_008_mel.npy,මම එහෙනම් නාගෙන එන්නම්,මම එහෙනා මිනාගෙන ඉන්නක්,0.75,0.2105,1,2,short,3.285,2.624,0,0.0,0.0646,0.00588,7.241,2,0
S008,9,S008_009.wav,S008_009_mel.npy,අපි අද පොල් කැඩුවා,අපි අද කොල් කැඩුව,0.5,0.1333,1,2,short,1.813,1.344,0,0.0,0.0704,0.004451,11.161,2,0
S008,10,S008_010.wav,S008_010_mel.npy,"ඇයි හිනා වෙන්නේ, මට රජ වෙන්න බැරිද",ඇයි ඉනාවෙන්නෙ මම රජය වෙන්න බැරිද?,0.5714,0.1852,1,2,long,3.52,2.912,0,0.0,0.0638,0.00464,9.615,2,1
S008,11,S008_011.wav,S008_011_mel.npy,දුව සටහන් පොතේ මොනවාද ලියා ගත්තේ,දුව සටාන් ගොතේ මොනවාද ලියාගත්තේ,0.6667,0.0741,0,2,long,3.2,3.008,0,0.0,0.0798,0.004346,8.976,2,1
S008,12,S008_012.wav,S008_012_mel.npy,ඉතින් මෙච්චර පරක්කු වුනේ ඇයි,ඉතින් මෙත්තර පරක් වුණේයැයි,0.8,0.25,1,2,short,2.283,1.952,1,0.16,0.0697,0.007172,12.295,2,0
S008,13,S008_013.wav,S008_013_mel.npy,දවසක් අම්මා අශ්ව පැටියාගෙන් උදව්වක් ඉල්ලුවා,දවසක් කමා අශෝ පැටියාගෙන් උදව්වක් ඉල්ලුව,0.5,0.1579,1,2,long,3.947,3.552,0,0.0,0.0795,0.003862,10.698,2,1
S008,14,S008_014.wav,S008_014_mel.npy,ඔය ගඟ හරි ගැඹුරුයි,ඔය ගග මෙය හරි ගැබුරුයි,0.75,0.3333,1,2,short,2.667,2.144,1,0.16,0.0597,0.00584,6.996,2,0
S008,15,S008_015.wav,S008_015_mel.npy,අශ්ව පැටියා ඉක්මනින් ගෙදර එනවා දැකලා අම්මා පුදුම වුනා,අශ්ව පැටියා ඉක්මනින් ගෙදර එනවා දැක්කල අම්මා පුදුම වුණා.,0.1111,0.0667,0,1,long,4.949,3.968,1,0.416,0.0778,0.004431,11.341,2,1
S008,16,S008_016.wav,S008_016_mel.npy,"සිටුතුමනි, අපට අනුකම්පා කරනු මැනවි",චීට තුමනේ අපට අනුකොම්පා කරමු මැනවි.,0.8,0.2069,1,2,short,3.285,2.72,0,0.0,0.0723,0.005984,11.029,2,0
S008,17,S008_017.wav,S008_017_mel.npy,බරෙන් වැඩි වන්නේ ගසක මුල කොටසද,බරෙන් වැඩි බන්නේ ගසක මුල කොටසෙද,0.3333,0.08,0,1,long,2.987,2.656,0,0.0,0.0733,0.004309,9.413,2,1
S008,18,S008_018.wav,S008_018_mel.npy,රයිට් සහෝදරයන්ගේ පියා ඔවුන් පුංචිකාලයේ දී කඩදාසි සහ රබර් පටිවලින් සෙල්ලම් අහස් යානා තනා දුන්නේය,රයිට් සහෝදරයෙන්ගේ පියා ඔවුන් උජි කාලේදී කඩදාසි සහ රබර්ස් පටිවලින් සෙල්ලම් ලදහස් වානා තනා දුන්නේය.,0.4,0.1358,1,1,long,9.877,8.96,1,0.32,0.0915,0.002345,9.04,2,1
S008,19,S008_019.wav,S008_019_mel.npy,පසු කලෙක ඔවුහු බයිසිකල් වැඩ වැඩපොළක් ඇරඹූහ,පසු කාලක ඔහු පහිසි කළොයේ මැඩපොලක් ඇරපුළුහ.,0.8571,0.4167,2,2,long,4.245,3.456,1,0.48,0.0851,0.005749,10.417,2,1
S008,20,S008_020.wav,S008_020_mel.npy,දැන් හැමෝම වාඩිවෙන්න,දැන් හැමෝම වාඩිවන්න,0.3333,0.0556,0,1,short,1.984,1.76,0,0.0,0.0602,0.002794,10.227,2,0
S008,21,S008_021.wav,S008_021_mel.npy,අපි ඊළඟ දවසේ තවත් සෙල්ලමක් කරමු,අපි ඊලග දවසේ තවත් සෙල්ලමක් කරමු,0.1667,0.0385,0,1,long,3.243,2.592,0,0.0,0.0826,0.00448,10.031,2,1
S008,22,S008_022.wav,S008_022_mel.npy,මේ සිහින අප නින්දේ දී දකින සිහින නම් නොවේ,මේ සිහින අපේ නින්දෙදී දකෙන සිහින නම් නෙවේ.,0.5556,0.1212,1,2,long,5.483,4.864,0,0.0,0.0722,0.00729,6.785,2,1
S008,23,S008_023.wav,S008_023_mel.npy,ඇගේ ගම ගිංතොට ය,ඇගේ ගම හෙයින් තොටය.,0.5,0.4167,2,2,short,2.816,2.144,1,0.224,0.0595,0.007662,5.597,2,0
S008,24,S008_024.wav,S008_024_mel.npy,මේ පුංචි දැරිය ඇගේ ප්‍රියතම වැඩිහිටි නෑදෑයා ගැන පසු කලෙක එසේ කීවාය,මේ පුංජි දරිය මගේ ප්‍රියතම වැඩිහිටි නේදෑයා ගෙන පසු කලක එසේ කීවාය.,0.5,0.1091,1,2,long,7.147,6.304,2,0.192,0.0738,0.003264,8.725,2,1
S008,25,S008_025.wav,S008_025_mel.npy,පින්තූර මගින් කතා කීම ඈත කාලයේ සිට පැවත එන ක්‍රමයකි,පින්තූර මගින් කතා කීමේ ඈත කාලයේ සියට කැවත එන ක්‍රමකි.,0.4,0.0952,0,1,long,4.672,4.32,0,0.0,0.0712,0.004641,9.722,2,1
S008,26,S008_026.wav,S008_026_mel.npy,මකුළුවා තණ බිස්සේ හැංගුනා,මකුළුවා තන බිස්සේ එංගුණා,0.25,0.0909,0,1,short,2.603,2.176,0,0.0,0.085,0.006045,10.11,2,0
S008,27,S008_027.wav,S008_027_mel.npy,එළියේ ලස්සන ගැහැණු ළමයෙක් හිටගෙන හිටියා,එලිය ලස්සම ගැන්වමෙක් හිටිය කිහිට ගෙන හිටියා,1.0,0.4118,2,2,long,3.733,3.232,0,0.0,0.0785,0.004671,10.52,2,1
S008,28,S008_028.wav,S008_028_mel.npy,අතරමගදී ඉතාම භයානක දෙයක් සිදුවුණා,අතර මඟද ඉතාම භයානග දෙයක් සිදුවුණා,0.6,0.1034,1,2,short,3.2,2.784,0,0.0,0.0608,0.004715,10.417,2,0
S008,29,S008_029.wav,S008_029_mel.npy,සර්පයා මහා විශාලෙට කට ඇරියා,සර්ථයා මහ නිශාලයට කටරියා,1.0,0.2174,1,2,short,3.669,3.168,0,0.0,0.0819,0.006998,7.26,2,0
S008,30,S008_030.wav,S008_030_mel.npy,ටිකක් හිතලා බලන්නකෝ,ටිකකා සිතර පළන්නකෝ,1.0,0.2941,1,2,short,2.005,1.632,1,0.16,0.076,0.005343,10.417,2,0
S008,31,S008_031.wav,S008_031_mel.npy,තනියෙන් ලියන්න,තනියෙන් ලියන්න,0.0,0.0,0,0,short,1.408,1.152,0,0.0,0.049,0.007127,11.285,2,0
S008,32,S008_032.wav,S008_032_mel.npy,පස්වැනි ගුණාංගය,අශ්‍රණි ගුණාංවය,1.0,0.3571,2,2,short,1.472,1.312,0,0.0,0.0934,0.011447,10.671,2,0
S008,33,S008_033.wav,S008_033_mel.npy,බරණැස් නුවර සිටුවරයෙක් වාසය කළේය,බරුණැස් නුවර සිටුවරයෙක් වාසය කළේ ය.,0.6,0.0357,0,2,short,3.605,3.104,0,0.0,0.0929,0.00652,9.021,2,0
S008,34,S008_034.wav,S008_034_mel.npy,නායකතුමා මෙසේ පිළිතුරු දුන්නේය,නායක ටිරිචිතුතමා මෙසේ පිරුතුට දුන්නේය.,0.75,0.4074,2,2,short,3.072,3.072,0,0.0,0.0736,0.006184,8.789,2,0
S008,35,S008_035.wav,S008_035_mel.npy,තේරවිලි වර්ග කිහිපයක් තිබේ,තේරවිනි වර්ග කීපෑත් තිබේ.,0.5,0.2609,1,2,short,2.411,2.112,0,0.0,0.0553,0.006855,10.89,2,0
S008,36,S008_036.wav,S008_036_mel.npy,අපේ සීයා කතන්දර කීමට සමතෙකි,පපේ සියා කතන්දර කීමට සමතෙකිය,0.6,0.1304,1,2,short,2.859,2.656,0,0.0,0.0683,0.00468,8.66,2,0
S008,37,S008_037.wav,S008_037_mel.npy,මේ අය අතරමගදී අම්බලමක නතර වුණා,මේ අය මෙ අතරමගදී අම්බලමක නතර වුණා.,0.1667,0.08,0,1,long,4.395,4.032,0,0.0,0.0645,0.004071,6.2,2,1
S008,38,S008_038.wav,S008_038_mel.npy,හරි අපූරු කතාවක්,හරි අපූරු කතාවක්,0.0,0.0,0,0,short,1.664,1.664,0,0.0,0.0742,0.007833,8.413,2,0
S008,39,S008_039.wav,S008_039_mel.npy,කටුස්සාගේ කරේ රත්තරන් බැන්දා වගෙයි,කටුස්සාගෙ කරේ රත්තරම් වෙන්දා වගේ.,0.8,0.2333,1,2,short,2.795,2.528,0,0.0,0.0898,0.00509,11.867,2,0
S008,40,S008_040.wav,S008_040_mel.npy,මුල් ගුරුතුමා කීවේය,මුල් ගුරුතුමා කීවයය,0.3333,0.0588,0,1,short,1.6,1.44,0,0.0,0.0575,0.006212,11.806,2,0
S008,41,S008_041.wav,S008_041_mel.npy,අද පුස්තකාල පන්තියක් කරමු,අද කෘෂ්තගාලය පන්තිය පන්තියක් කරමු,0.5,0.5,2,2,short,3.2,2.816,1,0.32,0.067,0.007066,7.813,2,0
S008,42,S008_042.wav,S008_042_mel.npy,මම ගල්පරයක ඇලී ජීවත් වුනෙමි,බමු ගල් පර්යස පරයක ඇලී ජීවත් උනෙමි.,1.0,0.3913,2,2,short,3.883,3.616,0,0.0,0.069,0.003805,6.361,2,0
S008,43,S008_043.wav,S008_043_mel.npy,බෙලි කටුව කතා කරයි,බෙලිකටුව කතාකුරයි,1.0,0.0667,0,2,short,1.877,1.568,0,0.0,0.072,0.005733,9.566,2,0
S008,44,S008_044.wav,S008_044_mel.npy,සති අන්තේ නිවාඩුවට බිංදුලා ගමේ ගියා,සතියන්තයේ නිවාඩුවට කින්දුලා ගමේ ගියා,0.5,0.1667,1,2,long,2.987,2.656,0,0.0,0.0595,0.003832,11.295,2,1
S008,45,S008_045.wav,S008_045_mel.npy,මොනවාද ඒවායේ නම්,මොන මද ඒවායේ නම්,0.6667,0.1429,1,2,short,1.728,1.344,0,0.0,0.0572,0.007165,10.417,2,0
S008,46,S008_046.wav,S008_046_mel.npy,නංගි උත්තර දුන්නා,නගි උතර දුන්නා,0.6667,0.2,1,2,short,1.536,1.28,0,0.0,0.0534,0.00709,11.719,2,0
S008,47,S008_047.wav,S008_047_mel.npy,පාර කියන අත්තම්මා,පාරකියන අත්අම්මා,1.0,0.0667,0,2,short,1.643,1.376,0,0.0,0.063,0.005858,10.901,2,0
S008,48,S008_048.wav,S008_048_mel.npy,ඇයගේ කැපවීම පුදුමාකාරය,ඇයගේ කැපවීම උපමාකාරය,0.3333,0.2,1,1,short,3.285,2.816,0,0.0,0.0627,0.007735,7.102,2,0
S008,49,S008_049.wav,S008_049_mel.npy,මිනිසාගේ පරම යුතුකම මිනිසාට සේවය කිරීම,මිනිසාගේ පරම උජතුකම මිනිසාට සේවය කිරීම,0.1667,0.0606,0,1,long,5.077,4.128,1,0.576,0.077,0.008758,7.994,2,1
S008,50,S008_050.wav,S008_050_mel.npy,අපි මේ වන විට පැය දොළහක් වැඩ කර පැය දොළහක් විවේක ගත්තා,අපි මේ වනවිට ඇය දොලහක් වැඩ කර පැයට දොලහක් මිවේක ගන්නා,0.5,0.1395,1,2,long,5.845,5.248,1,0.288,0.0627,0.005696,8.194,2,1
S008,51,S008_051.wav,S008_051_mel.npy,අප කවුරුත් පුදුමයට පත්කරමින් ඈට පණ ආවා,අප කවුරුත් බුදුමහට පක්කරමින් ඈට පනාව,0.5714,0.1562,1,2,long,4.267,3.616,1,0.256,0.0711,0.003465,8.85,2,1
S008,52,S008_052.wav,S008_052_mel.npy,සුගන්ධවත් පුෂ්පයෝ අපගේ සොහොයුරියෝය,සුගන්දවත් පුෂ්වය ආපෙ!යේ සොහේරියියෝය.,0.75,0.2903,1,2,short,4.139,3.328,1,0.352,0.0963,0.003772,9.315,2,0
S008,53,S008_053.wav,S008_053_mel.npy,ගංගාවෝ අපගේ සොහොයුරෝ වෙති,ගංගාවේ අපගේ සහෝදරියෝ විති,0.75,0.3636,2,2,short,3.2,2.88,0,0.0,0.0708,0.0074,7.639,2,0
S008,54,S008_054.wav,S008_054_mel.npy,නංගී මට නොදී කිසිවක් නොකනවා ඇතැයි මට සිතේ,නඟී මට නොදී කිසිවක් නොකරවුනවා ඇතැයි මට සිතේ,0.25,0.1471,1,1,long,4.48,4.32,0,0.0,0.0692,0.006514,7.87,2,1
S008,55,S008_055.wav,S008_055_mel.npy,නංගි උදේ පාන්දරින්ම නැගිටියි,අංගී උදේ පාන්දරින්ම නැගිටි,0.5,0.16,1,2,short,2.517,2.208,0,0.0,0.0548,0.004222,11.322,2,0
S008,56,S008_056.wav,S008_056_mel.npy,ඈ මා ගෙදර යන විට අසනු ඇත,ඈ මා සුගෙදර යන විට අසුමුග ඇත.,0.2857,0.2778,1,1,long,4.011,3.36,1,0.416,0.0818,0.005713,5.357,2,1
S008,57,S008_057.wav,S008_057_mel.npy,ගොවිතැන සඳහා භාවිත වන උපකරණ එකින් එක විස්තර කරද්දී ළමයි සාවධානව අසා සිටියහ,ගොවිතැන සදහා භාවිතාවන උපකරන එකින් එක විස්තර කරදිය ළමයි ස්වධානය අසා සිටියහ.,0.3846,0.1129,1,1,long,7.744,6.752,2,0.448,0.0689,0.005768,9.182,2,1
S008,58,S008_058.wav,S008_058_mel.npy,ළමයි පොල්තෙල් හිඳීමට භාවිත කරන සෙක්කුව අසලට රැස් වූහ,ළමයි පොල්ලොතේල් මේහිදීමට භාවදා කරන ශෙක්ව අසරට රැසූහ.,0.7778,0.3182,1,2,long,5.931,5.419,1,0.416,0.08,0.00445,8.12,2,1
S008,59,S008_059.wav,S008_059_mel.npy,ඒ ගොල්ලන්ට අලුත් ක්‍රමයක් හොයා ගන්න වෙනවා,ඒ ගොල්ලන්ට අලුත්‍රමයා කොයා ගන්න විනවා.,0.5714,0.1714,1,2,long,4.352,4.0,1,0.352,0.0621,0.005168,8.75,2,1
S008,60,S008_060.wav,S008_060_mel.npy,බොහෝ දෙනෙක් මම එනතුරු බලා ගෙන හිටියා,බොහෝ දෙනෙක් එම මම මේනසුරු බලාගෙන හිටියා,0.5714,0.1667,1,2,long,4.587,3.904,1,0.672,0.0592,0.005838,7.684,2,1
S008,61,S008_061.wav,S008_061_mel.npy,මට ආරංචි වුණා රජතුමාගේ ගුහාව ළඟ අනතුරක් කියලා,මට ආරංචි වුණා නැදිචුමගේ ගුහාව ලග අනතුරුරු කියලා,0.375,0.2632,1,1,long,4.672,4.16,1,0.384,0.069,0.002226,9.135,2,1
S008,62,S008_062.wav,S008_062_mel.npy,පැය අටකට පසු ඔවුන්ට පියාපත් සලන හඬක් ඇසිණි,තැයා අට අටකට පසු අවුන්ට මේ පියාපත් සරණ හඩක් ඇසුනි.,0.875,0.2857,1,2,long,6.869,5.909,2,0.304,0.0782,0.005487,5.923,2,1
S008,63,S008_063.wav,S008_063_mel.npy,මිනිසුන් ගැන විස්තර දැනගන්න බොහෝ ක්‍රම තියෙනවා,මෙනිසුන් ගැන විසර වෙන ගන්න බොහෝ ක්‍රම තියෙනවා.,0.5714,0.125,1,2,long,3.861,3.552,0,0.0,0.0714,0.006948,11.261,2,1
S008,64,S008_064.wav,S008_064_mel.npy,ඔබට දින හතරක් දෙමි,ඔගට දින හතරක් වෙමි.,0.5,0.1333,1,2,short,2.539,2.315,0,0.0,0.0488,0.010791,6.48,2,0
S008,65,S008_065.wav,S008_065_mel.npy,ඇදුරුතුමා බෙහෙවින් සතුටට පත් විය,ඇදුරුතුමා බෙහෙත් සතුරට පත් විය.,0.4,0.1429,1,1,short,2.837,2.656,0,0.0,0.0588,0.006164,10.542,2,0
S008,66,S008_066.wav,S008_066_mel.npy,ඔබට පේන්නේ කුමක්දැයි මම ඇසුවෙමි,ඔබට පේන්නේ කුමාකයේ මම සිතුවෙන් ඇසුවෙමි.,0.4,0.4444,2,1,short,3.733,3.488,0,0.0,0.0723,0.00741,7.741,2,0
S008,67,S008_067.wav,S008_067_mel.npy,මෙතැන තමයි හොඳම තැන,මිතෙන්න තමයි හොදුම තැන.,0.5,0.375,2,2,short,2.176,1.984,0,0.0,0.0552,0.006677,8.065,2,0
S008,68,S008_068.wav,S008_068_mel.npy,ඇය කාචය සකස් කර නැවත බැලූවාය,ඇය කාතය සකස් කර නැවත බැලූවායි.,0.3333,0.087,0,1,long,3.072,2.688,1,0.192,0.1023,0.00598,8.557,2,1
S009,1,S009_001.wav,S009_001_mel.npy,යාළුවෝ හැමදෙනාම නිදහස් උත්සවය බැලුවා,යළුවෝ හැමදි පම නිතාස සොහිත් සොවේ බැලුවා,1.0,0.375,2,2,short,3.285,3.093,0,0.0,0.0844,0.004712,10.345,2,0
S009,2,S009_002.wav,S009_002_mel.npy,කවිඳු යාළුවොත් එක්ක මිදුලේ සෙල්ලම් කරමින් සිටියා,කංදිය අලුවොත් එක්ක මිදුටේ සෙල්ලක් කරවී චිටියා.,0.8571,0.2857,1,2,long,3.584,3.2,0,0.0,0.0844,0.004,13.125,2,1
S009,3,S009_003.wav,S009_003_mel.npy,අපේ රටේ නිදහස් උත්සවය,පේ රටේන් ඉදවක් සුත්සවය,1.0,0.3889,2,2,short,1.984,1.792,0,0.0,0.0834,0.00902,10.045,2,0
S009,4,S009_004.wav,S009_004_mel.npy,මම කෝෂය ඇතුලේ සති දෙකක් විතර හිටියා,මම කෝෂය තුලේ සතිලෙකක් විතර හිටියා.,0.4286,0.069,0,2,long,3.584,3.136,0,0.0,0.076,0.004428,9.247,2,1
S009,5,S009_005.wav,S009_005_mel.npy,පොත් කියවීමෙන් මිනිසා සම්පූර්ණ වේ,පොත්කියවීමෙන් මිනිසා සම්පූර්ණ වේ.,0.4,0.0,0,1,short,2.944,2.464,0,0.0,0.092,0.006005,11.769,2,0
S009,6,S009_006.wav,S009_006_mel.npy,මුහුද හරිම ලස්සනයි,බුදා අරිම ලස්සනයි.,0.6667,0.3125,1,2,short,2.411,1.824,1,0.16,0.098,0.00256,8.772,2,0
S009,7,S009_007.wav,S009_007_mel.npy,හැමෝම එකට අත් අල්ලා ගන්න,හැමුවෙකටත් දල්ලා ගන්නෑ.,1.0,0.3,1,2,short,2.667,2.176,0,0.0,0.0581,0.011218,9.191,2,0
S009,8,S009_008.wav,S009_008_mel.npy,මම එහෙනම් නාගෙන එන්නම්,මම එහෙනම් නාගෙන හෙන්නම්,0.25,0.1053,1,1,short,2.603,2.176,0,0.0,0.0559,0.018531,8.732,2,0
S009,9,S009_009.wav,S009_009_mel.npy,අපි අද පොල් කැඩුවා,අද අපි පුල්ක ඩුව,1.0,0.4667,2,2,short,1.536,1.408,0,0.0,0.0637,0.010857,10.653,2,0
S009,10,S009_010.wav,S009_010_mel.npy,"ඇයි හිනා වෙන්නේ, මට රජ වෙන්න බැරිද",ඒනාවෙන්නේ මට රජ වෙන්න බැරිද?,0.4286,0.1852,1,2,long,3.413,2.784,1,0.48,0.0687,0.004396,10.057,2,1
S009,11,S009_011.wav,S009_011_mel.npy,දුව සටහන් පොතේ මොනවාද ලියා ගත්තේ,දුව සටහන් පොතේ මොනවාදලියා ගත්තේ,0.3333,0.0,0,1,long,3.477,3.264,0,0.0,0.0819,0.002707,8.272,2,1
S009,12,S009_012.wav,S009_012_mel.npy,ඉතින් මෙච්චර පරක්කු වුනේ ඇයි,ඉතින් මෙචර පරක්වු නැහැයි,0.8,0.2917,1,2,short,2.475,2.24,0,0.0,0.0729,0.005465,10.714,2,0
S009,13,S009_013.wav,S009_013_mel.npy,දවසක් අම්මා අශ්ව පැටියාගෙන් උදව්වක් ඉල්ලුවා,දවසක්කම් ආශ්‍ය පැටියාගෙනු දව්ව කිලුව,1.0,0.3421,1,2,long,3.648,3.392,0,0.0,0.0985,0.004814,11.203,2,1
S009,14,S009_014.wav,S009_014_mel.npy,ඔය ගඟ හරි ගැඹුරුයි,ඔයා ගඟහරියන් අපුරුවී,1.0,0.5333,2,2,short,1.92,1.728,0,0.0,0.0581,0.004883,8.681,2,0
S009,15,S009_015.wav,S009_015_mel.npy,අශ්ව පැටියා ඉක්මනින් ගෙදර එනවා දැකලා අම්මා පුදුම වුනා,නස්ව පැටියායික් මනිං ගෙදරෙනවාද කළ අංමා පුදුම වුණා.,0.7778,0.2444,1,2,long,3.947,3.808,0,0.0,0.0701,0.002992,11.817,2,1
S009,16,S009_016.wav,S009_016_mel.npy,"සිටුතුමනි, අපට අනුකම්පා කරනු මැනවි",සිටුතුමනි අපට අනුකොම්පා කරමු මැනවි.,0.4,0.069,0,1,short,4.352,3.712,2,0.256,0.0912,0.006774,8.082,2,0
S009,17,S009_017.wav,S009_017_mel.npy,බරෙන් වැඩි වන්නේ ගසක මුල කොටසද,බේරෙන් බරෙන් වැඩි වන්නේ ගසක මුල්කොටසද,0.5,0.28,1,2,long,4.075,3.648,1,0.384,0.0795,0.00394,6.853,2,1
S009,18,S009_018.wav,S009_018_mel.npy,රයිට් සහෝදරයන්ගේ පියා ඔවුන් පුංචිකාලයේ දී කඩදාසි සහ රබර් පටිවලින් සෙල්ලම් අහස් යානා තනා දුන්නේය,රෛට් සහෝදරයන්ගේ පියා ඔවුන් පුජි කාලෑදි කඩ්ඩ වඩ දාසි සහ රබත් පටිබලින් සෙල්ලන් දහනා තනා දුන්නේය.,0.7333,0.2346,1,2,long,11.733,9.888,4,0.256,0.0893,0.004331,8.192,2,1
S009,19,S009_019.wav,S009_019_mel.npy,පසු කලෙක ඔවුහු බයිසිකල් වැඩ වැඩපොළක් ඇරඹූහ,පසු කාලක ඔහු බසිකල් වැඩපොලක් ඇරමූහ.,0.7143,0.2778,1,2,long,4.267,3.712,1,0.224,0.0903,0.003187,9.698,2,1
S009,20,S009_020.wav,S009_020_mel.npy,දැන් හැමෝම වාඩිවෙන්න,දැන් හැමුමවාඩි වෙන්නවා.,0.6667,0.1667,1,2,short,1.941,1.664,0,0.0,0.0641,0.002707,10.817,2,0
S009,21,S009_021.wav,S009_021_mel.npy,අපි ඊළඟ දවසේ තවත් සෙල්ලමක් කරමු,අපි නඟ දවසේ තවත්ස එල්ලමක් කරමු.,0.5,0.1154,1,2,long,2.752,2.56,0,0.0,0.0858,0.007001,10.156,2,1
S009,22,S009_022.wav,S009_022_mel.npy,මේ සිහින අප නින්දේ දී දකින සිහින නම් නොවේ,මේ සිහින අපෙන් නින්දේදී දකන සිහින වෙන්නා නොවේ වේය.,0.6667,0.3636,2,2,long,5.909,4.896,3,0.277,0.0781,0.003526,6.74,2,1
S009,23,S009_023.wav,S009_023_mel.npy,ඇගේ ගම ගිංතොට ය,ඇගෙ ගම ගින් තොත්තාය,0.75,0.5833,2,2,short,3.2,2.624,0,0.0,0.0783,0.006304,4.573,2,0
S009,24,S009_024.wav,S009_024_mel.npy,මේ පුංචි දැරිය ඇගේ ප්‍රියතම වැඩිහිටි නෑදෑයා ගැන පසු කලෙක එසේ කීවාය,මේ පුංචි දැරිය ඇගේ ප්‍රියතම වැඩිහිට් නැදෑයා ගැන පසු කාලකද එසේ කීවාය.,0.25,0.0909,0,1,long,8.213,7.456,1,0.224,0.0881,0.004824,7.377,2,1
S009,25,S009_025.wav,S009_025_mel.npy,පින්තූර මගින් කතා කීම ඈත කාලයේ සිට පැවත එන ක්‍රමයකි,පින්තූර මගෙන් කතක් කීම ඇත කාලයේදී පැවත එනක්‍රමයකින්,0.7,0.2143,1,2,long,5.803,5.376,0,0.0,0.0815,0.005971,7.812,2,1
S009,26,S009_026.wav,S009_026_mel.npy,මකුළුවා තණ බිස්සේ හැංගුනා,මකුළුවා තම බිස්සේ හැඟුමා,0.5,0.1818,1,2,short,2.667,2.336,0,0.0,0.085,0.007511,9.418,2,0
S009,27,S009_027.wav,S009_027_mel.npy,එළියේ ලස්සන ගැහැණු ළමයෙක් හිටගෙන හිටියා,එලියේ ලස්සන ගෑංගුලමේ ක්තැකින්හි තියා,0.6667,0.3824,2,2,long,2.944,2.656,0,0.0,0.084,0.004768,12.801,2,1
S009,28,S009_028.wav,S009_028_mel.npy,අතරමගදී ඉතාම භයානක දෙයක් සිදුවුණා,අතර මග දීතාම බයානක දෙයක් සිතුවුණා,0.8,0.069,0,2,short,3.2,2.944,0,0.0,0.0858,0.005183,9.851,2,0
S009,29,S009_029.wav,S009_029_mel.npy,සර්පයා මහා විශාලෙට කට ඇරියා,සර්භයා මහා විශා ලෙකට කටයිරියා,0.8,0.1739,1,2,short,5.184,4.288,2,0.336,0.1079,0.004347,5.364,2,0
S009,30,S009_030.wav,S009_030_mel.npy,ටිකක් හිතලා බලන්නකෝ,ටෙකක් හිතලා බලන්නකෝ.,0.3333,0.0588,0,1,short,1.813,1.621,0,0.0,0.0716,0.003871,10.485,2,0
S009,31,S009_031.wav,S009_031_mel.npy,තනියෙන් ලියන්න,තනිඑල්ලි යන්න.,1.0,0.2308,1,2,short,1.216,1.12,0,0.0,0.0617,0.007433,11.607,2,0
S009,32,S009_032.wav,S009_032_mel.npy,පස්වැනි ගුණාංගය,පස්වෙනිකු නාගෙය,1.0,0.2857,1,2,short,1.707,1.643,0,0.0,0.0767,0.010962,8.523,2,0
S009,33,S009_033.wav,S009_033_mel.npy,බරණැස් නුවර සිටුවරයෙක් වාසය කළේය,බරනස් මුර සිටුවරයෙක් වාසයකනේය.,0.8,0.1429,1,2,short,3.115,2.88,0,0.0,0.0931,0.005131,9.722,2,0
S009,34,S009_034.wav,S009_034_mel.npy,නායකතුමා මෙසේ පිළිතුරු දුන්නේය,නායක සිටුදු මාම සේපිලිතුරු දුන්නේ,1.0,0.2593,1,2,short,3.072,2.88,0,0.0,0.0899,0.008079,9.375,2,0
S009,35,S009_035.wav,S009_035_mel.npy,තේරවිලි වර්ග කිහිපයක් තිබේ,තේරවෙටි වර්ග කිහිපයක් තිබේ.,0.25,0.087,0,1,short,2.603,1.92,0,0.0,0.0724,0.004284,11.979,2,0
S009,36,S009_036.wav,S009_036_mel.npy,අපේ සීයා කතන්දර කීමට සමතෙකි,අපේ සීයා කතාදර කීමට සමතකි.,0.4,0.1304,1,1,short,2.773,2.485,0,0.0,0.0862,0.007853,9.254,2,0
S009,37,S009_037.wav,S009_037_mel.npy,මේ අය අතරමගදී අම්බලමක නතර වුණා,මේ අය අය අතරමකදි අම්බලමක නැතිර වුණා.,0.5,0.24,1,2,long,3.008,2.848,0,0.0,0.0784,0.00947,8.778,2,1
S009,38,S009_038.wav,S009_038_mel.npy,හරි අපූරු කතාවක්,හරියපූරු ගතාවක්,1.0,0.1429,1,2,short,1.472,1.312,0,0.0,0.0792,0.003867,10.671,2,0
S009,39,S009_039.wav,S009_039_mel.npy,කටුස්සාගේ කරේ රත්තරන් බැන්දා වගෙයි,කටුස්සාගුව කරේ රතරම් මැන්දා වගෙයි.,0.6,0.2,1,2,short,3.349,3.232,0,0.0,0.0939,0.004544,9.282,2,0
S009,40,S009_040.wav,S009_040_mel.npy,මුල් ගුරුතුමා කීවේය,මුල්ගුරුතුමා කීවේය.,0.6667,0.0,0,2,short,2.219,1.824,0,0.0,0.0753,0.013668,9.32,2,0
S009,41,S009_041.wav,S009_041_mel.npy,අද පුස්තකාල පන්තියක් කරමු,අද පුස්තකාල පන්තියක් කරමු.,0.0,0.0,0,0,short,2.411,2.016,0,0.0,0.08,0.00525,10.913,2,0
S009,42,S009_042.wav,S009_042_mel.npy,මම ගල්පරයක ඇලී ජීවත් වුනෙමි,මම ගල් පරයක ඇලී ජීවත්තු නෙමි.,0.8,0.0435,0,2,short,2.539,2.304,0,0.0,0.0766,0.00789,9.983,2,0
S009,43,S009_043.wav,S009_043_mel.npy,බෙලි කටුව කතා කරයි,මෙලිකටවෝ කතා කරයි.,0.5,0.2,1,2,short,1.536,1.408,0,0.0,0.0763,0.005267,10.653,2,0
S009,44,S009_044.wav,S009_044_mel.npy,සති අන්තේ නිවාඩුවට බිංදුලා ගමේ ගියා,සතිය අන්තයෙන් ඉවාඩවට කින්දුලාගමේ කියා,1.0,0.3333,1,2,long,2.816,2.688,0,0.0,0.0795,0.002334,11.161,2,1
S009,45,S009_045.wav,S009_045_mel.npy,මොනවාද ඒවායේ නම්,මොනව දේවායේ නම්,0.6667,0.1429,1,2,short,1.813,1.568,0,0.0,0.0725,0.009728,8.929,2,0
S009,46,S009_046.wav,S009_046_mel.npy,නංගි උත්තර දුන්නා,නගේ උත්තට දුන්නා.,0.6667,0.2,1,2,short,1.685,1.408,0,0.0,0.0676,0.020125,10.653,2,0
S009,47,S009_047.wav,S009_047_mel.npy,පාර කියන අත්තම්මා,පාර්ගයෙනත් තම්මා,1.0,0.2667,1,2,short,1.664,1.376,0,0.0,0.0767,0.003563,10.901,2,0
S009,48,S009_048.wav,S009_048_mel.npy,ඇයගේ කැපවීම පුදුමාකාරය,ඇයගේ කැපයින් පුදුමාකාරයි.,0.6667,0.25,1,2,short,2.539,2.4,0,0.0,0.0744,0.00487,8.333,2,0
S009,49,S009_049.wav,S009_049_mel.npy,මිනිසාගේ පරම යුතුකම මිනිසාට සේවය කිරීම,මිනිසාගේ පරමි උතුරුම මිනිසාට සේවේ කිරීම,0.5,0.1515,1,2,long,3.413,3.264,0,0.0,0.0991,0.004314,10.11,2,1
S009,50,S009_050.wav,S009_050_mel.npy,අපි මේ වන විට පැය දොළහක් වැඩ කර පැය දොළහක් විවේක ගත්තා,අපි මේවන විටැයි පැය දොළහක් වැඩ කර පැය දොළහක් විවේක ගත්තා,0.25,0.0698,0,1,long,6.144,5.408,1,0.288,0.0806,0.003019,7.951,2,1
S009,51,S009_051.wav,S009_051_mel.npy,අප කවුරුත් පුදුමයට පත්කරමින් ඈට පණ ආවා,අප කවුරු පුදුමයට පත්කරමින් ඈට පනාව,0.4286,0.125,1,2,long,4.48,4.0,2,0.224,0.0777,0.005191,8.0,2,1
S009,52,S009_052.wav,S009_052_mel.npy,සුගන්ධවත් පුෂ්පයෝ අපගේ සොහොයුරියෝය,සුගන්දවත් හුස්පයෝ අපගේ සහෝදරියෝය.,0.5,0.1935,1,2,short,9.067,6.496,6,0.304,0.1292,0.004367,4.772,2,0
S009,53,S009_053.wav,S009_053_mel.npy,ගංගාවෝ අපගේ සොහොයුරෝ වෙති,ගංගාවෝ අපගේ සොහයුරවේතී,0.5,0.1818,1,2,short,3.072,2.656,0,0.0,0.0896,0.005524,8.283,2,0
S009,54,S009_054.wav,S009_054_mel.npy,නංගී මට නොදී කිසිවක් නොකනවා ඇතැයි මට සිතේ,නගේ මට නොදී කිසිවක් නොකනවාතයි මට සිතේ,0.375,0.1176,1,1,long,3.819,3.552,0,0.0,0.1064,0.003352,9.572,2,1
S009,55,S009_055.wav,S009_055_mel.npy,නංගි උදේ පාන්දරින්ම නැගිටියි,නගුදේ පාන්දරින්මනැකිටි,1.0,0.24,1,2,short,2.453,2.229,0,0.0,0.0622,0.00283,11.214,2,0
S009,56,S009_056.wav,S009_056_mel.npy,ඈ මා ගෙදර යන විට අසනු ඇත,එය මාගෙදර යන්න විට අසුනොහැත,0.8571,0.4444,2,2,long,3.008,2.816,0,0.0,0.1058,0.003671,6.392,2,1
S009,57,S009_057.wav,S009_057_mel.npy,ගොවිතැන සඳහා භාවිත වන උපකරණ එකින් එක විස්තර කරද්දී ළමයි සාවධානව අසා සිටියහ,ගොවිතැන සදහා භාවිතාවන උපකරණ එකින් එක විස්තර කරති ළමයි සාවදානව අසා සිටියහ.,0.3077,0.0968,0,1,long,10.347,8.939,3,0.384,0.1129,0.002671,6.936,2,1
S009,58,S009_058.wav,S009_058_mel.npy,ළමයි පොල්තෙල් හිඳීමට භාවිත කරන සෙක්කුව අසලට රැස් වූහ,ළමයි පොල්තෙල් හිඳීමට භාවිතා කරන සෙක්කවා කළ රැඳි රැස්වූහ.,0.5556,0.1818,1,2,long,5.269,4.928,0,0.0,0.0997,0.003677,8.929,2,1
S009,59,S009_059.wav,S009_059_mel.npy,ඒ ගොල්ලන්ට අලුත් ක්‍රමයක් හොයා ගන්න වෙනවා,ඒගොල්ලෝ අලුතුමය කොයාගන්න වෙනවා.,0.8571,0.2857,1,2,long,3.349,2.816,0,0.0,0.0734,0.003039,12.429,2,1
S009,60,S009_060.wav,S009_060_mel.npy,බොහෝ දෙනෙක් මම එනතුරු බලා ගෙන හිටියා,බොහෝ දෙනෙක් මම ඇනතුරු බලා ගෙන හිටියා,0.1429,0.0333,0,1,long,4.011,3.52,1,0.352,0.0804,0.005164,8.523,2,1
S009,61,S009_061.wav,S009_061_mel.npy,මට ආරංචි වුණා රජතුමාගේ ගුහාව ළඟ අනතුරක් කියලා,මම ආරංචියුන් මට ආරංචියු නාරත්තුමාගේ ගුහාවලක අනුතුරක් කියලා.,0.875,0.4211,2,2,long,5.611,5.056,0,0.0,0.0875,0.003428,7.516,2,1
S009,62,S009_062.wav,S009_062_mel.npy,පැය අටකට පසු ඔවුන්ට පියාපත් සලන හඬක් ඇසිණි,පැය අටකට පසු ඔවුන් පිය අපත්සල්න මඩක් කළි.,0.625,0.2571,1,2,long,4.011,3.488,0,0.0,0.0904,0.00956,10.034,2,1
S009,63,S009_063.wav,S009_063_mel.npy,මිනිසුන් ගැන විස්තර දැනගන්න බොහෝ ක්‍රම තියෙනවා,මිනිස්සු ගැන විස්තර දෙන ගන්න බොහෝ ක්‍රන තියෙනවා.,0.5714,0.125,1,2,long,3.733,3.392,0,0.0,0.1091,0.00819,11.792,2,1
S009,64,S009_064.wav,S009_064_mel.npy,ඔබට දින හතරක් දෙමි,ඔබට දින හතරක් දැමි,0.25,0.0667,0,1,short,1.941,1.76,0,0.0,0.0696,0.004847,8.523,2,0
S009,65,S009_065.wav,S009_065_mel.npy,ඇදුරුතුමා බෙහෙවින් සතුටට පත් විය,ඇතුරුතුමා බහැවයින් සතුරට පත් විය.,0.6,0.1786,1,2,short,3.2,2.56,0,0.0,0.0915,0.004688,10.938,2,0
S009,66,S009_066.wav,S009_066_mel.npy,ඔබට පේන්නේ කුමක්දැයි මම ඇසුවෙමි,ඔබට පෙනෙන්නේ කුමක් එයි මට සිත්නේ ඇසුන් වෙමි.,1.0,0.5185,2,2,short,5.483,4.096,3,0.352,0.1059,0.003157,6.592,2,0
S009,67,S009_067.wav,S009_067_mel.npy,මෙතැන තමයි හොඳම තැන,මෙතැන සමයි හොඳම තැන,0.25,0.0625,0,1,short,2.005,1.728,0,0.0,0.0683,0.008886,9.259,2,0
S009,68,S009_068.wav,S009_068_mel.npy,ඇය කාචය සකස් කර නැවත බැලූවාය,ඇය කාචය සකස්කර නැවත බැලූයේ බැලූාය.,0.6667,0.2609,1,2,long,11.797,10.176,3,0.373,0.1086,0.00304,2.26,2,1
S010,1,S010_001.wav,S010_001_mel.npy,යාළුවෝ හැමදෙනාම නිදහස් උත්සවය බැලුවා,අළුහුව හැම හැ දෙනාම නිදහසුස්සය බැලුව,1.0,0.375,2,2,short,4.523,4.0,1,0.192,0.1141,0.002667,8.0,0,0
S010,2,S010_002.wav,S010_002_mel.npy,කවිඳු යාළුවොත් එක්ක මිදුලේ සෙල්ලම් කරමින් සිටියා,කවිදු යාළුවත් එක මිදුලේ සෙල්ලන් කරමින් සෙල්ලන් කරමින් සිටිය අප,1.0,0.4524,2,2,long,6.549,5.301,1,0.768,0.1188,0.002073,7.922,0,1
S010,3,S010_003.wav,S010_003_mel.npy,අපේ රටේ නිදහස් උත්සවය,පේ රටේ නිදහසුස්සවේ,0.75,0.2778,1,2,short,1.984,1.888,0,0.0,0.1371,0.007117,9.534,0,0
S010,4,S010_004.wav,S010_004_mel.npy,මම කෝෂය ඇතුලේ සති දෙකක් විතර හිටියා,මම කෝෂය ඇතුලේ සති දෙකක් විතර හිටියා,0.0,0.0,0,0,long,4.352,3.552,2,0.224,0.1178,0.004527,8.164,0,1
S010,5,S010_005.wav,S010_005_mel.npy,පොත් කියවීමෙන් මිනිසා සම්පූර්ණ වේ,පොත් කියවීමෙන් නිසා සම්පූන්න වේ.,0.4,0.1034,1,1,short,2.944,2.528,1,0.192,0.1191,0.003365,11.472,0,0
S010,6,S010_006.wav,S010_006_mel.npy,මුහුද හරිම ලස්සනයි,මුහුද හරිම ලස්සනයි,0.0,0.0,0,0,short,2.133,1.696,0,0.0,0.1397,0.002338,9.434,0,0
S010,7,S010_007.wav,S010_007_mel.npy,හැමෝම එකට අත් අල්ලා ගන්න,හැමූම එකට අත්තල්ලා ගන්න,0.6,0.1,0,2,short,3.413,2.624,1,0.352,0.1219,0.002761,7.622,0,0
S010,8,S010_008.wav,S010_008_mel.npy,මම එහෙනම් නාගෙන එන්නම්,මම මෙහෙමෙහෙන් එහෙනම් නා නාගෙන එක් එන්නම් අප,1.0,0.8947,2,2,short,7.979,5.835,5,0.358,0.128,0.005368,3.256,0,0
S010,9,S010_009.wav,S010_009_mel.npy,අපි අද පොල් කැඩුවා,අපි අද පොල් කරඩුවා,0.25,0.0667,0,1,short,2.859,2.208,1,0.256,0.1202,0.005101,6.793,0,0
S010,10,S010_010.wav,S010_010_mel.npy,"ඇයි හිනා වෙන්නේ, මට රජ වෙන්න බැරිද",ඇයි හිනා වෙන්නේ මට රජ වෙන්න බැරිද?,0.0,0.0,0,0,long,4.544,3.936,1,0.224,0.1122,0.003983,7.114,0,1
S010,11,S010_011.wav,S010_011_mel.npy,දුව සටහන් පොතේ මොනවාද ලියා ගත්තේ,දුව සටහන් පොත දුව සටහන් පොතේ මොනවාද ලියා ගත්තේ,0.5,0.4074,2,2,long,5.547,5.408,0,0.0,0.1171,0.002278,4.993,0,1
S010,12,S010_012.wav,S010_012_mel.npy,ඉතින් මෙච්චර පරක්කු වුනේ ඇයි,ඉතින් මෙච්චර පර ප්රක්කු වුණේ ඇයි?,0.4,0.125,1,1,short,5.675,3.936,2,0.592,0.1382,0.003072,6.098,0,0
S010,13,S010_013.wav,S010_013_mel.npy,දවසක් අම්මා අශ්ව පැටියාගෙන් උදව්වක් ඉල්ලුවා,දවසක් අම්මා අෂ්ම පැටියාගෙන් උදවිල්ලුව,0.5,0.1842,1,2,long,5.376,4.416,2,0.24,0.1298,0.003093,8.605,0,1
S010,14,S010_014.wav,S010_014_mel.npy,ඔය ගඟ හරි ගැඹුරුයි,ඔයේ ගංග හරි ගැඹූරුයි,0.75,0.2667,1,2,short,2.133,1.92,0,0.0,0.1101,0.002018,7.812,0,0
S010,15,S010_015.wav,S010_015_mel.npy,අශ්ව පැටියා ඉක්මනින් ගෙදර එනවා දැකලා අම්මා පුදුම වුනා,අශ්ව පැටියා ඉක්මනින් ගෙදර එන්නවා දැකලා අම්මා පුදුම වුණා,0.1111,0.0444,0,1,long,6.805,5.632,1,0.384,0.1158,0.002999,7.99,0,1
S010,16,S010_016.wav,S010_016_mel.npy,"සිටුතුමනි, අපට අනුකම්පා කරනු මැනවි",සිටුත් තුමනි අපට අනුකම්පා කරන්නු මැනවි,0.6,0.1379,1,2,short,8.192,5.856,5,0.352,0.1193,0.002511,5.123,0,0
S010,17,S010_017.wav,S010_017_mel.npy,බරෙන් වැඩි වන්නේ ගසක මුල කොටසද,බේරෙන්න වැඩිවෙන්නෙ ගසක මුල කොටස්ද?,0.6667,0.2,1,2,long,6.08,5.216,2,0.288,0.1161,0.005056,4.793,0,1
S010,18,S010_018.wav,S010_018_mel.npy,රයිට් සහෝදරයන්ගේ පියා ඔවුන් පුංචිකාලයේ දී කඩදාසි සහ රබර් පටිවලින් සෙල්ලම් අහස් යානා තනා දුන්නේය,සිරයි සහෝදරයාගේ පියා පුංචි ඔවුන් පුංචි කාලේදී කඩදාසි සහ රබර පටිවලින් සෙල්ලම් ආහස්‍යාන තනා දුන්නේය.,0.5333,0.1975,1,2,long,13.547,11.616,4,0.336,0.1227,0.003171,6.973,0,1
S010,19,S010_019.wav,S010_019_mel.npy,පසු කලෙක ඔවුහු බයිසිකල් වැඩ වැඩපොළක් ඇරඹූහ,පසු කාලයක ඔහු බයිසිකල් වැඩපොළෙල් ඇරඹූවේය.,0.7143,0.3333,1,2,long,6.016,5.152,2,0.192,0.1232,0.00395,6.988,0,1
S010,20,S010_020.wav,S010_020_mel.npy,දැන් හැමෝම වාඩිවෙන්න,දැන් හැමෝම වාඩි වෙන්න,0.6667,0.0,0,2,short,2.283,2.08,0,0.0,0.1127,0.003418,8.654,0,0
S010,21,S010_021.wav,S010_021_mel.npy,අපි ඊළඟ දවසේ තවත් සෙල්ලමක් කරමු,අපි ඊළඟ දවසේ තවස්සෙල්ලමක් කරමු,0.3333,0.0385,0,1,long,3.264,3.104,0,0.0,0.1257,0.003162,8.376,0,1
S010,22,S010_022.wav,S010_022_mel.npy,මේ සිහින අප නින්දේ දී දකින සිහින නම් නොවේ,මේ හිත් සිහින අපට නින්දේදි දැක්කීමට සිහින නම් නොවේ,0.5556,0.3636,2,2,long,10.539,7.36,6,0.432,0.1414,0.003111,4.484,0,1
S010,23,S010_023.wav,S010_023_mel.npy,ඇගේ ගම ගිංතොට ය,ඇගේ ඇගේ ගම ගින් තොටය.,0.75,0.4167,2,2,short,4.949,3.712,2,0.352,0.1152,0.004354,3.233,0,0
S010,24,S010_024.wav,S010_024_mel.npy,මේ පුංචි දැරිය ඇගේ ප්‍රියතම වැඩිහිටි නෑදෑයා ගැන පසු කලෙක එසේ කීවාය,මගේ පුංචි දැරිය මගේ ප්‍රථමයෙහිය වැඩි හිටි නෑ දෑ ගැලි පසු කාලයේ වෙසේ කිව්වාය.,0.9167,0.3636,2,2,long,14.208,10.848,5,0.589,0.1219,0.003117,5.07,0,1
S010,25,S010_025.wav,S010_025_mel.npy,පින්තූර මගින් කතා කීම ඈත කාලයේ සිට පැවත එන ක්‍රමයකි,පින්දූර මගින් කතා කීමෙන් ඇත්ති කාලයේ සිට තැවත ක්‍රයන ක්‍රමයකි.,0.5,0.3333,1,2,long,10.133,7.797,5,0.429,0.1235,0.002868,5.386,0,1
S010,26,S010_026.wav,S010_026_mel.npy,මකුළුවා තණ බිස්සේ හැංගුනා,මකුළුවා තන්නැ බල් සේ හැංගුණා.,0.75,0.2273,1,2,short,5.675,4.192,3,0.352,0.1009,0.004963,5.248,0,0
S010,27,S010_027.wav,S010_027_mel.npy,එළියේ ලස්සන ගැහැණු ළමයෙක් හිටගෙන හිටියා,එළියේ ලක්සන ගෑනු ළමයෙක් හිටගෙන හිටියා,0.3333,0.1176,1,1,long,5.269,4.256,1,0.448,0.1379,0.00308,7.989,0,1
S010,28,S010_028.wav,S010_028_mel.npy,අතරමගදී ඉතාම භයානක දෙයක් සිදුවුණා,අතර මගදී ඉතාම බයානක දෙයක් සිදු වුණා,0.8,0.0,0,2,short,4.949,4.416,0,0.0,0.1271,0.002395,6.567,0,0
S010,29,S010_029.wav,S010_029_mel.npy,සර්පයා මහා විශාලෙට කට ඇරියා,සර්පයා මහා විශා විශාලයට කට ඇරියා,0.4,0.2174,1,1,short,6.016,5.024,2,0.272,0.1179,0.002672,4.578,0,0
S010,30,S010_030.wav,S010_030_mel.npy,ටිකක් හිතලා බලන්නකෝ,ටිකක් හිතලා බලනකොට කොත් රොත්,1.0,0.5882,2,2,short,5.013,3.616,3,0.288,0.1172,0.003268,4.701,0,0
S010,31,S010_031.wav,S010_031_mel.npy,තනියෙන් ලියන්න,තනියෙන් ලියන්න,0.0,0.0,0,0,short,2.411,2.112,0,0.0,0.1226,0.003963,6.155,0,0
S010,32,S010_032.wav,S010_032_mel.npy,පස්වැනි ගුණාංගය,පස් වැනි ගුණන්ගෙ,1.0,0.2143,1,2,short,2.645,2.208,0,0.0,0.1263,0.003399,6.341,0,0
S010,33,S010_033.wav,S010_033_mel.npy,බරණැස් නුවර සිටුවරයෙක් වාසය කළේය,බරණැස් නුවර සිටුළ් වරයෙකු අමසය කළ්ලය.,0.8,0.25,1,2,short,7.936,6.72,3,0.288,0.1082,0.002924,4.167,0,0
S010,34,S010_034.wav,S010_034_mel.npy,නායකතුමා මෙසේ පිළිතුරු දුන්නේය,නායක සිතුතුවුම ආය මෙයා මෙසේ පිළිතුරු දුන්නේ,1.0,0.4444,2,2,short,5.739,4.907,1,0.8,0.1297,0.003645,5.503,0,0
S010,35,S010_035.wav,S010_035_mel.npy,තේරවිලි වර්ග කිහිපයක් තිබේ,තේරවිල් වර්ග කිහිපෙයක් තිබේ.,0.5,0.087,0,2,short,2.752,2.272,1,0.48,0.1065,0.004829,10.123,0,0
S010,36,S010_036.wav,S010_036_mel.npy,අපේ සීයා කතන්දර කීමට සමතෙකි,අපේ සීයා කතන්දර කීමට මසාහතෙකි.,0.2,0.1304,1,1,short,6.251,3.968,3,0.608,0.1265,0.002526,5.796,0,0
S010,37,S010_037.wav,S010_037_mel.npy,මේ අය අතරමගදී අම්බලමක නතර වුණා,මේ අය අතර මගදී අම්බලමක ත්නතර වූනා,0.6667,0.12,1,2,long,7.019,5.899,3,0.245,0.1199,0.003234,4.238,0,1
S010,38,S010_038.wav,S010_038_mel.npy,හරි අපූරු කතාවක්,හරි පුද්දුම අපූරු කතාව,0.6667,0.6429,2,2,short,2.667,2.187,1,0.48,0.1099,0.002739,6.402,0,0
S010,39,S010_039.wav,S010_039_mel.npy,කටුස්සාගේ කරේ රත්තරන් බැන්දා වගෙයි,කටුස්සගෙ කරේ රත්තරම් මැන්ද වගේ,0.8,0.2667,1,2,short,2.475,2.368,0,0.0,0.1244,0.001622,12.669,0,0
S010,40,S010_040.wav,S010_040_mel.npy,මුල් ගුරුතුමා කීවේය,මුල් ගුරුතුමා කීවේය.,0.0,0.0,0,0,short,2.923,2.24,1,0.48,0.1147,0.004319,7.589,0,0
S010,41,S010_041.wav,S010_041_mel.npy,අද පුස්තකාල පන්තියක් කරමු,අද පුස්ථකාලේ පාහ්පන්තියක් කරමු,0.5,0.2273,1,2,short,6.08,4.096,2,0.72,0.1191,0.002497,5.371,0,0
S010,42,S010_042.wav,S010_042_mel.npy,මම ගල්පරයක ඇලී ජීවත් වුනෙමි,මම ගල් පර්යයි. පරයක ඇලිත් ජීවත් වූමේ.,1.0,0.5652,2,2,short,9.173,7.136,4,0.32,0.1269,0.001695,3.223,0,0
S010,43,S010_043.wav,S010_043_mel.npy,බෙලි කටුව කතා කරයි,බෙලි කටුව කටුව කතාව කරයි.,0.5,0.3333,1,2,short,5.205,4.032,1,0.544,0.1101,0.003327,3.72,0,0
S010,44,S010_044.wav,S010_044_mel.npy,සති අන්තේ නිවාඩුවට බිංදුලා ගමේ ගියා,සත්ති අන්තයේ නිවාඩුවට බින්දූලාගමේ ගියා,0.6667,0.2,1,2,long,6.933,6.069,2,0.4,0.0997,0.003836,4.943,0,1
S010,45,S010_045.wav,S010_045_mel.npy,මොනවාද ඒවායේ නම්,මොනවද ඒ වායේ නම්,1.0,0.0714,0,2,short,4.48,3.072,1,0.896,0.0956,0.004536,4.557,0,0
S010,46,S010_046.wav,S010_046_mel.npy,නංගි උත්තර දුන්නා,නංගී උත්තර දුන්නා,0.3333,0.0667,0,1,short,2.475,1.76,0,0.0,0.1025,0.004431,8.523,0,0
S010,47,S010_047.wav,S010_047_mel.npy,පාර කියන අත්තම්මා,කාර කියන්න අත්තම්මා,0.6667,0.2,1,2,short,4.544,2.976,2,0.24,0.1185,0.005236,5.04,0,0
S010,48,S010_048.wav,S010_048_mel.npy,ඇයගේ කැපවීම පුදුමාකාරය,ඇයයගේ කැපවීම පුදු මාකාරය,1.0,0.05,0,2,short,5.589,4.224,2,0.368,0.1214,0.003431,4.735,0,0
S010,49,S010_049.wav,S010_049_mel.npy,මිනිසාගේ පරම යුතුකම මිනිසාට සේවය කිරීම,මිනිසාගේ පරම යුතුකම මිනිසාට ව්‍යෙහෙස කිරීම අප,0.3333,0.2727,1,1,long,9.536,6.88,4,0.52,0.1317,0.002055,4.797,0,1
S010,50,S010_050.wav,S010_050_mel.npy,අපි මේ වන විට පැය දොළහක් වැඩ කර පැය දොළහක් විවේක ගත්තා,පි මේ වන විට පැය දොළහක් වැඩ කර පැය දොළහයෙක් වෙවිවේක ගත්තා.,0.25,0.1163,1,1,long,8.085,6.901,2,0.272,0.124,0.002313,6.231,0,1
S010,51,S010_051.wav,S010_051_mel.npy,අප කවුරුත් පුදුමයට පත්කරමින් ඈට පණ ආවා,අප කවුරුත් පුදු මායට පත් කරමින් ඇග් ඇට පණ ආවා.,0.8571,0.1562,1,2,long,11.264,7.84,7,0.402,0.1126,0.002646,4.082,0,1
S010,52,S010_052.wav,S010_052_mel.npy,සුගන්ධවත් පුෂ්පයෝ අපගේ සොහොයුරියෝය,සුළා සුඛන්ටවත් පුස්පයෝ අපගේ සොහි යුරුයෝ,1.0,0.3226,1,2,short,8.789,6.72,4,0.28,0.0853,0.002307,4.613,0,0
S010,53,S010_053.wav,S010_053_mel.npy,ගංගාවෝ අපගේ සොහොයුරෝ වෙති,ගංගාවෝ අපගේ සහෝ දරො වෙති,0.5,0.2273,1,2,short,5.12,4.224,1,0.256,0.1126,0.00303,5.208,0,0
S010,54,S010_054.wav,S010_054_mel.npy,නංගී මට නොදී කිසිවක් නොකනවා ඇතැයි මට සිතේ,නංගී මට නොදී කිසිවක් නොකරනොක්නවා ඇතැම්යි මට සිත්තේ,0.375,0.2647,1,1,long,12.075,9.088,5,0.48,0.1202,0.004091,3.741,0,1
S010,55,S010_055.wav,S010_055_mel.npy,නංගි උදේ පාන්දරින්ම නැගිටියි,නංගී උද්දේ පාන්දරම නැගිටි,1.0,0.32,1,2,short,4.203,3.776,1,0.224,0.1292,0.003839,6.621,0,0
S010,56,S010_056.wav,S010_056_mel.npy,ඈ මා ගෙදර යන විට අසනු ඇත,ඈ මම ගෙදර යනවිට අසුනු ඇතේ,0.7143,0.1667,1,2,long,4.608,3.776,1,0.32,0.1206,0.002317,4.767,0,1
S010,57,S010_057.wav,S010_057_mel.npy,ගොවිතැන සඳහා භාවිත වන උපකරණ එකින් එක විස්තර කරද්දී ළමයි සාවධානව අසා සිටියහ,ගොවී තැන සඳහා භාවිත කරන උපකරන එකින් එක විස්තර කරදී ළමයි අවප්‍යානයෙක් සිටිහ.,0.5385,0.2581,1,2,long,14.336,11.392,6,0.347,0.1311,0.003243,5.442,0,1
S010,58,S010_058.wav,S010_058_mel.npy,ළමයි පොල්තෙල් හිඳීමට භාවිත කරන සෙක්කුව අසලට රැස් වූහ,ළමයි පොල් දෙල් හිදෙන්මට භාවිත කරන සෙක්ව්ව අසල රැදි රැස්කූහ.,0.7778,0.2727,1,2,long,11.669,9.472,3,0.693,0.1278,0.00243,4.645,0,1
S010,59,S010_059.wav,S010_059_mel.npy,ඒ ගොල්ලන්ට අලුත් ක්‍රමයක් හොයා ගන්න වෙනවා,ඒගොල්ලන්ට අලුත් ක්‍රමයක් හෝ ගන්න වෙන්න.,0.5714,0.1429,1,2,long,6.464,5.536,3,0.224,0.1151,0.003098,6.322,0,1
S010,60,S010_060.wav,S010_060_mel.npy,බොහෝ දෙනෙක් මම එනතුරු බලා ගෙන හිටියා,බොහෝ දෙනෙක් මට එන තුරු බලා ගෙන හිටියා,0.4286,0.0333,0,2,long,7.552,5.536,3,0.565,0.1203,0.004766,5.419,0,1
S010,61,S010_061.wav,S010_061_mel.npy,මට ආරංචි වුණා රජතුමාගේ ගුහාව ළඟ අනතුරක් කියලා,මම ආරංචි වුණා මට ආරංචි වුණා රජනජතුමාගේ ගුහාප ලඟ අනතුරු කියලා.,0.75,0.4211,2,2,long,11.136,9.472,4,0.296,0.1151,0.002609,4.012,0,1
S010,62,S010_062.wav,S010_062_mel.npy,පැය අටකට පසු ඔවුන්ට පියාපත් සලන හඬක් ඇසිණි,තැය අටගට පසු ඔවුන්ට පියාපත් සලන හඬ ඇසීන්නේ,0.5,0.2286,1,2,long,7.915,6.912,3,0.277,0.1335,0.002202,5.064,0,1
S010,63,S010_063.wav,S010_063_mel.npy,මිනිසුන් ගැන විස්තර දැනගන්න බොහෝ ක්‍රම තියෙනවා,මිනිස්සය මිනිස්සු ගැන විස්තර දැන ගන්න බොහෝ ක්‍රම තියෙනවා.,0.5714,0.225,1,2,long,6.592,5.824,1,0.256,0.148,0.002478,6.868,0,1
S010,64,S010_064.wav,S010_064_mel.npy,ඔබට දින හතරක් දෙමි,ඔබට දින හතරක් දෙමි,0.0,0.0,0,0,short,3.115,2.528,1,0.416,0.118,0.003129,5.934,0,0
S010,65,S010_065.wav,S010_065_mel.npy,ඇදුරුතුමා බෙහෙවින් සතුටට පත් විය,අඳුරු තුමා බෙහෙවින් සතුට්ටට පත්වූවිය,1.0,0.2143,1,2,short,7.147,5.92,3,0.224,0.1068,0.004104,4.73,0,0
S010,66,S010_066.wav,S010_066_mel.npy,ඔබට පේන්නේ කුමක්දැයි මම ඇසුවෙමි,ඔබට පෙන්නේ කුමක්ද දැයි මම ඇසූවෙමි,0.8,0.1111,1,2,short,4.992,4.448,1,0.192,0.1231,0.002776,6.07,0,0
S010,67,S010_067.wav,S010_067_mel.npy,මෙතැන තමයි හොඳම තැන,මෙතැන තමායි හොඳ ම තැන,0.75,0.0625,0,2,short,4.587,3.744,2,0.208,0.1246,0.002625,4.274,0,0
S010,68,S010_068.wav,S010_068_mel.npy,ඇය කාචය සකස් කර නැවත බැලූවාය,ඇයි කාචය සකාස් කරනවත බැලුවාය,0.8333,0.1739,1,2,long,6.464,5.056,2,0.688,0.1073,0.006259,4.549,0,1
S011,1,S011_001.wav,S011_001_mel.npy,යාළුවෝ හැමදෙනාම නිදහස් උත්සවය බැලුවා,යාළුවා මැහැම දෙනාම නිදහසුස්සය දැලුවා,1.0,0.25,1,2,short,4.544,4.032,1,0.224,0.1067,0.005829,7.937,0,0
S011,2,S011_002.wav,S011_002_mel.npy,කවිඳු යාළුවොත් එක්ක මිදුලේ සෙල්ලම් කරමින් සිටියා,කවිදු යාළුවොත් එක්ක මිදුලේ සෙල්ලම් කරමින් සිටියා.,0.1429,0.0238,0,1,long,5.013,4.256,1,0.192,0.1061,0.002722,9.868,0,1
S011,3,S011_003.wav,S011_003_mel.npy,අපේ රටේ නිදහස් උත්සවය,අපේ රටේ නිදහස් උත්සවය,0.0,0.0,0,0,short,2.453,2.261,0,0.0,0.0989,0.002682,7.96,0,0
S011,4,S011_004.wav,S011_004_mel.npy,මම කෝෂය ඇතුලේ සති දෙකක් විතර හිටියා,මම කෝස්නෙන් අතුළේ සති දෙකක් මිතනැ හිටියා.,0.4286,0.3448,1,2,long,4.864,4.032,1,0.448,0.0966,0.004166,7.192,0,1
S011,5,S011_005.wav,S011_005_mel.npy,පොත් කියවීමෙන් මිනිසා සම්පූර්ණ වේ,පුත් කියවීමෙන් මිනිසා සම්පූර්ණ වේ.,0.2,0.0345,0,1,short,4.139,3.52,2,0.288,0.0968,0.005237,8.239,0,0
S011,6,S011_006.wav,S011_006_mel.npy,මුහුද හරිම ලස්සනයි,මුහුද හරිම නොස්සනයි,0.3333,0.125,1,1,short,2.88,2.304,1,0.16,0.1004,0.008122,6.944,0,0
S011,7,S011_007.wav,S011_007_mel.npy,හැමෝම එකට අත් අල්ලා ගන්න,හැමෝම එකට අත් අල්ලා ගන්න,0.0,0.0,0,0,short,3.605,3.029,1,0.32,0.0889,0.004666,6.602,0,0
S011,8,S011_008.wav,S011_008_mel.npy,මම එහෙනම් නාගෙන එන්නම්,මම ඉහිනම් නාගෙන ඉන්නම්,0.5,0.1579,1,2,short,3.349,2.88,2,0.192,0.0975,0.003582,6.597,0,0
S011,9,S011_009.wav,S011_009_mel.npy,අපි අද පොල් කැඩුවා,අපි අද කොල් කැලුවා,0.5,0.1333,1,2,short,2.347,2.091,0,0.0,0.0885,0.003431,7.175,0,0
S011,10,S011_010.wav,S011_010_mel.npy,"ඇයි හිනා වෙන්නේ, මට රජ වෙන්න බැරිද",ඇයි හිනා වෙන්න වෙන්නේ මට රජ වෙන්න බැරිද?,0.1429,0.1852,1,1,long,6.272,5.344,2,0.208,0.0891,0.004844,5.24,0,1
S011,11,S011_011.wav,S011_011_mel.npy,දුව සටහන් පොතේ මොනවාද ලියා ගත්තේ,දුව සටහන් පොතේ මොනවාද ඉයාගත්තේ,0.3333,0.0741,0,1,long,4.181,3.872,0,0.0,0.0973,0.004801,6.973,0,1
S011,12,S011_012.wav,S011_012_mel.npy,ඉතින් මෙච්චර පරක්කු වුනේ ඇයි,එතින් මෙචර පරකු වුණේ ඇයි,0.6,0.2083,1,2,short,3.947,3.403,1,0.192,0.0842,0.004876,7.053,0,0
S011,13,S011_013.wav,S011_013_mel.npy,දවසක් අම්මා අශ්ව පැටියාගෙන් උදව්වක් ඉල්ලුවා,දවසක් මගේ අම්මා දවසක් අම්මා අංශ්ව පැටියාගෙන් උදව්වා ඉල්ලුවා,0.8333,0.4211,2,2,long,11.072,8.192,6,0.384,0.102,0.002716,4.639,0,1
S011,14,S011_014.wav,S011_014_mel.npy,ඔය ගඟ හරි ගැඹුරුයි,ඔයා ගග හරි ගැඹුරුයි,0.5,0.1333,1,2,short,3.2,2.688,1,0.352,0.0892,0.005852,5.58,0,0
S011,15,S011_015.wav,S011_015_mel.npy,අශ්ව පැටියා ඉක්මනින් ගෙදර එනවා දැකලා අම්මා පුදුම වුනා,අස පැටියා ඉක්මතින් ගෙදර එනවා දෙකල අම්ම පුදුමා උනා.,0.6667,0.2,1,2,long,8.128,6.464,4,0.296,0.0948,0.001786,6.962,0,1
S011,16,S011_016.wav,S011_016_mel.npy,"සිටුතුමනි, අපට අනුකම්පා කරනු මැනවි",සිටු තුමනි මට අපට අනුකම්පා කරනු මැනවී,0.8,0.1034,1,2,short,7.253,5.632,4,0.328,0.0963,0.003615,5.327,0,0
S011,17,S011_017.wav,S011_017_mel.npy,බරෙන් වැඩි වන්නේ ගසක මුල කොටසද,බරෙන් වැඩි වන්නේ කසක මුල් මුල හොටසකද?,0.5,0.28,1,2,long,6.336,5.056,4,0.296,0.0891,0.003274,4.945,0,1
S011,18,S011_018.wav,S011_018_mel.npy,රයිට් සහෝදරයන්ගේ පියා ඔවුන් පුංචිකාලයේ දී කඩදාසි සහ රබර් පටිවලින් සෙල්ලම් අහස් යානා තනා දුන්නේය,රයිට් සහෝදරයන් පියා ඔවුන් ගුන්චි කාලියේදී පඩදාසි සහ රබර් පටිවලින් සෙල්ලන් අහස් යානා තනා දුන්නාය.,0.4,0.1111,1,1,long,14.549,10.805,6,0.443,0.1036,0.001331,7.496,0,1
S011,19,S011_019.wav,S011_019_mel.npy,පසු කලෙක ඔවුහු බයිසිකල් වැඩ වැඩපොළක් ඇරඹූහ,පසු කාලෙක ඔවුන් ඔහු ඔහු බයිසිකල් වෙඩ පොළක් ඇරබුවා,1.0,0.4167,2,2,long,11.072,7.36,8,0.388,0.0916,0.003159,4.891,0,1
S011,20,S011_020.wav,S011_020_mel.npy,දැන් හැමෝම වාඩිවෙන්න,දැන් හැමෝම වාඩි වෙන්න,0.6667,0.0,0,2,short,2.219,2.048,0,0.0,0.0872,0.004039,8.789,0,0
S011,21,S011_021.wav,S011_021_mel.npy,අපි ඊළඟ දවසේ තවත් සෙල්ලමක් කරමු,අපි ඊලගෙ දවසේ තවත් සෙල්ලමක් කරමු,0.1667,0.0769,0,1,long,4.459,3.552,2,0.224,0.0919,0.00361,7.32,0,1
S011,22,S011_022.wav,S011_022_mel.npy,මේ සිහින අප නින්දේ දී දකින සිහින නම් නොවේ,මේ සිහින අප නින්දේ දී දකින සිහින නම් නොවේ නොවේ,0.1111,0.1212,1,1,long,9.344,6.592,4,0.496,0.0902,0.007978,5.006,0,1
S011,23,S011_023.wav,S011_023_mel.npy,ඇගේ ගම ගිංතොට ය,ඇගේ ගම ගින් තොට යො,0.75,0.25,1,2,short,3.477,2.816,1,0.352,0.0887,0.002855,4.261,0,0
S011,24,S011_024.wav,S011_024_mel.npy,මේ පුංචි දැරිය ඇගේ ප්‍රියතම වැඩිහිටි නෑදෑයා ගැන පසු කලෙක එසේ කීවාය,මේ පුන්ටි දරිය ඇගේ ප්‍රියතම වැඩිහිටී නැදැයා ගැන පසු කාලයක එසේ කීවාය.,0.4167,0.1636,1,2,long,11.413,8.672,7,0.338,0.1003,0.004282,6.342,0,1
S011,25,S011_025.wav,S011_025_mel.npy,පින්තූර මගින් කතා කීම ඈත කාලයේ සිට පැවත එන ක්‍රමයකි,බින්තුර වගින් කතා කීම ඈත කාලයේ සිට පැවත එන ක්‍රමයකි.,0.2,0.0714,0,1,long,11.861,9.376,4,0.28,0.1062,0.006301,4.48,0,1
S011,26,S011_026.wav,S011_026_mel.npy,මකුළුවා තණ බිස්සේ හැංගුනා,මකුළුවා තන විශ්‍ය හැඟ්ගුණා,0.5,0.2727,1,2,short,4.395,3.456,1,0.192,0.1322,0.005152,6.366,0,0
S011,27,S011_027.wav,S011_027_mel.npy,එළියේ ලස්සන ගැහැණු ළමයෙක් හිටගෙන හිටියා,එළියේ ලස්සන ගෑනු ළමයේ පිටියා පිටගෙන පිටියා,0.8333,0.3529,2,2,long,7.467,5.728,5,0.294,0.0942,0.002304,5.936,0,1
S011,28,S011_028.wav,S011_028_mel.npy,අතරමගදී ඉතාම භයානක දෙයක් සිදුවුණා,අතර මඟදී ඉටාම වයානක දෙයක් සිදුවුණා,0.8,0.1034,1,2,short,6.016,4.704,1,0.256,0.097,0.003951,6.165,0,0
S011,29,S011_029.wav,S011_029_mel.npy,සර්පයා මහා විශාලෙට කට ඇරියා,සර්පයා මහා විශාල විශාලට කට ඇරියා,0.4,0.2174,1,1,short,7.936,6.016,4,0.368,0.1083,0.006423,3.823,0,0
S011,30,S011_030.wav,S011_030_mel.npy,ටිකක් හිතලා බලන්නකෝ,ටිකක් ඉතලා බලන්නකෝ,0.3333,0.1176,1,1,short,4.139,3.232,2,0.368,0.1117,0.004966,5.26,0,0
S011,31,S011_031.wav,S011_031_mel.npy,තනියෙන් ලියන්න,තනියෙන් ඉයලියන්නෑ,0.5,0.2308,1,2,short,4.949,3.392,3,0.469,0.082,0.003349,3.833,0,0
S011,32,S011_032.wav,S011_032_mel.npy,පස්වැනි ගුණාංගය,පස්වෙනි ගුණංගුය.,1.0,0.2143,1,2,short,3.819,2.464,2,0.272,0.1054,0.005011,5.682,0,0
S011,33,S011_033.wav,S011_033_mel.npy,බරණැස් නුවර සිටුවරයෙක් වාසය කළේය,බරණැස් නුවර සිටුවරයෙක් වාසය කළාය.,0.2,0.0357,0,1,short,8.533,6.101,5,0.422,0.1164,0.004868,4.589,0,0
S011,34,S011_034.wav,S011_034_mel.npy,නායකතුමා මෙසේ පිළිතුරු දුන්නේය,නායක සිටිතුමා මෙසේ පිළිතුරු දුන්නේය.,0.5,0.1481,1,2,short,4.672,4.0,2,0.224,0.0908,0.004692,6.75,0,0
S011,35,S011_035.wav,S011_035_mel.npy,තේරවිලි වර්ග කිහිපයක් තිබේ,තේරවිරි වර්ග කිහිවයන් තිබේ.,0.5,0.1304,1,2,short,3.819,2.976,2,0.256,0.0866,0.006442,7.728,0,0
S011,36,S011_036.wav,S011_036_mel.npy,අපේ සීයා කතන්දර කීමට සමතෙකි,අපේ සියා අතන්දර කීමට සමතෙකි.,0.4,0.087,0,1,short,6.379,4.448,3,0.373,0.1052,0.004897,5.171,0,0
S011,37,S011_037.wav,S011_037_mel.npy,මේ අය අතරමගදී අම්බලමක නතර වුණා,මෙන් අය අතර මගදී අම්ගලමක නතර වුනා.,0.6667,0.16,1,2,long,7.872,6.272,3,0.437,0.0914,0.002198,3.986,0,1
S011,38,S011_038.wav,S011_038_mel.npy,හරි අපූරු කතාවක්,අඩි අපූරු පතාවක්,0.6667,0.2143,1,2,short,2.261,1.856,1,0.224,0.0932,0.004057,7.543,0,0
S011,39,S011_039.wav,S011_039_mel.npy,කටුස්සාගේ කරේ රත්තරන් බැන්දා වගෙයි,පටුස්සාගේ කරෙ පත්තරං බැන්ඩා වගේ,1.0,0.3,1,2,short,5.013,4.021,3,0.267,0.0929,0.004495,7.46,0,0
S011,40,S011_040.wav,S011_040_mel.npy,මුල් ගුරුතුමා කීවේය,මුල් ගුරුතුමා කීවේය.,0.0,0.0,0,0,short,2.795,2.144,1,0.352,0.0806,0.0028,7.929,0,0
S011,41,S011_041.wav,S011_041_mel.npy,අද පුස්තකාල පන්තියක් කරමු,අද පුස්ටකාලේ පන්තියක් කරමු,0.25,0.0909,0,1,short,4.907,4.235,1,0.448,0.101,0.002682,5.195,0,0
S011,42,S011_042.wav,S011_042_mel.npy,මම ගල්පරයක ඇලී ජීවත් වුනෙමි,මම ගල් වරයක ඇලි ජිවැත්නෙමි.,0.8,0.2609,1,2,short,5.952,4.768,4,0.272,0.0897,0.003019,4.824,0,0
S011,43,S011_043.wav,S011_043_mel.npy,බෙලි කටුව කතා කරයි,මෙලි කටුවක කටුව කතා කරයි.,0.5,0.4,2,2,short,5.269,3.712,3,0.459,0.092,0.005143,4.041,0,0
S011,44,S011_044.wav,S011_044_mel.npy,සති අන්තේ නිවාඩුවට බිංදුලා ගමේ ගියා,සතියි අන්තේ නිවාඩුවකට වින්දුලාකමේ ගියා,0.6667,0.2333,1,2,long,7.147,5.984,2,0.416,0.0947,0.002185,5.013,0,1
S011,45,S011_045.wav,S011_045_mel.npy,මොනවාද ඒවායේ නම්,මුනවාද ඒවාගේ නම්,0.6667,0.1429,1,2,short,4.373,3.701,1,0.352,0.0792,0.007585,3.782,0,0
S011,46,S011_046.wav,S011_046_mel.npy,නංගි උත්තර දුන්නා,නංගී උත්තර දුනා,0.6667,0.2,1,2,short,2.752,2.112,2,0.192,0.0903,0.003154,7.102,0,0
S011,47,S011_047.wav,S011_047_mel.npy,පාර කියන අත්තම්මා,පාර කියන අතම්වා,0.3333,0.2,1,1,short,3.072,2.272,3,0.203,0.09,0.005574,6.602,0,0
S011,48,S011_048.wav,S011_048_mel.npy,ඇයගේ කැපවීම පුදුමාකාරය,ඇයගේ කැපවීම උදු මාකාරය,0.6667,0.1,0,2,short,6.869,4.928,4,0.48,0.0796,0.003284,4.058,0,0
S011,49,S011_049.wav,S011_049_mel.npy,මිනිසාගේ පරම යුතුකම මිනිසාට සේවය කිරීම,මිනිසාගේ පරම යුතුකම මිනිසාට සේවය කිරීම,0.0,0.0,0,0,long,5.995,5.195,1,0.416,0.1062,0.005562,6.353,0,1
S011,50,S011_050.wav,S011_050_mel.npy,අපි මේ වන විට පැය දොළහක් වැඩ කර පැය දොළහක් විවේක ගත්තා,අප අපි මේ වන පැය දුළහක් වැඩ කොර පැය දුළහක් වේකක්තා,0.5833,0.2791,1,2,long,11.883,9.195,8,0.26,0.092,0.002038,4.677,0,1
S011,51,S011_051.wav,S011_051_mel.npy,අප කවුරුත් පුදුමයට පත්කරමින් ඈට පණ ආවා,අප කවුරුත් බුදුමයට පත් කරමින් ඈට පන ආවා,0.4286,0.0312,0,2,long,7.019,5.824,4,0.216,0.0932,0.002945,5.495,0,1
S011,52,S011_052.wav,S011_052_mel.npy,සුගන්ධවත් පුෂ්පයෝ අපගේ සොහොයුරියෝය,තුගන්ද පුෂ්තෙව අපන් තුනන් දෙක්ව,1.0,0.6452,2,2,short,6.272,4.16,5,0.32,0.0845,0.004015,7.452,0,0
S011,53,S011_053.wav,S011_053_mel.npy,ගංගාවෝ අපගේ සොහොයුරෝ වෙති,ගං ගාවෝ අපගේ සහෝ ගිරෝ වෙටි,1.0,0.2273,1,2,short,5.611,4.715,2,0.336,0.0777,0.003854,4.666,0,0
S011,54,S011_054.wav,S011_054_mel.npy,නංගී මට නොදී කිසිවක් නොකනවා ඇතැයි මට සිතේ,නංගි මට නොදි කිෂිවක් නොක්ක නොවා ඇතැයි මට සිටේ,0.75,0.2059,1,2,long,9.877,7.829,4,0.416,0.0937,0.002988,4.343,0,1
S011,55,S011_055.wav,S011_055_mel.npy,නංගි උදේ පාන්දරින්ම නැගිටියි,නංගී උඩේ පාන්දරිම ම නැගිට් නැගිටී,1.0,0.4,2,2,short,5.867,4.48,2,0.496,0.1071,0.003214,5.58,0,0
S011,56,S011_056.wav,S011_056_mel.npy,ඈ මා ගෙදර යන විට අසනු ඇත,ඇ ඇමා ගෙදර යන විතු අසනු ඇත.,0.4286,0.2222,1,2,long,7.659,5.728,4,0.408,0.1265,0.002012,3.142,0,1
S011,57,S011_057.wav,S011_057_mel.npy,ගොවිතැන සඳහා භාවිත වන උපකරණ එකින් එක විස්තර කරද්දී ළමයි සාවධානව අසා සිටියහ,ගොවිතෙන සඳහා භාවන් වන උපකරන එකින් එක විස්තර කරද්දී ළමයි සාවදානවන අසා සිටිහො,0.3077,0.0968,0,1,long,12.949,10.656,5,0.365,0.1076,0.002246,5.818,0,1
S011,58,S011_058.wav,S011_058_mel.npy,ළමයි පොල්තෙල් හිඳීමට භාවිත කරන සෙක්කුව අසලට රැස් වූහ,ලමයි පොල් ස්ටෙල් හිදීමට භාවිතා කරන ත්‍රෙක්කුව අසළට රැස්උවුණා,0.7778,0.2955,1,2,long,10.88,9.12,4,0.216,0.1169,0.006128,4.825,0,1
S011,59,S011_059.wav,S011_059_mel.npy,ඒ ගොල්ලන්ට අලුත් ක්‍රමයක් හොයා ගන්න වෙනවා,ඒ ඒ ගොල්ලන්ට අලුත් කමයක් හොයා ගන්න වෙනවා.,0.2857,0.1143,1,1,long,8.405,5.792,7,0.297,0.1022,0.004304,6.043,0,1
S011,60,S011_060.wav,S011_060_mel.npy,බොහෝ දෙනෙක් මම එනතුරු බලා ගෙන හිටියා,බොහෝ තෙනෙක් මම එනතුරු බලාගෙන හිටියා,0.4286,0.0333,0,2,long,5.184,4.352,3,0.192,0.0862,0.004659,6.893,0,1
S011,61,S011_061.wav,S011_061_mel.npy,මට ආරංචි වුණා රජතුමාගේ ගුහාව ළඟ අනතුරක් කියලා,මට ආරංකී වුණා ප්‍රජතුමා ගුවහාව ලග අනැක්තූවක් කියලා,0.625,0.3684,2,2,long,8.533,6.368,5,0.326,0.0964,0.002279,5.967,0,1
S011,62,S011_062.wav,S011_062_mel.npy,පැය අටකට පසු ඔවුන්ට පියාපත් සලන හඬක් ඇසිණි,පැය අටක් ටකට පසු ඔවුන්ට ප්‍යාපත් සලන හන්ඩක් ඇස්විනි.,0.625,0.2857,1,2,long,8.619,5.611,6,0.411,0.0917,0.002046,6.238,0,1
S011,63,S011_063.wav,S011_063_mel.npy,මිනිසුන් ගැන විස්තර දැනගන්න බොහෝ ක්‍රම තියෙනවා,මිනිසෝ ගැන ස්තර දෙන ගන්න බොහෝ කොන චියනවාන්,0.8571,0.35,1,2,long,7.083,6.123,2,0.32,0.1019,0.002575,6.533,0,1
S011,64,S011_064.wav,S011_064_mel.npy,ඔබට දින හතරක් දෙමි,ඔබට දින හතරක් දෙමි,0.0,0.0,0,0,short,2.133,2.101,0,0.0,0.0757,0.00429,7.138,0,0
S011,65,S011_065.wav,S011_065_mel.npy,ඇදුරුතුමා බෙහෙවින් සතුටට පත් විය,ඈදූ පුමතුමා වෙහෙවින් සතුක්තට පත් විය.,0.8,0.2857,1,2,short,6.08,4.64,3,0.32,0.0764,0.001241,6.034,0,0
S011,66,S011_066.wav,S011_066_mel.npy,ඔබට පේන්නේ කුමක්දැයි මම ඇසුවෙමි,ඔබට පෙනෙනෙ උමත් දෙයි මම ඇසුවෙවින්,0.8,0.3704,2,2,short,7.147,4.8,4,0.528,0.0985,0.004599,5.625,0,0
S011,67,S011_067.wav,S011_067_mel.npy,මෙතැන තමයි හොඳම තැන,මේ තැන තමයි හොඳම තැන,0.5,0.0625,0,2,short,3.072,2.816,0,0.0,0.0896,0.00334,5.682,0,0
S011,68,S011_068.wav,S011_068_mel.npy,ඇය කාචය සකස් කර නැවත බැලූවාය,ඇය කාවසයසංව නැවත බැලූව,0.6667,0.3478,1,2,long,6.272,4.96,3,0.309,0.0976,0.004391,4.637,0,1
S012,1,S012_001.wav,S012_001_mel.npy,යාළුවෝ හැමදෙනාම නිදහස් උත්සවය බැලුවා,යාළුවෝ හැමතෙනාමනි දහස් උස්සුවය බැලුවක්,0.8,0.1562,1,2,short,3.264,3.104,0,0.0,0.098,0.004397,10.309,0,0
S012,2,S012_002.wav,S012_002_mel.npy,කවිඳු යාළුවොත් එක්ක මිදුලේ සෙල්ලම් කරමින් සිටියා,කවිඳු යාළුවත් එක මිදුලේ සැල්ලම් කරමින් සිටියා.,0.4286,0.0952,0,2,long,4.864,3.936,1,0.512,0.0942,0.002453,10.671,0,1
S012,3,S012_003.wav,S012_003_mel.npy,අපේ රටේ නිදහස් උත්සවය,අපේ රටියෙන් දා සුසවය,0.75,0.5,2,2,short,3.136,2.656,0,0.0,0.1103,0.005871,6.777,0,0
S012,4,S012_004.wav,S012_004_mel.npy,මම කෝෂය ඇතුලේ සති දෙකක් විතර හිටියා,මම කෝෂයේ අතුලේ කෝෂයේ අතුලේ සත්ති දෙකක් ඉතිර හිටියා.,0.8571,0.5862,2,2,long,5.952,4.384,2,0.544,0.1085,0.002594,6.615,0,1
S012,5,S012_005.wav,S012_005_mel.npy,පොත් කියවීමෙන් මිනිසා සම්පූර්ණ වේ,ඔතක් කියවීමෙන් මිනිසා සම්පූන වේ,0.4,0.1724,1,1,short,3.349,2.752,0,0.0,0.0968,0.004881,10.538,0,0
S012,6,S012_006.wav,S012_006_mel.npy,මුහුද හරිම ලස්සනයි,මූජා අරීමට අසනයි.,1.0,0.5625,2,2,short,2.069,1.728,0,0.0,0.1122,0.005592,9.259,0,0
S012,7,S012_007.wav,S012_007_mel.npy,හැමෝම එකට අත් අල්ලා ගන්න,හැමෝම එකට අත් අල්ලා ගන්නා,0.2,0.05,0,1,short,3.136,2.72,0,0.0,0.0941,0.004291,7.353,0,0
S012,8,S012_008.wav,S012_008_mel.npy,මම එහෙනම් නාගෙන එන්නම්,මම එහෙනම් නාගෙන එන්නම්,0.0,0.0,0,0,short,2.667,2.304,0,0.0,0.1017,0.002588,8.247,0,0
S012,9,S012_009.wav,S012_009_mel.npy,අපි අද පොල් කැඩුවා,අපි අද පොල් කැඩුව,0.25,0.0667,0,1,short,3.008,2.432,0,0.0,0.0968,0.002791,6.168,0,0
S012,10,S012_010.wav,S012_010_mel.npy,"ඇයි හිනා වෙන්නේ, මට රජ වෙන්න බැරිද",ඇයි හිනා වෙන්නේ මට රජ වෙන්න බැරිද?,0.0,0.0,0,0,long,3.477,2.944,0,0.0,0.0901,0.003532,9.511,0,1
S012,11,S012_011.wav,S012_011_mel.npy,දුව සටහන් පොතේ මොනවාද ලියා ගත්තේ,දුව සටහන් බොතේ මොනවදලියාගත්තේ,0.6667,0.0741,0,2,long,5.589,4.48,2,0.464,0.0895,0.005248,6.027,0,1
S012,12,S012_012.wav,S012_012_mel.npy,ඉතින් මෙච්චර පරක්කු වුනේ ඇයි,ඉතිල් මෙච්චර පරක් වුණේ යයි,0.6,0.1667,1,2,short,2.773,2.208,0,0.0,0.0822,0.005865,10.87,0,0
S012,13,S012_013.wav,S012_013_mel.npy,දවසක් අම්මා අශ්ව පැටියාගෙන් උදව්වක් ඉල්ලුවා,දවසා කම්මා අශ්‍ය පැටියාගෙන් උදවවක් විල්ලුවා,0.8333,0.2105,1,2,long,4.011,3.531,1,0.288,0.1027,0.00399,10.763,0,1
S012,14,S012_014.wav,S012_014_mel.npy,ඔය ගඟ හරි ගැඹුරුයි,ඔයා ගඟහරියි! ඔයෝ ගඟහරුමක ගැඹුරුයි!,1.0,0.8667,2,2,short,3.243,2.688,1,0.512,0.0826,0.003901,5.58,0,0
S012,15,S012_015.wav,S012_015_mel.npy,අශ්ව පැටියා ඉක්මනින් ගෙදර එනවා දැකලා අම්මා පුදුම වුනා,රශ්න පැටියා ඉක්පණින් ගෙදර වෙනවා දැකලා අම්මා පුරුදමූණා.,0.5556,0.2,1,2,long,4.992,4.448,1,0.32,0.0854,0.005534,10.117,0,1
S012,16,S012_016.wav,S012_016_mel.npy,"සිටුතුමනි, අපට අනුකම්පා කරනු මැනවි",සිටුතුමනි අප අනී අනුකම්පා කරන මැනවි,0.6,0.1379,1,2,short,4.48,3.84,2,0.24,0.0888,0.003449,7.812,0,0
S012,17,S012_017.wav,S012_017_mel.npy,බරෙන් වැඩි වන්නේ ගසක මුල කොටසද,බරෙන් වැඩිය එකක්නේ ගාසක මුලකොටසද,0.8333,0.2,1,2,long,5.397,4.32,2,0.336,0.0902,0.003001,5.787,0,1
S012,18,S012_018.wav,S012_018_mel.npy,රයිට් සහෝදරයන්ගේ පියා ඔවුන් පුංචිකාලයේ දී කඩදාසි සහ රබර් පටිවලින් සෙල්ලම් අහස් යානා තනා දුන්නේය,රයිට් සහෝදරයා ගේපියා උවුම් කුල්චි කාලයේද ඒ අඩදාසි සා රබර් පටිවලින් සෙල්ලන් යා ශ්‍යානා තනා දුන්නේය.,0.7333,0.1852,1,2,long,12.011,10.176,4,0.304,0.0995,0.002503,7.96,0,1
S012,19,S012_019.wav,S012_019_mel.npy,පසු කලෙක ඔවුහු බයිසිකල් වැඩ වැඩපොළක් ඇරඹූහ,පාසුකාර්යය වූ භායිසිකා වැඩ ඔලකක් ඇනවුවහ.,0.8571,0.6111,2,2,long,5.525,4.512,2,0.272,0.1009,0.003598,7.979,0,1
S012,20,S012_020.wav,S012_020_mel.npy,දැන් හැමෝම වාඩිවෙන්න,දැන් මොම වාඩිවෙන,0.6667,0.2778,1,2,short,2.005,1.845,0,0.0,0.0939,0.003718,9.754,0,0
S012,21,S012_021.wav,S012_021_mel.npy,අපි ඊළඟ දවසේ තවත් සෙල්ලමක් කරමු,අපි ඉළඟ දවසේ තවස්සෙල්ල කරමු,0.5,0.1923,1,2,long,3.413,2.912,1,0.192,0.0853,0.003519,8.929,0,1
S012,22,S012_022.wav,S012_022_mel.npy,මේ සිහින අප නින්දේ දී දකින සිහින නම් නොවේ,මේ සිහිනය අප නින්දේදි දකින සිහිනයා නම් නොවේ,0.4444,0.1212,1,2,long,6.485,5.216,4,0.256,0.0862,0.005737,6.327,0,1
S012,23,S012_023.wav,S012_023_mel.npy,ඇගේ ගම ගිංතොට ය,මගේ ගමගමා ගින්තොටය,1.0,0.5,2,2,short,4.075,2.976,1,0.512,0.0774,0.003401,4.032,0,0
S012,24,S012_024.wav,S012_024_mel.npy,මේ පුංචි දැරිය ඇගේ ප්‍රියතම වැඩිහිටි නෑදෑයා ගැන පසු කලෙක එසේ කීවාය,මේ පුලිටි දරිය මගේ ප්‍රන අඩිහිටි නෑදාය ගැන පසු කාලේ ඒ සේ කීවේය.,0.8333,0.3273,1,2,long,8.405,7.296,3,0.213,0.1017,0.004474,7.538,0,1
S012,25,S012_025.wav,S012_025_mel.npy,පින්තූර මගින් කතා කීම ඈත කාලයේ සිට පැවත එන ක්‍රමයකි,පින්තූර මැගින් කතා කීමා ඈතෙක සිට පැවැතෙන එන ත්‍රෙත්වමේ කිම,0.7,0.4048,2,2,long,6.016,5.408,1,0.384,0.11,0.003735,7.766,0,1
S012,26,S012_026.wav,S012_026_mel.npy,මකුළුවා තණ බිස්සේ හැංගුනා,මකුළුවා තන බිසේ හැඟුණා.,0.5,0.1818,1,2,short,2.517,2.304,0,0.0,0.1057,0.001887,9.549,0,0
S012,27,S012_027.wav,S012_027_mel.npy,එළියේ ලස්සන ගැහැණු ළමයෙක් හිටගෙන හිටියා,එළිය ලස්සන ගෑළමයෙක් තිටියා,0.8333,0.3824,2,2,long,2.88,2.528,0,0.0,0.1207,0.004607,13.449,0,1
S012,28,S012_028.wav,S012_028_mel.npy,අතරමගදී ඉතාම භයානක දෙයක් සිදුවුණා,අතන මගදී ඉතාම භයාන දෙයක් සිදුනා,0.8,0.1379,1,2,short,3.883,3.552,0,0.0,0.0992,0.003932,8.164,0,0
S012,29,S012_029.wav,S012_029_mel.npy,සර්පයා මහා විශාලෙට කට ඇරියා,සල්පයාම විශාල විශාලයක්ට කට ඇරියා,0.6,0.3478,1,2,short,6.805,4.629,5,0.365,0.1094,0.003111,4.968,0,0
S012,30,S012_030.wav,S012_030_mel.npy,ටිකක් හිතලා බලන්නකෝ,ටිකක් ඉතලා බලන්නකෝ.,0.3333,0.1176,1,1,short,2.261,2.048,0,0.0,0.0896,0.00348,8.301,0,0
S012,31,S012_031.wav,S012_031_mel.npy,තනියෙන් ලියන්න,තානී එයන්න ලියන්න,1.0,0.3846,2,2,short,2.837,2.08,1,0.32,0.0845,0.004314,6.25,0,0
S012,32,S012_032.wav,S012_032_mel.npy,පස්වැනි ගුණාංගය,රැසුණි ගුණාංගය,0.5,0.3571,2,2,short,2.325,1.76,0,0.0,0.0974,0.00442,7.955,0,0
S012,33,S012_033.wav,S012_033_mel.npy,බරණැස් නුවර සිටුවරයෙක් වාසය කළේය,බරන ඇස්ට් මුවර සිටුත් එක් වාසය කළා ය.,1.0,0.3214,1,2,short,4.459,3.691,2,0.208,0.1092,0.006539,7.587,0,0
S012,34,S012_034.wav,S012_034_mel.npy,නායකතුමා මෙසේ පිළිතුරු දුන්නේය,නා එක්ක සිතුතුමා මෙසේ බිල්ධ දුන්නක්,1.0,0.5556,2,2,short,2.944,2.752,0,0.0,0.088,0.004429,9.811,0,0
S012,35,S012_035.wav,S012_035_mel.npy,තේරවිලි වර්ග කිහිපයක් තිබේ,තේරිවා උග කීපයා තිබේ.,0.75,0.4348,2,2,short,2.709,2.208,1,0.224,0.0837,0.008681,10.417,0,0
S012,36,S012_036.wav,S012_036_mel.npy,අපේ සීයා කතන්දර කීමට සමතෙකි,අපේ සියා කතනර කීමට සමතෙකි.,0.4,0.1304,1,1,short,3.712,3.264,1,0.32,0.1058,0.004498,7.047,0,0
S012,37,S012_037.wav,S012_037_mel.npy,මේ අය අතරමගදී අම්බලමක නතර වුණා,මේ අයා අතරම දීප අම්බරමක් අතර වුණා,0.8333,0.24,1,2,long,5.419,4.512,1,0.384,0.0924,0.005096,5.541,0,1
S012,38,S012_038.wav,S012_038_mel.npy,හරි අපූරු කතාවක්,අරිම පුදුම කථාවා,1.0,0.5,2,2,short,1.984,1.792,0,0.0,0.0984,0.00537,7.812,0,0
S012,39,S012_039.wav,S012_039_mel.npy,කටුස්සාගේ කරේ රත්තරන් බැන්දා වගෙයි,කටුසාගේ කරේ රතරම් බැන්දා වගේ,0.6,0.2667,1,2,short,3.115,2.752,0,0.0,0.0864,0.004434,10.901,0,0
S012,40,S012_040.wav,S012_040_mel.npy,මුල් ගුරුතුමා කීවේය,මුල් කගුරුතුමා කීවේය.,0.3333,0.0588,0,1,short,2.709,2.101,0,0.0,0.083,0.003271,8.09,0,0
S012,41,S012_041.wav,S012_041_mel.npy,අද පුස්තකාල පන්තියක් කරමු,අද පුත්තකාලය පනාන්තීය හම්බරයට ප්‍රමු,1.0,0.6364,2,2,short,5.419,3.84,3,0.448,0.0825,0.003036,5.729,0,0
S012,42,S012_042.wav,S012_042_mel.npy,මම ගල්පරයක ඇලී ජීවත් වුනෙමි,මම ගල් පරයා බා ඇලීව ජීවත් උනෙම්මි.,1.0,0.3478,1,2,short,5.653,4.64,2,0.288,0.0858,0.003252,4.957,0,0
S012,43,S012_043.wav,S012_043_mel.npy,බෙලි කටුව කතා කරයි,බෙලි කටුව කතා කරයි,0.0,0.0,0,0,short,2.987,2.528,1,0.224,0.0823,0.0069,5.934,0,0
S012,44,S012_044.wav,S012_044_mel.npy,සති අන්තේ නිවාඩුවට බිංදුලා ගමේ ගියා,සතිය අන්තයේ නිවාඩුව දුබීන් දුලාගමේ ගියා,0.8333,0.2333,1,2,long,6.037,5.472,1,0.448,0.0889,0.002061,5.482,0,1
S012,45,S012_045.wav,S012_045_mel.npy,මොනවාද ඒවායේ නම්,මොනවාජ ඒ වයේ නම,1.0,0.2143,1,2,short,3.136,2.528,1,0.352,0.085,0.003114,5.538,0,0
S012,46,S012_046.wav,S012_046_mel.npy,නංගි උත්තර දුන්නා,නංගේ උත්තර දුන්නා,0.3333,0.0667,0,1,short,1.813,1.568,0,0.0,0.0727,0.007431,9.566,0,0
S012,47,S012_047.wav,S012_047_mel.npy,පාර කියන අත්තම්මා,ආරකී යන්න අතන්න,1.0,0.6,2,2,short,1.813,1.632,0,0.0,0.0724,0.006882,9.191,0,0
S012,48,S012_048.wav,S012_048_mel.npy,ඇයගේ කැපවීම පුදුමාකාරය,ඇයගේ කැප්පවීම් පුර්තුමකාරයෝ,0.6667,0.4,2,2,short,5.013,4.256,1,0.288,0.075,0.005272,4.699,0,0
S012,49,S012_049.wav,S012_049_mel.npy,මිනිසාගේ පරම යුතුකම මිනිසාට සේවය කිරීම,මිනිසාගේ පාම බිර්තුකම් මින්සට දේවේ පිහිමෙක්,0.8333,0.4848,2,2,long,8.512,7.296,2,0.288,0.0792,0.002161,4.523,0,1
S012,50,S012_050.wav,S012_050_mel.npy,අපි මේ වන විට පැය දොළහක් වැඩ කර පැය දොළහක් විවේක ගත්තා,අපි මේ වන විට පැය දොලහ ඔක් වැඩ කරයි පැය දොලහ පිවේග ගත්තේ ගතා,0.5833,0.2326,1,2,long,9.131,7.136,5,0.326,0.0808,0.002964,6.026,0,1
S012,51,S012_051.wav,S012_051_mel.npy,අප කවුරුත් පුදුමයට පත්කරමින් ඈට පණ ආවා,අපි කරුහොත් පුළුමට පත් කරමින් ඇට පත්නාව,1.0,0.3438,1,2,long,7.445,5.856,4,0.288,0.0895,0.005459,5.464,0,1
S012,52,S012_052.wav,S012_052_mel.npy,සුගන්ධවත් පුෂ්පයෝ අපගේ සොහොයුරියෝය,සුගන්ධවල් පුෂ්පයෝ අපගේ සහෝ සහෝරෝය,0.75,0.2581,1,2,short,8.277,6.421,2,0.864,0.1336,0.004855,4.828,0,0
S012,53,S012_053.wav,S012_053_mel.npy,ගංගාවෝ අපගේ සොහොයුරෝ වෙති,ගංගන් මානවා අප ග්‍රේ ව සමෝදරයව මැති,1.0,0.7727,2,2,short,4.907,3.712,2,0.464,0.083,0.004346,5.927,0,0
S012,54,S012_054.wav,S012_054_mel.npy,නංගී මට නොදී කිසිවක් නොකනවා ඇතැයි මට සිතේ,නගි මට නොදී කිස්වනොකනවා ඇතැම් මට සිටේ,0.625,0.2353,1,2,long,7.211,5.44,5,0.294,0.0971,0.005197,6.25,0,1
S012,55,S012_055.wav,S012_055_mel.npy,නංගි උදේ පාන්දරින්ම නැගිටියි,නංගී උදේ පාන්දරින්ම නැවිති.,0.5,0.2,1,2,short,2.283,2.144,0,0.0,0.075,0.003217,11.66,0,0
S012,56,S012_056.wav,S012_056_mel.npy,ඈ මා ගෙදර යන විට අසනු ඇත,ඈමා ගෙදරේ අනවිට ආසනු ඇත.,0.8571,0.1667,1,2,long,4.672,4.064,2,0.256,0.1192,0.004662,4.429,0,1
S012,57,S012_057.wav,S012_057_mel.npy,ගොවිතැන සඳහා භාවිත වන උපකරණ එකින් එක විස්තර කරද්දී ළමයි සාවධානව අසා සිටියහ,ගොවිතන් සඳහාභා අනුභග්‍රණ එකින් එක විස්තර කරදී ළමයින් සාවදන් යාසා සිටියහ.,0.6923,0.2903,1,2,long,10.603,9.344,2,0.432,0.1033,0.003769,6.635,0,1
S012,58,S012_058.wav,S012_058_mel.npy,ළමයි පොල්තෙල් හිඳීමට භාවිත කරන සෙක්කුව අසලට රැස් වූහ,ළමයි පෝල් තෙල් අඳීමට බවතා කරම ශේකු අස රැස්වූව,0.8889,0.3409,1,2,long,10.283,8.768,3,0.341,0.097,0.004153,5.018,0,1
S012,59,S012_059.wav,S012_059_mel.npy,ඒ ගොල්ලන්ට අලුත් ක්‍රමයක් හොයා ගන්න වෙනවා,ඒ ගොල්ලන්ට ආල්ලු උත්ර්මයා කොයා ගන්න වෙනවා.,0.4286,0.2857,1,2,long,5.397,4.405,2,0.384,0.0869,0.004251,7.945,0,1
S012,60,S012_060.wav,S012_060_mel.npy,බොහෝ දෙනෙක් මම එනතුරු බලා ගෙන හිටියා,බොහෝ බොහෝ දෙනය මම එනතුරු බලාගෙන හිටියා,0.5714,0.2333,1,2,long,6.592,5.344,2,0.544,0.0887,0.004812,5.614,0,1
S012,61,S012_061.wav,S012_061_mel.npy,මට ආරංචි වුණා රජතුමාගේ ගුහාව ළඟ අනතුරක් කියලා,මට ආරංචි වුමා රජුමාගේ ගුව ගළඟ ආනතුරක් කියලා,0.625,0.1579,1,2,long,7.616,6.784,1,0.352,0.0926,0.006977,5.601,0,1
S012,62,S012_062.wav,S012_062_mel.npy,පැය අටකට පසු ඔවුන්ට පියාපත් සලන හඬක් ඇසිණි,ඇයකොට ඇය අටකට පසු ඔවුන්ට පියාපත්සල සහ ඇඩයක්ස ඇසීනි,0.75,0.3429,1,2,long,11.264,8.096,6,0.427,0.1249,0.005492,4.323,0,1
S012,63,S012_063.wav,S012_063_mel.npy,මිනිසුන් ගැන විස්තර දැනගන්න බොහෝ ක්‍රම තියෙනවා,මිනිස්සුන් ගැන විතරද් දැන ගන්න බොහොම ක්‍රම තියනවා.,0.8571,0.225,1,2,long,6.741,5.589,2,0.272,0.1084,0.003583,7.156,0,1
S012,64,S012_064.wav,S012_064_mel.npy,ඔබට දින හතරක් දෙමි,මට දිනා අතරද් දෙමි.,0.75,0.3333,1,2,short,1.941,1.76,0,0.0,0.0728,0.003486,8.523,0,0
S012,65,S012_065.wav,S012_065_mel.npy,ඇදුරුතුමා බෙහෙවින් සතුටට පත් විය,අන්දූරු තුමා බේමින් සතුත්පතුව උයුණ,1.0,0.5,2,2,short,6.741,5.44,3,0.277,0.0853,0.003426,5.147,0,0
S012,66,S012_066.wav,S012_066_mel.npy,ඔබට පේන්නේ කුමක්දැයි මම ඇසුවෙමි,ඔබට පෙරෙන්නය මක් දැයි මන් මම ඇසුවෙමි.,0.8,0.3333,1,2,short,6.272,5.216,3,0.299,0.0908,0.002927,5.176,0,0
S012,67,S012_067.wav,S012_067_mel.npy,මෙතැන තමයි හොඳම තැන,එතරම් තම හොඳත්මත් තැන,0.75,0.6875,2,2,short,3.008,2.592,0,0.0,0.0794,0.006406,6.173,0,0
S012,68,S012_068.wav,S012_068_mel.npy,ඇය කාචය සකස් කර නැවත බැලූවාය,ඇයි කාචය සකස් එර නැවත බැලු ආය,0.6667,0.2174,1,2,long,5.333,4.437,2,0.448,0.1436,0.002352,5.183,0,1
S013,1,S013_001.wav,S013_001_mel.npy,යාළුවෝ හැමදෙනාම නිදහස් උත්සවය බැලුවා,ඊයාලුවෝ හැමදෙනාමනි දහස් උස්වේ බැලුවා,0.8,0.125,1,2,short,3.328,3.008,0,0.0,0.1128,0.003639,10.638,2,0
S013,2,S013_002.wav,S013_002_mel.npy,කවිඳු යාළුවොත් එක්ක මිදුලේ සෙල්ලම් කරමින් සිටියා,කවිදුයා ලුවත් එක විදුලේ සැල්ලන් කරමින් සිටියා,0.7143,0.1667,1,2,long,3.712,3.456,0,0.0,0.1084,0.003091,12.153,2,1
S013,3,S013_003.wav,S013_003_mel.npy,අපේ රටේ නිදහස් උත්සවය,අපේ රටේ නිදහත් උත්සවය,0.25,0.0556,0,1,short,2.539,2.08,0,0.0,0.1221,0.005981,8.654,2,0
S013,4,S013_004.wav,S013_004_mel.npy,මම කෝෂය ඇතුලේ සති දෙකක් විතර හිටියා,මම කෝෂ ඇතුලේ සති දෙකකිත්‍ර හිටියක්,0.5714,0.2414,1,2,long,4.053,3.488,0,0.0,0.1166,0.004636,8.314,2,1
S013,5,S013_005.wav,S013_005_mel.npy,පොත් කියවීමෙන් මිනිසා සම්පූර්ණ වේ,පොතිය වීමෙන් මිනිසා සම්පූර්ණ වේ.,0.4,0.069,0,1,short,3.243,2.88,0,0.0,0.1152,0.005055,10.069,2,0
S013,6,S013_006.wav,S013_006_mel.npy,මුහුද හරිම ලස්සනයි,මුහු දහරීම ලස්සනයි.,0.6667,0.0625,0,2,short,2.283,1.952,0,0.0,0.1264,0.006112,8.197,2,0
S013,7,S013_007.wav,S013_007_mel.npy,හැමෝම එකට අත් අල්ලා ගන්න,හැමෝම එකට අත්අල්ලා ගන්න,0.4,0.0,0,1,short,2.731,2.272,0,0.0,0.1005,0.002696,8.803,2,0
S013,8,S013_008.wav,S013_008_mel.npy,මම එහෙනම් නාගෙන එන්නම්,මම එහෙනා නාගෙනෙන්නම්,0.75,0.1579,1,2,short,3.264,2.368,1,0.224,0.1104,0.003569,8.024,2,0
S013,9,S013_009.wav,S013_009_mel.npy,අපි අද පොල් කැඩුවා,අපි අද පොල් කැඩුව,0.25,0.0667,0,1,short,2.539,1.963,0,0.0,0.0942,0.003723,7.643,2,0
S013,10,S013_010.wav,S013_010_mel.npy,"ඇයි හිනා වෙන්නේ, මට රජ වෙන්න බැරිද",ඇයි හිනා වෙන්නේ මට රජ් වෙන්න බෑරිද,0.2857,0.0741,0,1,long,4.459,3.776,1,0.224,0.1165,0.00291,7.415,2,1
S013,11,S013_011.wav,S013_011_mel.npy,දුව සටහන් පොතේ මොනවාද ලියා ගත්තේ,දුව සටහන් පොතේ මනාද රියා ගත්තෙ,0.5,0.1481,1,2,long,2.795,2.592,0,0.0,0.1246,0.00267,10.417,2,1
S013,12,S013_012.wav,S013_012_mel.npy,ඉතින් මෙච්චර පරක්කු වුනේ ඇයි,ඉතින් මේ චර පරක්කු නේ ඇයි,0.6,0.2083,1,2,short,2.304,2.048,0,0.0,0.119,0.004301,11.719,2,0
S013,13,S013_013.wav,S013_013_mel.npy,දවසක් අම්මා අශ්ව පැටියාගෙන් උදව්වක් ඉල්ලුවා,දවසකමා අශ්ව පැටියාගෙන් උදවුව කිල්ලුව,0.6667,0.2105,1,2,long,4.075,3.488,0,0.0,0.112,0.002469,10.894,2,1
S013,14,S013_014.wav,S013_014_mel.npy,ඔය ගඟ හරි ගැඹුරුයි,ඔය ගග හරි ගැබුරුයි,0.5,0.1333,1,2,short,2.667,1.835,1,0.352,0.092,0.003273,8.176,2,0
S013,15,S013_015.wav,S013_015_mel.npy,අශ්ව පැටියා ඉක්මනින් ගෙදර එනවා දැකලා අම්මා පුදුම වුනා,අශ්ව පැටි යා ඉක්ම නිගෙතර එනවා දැකලා අමාපුතුමුනා,0.7778,0.1556,1,2,long,4.48,4.352,0,0.0,0.1212,0.001777,10.34,2,1
S013,16,S013_016.wav,S013_016_mel.npy,"සිටුතුමනි, අපට අනුකම්පා කරනු මැනවි",සිට තුමනි අප අනු ගම්පා කරන්න කරනුමනවි,1.0,0.3103,1,2,short,6.123,4.64,3,0.427,0.1035,0.003546,6.466,2,0
S013,17,S013_017.wav,S013_017_mel.npy,බරෙන් වැඩි වන්නේ ගසක මුල කොටසද,බරෙන් වැඩි වන්නේ ගසක මුල කොටසද?,0.0,0.0,0,0,long,3.584,3.424,0,0.0,0.124,0.002715,7.301,2,1
S013,18,S013_018.wav,S013_018_mel.npy,රයිට් සහෝදරයන්ගේ පියා ඔවුන් පුංචිකාලයේ දී කඩදාසි සහ රබර් පටිවලින් සෙල්ලම් අහස් යානා තනා දුන්නේය,රෛට් සහෝදහරයින්ගේ පියා ඔහුඩ බුච්චි කාලයේදී කටද ඇසි රබර් පටි වැලිසිල්ලන් වහසියාන තන දුන්නේ ප්ත්නා,0.8667,0.358,2,2,long,9.643,8.619,2,0.256,0.1101,0.002502,9.398,2,1
S013,19,S013_019.wav,S013_019_mel.npy,පසු කලෙක ඔවුහු බයිසිකල් වැඩ වැඩපොළක් ඇරඹූහ,වසු කාලෙක කාලලක ඔහු බසිකැල් වැඩ බොලක් ඇරඹූහ.,0.8571,0.4167,2,2,long,5.803,5.216,2,0.24,0.0914,0.002982,6.902,2,1
S013,20,S013_020.wav,S013_020_mel.npy,දැන් හැමෝම වාඩිවෙන්න,දැන්හැ මුමවාඩිවෙන්න,1.0,0.0556,0,2,short,1.941,1.845,0,0.0,0.0876,0.004055,9.754,2,0
S013,21,S013_021.wav,S013_021_mel.npy,අපි ඊළඟ දවසේ තවත් සෙල්ලමක් කරමු,අපි ලග දවසේ තවා සෙල්ලමක් කරමු,0.3333,0.1538,1,1,long,2.923,2.784,0,0.0,0.1013,0.003548,9.339,2,1
S013,22,S013_022.wav,S013_022_mel.npy,මේ සිහින අප නින්දේ දී දකින සිහින නම් නොවේ,මේ සිහිනක් විනින්දේදී දකින සිහිනනම් නොවේ.,0.6667,0.1212,1,2,long,4.992,4.224,1,0.32,0.1072,0.001778,7.812,2,1
S013,23,S013_023.wav,S013_023_mel.npy,ඇගේ ගම ගිංතොට ය,ඇගේ ගම් ගින් තොටය.,0.75,0.25,1,2,short,2.517,2.165,1,0.352,0.1078,0.002017,5.542,2,0
S013,24,S013_024.wav,S013_024_mel.npy,මේ පුංචි දැරිය ඇගේ ප්‍රියතම වැඩිහිටි නෑදෑයා ගැන පසු කලෙක එසේ කීවාය,මේ පුංචි දරියා ඇගේ ප්‍රියත වැඩිහිටි නෑදෑයා ගෙන පසු කලෙක්ක එසේ කීවාය.,0.3333,0.1091,1,1,long,8.811,7.435,2,0.56,0.1285,0.002443,7.398,2,1
S013,25,S013_025.wav,S013_025_mel.npy,පින්තූර මගින් කතා කීම ඈත කාලයේ සිට පැවත එන ක්‍රමයකි,පින්තූර මගින් කතා කීම ඇහැත්කාලයේ සිට පැවෙත් එම ක්‍රමයකි.,0.4,0.1667,1,1,long,5.867,5.003,2,0.24,0.1148,0.003517,8.395,2,1
S013,26,S013_026.wav,S013_026_mel.npy,මකුළුවා තණ බිස්සේ හැංගුනා,මකුළුවා තන බිස්සේ හැංගුණා.,0.0,0.0,0,0,short,3.072,2.784,0,0.0,0.1642,0.003669,7.902,2,0
S013,27,S013_027.wav,S013_027_mel.npy,එළියේ ලස්සන ගැහැණු ළමයෙක් හිටගෙන හිටියා,එළිය ලස්සන ගෑන්න ලමේ කිටියා,0.8333,0.4412,2,2,long,3.072,2.56,0,0.0,0.1295,0.00441,13.281,2,1
S013,28,S013_028.wav,S013_028_mel.npy,අතරමගදී ඉතාම භයානක දෙයක් සිදුවුණා,අතර මග දීතාම බයානෙකදයක් සිදුවුණා,0.8,0.1034,1,2,short,3.819,3.584,0,0.0,0.1067,0.002824,8.092,2,0
S013,29,S013_029.wav,S013_029_mel.npy,සර්පයා මහා විශාලෙට කට ඇරියා,සත්පය මහ විෂල්ල ටකට ඇරියා,0.8,0.2609,1,2,short,3.861,2.944,1,0.672,0.1317,0.003237,7.812,2,0
S013,30,S013_030.wav,S013_030_mel.npy,ටිකක් හිතලා බලන්නකෝ,ටික හිතලා බලන්නකො,0.6667,0.1765,1,2,short,2.453,2.144,1,0.192,0.1021,0.004795,7.929,2,0
S013,31,S013_031.wav,S013_031_mel.npy,තනියෙන් ලියන්න,තනිඇලි යන්න,1.0,0.3077,1,2,short,1.28,1.152,0,0.0,0.1125,0.004973,11.285,2,0
S013,32,S013_032.wav,S013_032_mel.npy,පස්වැනි ගුණාංගය,පස්සිනි කුණාංගය.,1.0,0.2143,1,2,short,1.536,1.472,0,0.0,0.1197,0.004069,9.511,2,0
S013,33,S013_033.wav,S013_033_mel.npy,බරණැස් නුවර සිටුවරයෙක් වාසය කළේය,බරනස් නුවර සිටුවරය වාසය කළේය.,0.4,0.1429,1,1,short,5.547,4.448,2,0.528,0.1507,0.003994,6.295,2,0
S013,34,S013_034.wav,S013_034_mel.npy,නායකතුමා මෙසේ පිළිතුරු දුන්නේය,නා එක සිතුමා මෙසේ පිළිතුරු දුන්නේ,1.0,0.1481,1,2,short,2.944,2.848,0,0.0,0.123,0.005502,9.48,2,0
S013,35,S013_035.wav,S013_035_mel.npy,තේරවිලි වර්ග කිහිපයක් තිබේ,තේරෙවිලි වර්ගේ කිහිපයක් තිබේ.,0.5,0.087,0,2,short,2.944,2.592,1,0.288,0.1062,0.00294,8.873,2,0
S013,36,S013_036.wav,S013_036_mel.npy,අපේ සීයා කතන්දර කීමට සමතෙකි,අපේ සීයා කතන්දර ගීමට සමතෙකි,0.2,0.0435,0,1,short,4.267,3.456,1,0.64,0.1246,0.002946,6.655,2,0
S013,37,S013_037.wav,S013_037_mel.npy,මේ අය අතරමගදී අම්බලමක නතර වුණා,මේ අය අතර්මගදී අම්බලමගන අතර වුනා.,0.5,0.12,1,2,long,3.947,3.232,1,0.256,0.135,0.0042,7.735,2,1
S013,38,S013_038.wav,S013_038_mel.npy,හරි අපූරු කතාවක්,හදී අපූරු කතාව,0.6667,0.2857,1,2,short,1.6,1.376,0,0.0,0.0885,0.004882,10.174,2,0
S013,39,S013_039.wav,S013_039_mel.npy,කටුස්සාගේ කරේ රත්තරන් බැන්දා වගෙයි,කටුස්සාගෙකරේ රතනම් බැන්ද වගේ,1.0,0.3,1,2,short,3.349,3.04,0,0.0,0.178,0.002904,9.868,2,0
S013,40,S013_040.wav,S013_040_mel.npy,මුල් ගුරුතුමා කීවේය,මුල් ගුරුත්තුමා කීවාය කීවේ,1.0,0.4118,2,2,short,3.669,3.232,2,0.208,0.1091,0.005773,5.26,2,0
S013,41,S013_041.wav,S013_041_mel.npy,අද පුස්තකාල පන්තියක් කරමු,අද පුස්ත කාලප්ප්ප්ප්පාන්තියක්කරමු,0.75,0.4091,2,2,short,3.733,3.008,1,0.32,0.0956,0.004291,7.314,2,0
S013,42,S013_042.wav,S013_042_mel.npy,මම ගල්පරයක ඇලී ජීවත් වුනෙමි,මම ගල් පරය කෑලි ජීවත් වුනෙමි.,0.6,0.087,0,2,short,4.587,3.872,2,0.208,0.1198,0.004504,5.94,2,0
S013,43,S013_043.wav,S013_043_mel.npy,බෙලි කටුව කතා කරයි,බෙලි කටුව ඉතා කරයි,0.25,0.0667,0,1,short,2.667,2.219,1,0.16,0.0989,0.004598,6.761,2,0
S013,44,S013_044.wav,S013_044_mel.npy,සති අන්තේ නිවාඩුවට බිංදුලා ගමේ ගියා,සතියාන්තයෙනිවාඩු වින්දුලාගමේ හිටියා,1.0,0.3667,2,2,long,4.672,3.904,1,0.512,0.1304,0.004443,7.684,2,1
S013,45,S013_045.wav,S013_045_mel.npy,මොනවාද ඒවායේ නම්,මොනව දේවායෙනම්,1.0,0.2143,1,2,short,2.048,1.856,0,0.0,0.1069,0.003768,7.543,2,0
S013,46,S013_046.wav,S013_046_mel.npy,නංගි උත්තර දුන්නා,නංගේ යුත්තට දුන්නා.,0.6667,0.2667,1,2,short,1.536,1.472,0,0.0,0.1091,0.004078,10.19,2,0
S013,47,S013_047.wav,S013_047_mel.npy,පාර කියන අත්තම්මා,පාර කියන අත්තම්මා,0.0,0.0,0,0,short,1.6,1.472,0,0.0,0.099,0.006394,10.19,2,0
S013,48,S013_048.wav,S013_048_mel.npy,ඇයගේ කැපවීම පුදුමාකාරය,ඇයගේ කැපවීම පුදුමාකාරයි.,0.3333,0.05,0,1,short,3.797,2.933,2,0.4,0.119,0.003721,6.818,2,0
S013,49,S013_049.wav,S013_049_mel.npy,මිනිසාගේ පරම යුතුකම මිනිසාට සේවය කිරීම,මිනිසාග්‍යේ පරම යුතුකම මිනිසාට සේවය කිරීමා,0.3333,0.1212,1,1,long,4.8,4.064,1,0.64,0.1356,0.002633,8.12,2,1
S013,50,S013_050.wav,S013_050_mel.npy,අපි මේ වන විට පැය දොළහක් වැඩ කර පැය දොළහක් විවේක ගත්තා,අපි මේ නැවිට පැය දොළහක් කඩ කර පැය දොළහක් විවේක ගත්තා,0.25,0.093,0,1,long,5.867,4.811,2,0.496,0.1164,0.004612,8.938,2,1
S013,51,S013_051.wav,S013_051_mel.npy,අප කවුරුත් පුදුමයට පත්කරමින් ඈට පණ ආවා,අපැකා උරුත් උදුමයට පක් කරමින් ඈට පනාව,1.0,0.25,1,2,long,5.12,4.288,2,0.352,0.1221,0.001934,7.463,2,1
S013,52,S013_052.wav,S013_052_mel.npy,සුගන්ධවත් පුෂ්පයෝ අපගේ සොහොයුරියෝය,සුගන්ධවත් උෂ්පය අපගේ සහොයුරු යව,0.75,0.2258,1,2,short,2.795,2.496,0,0.0,0.1195,0.004421,12.42,2,0
S013,53,S013_053.wav,S013_053_mel.npy,ගංගාවෝ අපගේ සොහොයුරෝ වෙති,ගංගාවෝ අපගේ සහෝ යුරොය වැති,0.75,0.2273,1,2,short,5.547,4.747,2,0.384,0.1097,0.003286,4.635,2,0
S013,54,S013_054.wav,S013_054_mel.npy,නංගී මට නොදී කිසිවක් නොකනවා ඇතැයි මට සිතේ,නගේ මට නොදී කිසිවට නොක්කරනවා ඇතැයි මට සිතේ,0.375,0.2059,1,1,long,6.272,5.76,1,0.288,0.1247,0.003189,5.903,2,1
S013,55,S013_055.wav,S013_055_mel.npy,නංගි උදේ පාන්දරින්ම නැගිටියි,නංගි උදේපාන්දරිමණයකිටි,0.75,0.24,1,2,short,2.453,2.112,0,0.0,0.1168,0.003807,11.837,2,0
S013,56,S013_056.wav,S013_056_mel.npy,ඈ මා ගෙදර යන විට අසනු ඇත,ඈමා ගෙදරෙන්ව විට අසුන අසුනු ඇත.,0.8571,0.4444,2,2,long,4.523,3.819,1,0.256,0.1473,0.001788,4.714,2,1
S013,57,S013_057.wav,S013_057_mel.npy,ගොවිතැන සඳහා භාවිත වන උපකරණ එකින් එක විස්තර කරද්දී ළමයි සාවධානව අසා සිටියහ,ගොවිතන සදහා භාවිතාව රූපකරණයකින් කවිස්තර කරද්දී ළමයි සාවධානයව අසා සිටියහ.,0.6923,0.129,1,2,long,10.069,8.384,2,0.688,0.1346,0.003158,7.395,2,1
S013,58,S013_058.wav,S013_058_mel.npy,ළමයි පොල්තෙල් හිඳීමට භාවිත කරන සෙක්කුව අසලට රැස් වූහ,ළමයි පොල් තෙල් චිදීමිට භාවිතා ග්‍රනසේ කුවසල තැස්වූහ.,0.8889,0.2955,1,2,long,5.419,4.576,2,0.352,0.1297,0.004119,9.615,2,1
S013,59,S013_059.wav,S013_059_mel.npy,ඒ ගොල්ලන්ට අලුත් ක්‍රමයක් හොයා ගන්න වෙනවා,ඒ ගොල්ලන්ට අලුත්‍රමය හොයා ගන්න වෙනවා,0.2857,0.1143,1,1,long,6.187,4.555,3,0.48,0.114,0.003733,7.684,2,1
S013,60,S013_060.wav,S013_060_mel.npy,බොහෝ දෙනෙක් මම එනතුරු බලා ගෙන හිටියා,බොහෝ දෙය දෙනෙක් මම එන තුරු බලා ගැන හිටියා,0.5714,0.1333,1,2,long,4.352,4.128,0,0.0,0.134,0.003704,7.267,2,1
S013,61,S013_061.wav,S013_061_mel.npy,මට ආරංචි වුණා රජතුමාගේ ගුහාව ළඟ අනතුරක් කියලා,මටා රංචි උනා රජත් මාගේගු හවල ගනතුරක් කියලා.,0.875,0.1842,1,2,long,4.523,4.235,0,0.0,0.126,0.002622,8.974,2,1
S013,62,S013_062.wav,S013_062_mel.npy,පැය අටකට පසු ඔවුන්ට පියාපත් සලන හඬක් ඇසිණි,අඩකට පසු ඔන්ට පියාපත් සලනට සලන හඬක් ඇසිනි,0.5,0.2857,1,2,long,7.467,6.144,4,0.312,0.1585,0.002606,5.697,2,1
S013,63,S013_063.wav,S013_063_mel.npy,මිනිසුන් ගැන විස්තර දැනගන්න බොහෝ ක්‍රම තියෙනවා,මෙනිසුන් ගැන විස්තර දැනගන්නබ හෝ ක්‍රම තියනවා,0.5714,0.075,0,2,long,3.541,3.381,0,0.0,0.1299,0.002296,11.83,2,1
S013,64,S013_064.wav,S013_064_mel.npy,ඔබට දින හතරක් දෙමි,අබට දිනහතර් දෙමි,0.75,0.1333,1,2,short,2.069,1.845,1,0.224,0.1038,0.005772,8.128,2,0
S013,65,S013_065.wav,S013_065_mel.npy,ඇදුරුතුමා බෙහෙවින් සතුටට පත් විය,ඇඳුරුත්තුමා බෙහෙවින් සතුරු පත් සතුරද පත්තිය,0.8,0.5,2,2,short,4.949,4.256,2,0.24,0.1138,0.001735,6.579,2,0
S013,66,S013_066.wav,S013_066_mel.npy,ඔබට පේන්නේ කුමක්දැයි මම ඇසුවෙමි,ඔබට පේන්නේ කුමක් දැයි මම ඇසුවෙමි.,0.4,0.0,0,1,short,2.667,2.496,0,0.0,0.1146,0.005049,10.817,2,0
S013,67,S013_067.wav,S013_067_mel.npy,මෙතැන තමයි හොඳම තැන,මෙතෙන තමා ඉහොඳුමෙතෙන,1.0,0.375,2,2,short,1.749,1.653,0,0.0,0.0937,0.002018,9.677,2,0
S013,68,S013_068.wav,S013_068_mel.npy,ඇය කාචය සකස් කර නැවත බැලූවාය,ඇය කාචිය සකස්තර නැවත බැලුවයි.,0.6667,0.2174,1,2,long,3.264,2.944,1,0.192,0.1376,0.003724,7.812,2,1
S014,1,S014_001.wav,S014_001_mel.npy,යාළුවෝ හැමදෙනාම නිදහස් උත්සවය බැලුවා,යාළු හැත්තේ නාම නිදහස් උත්සවය බැලුවක්,0.8,0.25,1,2,short,3.648,2.976,1,0.16,0.1041,0.004702,10.753,2,0
S014,2,S014_002.wav,S014_002_mel.npy,කවිඳු යාළුවොත් එක්ක මිදුලේ සෙල්ලම් කරමින් සිටියා,කවිදුයා ලුවොත් එකකමි දුළේසෙල්ලක් කරන්තිය.,1.0,0.2143,1,2,long,3.947,3.52,0,0.0,0.1195,0.004196,11.932,2,1
S014,3,S014_003.wav,S014_003_mel.npy,අපේ රටේ නිදහස් උත්සවය,අපේ රටේ නිදහ්කොවේ,0.5,0.3333,1,2,short,2.069,1.632,1,0.192,0.1068,0.004567,11.029,2,0
S014,4,S014_004.wav,S014_004_mel.npy,මම කෝෂය ඇතුලේ සති දෙකක් විතර හිටියා,මම කෝසය ඇතුරේ සති දෙකක්තර ඉතියක්,0.7143,0.3103,1,2,long,3.648,2.816,2,0.384,0.1636,0.003768,10.298,2,1
S014,5,S014_005.wav,S014_005_mel.npy,පොත් කියවීමෙන් මිනිසා සම්පූර්ණ වේ,පොත්ගෙවීමෙන් විනිසා සපූත් නැවේ,1.0,0.2759,1,2,short,2.816,2.56,0,0.0,0.1478,0.003696,11.328,2,0
S014,6,S014_006.wav,S014_006_mel.npy,මුහුද හරිම ලස්සනයි,මෝද හරින් මනස්වයි.,1.0,0.5,2,2,short,1.6,1.408,0,0.0,0.1987,0.005392,11.364,2,0
S014,7,S014_007.wav,S014_007_mel.npy,හැමෝම එකට අත් අල්ලා ගන්න,හැමෝමේකට අත්තල්ලා ගන්න,0.8,0.1,0,2,short,2.411,2.144,0,0.0,0.2017,0.002532,9.328,2,0
S014,8,S014_008.wav,S014_008_mel.npy,මම එහෙනම් නාගෙන එන්නම්,මම එහෙනම් ලාගෙන එන්නම්,0.25,0.0526,0,1,short,2.069,1.717,0,0.0,0.1319,0.002436,11.063,2,0
S014,9,S014_009.wav,S014_009_mel.npy,අපි අද පොල් කැඩුවා,අද අකි අද පොල්කඩුව,1.0,0.3333,1,2,short,2.411,1.856,1,0.32,0.1019,0.004314,8.082,2,0
S014,10,S014_010.wav,S014_010_mel.npy,"ඇයි හිනා වෙන්නේ, මට රජ වෙන්න බැරිද",ඇයි හිනාවෙන්නෙ මට රජ වෙන්නෙ බැරින්,0.5714,0.1481,1,2,long,3.2,2.56,0,0.0,0.1102,0.0047,10.938,2,1
S014,11,S014_011.wav,S014_011_mel.npy,දුව සටහන් පොතේ මොනවාද ලියා ගත්තේ,දූව සටහන් පොතේ මොනවද ලියා ගත්චෙක්,0.5,0.2222,1,2,long,3.2,3.072,0,0.0,0.1349,0.004203,8.789,2,1
S014,12,S014_012.wav,S014_012_mel.npy,ඉතින් මෙච්චර පරක්කු වුනේ ඇයි,ඉතින් මෙච්චර කරක් වුණේයි.,0.6,0.1667,1,2,short,2.453,2.133,0,0.0,0.1303,0.003696,11.25,2,0
S014,13,S014_013.wav,S014_013_mel.npy,දවසක් අම්මා අශ්ව පැටියාගෙන් උදව්වක් ඉල්ලුවා,දවසක් අම්මා අස්ස පැටියාගෙන් උදව්වක් ඉල්ලුවක්.,0.3333,0.1053,1,1,long,3.883,3.552,0,0.0,0.1209,0.003798,10.698,2,1
S014,14,S014_014.wav,S014_014_mel.npy,ඔය ගඟ හරි ගැඹුරුයි,ඔයේ ගකහරි හරි ගැබුරුයි,0.75,0.4,2,2,short,2.219,1.952,0,0.0,0.1132,0.003356,7.684,2,0
S014,15,S014_015.wav,S014_015_mel.npy,අශ්ව පැටියා ඉක්මනින් ගෙදර එනවා දැකලා අම්මා පුදුම වුනා,අශ්‍ය පැටියයි මැනින් ගෙදර එනවා තැකල අප්මා පුදුම වුණා,0.5556,0.2222,1,2,long,4.864,4.384,0,0.0,0.1314,0.003389,10.265,2,1
S014,16,S014_016.wav,S014_016_mel.npy,"සිටුතුමනි, අපට අනුකම්පා කරනු මැනවි",සිටිතුමනි අපට අනුකම්පා කරනු මැනැවි,0.4,0.069,0,1,short,3.413,2.976,1,0.256,0.1142,0.004992,10.081,2,0
S014,17,S014_017.wav,S014_017_mel.npy,බරෙන් වැඩි වන්නේ ගසක මුල කොටසද,බරෙන් වැඩි වන්නේ කසක මුල මුල කොටසද,0.3333,0.16,1,1,long,4.352,3.52,1,0.192,0.1247,0.004436,7.102,2,1
S014,18,S014_018.wav,S014_018_mel.npy,රයිට් සහෝදරයන්ගේ පියා ඔවුන් පුංචිකාලයේ දී කඩදාසි සහ රබර් පටිවලින් සෙල්ලම් අහස් යානා තනා දුන්නේය,"රයිට් සහෝදරයන්ගේ පියා උට්‍යෙප් ඔවුන් පුංචි කාලයේදී කටදාසිශා රබන් පටිවලින් සෙල්ලක් මහාශ්‍යානා තනා දුන්න, දුන්නේ.",0.7333,0.284,1,2,long,10.603,9.056,4,0.328,0.1345,0.00322,8.944,2,1
S014,19,S014_019.wav,S014_019_mel.npy,පසු කලෙක ඔවුහු බයිසිකල් වැඩ වැඩපොළක් ඇරඹූහ,පසුකාරෙක ඔහු බයිස්තර් වැඩළොලා කැරපූ,1.0,0.4444,2,2,long,3.008,2.752,0,0.0,0.1262,0.004451,13.081,2,1
S014,20,S014_020.wav,S014_020_mel.npy,දැන් හැමෝම වාඩිවෙන්න,දැන් හැමෝම වාඩිවේ.,0.3333,0.2222,1,1,short,1.6,1.472,0,0.0,0.1,0.006055,12.228,2,0
S014,21,S014_021.wav,S014_021_mel.npy,අපි ඊළඟ දවසේ තවත් සෙල්ලමක් කරමු,ඊලගදා වසතා වත්සෙල්ලම කරමු.,0.8333,0.3462,1,2,long,2.411,2.272,0,0.0,0.1312,0.004359,11.444,2,1
S014,22,S014_022.wav,S014_022_mel.npy,මේ සිහින අප නින්දේ දී දකින සිහින නම් නොවේ,මේ සිහින අප නිදේදී දකින සිහිනවම් නොවේ,0.4444,0.0909,0,2,long,4.373,3.904,1,0.224,0.1253,0.003741,8.453,2,1
S014,23,S014_023.wav,S014_023_mel.npy,ඇගේ ගම ගිංතොට ය,ඇගේ ගමහින්තත්,0.75,0.5,2,2,short,1.472,1.216,0,0.0,0.0832,0.007213,9.868,2,0
S014,24,S014_024.wav,S014_024_mel.npy,මේ පුංචි දැරිය ඇගේ ප්‍රියතම වැඩිහිටි නෑදෑයා ගැන පසු කලෙක එසේ කීවාය,මේ පුංසි දරියැ ගේ ප්‍රියතම වැඩිහිටි නෑ දෑයා ගැන පසු කාලෙක එසේ කිරිවා.,0.5833,0.1455,1,2,long,6.485,6.016,0,0.0,0.1463,0.002838,9.142,2,1
S014,25,S014_025.wav,S014_025_mel.npy,පින්තූර මගින් කතා කීම ඈත කාලයේ සිට පැවත එන ක්‍රමයකි,පින්දූර මගින් කතා කීම ඇත කාලයේස් ද පැවත එන ක්‍රමේක්ද?,0.5,0.1667,1,2,long,4.992,4.512,0,0.0,0.1268,0.007203,9.309,2,1
S014,26,S014_026.wav,S014_026_mel.npy,මකුළුවා තණ බිස්සේ හැංගුනා,මකුළුවා තන ලිස්තේ හැංගින්,0.5,0.1818,1,2,short,2.539,2.112,0,0.0,0.1224,0.006885,10.417,2,0
S014,27,S014_027.wav,S014_027_mel.npy,එළියේ ලස්සන ගැහැණු ළමයෙක් හිටගෙන හිටියා,එළියෙල අසන ගෑරු ලමයෙක් හිතෙ ගෙන හිටියා,0.8333,0.2647,1,2,long,3.285,2.752,0,0.0,0.1214,0.004454,12.355,2,1
S014,28,S014_028.wav,S014_028_mel.npy,අතරමගදී ඉතාම භයානක දෙයක් සිදුවුණා,අතර මගද ඊටාම බයානක දෙයක් සිද වුණා,1.0,0.1379,1,2,short,3.349,3.008,0,0.0,0.131,0.003843,9.641,2,0
S014,29,S014_029.wav,S014_029_mel.npy,සර්පයා මහා විශාලෙට කට ඇරියා,සර්පයා මහ විශාලයට කට පැරියා,0.6,0.1739,1,2,short,3.2,2.912,0,0.0,0.1555,0.006205,7.898,2,0
S014,30,S014_030.wav,S014_030_mel.npy,ටිකක් හිතලා බලන්නකෝ,ටිකත් හිතලා බලන්නකෝ.,0.3333,0.0588,0,1,short,1.877,1.664,0,0.0,0.1244,0.006328,10.216,2,0
S014,31,S014_031.wav,S014_031_mel.npy,තනියෙන් ලියන්න,තනියෙන් වියන්න,0.5,0.0769,0,2,short,1.685,1.216,0,0.0,0.1253,0.003883,10.691,2,0
S014,32,S014_032.wav,S014_032_mel.npy,පස්වැනි ගුණාංගය,පස්තෙනි හුනාන්ත්,1.0,0.5,2,2,short,1.387,1.12,0,0.0,0.1381,0.002757,12.5,2,0
S014,33,S014_033.wav,S014_033_mel.npy,බරණැස් නුවර සිටුවරයෙක් වාසය කළේය,බර්නැස් නුහර සිටුවරයෙක් වාසය කලීය.,0.6,0.1071,1,2,short,3.072,2.656,0,0.0,0.1252,0.004569,10.542,2,0
S014,34,S014_034.wav,S014_034_mel.npy,නායකතුමා මෙසේ පිළිතුරු දුන්නේය,නායක සිටිතුමා මෙසේ පිළිතුර දුන්නේත්,1.0,0.2593,1,2,short,3.072,2.944,0,0.0,0.1413,0.004341,9.171,2,0
S014,35,S014_035.wav,S014_035_mel.npy,තේරවිලි වර්ග කිහිපයක් තිබේ,තේරවිලි වර්ග කිහිපයක් තිබේ.,0.0,0.0,0,0,short,2.411,2.112,0,0.0,0.1448,0.004013,10.89,2,0
S014,36,S014_036.wav,S014_036_mel.npy,අපේ සීයා කතන්දර කීමට සමතෙකි,අපේ සීයා කතන්දර කීමට සමිතිකි.,0.2,0.087,0,1,short,3.264,2.816,0,0.0,0.1439,0.001866,8.168,2,0
S014,37,S014_037.wav,S014_037_mel.npy,මේ අය අතරමගදී අම්බලමක නතර වුණා,මේ අයාතර වගදී අම්බලමක නතර වුණා,0.3333,0.08,0,1,long,3.733,3.424,0,0.0,0.13,0.00276,7.301,2,1
S014,38,S014_038.wav,S014_038_mel.npy,හරි අපූරු කතාවක්,හරි අපූරු කතාවක්,0.0,0.0,0,0,short,1.536,1.408,0,0.0,0.1349,0.005754,9.943,2,0
S014,39,S014_039.wav,S014_039_mel.npy,කටුස්සාගේ කරේ රත්තරන් බැන්දා වගෙයි,කටුස්සාගේ කරේ රත්තරම් බැන්දා වගෙයි.,0.2,0.0333,0,1,short,3.051,2.763,0,0.0,0.1522,0.002776,10.859,2,0
S014,40,S014_040.wav,S014_040_mel.npy,මුල් ගුරුතුමා කීවේය,මුල්ගුරුතු හා කීවේ,1.0,0.1176,1,2,short,1.856,1.6,0,0.0,0.1314,0.003286,10.625,2,0
S014,41,S014_041.wav,S014_041_mel.npy,අද පුස්තකාල පන්තියක් කරමු,අද පුස්තකාල පංතියක් කරුමු,0.5,0.1364,1,2,short,2.197,1.888,0,0.0,0.1091,0.002322,11.653,2,0
S014,42,S014_042.wav,S014_042_mel.npy,මම ගල්පරයක ඇලී ජීවත් වුනෙමි,මම ගල් පරයක ඇලීජි ඉවත්වනමි.,0.8,0.1739,1,2,short,2.411,2.155,0,0.0,0.1286,0.00247,10.674,2,0
S014,43,S014_043.wav,S014_043_mel.npy,බෙලි කටුව කතා කරයි,මෙලිකට්ටුව කතා කරයි.,0.5,0.2,1,2,short,1.984,1.888,0,0.0,0.1052,0.003214,7.945,2,0
S014,44,S014_044.wav,S014_044_mel.npy,සති අන්තේ නිවාඩුවට බිංදුලා ගමේ ගියා,සතිය අන්දේනි වාඩුවට පින්දුලා ගමේ ගියා,0.6667,0.1667,1,2,long,3.243,3.072,0,0.0,0.1149,0.002075,9.766,2,1
S014,45,S014_045.wav,S014_045_mel.npy,මොනවාද ඒවායේ නම්,මොනවද ඒවායේ නම්,0.3333,0.0714,0,1,short,1.877,1.717,0,0.0,0.1083,0.003655,8.152,2,0
S014,46,S014_046.wav,S014_046_mel.npy,නංගි උත්තර දුන්නා,නංගී උත්තර දුන්නා,0.3333,0.0667,0,1,short,1.536,1.344,0,0.0,0.1145,0.003376,11.161,2,0
S014,47,S014_047.wav,S014_047_mel.npy,පාර කියන අත්තම්මා,පාර කියනාත් තම්මයි,0.6667,0.2,1,2,short,1.792,1.408,0,0.0,0.1213,0.006075,10.653,2,0
S014,48,S014_048.wav,S014_048_mel.npy,ඇයගේ කැපවීම පුදුමාකාරය,ඇයගේ කැපැවීම පුදුකුවාකාරය,0.6667,0.2,1,2,short,2.709,2.453,0,0.0,0.1177,0.001334,8.152,2,0
S014,49,S014_049.wav,S014_049_mel.npy,මිනිසාගේ පරම යුතුකම මිනිසාට සේවය කිරීම,මිනිසා මිනිසාදෙ පරම යුතුකව මිනිසාට සේවය කිරීන්,0.6667,0.3333,1,2,long,4.949,4.352,1,0.32,0.114,0.004089,7.583,2,1
S014,50,S014_050.wav,S014_050_mel.npy,අපි මේ වන විට පැය දොළහක් වැඩ කර පැය දොළහක් විවේක ගත්තා,මේ වන මේ අපි මේ වන විට පැය දොළහක් වැඩ කර පැය දොළහක් විවේක ගත්තක්.,0.3333,0.186,1,1,long,7.339,5.835,4,0.312,0.1247,0.0027,7.37,2,1
S014,51,S014_051.wav,S014_051_mel.npy,අප කවුරුත් පුදුමයට පත්කරමින් ඈට පණ ආවා,අප කවුරත් උදමේ පත්තරමින් ඈට පනාවක්,0.7143,0.3125,1,2,long,3.456,3.072,1,0.32,0.118,0.002726,10.417,2,1
S014,52,S014_052.wav,S014_052_mel.npy,සුගන්ධවත් පුෂ්පයෝ අපගේ සොහොයුරියෝය,සුගන්දවත් පුෂ්පයෝ අපගේ සුහුරෝයෝ සහා යුතුයෝයෝ,0.75,0.3871,2,2,short,5.269,4.192,2,0.4,0.1098,0.00566,7.395,2,0
S014,53,S014_053.wav,S014_053_mel.npy,ගංගාවෝ අපගේ සොහොයුරෝ වෙති,ගංගාවූ අපගේ සහයුරුයෝ වෙතිත්,0.75,0.3182,1,2,short,2.795,2.4,0,0.0,0.1066,0.00489,9.167,2,0
S014,54,S014_054.wav,S014_054_mel.npy,නංගී මට නොදී කිසිවක් නොකනවා ඇතැයි මට සිතේ,නංගී මට නොදී කිසිවාක් නොකන ඇතැයි මට සිතේ,0.25,0.0882,0,1,long,3.819,3.456,0,0.0,0.1587,0.002761,9.838,2,1
S014,55,S014_055.wav,S014_055_mel.npy,නංගි උදේ පාන්දරින්ම නැගිටියි,නාගේ උදේ පාන්දරින්ම නැකිටි,0.5,0.2,1,2,short,2.539,2.176,0,0.0,0.1217,0.003371,11.489,2,0
S014,56,S014_056.wav,S014_056_mel.npy,ඈ මා ගෙදර යන විට අසනු ඇත,ඈමා ගෙදර යනවිට අසනු ඇත.,0.5714,0.0,0,2,long,3.605,3.136,0,0.0,0.1616,0.003696,5.74,2,1
S014,57,S014_057.wav,S014_057_mel.npy,ගොවිතැන සඳහා භාවිත වන උපකරණ එකින් එක විස්තර කරද්දී ළමයි සාවධානව අසා සිටියහ,ගොවිතැන සදහා භාවිත වන උපකරන්න එකක් එකින් එක විස්තර කරද්ලමයි සාවර්වාවදා නොවශ් අසාසතිරෙන්,0.6154,0.3548,2,2,long,10.816,8.352,4,0.504,0.1448,0.002373,7.423,2,1
S014,58,S014_058.wav,S014_058_mel.npy,ළමයි පොල්තෙල් හිඳීමට භාවිත කරන සෙක්කුව අසලට රැස් වූහ,ලමයි පොල්තල් හිදී ලමයි පොල්තල් හිදීමට භාවිතක සේක්වු අසරට රැක් පැස්සූත්,1.0,0.6591,2,2,long,6.677,5.824,2,0.224,0.1181,0.003926,7.555,2,1
S014,59,S014_059.wav,S014_059_mel.npy,ඒ ගොල්ලන්ට අලුත් ක්‍රමයක් හොයා ගන්න වෙනවා,ඒ ගොල්ලන්ඩ අලොත්‍රමයක් ඔයා ගන්නවෙනවා.,0.8571,0.1714,1,2,long,3.541,3.2,0,0.0,0.1203,0.003897,10.938,2,1
S014,60,S014_060.wav,S014_060_mel.npy,බොහෝ දෙනෙක් මම එනතුරු බලා ගෙන හිටියා,බොහෝ දෙනෙක් මම එනතුරු බලාගෙන හිටියක්,0.4286,0.0667,0,2,long,2.944,2.848,0,0.0,0.109,0.004899,10.534,2,1
S014,61,S014_061.wav,S014_061_mel.npy,මට ආරංචි වුණා රජතුමාගේ ගුහාව ළඟ අනතුරක් කියලා,මට ආරංචි වුණා රජතුමා ගේ ගූහාව අනතුරක් කියලා.,0.375,0.0789,0,1,long,4.949,4.128,1,0.416,0.131,0.004509,9.205,2,1
S014,62,S014_062.wav,S014_062_mel.npy,පැය අටකට පසු ඔවුන්ට පියාපත් සලන හඬක් ඇසිණි,පැය අට අටතට පසුවුන් පියාපත් සරණ හඩක් ඇසනි.,0.75,0.2286,1,2,long,4.48,4.192,0,0.0,0.1347,0.004335,8.349,2,1
S014,63,S014_063.wav,S014_063_mel.npy,මිනිසුන් ගැන විස්තර දැනගන්න බොහෝ ක්‍රම තියෙනවා,මිනිස්සුන් ගැන විතරක් දැන ගන්න පොහෝ ක්‍රම තියනවා,0.8571,0.2,1,2,long,4.267,3.872,0,0.0,0.1141,0.004877,10.331,2,1
S014,64,S014_064.wav,S014_064_mel.npy,ඔබට දින හතරක් දෙමි,ඔබට දින හතරක් දෙමි,0.0,0.0,0,0,short,2.005,1.632,0,0.0,0.114,0.004528,9.191,2,0
S014,65,S014_065.wav,S014_065_mel.npy,ඇදුරුතුමා බෙහෙවින් සතුටට පත් විය,ඇදුරුතුමා හෙබැවින් සතුරුටු පත්විය.,0.8,0.2143,1,2,short,3.307,2.592,1,0.16,0.1143,0.004149,10.802,2,0
S014,66,S014_066.wav,S014_066_mel.npy,ඔබට පේන්නේ කුමක්දැයි මම ඇසුවෙමි,ඔබට බෙනෙන්නේ කුමක් යැයි දැයි මම ඇසුවෙන්,1.0,0.3704,2,2,short,4.011,3.648,0,0.0,0.1183,0.004317,7.401,2,0
S014,67,S014_067.wav,S014_067_mel.npy,මෙතැන තමයි හොඳම තැන,මෙතිනැ තමයි හොදම්ම තැනැ,0.75,0.375,2,2,short,1.877,1.568,0,0.0,0.1086,0.00373,10.204,2,0
S014,68,S014_068.wav,S014_068_mel.npy,ඇය කාචය සකස් කර නැවත බැලූවාය,නැය කාචවේ සකස් කර නැවත බැලුවායි.,0.5,0.2609,1,2,long,4.736,3.52,3,0.341,0.1778,0.004681,6.534,2,1
S015,1,S015_001.wav,S015_001_mel.npy,යාළුවෝ හැමදෙනාම නිදහස් උත්සවය බැලුවා,ලොවන් ඔහැමු තෙනාමුණි දහස් සෝය ගැලුවා,1.0,0.4375,2,2,short,3.819,3.488,0,0.0,0.1093,0.002681,9.174,2,0
S015,2,S015_002.wav,S015_002_mel.npy,කවිඳු යාළුවොත් එක්ක මිදුලේ සෙල්ලම් කරමින් සිටියා,අර්ධිවාලුවොත් එක මිදුලේ සෙල්ලන් කරමින් සිටියා,0.5714,0.2143,1,2,long,4.011,3.627,0,0.0,0.115,0.003492,11.581,2,1
S015,3,S015_003.wav,S015_003_mel.npy,අපේ රටේ නිදහස් උත්සවය,අපේ රැයි මිදහත් ඉස්සවය,0.75,0.3889,2,2,short,3.2,2.592,2,0.176,0.1273,0.004737,6.944,2,0
S015,4,S015_004.wav,S015_004_mel.npy,මම කෝෂය ඇතුලේ සති දෙකක් විතර හිටියා,මම කෝෂයේ තුළේ සත්ති දෙකක් පිතර හිටියා.,0.5714,0.1379,1,2,long,3.349,3.029,0,0.0,0.1053,0.005936,9.573,2,1
S015,5,S015_005.wav,S015_005_mel.npy,පොත් කියවීමෙන් මිනිසා සම්පූර්ණ වේ,කොත් කියමේමෙන් නිසා සංපූර්ණ වෙක්,1.0,0.3448,1,2,short,3.072,2.912,0,0.0,0.1135,0.00559,9.959,2,0
S015,6,S015_006.wav,S015_006_mel.npy,මුහුද හරිම ලස්සනයි,මුහුඳ හරිම ලස්සන,0.6667,0.1875,1,2,short,1.941,1.696,0,0.0,0.1259,0.008019,9.434,2,0
S015,7,S015_007.wav,S015_007_mel.npy,හැමෝම එකට අත් අල්ලා ගන්න,හැමෝම එකට අත්අල්ලා ගන්න,0.4,0.0,0,1,short,2.923,2.336,0,0.0,0.0908,0.003951,8.562,2,0
S015,8,S015_008.wav,S015_008_mel.npy,මම එහෙනම් නාගෙන එන්නම්,මුම එහෙනම් නාල්‍ය එහෙන්න.,0.75,0.4737,2,2,short,2.219,2.08,0,0.0,0.0958,0.002731,9.135,2,0
S015,9,S015_009.wav,S015_009_mel.npy,අපි අද පොල් කැඩුවා,අද පුල් සැඩුවා,0.75,0.3333,1,2,short,1.536,1.344,0,0.0,0.087,0.006945,11.161,2,0
S015,10,S015_010.wav,S015_010_mel.npy,"ඇයි හිනා වෙන්නේ, මට රජ වෙන්න බැරිද",ඇයි කිනා වෙන්නෙ මට කජ වෙන්න බැරින්,0.5714,0.1852,1,2,long,4.139,3.424,1,0.608,0.0908,0.005144,8.178,2,1
S015,11,S015_011.wav,S015_011_mel.npy,දුව සටහන් පොතේ මොනවාද ලියා ගත්තේ,දුව සතහන් පොතේ මනවාත දියා ගත්තු,0.6667,0.1852,1,2,long,3.797,3.488,0,0.0,0.117,0.006811,7.741,2,1
S015,12,S015_012.wav,S015_012_mel.npy,ඉතින් මෙච්චර පරක්කු වුනේ ඇයි,ඉතින් වෙචලා පරක්වුණේ යැයි,0.8,0.3333,1,2,short,2.261,2.112,0,0.0,0.1267,0.005023,11.364,2,0
S015,13,S015_013.wav,S015_013_mel.npy,දවසක් අම්මා අශ්ව පැටියාගෙන් උදව්වක් ඉල්ලුවා,ගවසක් අම්මා අස්පැටියා ගෙන්න තවුවක් ඉල්ලුවක්,0.8333,0.2105,1,2,long,3.925,3.456,0,0.0,0.1295,0.001914,10.995,2,1
S015,14,S015_014.wav,S015_014_mel.npy,ඔය ගඟ හරි ගැඹුරුයි,ඔය කක හරි ගැඹුරුයි,0.25,0.1333,1,1,short,1.749,1.632,0,0.0,0.073,0.003581,9.191,2,0
S015,15,S015_015.wav,S015_015_mel.npy,අශ්ව පැටියා ඉක්මනින් ගෙදර එනවා දැකලා අම්මා පුදුම වුනා,අශ්ව පැටියා එක්මනින් ගෙදරෙනවා දැකල අමා පුදුනුනා,0.7778,0.1556,1,2,long,5.205,4.405,2,0.368,0.0952,0.004002,10.215,2,1
S015,16,S015_016.wav,S015_016_mel.npy,"සිටුතුමනි, අපට අනුකම්පා කරනු මැනවි",තිතුතුමනි අපට අනුකම්පා කරනු මැනවි,0.2,0.069,0,1,short,3.797,3.2,1,0.32,0.093,0.005614,9.375,2,0
S015,17,S015_017.wav,S015_017_mel.npy,බරෙන් වැඩි වන්නේ ගසක මුල කොටසද,බරෙන් වැදි වන්නේ ගසක මුල කොටසියි.,0.3333,0.16,1,1,long,3.115,2.72,0,0.0,0.1113,0.006341,9.191,2,1
S015,18,S015_018.wav,S015_018_mel.npy,රයිට් සහෝදරයන්ගේ පියා ඔවුන් පුංචිකාලයේ දී කඩදාසි සහ රබර් පටිවලින් සෙල්ලම් අහස් යානා තනා දුන්නේය,රෛට් සහෝදරයන්ගේ පියා උන්චි කාලේ දී කඩදාශ සහ රබර් පටියලින් සෙල්ලම් හස්‍යානා සාදුන්නේ,0.6,0.2099,1,2,long,9.323,8.224,3,0.309,0.1404,0.002881,9.849,2,1
S015,19,S015_019.wav,S015_019_mel.npy,පසු කලෙක ඔවුහු බයිසිකල් වැඩ වැඩපොළක් ඇරඹූහ,පසු කළෙක ඔහු භයිසි කල්ලඩ පොලක් ඇරඹූහ.,0.5714,0.1944,1,2,long,4.011,3.36,1,0.416,0.1175,0.004348,10.714,2,1
S015,20,S015_020.wav,S015_020_mel.npy,දැන් හැමෝම වාඩිවෙන්න,දැන් හෙමෝ මාඩිවෙන්,0.6667,0.1667,1,2,short,1.92,1.792,0,0.0,0.0728,0.007611,10.045,2,0
S015,21,S015_021.wav,S015_021_mel.npy,අපි ඊළඟ දවසේ තවත් සෙල්ලමක් කරමු,අපි ලග දවසේ තවස්සෙන්මම කරමු.,0.5,0.2692,1,2,long,2.944,2.752,0,0.0,0.1409,0.005547,9.448,2,1
S015,22,S015_022.wav,S015_022_mel.npy,මේ සිහින අප නින්දේ දී දකින සිහින නම් නොවේ,මේ සිහින අප නින්දේදී සිහින දකින සිහින නම් නොවේ,0.2222,0.1515,1,1,long,6.869,5.376,4,0.336,0.1098,0.003557,6.138,2,1
S015,23,S015_023.wav,S015_023_mel.npy,ඇගේ ගම ගිංතොට ය,ඇය ගෙය ගමට ගෙය ගම් කින්තොට,1.0,1.0,2,2,short,3.392,3.104,0,0.0,0.1094,0.002846,3.866,2,0
S015,24,S015_024.wav,S015_024_mel.npy,මේ පුංචි දැරිය ඇගේ ප්‍රියතම වැඩිහිටි නෑදෑයා ගැන පසු කලෙක එසේ කීවාය,මේ පුංචි දැරිය ඇගේ පියතම වැඩිහිටි නෑදෑයා ගැන පසු කලෙක එසේ කීවාය.,0.0833,0.0545,0,1,long,8.469,6.752,2,0.432,0.1223,0.003065,8.146,2,1
S015,25,S015_025.wav,S015_025_mel.npy,පින්තූර මගින් කතා කීම ඈත කාලයේ සිට පැවත එන ක්‍රමයකි,ඉන්තූර්ය මගින් කතා කීම ඈත කාලය සිට පැවතේන ක්‍රමයෙක්,0.5,0.1905,1,2,long,5.867,4.48,1,0.48,0.1106,0.006176,9.375,2,1
S015,26,S015_026.wav,S015_026_mel.npy,මකුළුවා තණ බිස්සේ හැංගුනා,මකුලවා තන බිෂ්චේ හැන්ගේ,0.75,0.3636,2,2,short,2.752,2.24,0,0.0,0.1076,0.004835,9.821,2,0
S015,27,S015_027.wav,S015_027_mel.npy,එළියේ ලස්සන ගැහැණු ළමයෙක් හිටගෙන හිටියා,එදියේ ලස්සම ගැහැම හමයික් සිටරෙන හිටියක්,1.0,0.2941,1,2,long,3.947,3.36,0,0.0,0.1489,0.003973,10.119,2,1
S015,28,S015_028.wav,S015_028_mel.npy,අතරමගදී ඉතාම භයානක දෙයක් සිදුවුණා,අතැන් මඟදී ඉටා වයානක වෙයක් සිදුවුණා,1.0,0.2759,1,2,short,3.264,3.136,0,0.0,0.1091,0.006429,9.247,2,0
S015,29,S015_029.wav,S015_029_mel.npy,සර්පයා මහා විශාලෙට කට ඇරියා,හැර්පයන් මහ විශාලෙට්ට කටෑරිය,1.0,0.3913,2,2,short,3.883,3.2,1,0.384,0.1177,0.002131,7.188,2,0
S015,30,S015_030.wav,S015_030_mel.npy,ටිකක් හිතලා බලන්නකෝ,ටිකක් සිතලා බලන්නකු,0.6667,0.1176,1,2,short,1.984,1.792,0,0.0,0.0986,0.01,9.487,2,0
S015,31,S015_031.wav,S015_031_mel.npy,තනියෙන් ලියන්න,සනෙන් ලියන්ද්,1.0,0.3846,2,2,short,2.069,1.312,0,0.0,0.0834,0.005069,9.909,2,0
S015,32,S015_032.wav,S015_032_mel.npy,පස්වැනි ගුණාංගය,පස්සැනි ගුණාමි.,1.0,0.2857,1,2,short,1.941,1.397,0,0.0,0.1427,0.002363,10.019,2,0
S015,33,S015_033.wav,S015_033_mel.npy,බරණැස් නුවර සිටුවරයෙක් වාසය කළේය,බරණැස් මොහර සිතුවරේ වාසය කළේ,0.6,0.3214,1,2,short,3.797,2.624,1,0.928,0.1386,0.004737,10.671,2,0
S015,34,S015_034.wav,S015_034_mel.npy,නායකතුමා මෙසේ පිළිතුරු දුන්නේය,නායක සිටිතුමා මෙසේ පෙහිතුර දුන්නේ,1.0,0.2963,1,2,short,3.349,2.816,1,0.224,0.1317,0.005444,9.588,2,0
S015,35,S015_035.wav,S015_035_mel.npy,තේරවිලි වර්ග කිහිපයක් තිබේ,තේරබිණි වර්ග කිහුපයක් තිබේ.,0.5,0.1304,1,2,short,2.773,2.208,1,0.192,0.1378,0.006129,10.417,2,0
S015,36,S015_036.wav,S015_036_mel.npy,අපේ සීයා කතන්දර කීමට සමතෙකි,අපේ සීයා කතන්ද්‍ර කීමට සමතයෙකි.,0.4,0.1304,1,1,short,3.2,2.944,0,0.0,0.1132,0.004267,7.812,2,0
S015,37,S015_037.wav,S015_037_mel.npy,මේ අය අතරමගදී අම්බලමක නතර වුණා,මේ අය අතරුමගැති අම්බ්බ්මක නොසැර වුණා.,0.5,0.4,2,2,long,4.117,3.36,1,0.16,0.1,0.005411,7.44,2,1
S015,38,S015_038.wav,S015_038_mel.npy,හරි අපූරු කතාවක්,හරියක් පූරු කටාවක්,1.0,0.2857,1,2,short,1.685,1.333,0,0.0,0.0934,0.006932,10.5,2,0
S015,39,S015_039.wav,S015_039_mel.npy,කටුස්සාගේ කරේ රත්තරන් බැන්දා වගෙයි,කටුස්සාගේ කරේ රත්තරම් ජැන්දා වගින්,0.6,0.1667,1,2,short,2.944,2.688,0,0.0,0.1271,0.003971,11.161,2,0
S015,40,S015_040.wav,S015_040_mel.npy,මුල් ගුරුතුමා කීවේය,මුල් ගුරුතුමා කීරුය.,0.3333,0.1176,1,1,short,2.283,1.856,1,0.16,0.0835,0.004921,9.159,2,0
S015,41,S015_041.wav,S015_041_mel.npy,අද පුස්තකාල පන්තියක් කරමු,අද කුෂ්ත කුෂ්ත කාල පන්තියක් කරමු,0.75,0.3182,1,2,short,4.139,3.136,2,0.352,0.1507,0.005676,7.015,2,0
S015,42,S015_042.wav,S015_042_mel.npy,මම ගල්පරයක ඇලී ජීවත් වුනෙමි,මම ගල් පරයක ඇලී ජීවත් වුණෙනු,0.6,0.087,0,2,short,2.923,2.368,0,0.0,0.0915,0.003741,9.713,2,0
S015,43,S015_043.wav,S015_043_mel.npy,බෙලි කටුව කතා කරයි,දෙන්ලි කටුව කතා කරයි.,0.25,0.2,1,1,short,1.877,1.696,0,0.0,0.0909,0.005147,8.844,2,0
S015,44,S015_044.wav,S015_044_mel.npy,සති අන්තේ නිවාඩුවට බිංදුලා ගමේ ගියා,සතියන්තයෙන් නිවාරුවට බින්දුලා ගමේ ගියා,0.6667,0.2667,1,2,long,3.392,3.104,0,0.0,0.1051,0.002138,9.665,2,1
S015,45,S015_045.wav,S015_045_mel.npy,මොනවාද ඒවායේ නම්,බුනෝද ඒවාය නම්,0.6667,0.3571,2,2,short,2.283,1.792,0,0.0,0.0993,0.005984,7.812,2,0
S015,46,S015_046.wav,S015_046_mel.npy,නංගි උත්තර දුන්නා,රංගි ඉතර ගුන්නා.,1.0,0.3333,1,2,short,2.219,1.664,0,0.0,0.1277,0.00999,9.014,2,0
S015,47,S015_047.wav,S015_047_mel.npy,පාර කියන අත්තම්මා,පාර හියන අත්තම්ම,0.6667,0.1333,1,2,short,2.347,1.536,0,0.0,0.0999,0.007968,9.766,2,0
S015,48,S015_048.wav,S015_048_mel.npy,ඇයගේ කැපවීම පුදුමාකාරය,ඇගේ කැපවීම පුතුමා කාරයේ,1.0,0.15,1,2,short,2.923,2.24,0,0.0,0.1134,0.004064,8.929,2,0
S015,49,S015_049.wav,S015_049_mel.npy,මිනිසාගේ පරම යුතුකම මිනිසාට සේවය කිරීම,මිනිසාගේ පරුම ඇතුකම විනිසාට සේවය කිරීම,0.5,0.1212,1,2,long,5.013,3.872,1,0.48,0.1309,0.003366,8.523,2,1
S015,50,S015_050.wav,S015_050_mel.npy,අපි මේ වන විට පැය දොළහක් වැඩ කර පැය දොළහක් විවේක ගත්තා,අපි මේ වන රිට කය දොළහක් වැඩ කර කය දොළහක් විවේක ගත්තා,0.25,0.1163,1,1,long,7.019,5.344,2,0.592,0.0981,0.002271,8.046,2,1
S015,51,S015_051.wav,S015_051_mel.npy,අප කවුරුත් පුදුමයට පත්කරමින් ඈට පණ ආවා,අප කවුරුත් පුර්මයට පත්කමින් ඈට පනාවක්,0.5714,0.1875,1,2,long,4.267,3.68,2,0.176,0.1337,0.002269,8.696,2,1
S015,52,S015_052.wav,S015_052_mel.npy,සුගන්ධවත් පුෂ්පයෝ අපගේ සොහොයුරියෝය,සුගන්දවත් පුෂ්පයෝ අපගේ සො වොහෝ යුරවො වෙති.,1.0,0.2903,1,2,short,4.885,4.096,1,0.32,0.14,0.004702,7.568,2,0
S015,53,S015_053.wav,S015_053_mel.npy,ගංගාවෝ අපගේ සොහොයුරෝ වෙති,ගංගා වො අපගේ සොහොත්තෝ වෙති,0.75,0.1818,1,2,short,3.947,2.88,2,0.416,0.0913,0.008233,7.639,2,0
S015,54,S015_054.wav,S015_054_mel.npy,නංගී මට නොදී කිසිවක් නොකනවා ඇතැයි මට සිතේ,නංගී මට නොදී කිසිවි නොකනෝ ඇතැයි මට සිති.,0.375,0.1471,1,1,long,4.523,3.712,1,0.512,0.1329,0.003883,9.159,2,1
S015,55,S015_055.wav,S015_055_mel.npy,නංගි උදේ පාන්දරින්ම නැගිටියි,නම්ගේ උදේ පාන්දනයෙන් මනගිතින්,0.75,0.4,2,2,short,3.008,2.528,0,0.0,0.1224,0.003081,9.889,2,0
S015,56,S015_056.wav,S015_056_mel.npy,ඈ මා ගෙදර යන විට අසනු ඇත,ඈ මාව් ගෙදර යන විට අසනු ඇත.,0.1429,0.1111,1,1,long,4.267,3.168,1,0.608,0.1278,0.003156,5.682,2,1
S015,57,S015_057.wav,S015_057_mel.npy,ගොවිතැන සඳහා භාවිත වන උපකරණ එකින් එක විස්තර කරද්දී ළමයි සාවධානව අසා සිටියහ,ගොවිතෙන සදහා බාජා වන ඔපකරන වෙකින් එක විස්ථය කරද්දී ළමයි ස්ථාව දානවසා සිටියහ.,0.6154,0.1935,1,2,long,10.133,7.776,4,0.408,0.1225,0.005059,7.973,2,1
S015,58,S015_058.wav,S015_058_mel.npy,ළමයි පොල්තෙල් හිඳීමට භාවිත කරන සෙක්කුව අසලට රැස් වූහ,ලමල් පොල් තෙල් හිදීමට බාල් සෙක්තුවසුලට රැක්සූහ.,1.0,0.3182,1,2,long,5.547,4.192,1,0.544,0.1123,0.006797,10.496,2,1
S015,59,S015_059.wav,S015_059_mel.npy,ඒ ගොල්ලන්ට අලුත් ක්‍රමයක් හොයා ගන්න වෙනවා,ඒ ගොල්ගන්ට අලු ශ්‍රමයක් හයාගන්න වෙනවා,0.7143,0.1429,1,2,long,3.477,2.976,0,0.0,0.0896,0.004718,11.761,2,1
S015,60,S015_060.wav,S015_060_mel.npy,බොහෝ දෙනෙක් මම එනතුරු බලා ගෙන හිටියා,බොහෝ දෙනෙක් මොම එන කළු බලාගෙන හිටියා,0.5714,0.1333,1,2,long,3.904,3.456,0,0.0,0.1071,0.006004,8.681,2,1
S015,61,S015_061.wav,S015_061_mel.npy,මට ආරංචි වුණා රජතුමාගේ ගුහාව ළඟ අනතුරක් කියලා,මට ආරංචුණා රචතුමාගේ ගුහාවලග අනතුරක් කියලා,0.625,0.1053,1,2,long,5.547,4.416,1,0.32,0.1041,0.002793,8.605,2,1
S015,62,S015_062.wav,S015_062_mel.npy,පැය අටකට පසු ඔවුන්ට පියාපත් සලන හඬක් ඇසිණි,රැය අටකට පස්තු ඔවුන් පියාපත් සලන හදක් ඇසිනු,0.625,0.1714,1,2,long,4.885,4.128,1,0.384,0.1291,0.003961,8.479,2,1
S015,63,S015_063.wav,S015_063_mel.npy,මිනිසුන් ගැන විස්තර දැනගන්න බොහෝ ක්‍රම තියෙනවා,මිනිසුන් ගැන ස්තර දැනගන්න බොහෝ ත්‍රමතියනවා,0.4286,0.1,0,2,long,5.12,3.68,2,0.56,0.1086,0.00564,10.87,2,1
S015,64,S015_064.wav,S015_064_mel.npy,ඔබට දින හතරක් දෙමි,ඔබට දිය දින හතරක් දෙනි,0.5,0.2667,1,2,short,3.072,2.24,1,0.672,0.0856,0.005258,6.696,2,0
S015,65,S015_065.wav,S015_065_mel.npy,ඇදුරුතුමා බෙහෙවින් සතුටට පත් විය,ඇදුරුතුමා බෙහෙවෙන් සතුතුත්තපත් විය.,0.6,0.2143,1,2,short,3.883,3.232,1,0.416,0.0912,0.004684,8.663,2,0
S015,66,S015_066.wav,S015_066_mel.npy,ඔබට පේන්නේ කුමක්දැයි මම ඇසුවෙමි,ඔබට පිණෙන්නේ කුමක්ටයි ඇසුවෙම,0.8,0.2963,1,2,short,3.008,2.688,0,0.0,0.1081,0.004789,10.045,2,0
S015,67,S015_067.wav,S015_067_mel.npy,මෙතැන තමයි හොඳම තැන,මෙතෙන තමායි හොදමුත් වෙන,1.0,0.4375,2,2,short,2.133,2.037,0,0.0,0.083,0.004056,7.853,2,0
S015,68,S015_068.wav,S015_068_mel.npy,ඇය කාචය සකස් කර නැවත බැලූවාය,එය කාචයේ සකස් කර නැමෙත බැලුවයි.,0.6667,0.3043,1,2,long,3.925,3.04,1,0.544,0.125,0.004669,7.566,2,1
S016,1,S016_001.wav,S016_001_mel.npy,යාළුවෝ හැමදෙනාම නිදහස් උත්සවය බැලුවා,අළව හැම දෙනාම් නිදහස් සුද්සව එබලුවක්,1.0,0.375,2,2,short,2.411,2.368,0,0.0,0.0884,0.006036,13.514,2,0
S016,2,S016_002.wav,S016_002_mel.npy,කවිඳු යාළුවොත් එක්ක මිදුලේ සෙල්ලම් කරමින් සිටියා,කමිනු යාලොත් එක්ක මිදු ලේ සෙල්ලං කර මිනිකියක්,1.0,0.2619,1,2,long,2.944,2.816,0,0.0,0.1003,0.004496,14.915,2,1
S016,3,S016_003.wav,S016_003_mel.npy,අපේ රටේ නිදහස් උත්සවය,එරටේ නිඩව සුත්සුයි,1.0,0.5,2,2,short,1.749,1.44,0,0.0,0.1481,0.007272,12.5,2,0
S016,4,S016_004.wav,S016_004_mel.npy,මම කෝෂය ඇතුලේ සති දෙකක් විතර හිටියා,මුමු කෝෂය ඇතුලේ සති දෙකකුය කර හිටිය.,0.5714,0.2414,1,2,long,2.603,2.528,0,0.0,0.1556,0.004253,11.472,2,1
S016,5,S016_005.wav,S016_005_mel.npy,පොත් කියවීමෙන් මිනිසා සම්පූර්ණ වේ,ගොත් කියවීමෙන් මිනිසා සම්පේර්මයි,0.6,0.1724,1,2,short,2.411,2.315,0,0.0,0.1466,0.004011,12.529,2,0
S016,6,S016_006.wav,S016_006_mel.npy,මුහුද හරිම ලස්සනයි,මුහුද හරිම ලස්සන්,0.3333,0.125,1,1,short,1.408,1.344,0,0.0,0.1423,0.007943,11.905,2,0
S016,7,S016_007.wav,S016_007_mel.npy,හැමෝම එකට අත් අල්ලා ගන්න,හැවෝම එකට අත්අල්ලා ගන්න,0.6,0.05,0,2,short,2.453,1.952,0,0.0,0.1258,0.005134,10.246,2,0
S016,8,S016_008.wav,S016_008_mel.npy,මම එහෙනම් නාගෙන එන්නම්,මම එහෙනම් නාගෙනෙන්න,0.5,0.1579,1,2,short,2.347,1.76,1,0.288,0.1076,0.006371,10.795,2,0
S016,9,S016_009.wav,S016_009_mel.npy,අපි අද පොල් කැඩුවා,අපි අදපොල් කෙඩුව,0.75,0.1333,1,2,short,1.6,1.184,0,0.0,0.107,0.004265,12.669,2,0
S016,10,S016_010.wav,S016_010_mel.npy,"ඇයි හිනා වෙන්නේ, මට රජ වෙන්න බැරිද",ඇයි හිනාවෙන්නෙ මට රජ වෙන්න වැරිද?,0.4286,0.0741,0,2,long,2.603,2.368,1,0.192,0.1263,0.003245,11.824,2,1
S016,11,S016_011.wav,S016_011_mel.npy,දුව සටහන් පොතේ මොනවාද ලියා ගත්තේ,දුව සටහන් පොතේ මොනවා දුව ලියක් දුව සටහන් පොතේ මොනවා දළියා ගත්තේ,1.0,0.9259,2,2,long,6.016,5.6,0,0.0,0.1559,0.002136,4.821,2,1
S016,12,S016_012.wav,S016_012_mel.npy,ඉතින් මෙච්චර පරක්කු වුනේ ඇයි,ඉතින් මෙචර පරක්‌තුනේ ඇයි,0.6,0.2083,1,2,short,2.283,1.92,0,0.0,0.1202,0.00342,12.5,2,0
S016,13,S016_013.wav,S016_013_mel.npy,දවසක් අම්මා අශ්ව පැටියාගෙන් උදව්වක් ඉල්ලුවා,දවසක් අම්මා අශ්‍ය පැටියාගෙන් උදව්වක් ඉල්ලුව,0.3333,0.0789,0,1,long,3.541,3.072,0,0.0,0.131,0.003594,12.37,2,1
S016,14,S016_014.wav,S016_014_mel.npy,ඔය ගඟ හරි ගැඹුරුයි,ඔය ගඟ හරිම ගැඹුරුයි,0.25,0.0667,0,1,short,1.941,1.408,0,0.0,0.0983,0.00282,10.653,2,0
S016,15,S016_015.wav,S016_015_mel.npy,අශ්ව පැටියා ඉක්මනින් ගෙදර එනවා දැකලා අම්මා පුදුම වුනා,ර්ෂ පැටියා ඉත්මනින්ම ගෙදර එනවා දැකල අම්මා පුදුමුණ.,0.5556,0.1778,1,2,long,4.331,4.224,0,0.0,0.1233,0.003214,10.653,2,1
S016,16,S016_016.wav,S016_016_mel.npy,"සිටුතුමනි, අපට අනුකම්පා කරනු මැනවි",සිටුතුමනි අප ටානුකම්පා ගරනු මැනවි.,0.6,0.069,0,2,short,3.925,3.136,2,0.32,0.1103,0.002652,9.566,2,0
S016,17,S016_017.wav,S016_017_mel.npy,බරෙන් වැඩි වන්නේ ගසක මුල කොටසද,බරෙන් වැඩි වැඩි වන්නේ ගසක මුල් කොටසද,0.3333,0.2,1,1,long,4.011,3.371,1,0.576,0.1225,0.002152,7.417,2,1
S016,18,S016_018.wav,S016_018_mel.npy,රයිට් සහෝදරයන්ගේ පියා ඔවුන් පුංචිකාලයේ දී කඩදාසි සහ රබර් පටිවලින් සෙල්ලම් අහස් යානා තනා දුන්නේය,රයිත් සහෝදර්ධ ර්යයන්ගේ පියා ඔවුන් කුන්කාලයේ සිට කඩාසි සහරපත් පටිවළින් සෙල්ලං මහස්‍යානා තනා දුන්නේ,0.8,0.2593,1,2,long,8.811,7.68,2,0.32,0.1231,0.003287,10.547,2,1
S016,19,S016_019.wav,S016_019_mel.npy,පසු කලෙක ඔවුහු බයිසිකල් වැඩ වැඩපොළක් ඇරඹූහ,අස් කාලෙක ඔහු බයිස් කල්ව ඩපොලක් ඇරමූහ.,1.0,0.3056,1,2,long,3.669,3.136,1,0.192,0.0967,0.004451,11.48,2,1
S016,20,S016_020.wav,S016_020_mel.npy,දැන් හැමෝම වාඩිවෙන්න,දැන් හැමෝම වාඩිවෙන්නෙ,0.3333,0.0556,0,1,short,1.451,1.291,0,0.0,0.0619,0.004582,13.946,2,0
S016,21,S016_021.wav,S016_021_mel.npy,අපි ඊළඟ දවසේ තවත් සෙල්ලමක් කරමු,අපි ඉලඟ දවස්සේ තවත් සෙල්ලක් කරමු.,0.5,0.1538,1,2,long,4.181,3.264,2,0.24,0.1592,0.003853,7.966,2,1
S016,22,S016_022.wav,S016_022_mel.npy,මේ සිහින අප නින්දේ දී දකින සිහින නම් නොවේ,මේ සිහිත් මේ අපි නිදේදී දක්න සිහිනේ නොවෙයි.,0.8889,0.3939,2,2,long,4.267,3.296,2,0.176,0.11,0.002551,10.012,2,1
S016,23,S016_023.wav,S016_023_mel.npy,ඇගේ ගම ගිංතොට ය,ඇගේ හමගින්තටේ,0.75,0.4167,2,2,short,1.813,1.28,0,0.0,0.0908,0.005817,9.375,2,0
S016,24,S016_024.wav,S016_024_mel.npy,මේ පුංචි දැරිය ඇගේ ප්‍රියතම වැඩිහිටි නෑදෑයා ගැන පසු කලෙක එසේ කීවාය,මේ පුංචි දඩිය ඇගේ ප්‍රියතම වැඩිහිති නෑත්දේ අගන පසුකාලික වෙසේ කිවල්,0.6667,0.2909,1,2,long,6.4,5.248,1,0.48,0.1108,0.005023,10.48,2,1
S016,25,S016_025.wav,S016_025_mel.npy,පින්තූර මගින් කතා කීම ඈත කාලයේ සිට පැවත එන ක්‍රමයකි,බින්තූර මගින් කතා කිරීම ඇතා කාලයේ සිට පැවතෙන ක්‍රමුයක්,0.6,0.1905,1,2,long,5.077,4.064,1,0.672,0.098,0.00492,10.335,2,1
S016,26,S016_026.wav,S016_026_mel.npy,මකුළුවා තණ බිස්සේ හැංගුනා,මකුලවා තනෙබිස්සේ හැඟුණ,1.0,0.2273,1,2,short,2.219,1.92,0,0.0,0.1159,0.004159,11.458,2,0
S016,27,S016_027.wav,S016_027_mel.npy,එළියේ ලස්සන ගැහැණු ළමයෙක් හිටගෙන හිටියා,එළිය එළියේ ලස්සන ගෑන් ළමයෙක් තිටවෙන හිටිය,0.6667,0.3235,1,2,long,4.651,3.68,2,0.4,0.1151,0.004047,9.239,2,1
S016,28,S016_028.wav,S016_028_mel.npy,අතරමගදී ඉතාම භයානක දෙයක් සිදුවුණා,අතර මගදී ඉටාම භයානක දෙයක් සිදුවුණා,0.6,0.0345,0,2,short,3.136,2.848,0,0.0,0.1098,0.005259,10.183,2,0
S016,29,S016_029.wav,S016_029_mel.npy,සර්පයා මහා විශාලෙට කට ඇරියා,සප්‍යා මහ විශාල්ලට කටහිරියක්,1.0,0.3913,2,2,short,2.475,1.984,0,0.0,0.1333,0.003101,11.593,2,0
S016,30,S016_030.wav,S016_030_mel.npy,ටිකක් හිතලා බලන්නකෝ,ටිකක් කිතලා බලන්නකෝ.,0.3333,0.0588,0,1,short,1.856,1.504,0,0.0,0.0931,0.004853,11.303,2,0
S016,31,S016_031.wav,S016_031_mel.npy,තනියෙන් ලියන්න,තනියෙන් ලියන්න,0.0,0.0,0,0,short,1.152,0.992,0,0.0,0.1016,0.004005,13.105,2,0
S016,32,S016_032.wav,S016_032_mel.npy,පස්වැනි ගුණාංගය,පස්සැනි ගුණා.,1.0,0.2857,1,2,short,1.131,0.992,0,0.0,0.1443,0.008388,14.113,2,0
S016,33,S016_033.wav,S016_033_mel.npy,බරණැස් නුවර සිටුවරයෙක් වාසය කළේය,බර නැස් නුවර සිටුවරේ ක්වාසය කළේය.,0.8,0.0714,0,2,short,3.115,2.848,1,0.256,0.134,0.005485,9.831,2,0
S016,34,S016_034.wav,S016_034_mel.npy,නායකතුමා මෙසේ පිළිතුරු දුන්නේය,නායක සිත්‍යතුමා මෙසේතර පිළිතුරු දුන්නේ,1.0,0.3333,1,2,short,3.989,3.061,2,0.432,0.1407,0.004593,8.82,2,0
S016,35,S016_035.wav,S016_035_mel.npy,තේරවිලි වර්ග කිහිපයක් තිබේ,තේරවිලි වර්ග කිහිපයක් තිබේ.,0.0,0.0,0,0,short,2.176,1.856,0,0.0,0.0812,0.004043,12.392,2,0
S016,36,S016_036.wav,S016_036_mel.npy,අපේ සීයා කතන්දර කීමට සමතෙකි,අපේ සීයා කතන්දර කීමට සමතකි.,0.2,0.0435,0,1,short,3.392,2.688,1,0.32,0.1433,0.005382,8.557,2,0
S016,37,S016_037.wav,S016_037_mel.npy,මේ අය අතරමගදී අම්බලමක නතර වුණා,මේ අය අතර මඟදී අම්බලමකන අතරුන,0.6667,0.16,1,2,long,3.605,2.912,1,0.192,0.0945,0.002662,8.585,2,1
S016,38,S016_038.wav,S016_038_mel.npy,හරි අපූරු කතාවක්,අරියපූරු කත්තාවක්,1.0,0.2857,1,2,short,1.536,1.344,0,0.0,0.0888,0.005766,10.417,2,0
S016,39,S016_039.wav,S016_039_mel.npy,කටුස්සාගේ කරේ රත්තරන් බැන්දා වගෙයි,කටුස්සාදය කරේ රත්තරම් වැද්දාවාගේ,0.8,0.3,1,2,short,2.816,2.624,0,0.0,0.1172,0.004148,11.433,2,0
S016,40,S016_040.wav,S016_040_mel.npy,මුල් ගුරුතුමා කීවේය,මුල් ගුරුතුමා කීවෙයි.,0.3333,0.1176,1,1,short,1.941,1.504,0,0.0,0.0926,0.005692,11.303,2,0
S016,41,S016_041.wav,S016_041_mel.npy,අද පුස්තකාල පන්තියක් කරමු,අද පුස්තකාලයේ පන්ති පුස්තකාල පන්තියක් කරමු,0.5,0.6818,2,2,short,4.672,3.392,2,0.304,0.1088,0.005848,6.486,2,0
S016,42,S016_042.wav,S016_042_mel.npy,මම ගල්පරයක ඇලී ජීවත් වුනෙමි,මම ගල් පරයක්ක ඇලී ජීවත් වුණෙමි.,0.4,0.087,0,1,short,3.2,2.496,1,0.416,0.0841,0.006745,9.215,2,0
S016,43,S016_043.wav,S016_043_mel.npy,බෙලි කටුව කතා කරයි,බැන්ලි කටුව කතා කරයි.,0.25,0.2,1,1,short,2.731,1.888,1,0.576,0.0871,0.006602,7.945,2,0
S016,44,S016_044.wav,S016_044_mel.npy,සති අන්තේ නිවාඩුවට බිංදුලා ගමේ ගියා,සති අන්තයේ නිවාඩුවට බින්දුලා ගමේ ගියක්,0.5,0.1667,1,2,long,2.923,2.752,0,0.0,0.0946,0.003355,10.901,2,1
S016,45,S016_045.wav,S016_045_mel.npy,මොනවාද ඒවායේ නම්,මොනවාද ඒවායේ නම්,0.0,0.0,0,0,short,2.837,2.016,1,0.512,0.0882,0.004766,6.944,2,0
S016,46,S016_046.wav,S016_046_mel.npy,නංගි උත්තර දුන්නා,නඟියුත්තර දුන්නක්,1.0,0.4,2,2,short,1.472,1.216,0,0.0,0.0821,0.005197,12.336,2,0
S016,47,S016_047.wav,S016_047_mel.npy,පාර කියන අත්තම්මා,පාර කියන්න අත් පාර කියන අත්තමා,1.0,0.8,2,2,short,3.008,2.112,1,0.384,0.1041,0.004774,7.102,2,0
S016,48,S016_048.wav,S016_048_mel.npy,ඇයගේ කැපවීම පුදුමාකාරය,ඇයගේන් කැපවීම පුදුමා කාරය,1.0,0.1,0,2,short,4.203,2.955,1,0.768,0.1296,0.005392,6.769,2,0
S016,49,S016_049.wav,S016_049_mel.npy,මිනිසාගේ පරම යුතුකම මිනිසාට සේවය කිරීම,මිනිසාගේ පරම යුතුම්ම මිනිසාට සේවය කිරීම,0.1667,0.0606,0,1,long,3.477,3.477,0,0.0,0.1725,0.003905,9.49,2,1
S016,50,S016_050.wav,S016_050_mel.npy,අපි මේ වන විට පැය දොළහක් වැඩ කර පැය දොළහක් විවේක ගත්තා,අප මේ උයන විච පැය දොළහක් වැඩ කර පැය දොළහක් විවේක ගත්තා,0.25,0.093,0,1,long,5.611,5.376,0,0.0,0.1353,0.003851,7.999,2,1
S016,51,S016_051.wav,S016_051_mel.npy,අප කවුරුත් පුදුමයට පත්කරමින් ඈට පණ ආවා,අප කවුරුත් පුදු මේ පත් කරමින් ඈට පනාව,0.8571,0.125,1,2,long,4.8,3.776,2,0.368,0.1175,0.003416,8.475,2,1
S016,52,S016_052.wav,S016_052_mel.npy,සුගන්ධවත් පුෂ්පයෝ අපගේ සොහොයුරියෝය,සුගන්දවස් කෘෂ්තයෝ අපකේ සහයුගියෝ ය.,1.0,0.2581,1,2,short,3.413,2.88,0,0.0,0.0854,0.003755,10.764,2,0
S016,53,S016_053.wav,S016_053_mel.npy,ගංගාවෝ අපගේ සොහොයුරෝ වෙති,ගංගාගෝ අපගේ ස්වේරෝ වෙති,0.5,0.2727,1,2,short,2.987,2.592,1,0.16,0.1205,0.00606,8.488,2,0
S016,54,S016_054.wav,S016_054_mel.npy,නංගී මට නොදී කිසිවක් නොකනවා ඇතැයි මට සිතේ,නංගී මට නොදේ කිසිවන් නොකනවා ඇතැයි මට සිතේ,0.25,0.0588,0,1,long,4.672,4.032,1,0.416,0.1348,0.005069,8.433,2,1
S016,55,S016_055.wav,S016_055_mel.npy,නංගි උදේ පාන්දරින්ම නැගිටියි,නංගී උදේ පාන්දරින්ම නැගිටී,0.5,0.16,1,2,short,2.944,2.4,1,0.224,0.1054,0.004018,10.417,2,0
S016,56,S016_056.wav,S016_056_mel.npy,ඈ මා ගෙදර යන විට අසනු ඇත,ඈමා ගෙදරේ අනවිට අසනු ඇත.,0.7143,0.1111,1,2,long,2.539,2.368,0,0.0,0.1434,0.001632,7.601,2,1
S016,57,S016_057.wav,S016_057_mel.npy,ගොවිතැන සඳහා භාවිත වන උපකරණ එකින් එක විස්තර කරද්දී ළමයි සාවධානව අසා සිටියහ,ගොවිතන සඳහා භවිතා වන උපකරන එකින්නෙක විස්තර කරදී ළමයි සාවදානව අසා සිටියහ.,0.3846,0.1129,1,1,long,10.283,7.872,6,0.331,0.1394,0.003401,7.876,2,1
S016,58,S016_058.wav,S016_058_mel.npy,ළමයි පොල්තෙල් හිඳීමට භාවිත කරන සෙක්කුව අසලට රැස් වූහ,ළමයි පොල්තරි හිඳීමට භාවිත කරන සෙක්වව අසවට රැස්වුහ.,0.5556,0.1591,1,2,long,4.352,4.16,0,0.0,0.1282,0.005334,10.577,2,1
S016,59,S016_059.wav,S016_059_mel.npy,ඒ ගොල්ලන්ට අලුත් ක්‍රමයක් හොයා ගන්න වෙනවා,ඒ ගොල්ලන්ට අලුත්ක්‍රමය කොයා ගන්න වෙනවා.,0.4286,0.0571,0,2,long,3.584,3.072,1,0.224,0.0918,0.004556,11.393,2,1
S016,60,S016_060.wav,S016_060_mel.npy,බොහෝ දෙනෙක් මම එනතුරු බලා ගෙන හිටියා,බොහෝ දැනෙක් මම ඇනතුරු වලා බලා ගෙනස් සිටියා,0.7143,0.2667,1,2,long,6.272,4.288,4,0.432,0.1204,0.004986,6.996,2,1
S016,61,S016_061.wav,S016_061_mel.npy,මට ආරංචි වුණා රජතුමාගේ ගුහාව ළඟ අනතුරක් කියලා,මට ආරංචි වුණා රජතුමාගේ ගුහාව රලගානතුරක් කියලා,0.25,0.0789,0,1,long,5.952,4.48,1,0.704,0.0998,0.005963,8.482,2,1
S016,62,S016_062.wav,S016_062_mel.npy,පැය අටකට පසු ඔවුන්ට පියාපත් සලන හඬක් ඇසිණි,ටය අටගට පසු ඔවුන්ට් පියාපත් සලන හඬක් එහුණි.,0.5,0.2,1,2,long,4.011,3.36,0,0.0,0.1234,0.00613,10.417,2,1
S016,63,S016_063.wav,S016_063_mel.npy,මිනිසුන් ගැන විස්තර දැනගන්න බොහෝ ක්‍රම තියෙනවා,මිනිසුන් ගැන විස්තර දැනක් ගන්න බොහෝ ප්‍රම්මතියනවා,0.5714,0.15,1,2,long,5.013,3.968,2,0.256,0.1013,0.005073,10.081,2,1
S016,64,S016_064.wav,S016_064_mel.npy,ඔබට දින හතරක් දෙමි,ඔබට ආද දින හතරක්දෙමි.,0.75,0.1333,1,2,short,2.411,2.155,0,0.0,0.0738,0.00489,6.962,2,0
S016,65,S016_065.wav,S016_065_mel.npy,ඇදුරුතුමා බෙහෙවින් සතුටට පත් විය,ඇදුරුතුමා වෙහෙවින් සතුට්‍රට පත්විය.,0.8,0.1429,1,2,short,2.603,2.4,0,0.0,0.1045,0.005603,11.667,2,0
S016,66,S016_066.wav,S016_066_mel.npy,ඔබට පේන්නේ කුමක්දැයි මම ඇසුවෙමි,ඔබට පෙන්නේ කුමක් දැයි මමා ශුයමි.,1.0,0.1852,1,2,short,6.08,3.648,3,0.491,0.1137,0.003691,7.401,2,0
S016,67,S016_067.wav,S016_067_mel.npy,මෙතැන තමයි හොඳම තැන,මෙත්තෙන තමයි හොන්දම්ම තැන,0.5,0.5,2,2,short,3.072,2.112,0,0.0,0.1292,0.005745,7.576,2,0
S016,68,S016_068.wav,S016_068_mel.npy,ඇය කාචය සකස් කර නැවත බැලූවාය,ඇය කාචය සකස් කර නැවත බැලුවාය,0.1667,0.0435,0,1,long,3.328,2.816,0,0.0,0.1434,0.004163,8.168,2,1
S017,1,S017_001.wav,S017_001_mel.npy,යාළුවෝ හැමදෙනාම නිදහස් උත්සවය බැලුවා,යාලෝ හැමදෙලාම හිදහස් සුසුස බැලුවා,0.8,0.2812,1,2,short,3.605,3.168,0,0.0,0.1135,0.002712,10.101,2,0
S017,2,S017_002.wav,S017_002_mel.npy,කවිඳු යාළුවොත් එක්ක මිදුලේ සෙල්ලම් කරමින් සිටියා,කවිඳුයාලුවොත් එක්ම ඉදුලේ සෙලක්කර්මි හිටියා.,1.0,0.2143,1,2,long,3.947,3.392,0,0.0,0.1276,0.002928,12.382,2,1
S017,3,S017_003.wav,S017_003_mel.npy,අපේ රටේ නිදහස් උත්සවය,අපේ රටේනේ තහතු උත්සවය,0.5,0.2222,1,2,short,2.197,1.952,0,0.0,0.1225,0.003796,9.221,2,0
S017,4,S017_004.wav,S017_004_mel.npy,මම කෝෂය ඇතුලේ සති දෙකක් විතර හිටියා,මම කෝෂයේ ඇතුළේ සක්දෙකක් විතර හිටියා.,0.4286,0.1034,1,2,long,3.456,2.848,0,0.0,0.1364,0.003257,10.183,2,1
S017,5,S017_005.wav,S017_005_mel.npy,පොත් කියවීමෙන් මිනිසා සම්පූර්ණ වේ,පොට් කියවීමෙන් මෙනසා සම්පූර්ණ වේ.,0.4,0.1034,1,1,short,3.2,2.72,0,0.0,0.1182,0.005182,10.662,2,0
S017,6,S017_006.wav,S017_006_mel.npy,මුහුද හරිම ලස්සනයි,මෝද හරිම ලස්සනයි.,0.3333,0.1875,1,1,short,1.813,1.568,0,0.0,0.1111,0.002959,10.204,2,0
S017,7,S017_007.wav,S017_007_mel.npy,හැමෝම එකට අත් අල්ලා ගන්න,හැමෝම එකට අත්තල්වා ගන්න,0.4,0.1,0,1,short,2.795,2.24,0,0.0,0.1185,0.002367,8.929,2,0
S017,8,S017_008.wav,S017_008_mel.npy,මම එහෙනම් නාගෙන එන්නම්,මමේ හිමත් මමේ හුණාන් ආජනයෙන්මන්,1.0,0.8947,2,2,short,3.285,2.944,0,0.0,0.14,0.004716,6.454,2,0
S017,9,S017_009.wav,S017_009_mel.npy,අපි අද පොල් කැඩුවා,අපි අද පෝ කැඩුවා,0.25,0.2,1,1,short,1.685,1.536,0,0.0,0.1198,0.003831,9.766,2,0
S017,10,S017_010.wav,S017_010_mel.npy,"ඇයි හිනා වෙන්නේ, මට රජ වෙන්න බැරිද",ඇයි හිනා වෙන්නේ මට රචවෙන්න බැලිද.,0.4286,0.0741,0,2,long,3.285,2.816,1,0.16,0.1157,0.003891,9.943,2,1
S017,11,S017_011.wav,S017_011_mel.npy,දුව සටහන් පොතේ මොනවාද ලියා ගත්තේ,දුවසතාන් පොතේ මනාදලියා ගත්තේ,0.6667,0.1481,1,2,long,2.88,2.592,0,0.0,0.1356,0.005342,10.417,2,1
S017,12,S017_012.wav,S017_012_mel.npy,ඉතින් මෙච්චර පරක්කු වුනේ ඇයි,ඉතිං මෙච්චර පරක්වොනේ ඇයි.,0.6,0.2083,1,2,short,2.475,2.112,0,0.0,0.1427,0.004311,11.364,2,0
S017,13,S017_013.wav,S017_013_mel.npy,දවසක් අම්මා අශ්ව පැටියාගෙන් උදව්වක් ඉල්ලුවා,දවසක්ක අමාශ්‍ය පැටියාගෙන් දව්වක් එළුවා.,0.8333,0.2632,1,2,long,3.669,3.296,0,0.0,0.1411,0.002693,11.529,2,1
S017,14,S017_014.wav,S017_014_mel.npy,ඔය ගඟ හරි ගැඹුරුයි,ඔය කංග හරි කඟුරුයි,0.5,0.4,2,2,short,1.92,1.568,0,0.0,0.1049,0.004234,9.566,2,0
S017,15,S017_015.wav,S017_015_mel.npy,අශ්ව පැටියා ඉක්මනින් ගෙදර එනවා දැකලා අම්මා පුදුම වුනා,අශ්ව පැටියා ඉකනින් කෙතරෙනවා දැකලා අම්මා පුදුමුණා,0.5556,0.1333,1,2,long,4.48,4.032,0,0.0,0.1219,0.002705,11.161,2,1
S017,16,S017_016.wav,S017_016_mel.npy,"සිටුතුමනි, අපට අනුකම්පා කරනු මැනවි",තිතුක්මණි අපට අනුකම්පා කරනු මැනවි.,0.2,0.1379,1,1,short,3.605,3.2,1,0.16,0.1135,0.005423,9.375,2,0
S017,17,S017_017.wav,S017_017_mel.npy,බරෙන් වැඩි වන්නේ ගසක මුල කොටසද,බරින් වැඩිවන්නේ කස්ට මොළකොටස් ද?,1.0,0.24,1,2,long,3.349,2.528,2,0.176,0.128,0.004373,9.889,2,1
S017,18,S017_018.wav,S017_018_mel.npy,රයිට් සහෝදරයන්ගේ පියා ඔවුන් පුංචිකාලයේ දී කඩදාසි සහ රබර් පටිවලින් සෙල්ලම් අහස් යානා තනා දුන්නේය,රයික් සහෝදරින්ගේ පියා උන් පොංචි කාලයේදී කඩදාස සහ රබල් පටිවලින් සෙල්ලම් හස්තියානා තනා දුන්නේය.,0.6,0.1358,1,2,long,9.387,8.128,2,0.288,0.1215,0.002205,9.966,2,1
S017,19,S017_019.wav,S017_019_mel.npy,පසු කලෙක ඔවුහු බයිසිකල් වැඩ වැඩපොළක් ඇරඹූහ,පසු කරක ඔහුව බර්ස්කරු වැඩපොළක් තනබූහ.,0.7143,0.4444,2,2,long,3.456,2.944,1,0.16,0.1073,0.003443,12.228,2,1
S017,20,S017_020.wav,S017_020_mel.npy,දැන් හැමෝම වාඩිවෙන්න,දැන් ඇමෝම වාඩිවෙන්න,0.3333,0.1111,1,1,short,1.92,1.728,0,0.0,0.0955,0.006254,10.417,2,0
S017,21,S017_021.wav,S017_021_mel.npy,අපි ඊළඟ දවසේ තවත් සෙල්ලමක් කරමු,අපි ලඟද අවසේත අවත්ස එල්ලමක් කරමු.,0.6667,0.1538,1,2,long,3.2,2.752,0,0.0,0.1185,0.003897,9.448,2,1
S017,22,S017_022.wav,S017_022_mel.npy,මේ සිහින අප නින්දේ දී දකින සිහින නම් නොවේ,මේ සිහින අප නින්දේදී දක්න සිහින නම් නොවේ.,0.3333,0.0303,0,1,long,3.925,3.456,0,0.0,0.107,0.004147,9.549,2,1
S017,23,S017_023.wav,S017_023_mel.npy,ඇගේ ගම ගිංතොට ය,ඇගේ කමකින්තොටය,0.75,0.3333,1,2,short,2.24,1.728,0,0.0,0.1328,0.004252,6.944,2,0
S017,24,S017_024.wav,S017_024_mel.npy,මේ පුංචි දැරිය ඇගේ ප්‍රියතම වැඩිහිටි නෑදෑයා ගැන පසු කලෙක එසේ කීවාය,මේ පුංචි දරිය ඇගේ ප්‍රිර්සම වැඩිවිති නැදැයා ගැන පක්කල කෙසේ කීවාය.,0.5833,0.2182,1,2,long,5.803,5.248,0,0.0,0.0973,0.004494,10.48,2,1
S017,25,S017_025.wav,S017_025_mel.npy,පින්තූර මගින් කතා කීම ඈත කාලයේ සිට පැවත එන ක්‍රමයකි,පින්තූර මගෙන් කතා කීම ඇතා කාලයෙස්ට බැවතෙන ක්‍රමයකි.,0.6,0.1667,1,2,long,4.608,4.064,0,0.0,0.1018,0.00687,10.335,2,1
S017,26,S017_026.wav,S017_026_mel.npy,මකුළුවා තණ බිස්සේ හැංගුනා,මකළොවා තනගිස් හැංගුණා.,0.75,0.2273,1,2,short,2.453,2.176,0,0.0,0.1117,0.006568,10.11,2,0
S017,27,S017_027.wav,S017_027_mel.npy,එළියේ ලස්සන ගැහැණු ළමයෙක් හිටගෙන හිටියා,එළියේ ලසනක අය ලමයෙක් උටගෙන හිටියා,0.5,0.2941,1,2,long,3.136,2.848,0,0.0,0.126,0.002323,11.938,2,1
S017,28,S017_028.wav,S017_028_mel.npy,අතරමගදී ඉතාම භයානක දෙයක් සිදුවුණා,අතර මකදී ඉතාම බලානකතයක් සිතුවුණා,1.0,0.1724,1,2,short,3.477,3.328,0,0.0,0.1287,0.00361,8.714,2,0
S017,29,S017_029.wav,S017_029_mel.npy,සර්පයා මහා විශාලෙට කට ඇරියා,සල්පයා මහහි සාවට කක්ට ඇරියා,0.8,0.3478,1,2,short,3.541,3.2,0,0.0,0.1476,0.003256,7.188,2,0
S017,30,S017_030.wav,S017_030_mel.npy,ටිකක් හිතලා බලන්නකෝ,ඉගක් හිතලා බලන්නෙකෝ,0.6667,0.2353,1,2,short,1.813,1.781,0,0.0,0.1273,0.003428,9.543,2,0
S017,31,S017_031.wav,S017_031_mel.npy,තනියෙන් ලියන්න,තනයෙන් ලියන්න,0.5,0.0769,0,2,short,1.685,1.248,0,0.0,0.1192,0.004144,10.417,2,0
S017,32,S017_032.wav,S017_032_mel.npy,පස්වැනි ගුණාංගය,පස්චනි කුණාම්වේ,1.0,0.5,2,2,short,1.941,1.408,0,0.0,0.1226,0.006043,9.943,2,0
S017,33,S017_033.wav,S017_033_mel.npy,බරණැස් නුවර සිටුවරයෙක් වාසය කළේය,භරණැයි සුනුවල සිටුවරයෙක් වාසනෙ කළේය.,0.6,0.2143,1,2,short,3.925,3.392,1,0.16,0.1283,0.004218,8.255,2,0
S017,34,S017_034.wav,S017_034_mel.npy,නායකතුමා මෙසේ පිළිතුරු දුන්නේය,නායක සිටුතුමා මෙසේ පෙළිතුර දුන්නේය.,0.75,0.2222,1,2,short,3.072,2.848,0,0.0,0.1414,0.005821,9.48,2,0
S017,35,S017_035.wav,S017_035_mel.npy,තේරවිලි වර්ග කිහිපයක් තිබේ,තේරවිලි වර්ක කිහිපයක් ක්දේ?,0.5,0.1739,1,2,short,2.603,2.016,1,0.16,0.1118,0.005248,11.409,2,0
S017,36,S017_036.wav,S017_036_mel.npy,අපේ සීයා කතන්දර කීමට සමතෙකි,අපේ සියා කතන්දර කීමට සමතකි.,0.4,0.087,0,1,short,3.136,2.752,0,0.0,0.1241,0.004131,8.358,2,0
S017,37,S017_037.wav,S017_037_mel.npy,මේ අය අතරමගදී අම්බලමක නතර වුණා,මේ අය අතරමකදේ අම්බලමක නතර වුනා.,0.1667,0.08,0,1,long,3.456,3.104,0,0.0,0.1238,0.003037,8.054,2,1
S017,38,S017_038.wav,S017_038_mel.npy,හරි අපූරු කතාවක්,හරි අපෝරු කතාවක්.,0.3333,0.0714,0,1,short,1.941,1.568,0,0.0,0.1169,0.003984,8.929,2,0
S017,39,S017_039.wav,S017_039_mel.npy,කටුස්සාගේ කරේ රත්තරන් බැන්දා වගෙයි,කටුස්කාකේ කරේ රත්තරන් බැඳාවකේ,0.6,0.3,1,2,short,3.285,2.72,0,0.0,0.1262,0.003783,11.029,2,0
S017,40,S017_040.wav,S017_040_mel.npy,මුල් ගුරුතුමා කීවේය,මොල් කරුතමා කීවේය.,0.6667,0.2353,1,2,short,2.133,1.792,0,0.0,0.1087,0.004037,9.487,2,0
S017,41,S017_041.wav,S017_041_mel.npy,අද පුස්තකාල පන්තියක් කරමු,අද පුස්තකාල පන්තියක් කරමු.,0.0,0.0,0,0,short,2.731,2.144,0,0.0,0.1022,0.002209,10.261,2,0
S017,42,S017_042.wav,S017_042_mel.npy,මම ගල්පරයක ඇලී ජීවත් වුනෙමි,මම ගල පරයක ඇලී චීවත්වුණමි,0.8,0.1304,1,2,short,2.603,2.304,0,0.0,0.1051,0.005818,9.983,2,0
S017,43,S017_043.wav,S017_043_mel.npy,බෙලි කටුව කතා කරයි,බෙලි කටුව කතා කරයි.,0.0,0.0,0,0,short,1.685,1.525,0,0.0,0.1191,0.004082,9.834,2,0
S017,44,S017_044.wav,S017_044_mel.npy,සති අන්තේ නිවාඩුවට බිංදුලා ගමේ ගියා,සතිය අන්තේ නෙවාඩවට පිංගුලා ගමය කියා,0.8333,0.2333,1,2,long,3.136,2.848,0,0.0,0.1131,0.001513,10.534,2,1
S017,45,S017_045.wav,S017_045_mel.npy,මොනවාද ඒවායේ නම්,මොනවා දේවා ඒ නම්,1.0,0.2143,1,2,short,1.877,1.472,0,0.0,0.0975,0.005756,9.511,2,0
S017,46,S017_046.wav,S017_046_mel.npy,නංගි උත්තර දුන්නා,නංග්‍රීය උත්තර දුන්නා,0.3333,0.3333,1,1,short,1.792,1.408,0,0.0,0.0994,0.00528,10.653,2,0
S017,47,S017_047.wav,S017_047_mel.npy,පාර කියන අත්තම්මා,පාර කියන අතම්මා.,0.3333,0.1333,1,1,short,1.877,1.653,0,0.0,0.1187,0.004121,9.072,2,0
S017,48,S017_048.wav,S017_048_mel.npy,ඇයගේ කැපවීම පුදුමාකාරය,ඇයගේ කැපිවියක්ම පුක්මාකාරය,0.6667,0.35,1,2,short,2.88,2.592,0,0.0,0.107,0.003731,7.716,2,0
S017,49,S017_049.wav,S017_049_mel.npy,මිනිසාගේ පරම යුතුකම මිනිසාට සේවය කිරීම,මිනිසාගේ පරම යුතුකම මිනිසාට සේවය කිරීම,0.0,0.0,0,0,long,4.053,3.552,0,0.0,0.1045,0.004989,9.291,2,1
S017,50,S017_050.wav,S017_050_mel.npy,අපි මේ වන විට පැය දොළහක් වැඩ කර පැය දොළහක් විවේක ගත්තා,අපි මේවනුවට පැය දොළහක් හැර වැඩකර පැය දොළහක් විවේක ගත්තා,0.4167,0.1163,1,2,long,4.992,4.448,0,0.0,0.1056,0.003866,9.667,2,1
S017,51,S017_051.wav,S017_051_mel.npy,අප කවුරුත් පුදුමයට පත්කරමින් ඈට පණ ආවා,අප කවුරත් ප්‍රතුමෙට් පත්කරමින් නෑට පන ආවා.,0.4286,0.2812,1,2,long,4.011,3.2,0,0.0,0.1105,0.003402,10.0,2,1
S017,52,S017_052.wav,S017_052_mel.npy,සුගන්ධවත් පුෂ්පයෝ අපගේ සොහොයුරියෝය,සුගාන්දවත් උෂ්පොයෝ අප ගේසො යුරයෝ,1.0,0.2581,1,2,short,5.013,4.181,3,0.224,0.1312,0.007685,7.414,2,0
S017,53,S017_053.wav,S017_053_mel.npy,ගංගාවෝ අපගේ සොහොයුරෝ වෙති,දංගාවෝ අප ගේස්තහොයුරුයෝ වැතියි,1.0,0.3636,2,2,short,2.901,2.4,0,0.0,0.105,0.004996,9.167,2,0
S017,54,S017_054.wav,S017_054_mel.npy,නංගී මට නොදී කිසිවක් නොකනවා ඇතැයි මට සිතේ,නගේ මට නතිය කිසිවක් නකානවා ඇතැයි මට සිද්දේ,0.5,0.2941,1,2,long,5.717,4.853,2,0.24,0.1074,0.00484,7.005,2,1
S017,55,S017_055.wav,S017_055_mel.npy,නංගි උදේ පාන්දරින්ම නැගිටියි,නගී උදේ පාන්දරීම නැගිටී,0.75,0.32,1,2,short,3.349,2.656,1,0.192,0.0946,0.003158,9.413,2,0
S017,56,S017_056.wav,S017_056_mel.npy,ඈ මා ගෙදර යන විට අසනු ඇත,ඇය මා ගෙදර යනවිට අසනො ඇත.,0.5714,0.1667,1,2,long,2.667,2.336,0,0.0,0.1153,0.005585,7.705,2,1
S017,57,S017_057.wav,S017_057_mel.npy,ගොවිතැන සඳහා භාවිත වන උපකරණ එකින් එක විස්තර කරද්දී ළමයි සාවධානව අසා සිටියහ,ගොවිතන සඳහාභාවාවීතකරණ උපකරණය කින්නෙක ස්තරක රදී ළමයි ස්වාවදාන්නව අශාස්තියහ.,0.9231,0.3226,1,2,long,8.256,6.848,3,0.299,0.1172,0.003416,9.054,2,1
S017,58,S017_058.wav,S017_058_mel.npy,ළමයි පොල්තෙල් හිඳීමට භාවිත කරන සෙක්කුව අසලට රැස් වූහ,ලමයි පෝර්තයල් හිඳීමට භාවතා කරන් සෙක්වා සොලට පැස්වූහ.,0.7778,0.25,1,2,long,4.608,4.32,0,0.0,0.1137,0.002498,10.185,2,1
S017,59,S017_059.wav,S017_059_mel.npy,ඒ ගොල්ලන්ට අලුත් ක්‍රමයක් හොයා ගන්න වෙනවා,ඒගොල්ලන්ටා ලොච්චෙනුයක් හොයාගන්න වෙන හා,1.0,0.2571,1,2,long,3.2,2.784,0,0.0,0.1225,0.003633,12.572,2,1
S017,60,S017_060.wav,S017_060_mel.npy,බොහෝ දෙනෙක් මම එනතුරු බලා ගෙන හිටියා,බොහෝ දෙනෙක් මම එන්නතුරු බලාක්න හිටියා,0.4286,0.1333,1,2,long,3.072,2.88,0,0.0,0.1038,0.003349,10.417,2,1
S017,61,S017_061.wav,S017_061_mel.npy,මට ආරංචි වුණා රජතුමාගේ ගුහාව ළඟ අනතුරක් කියලා,මට අරජු නාරත්තුමාගේ ගොහාව ලග අනත්‍රක් කියලා.,0.75,0.2895,1,2,long,4.608,4.0,0,0.0,0.1089,0.00287,9.5,2,1
S017,62,S017_062.wav,S017_062_mel.npy,පැය අටකට පසු ඔවුන්ට පියාපත් සලන හඬක් ඇසිණි,දැය අටකට පස් හවුන්ට පියාවත් අනානා කැන්නේ.,0.875,0.4,2,2,long,4.075,3.36,0,0.0,0.1063,0.006221,10.417,2,1
S017,63,S017_063.wav,S017_063_mel.npy,මිනිසුන් ගැන විස්තර දැනගන්න බොහෝ ක්‍රම තියෙනවා,මෙනිසුන් ගැනවිස්තර දන ගන්න ගොහෝ ක්‍රමතියනවා.,1.0,0.1,0,2,long,4.48,3.36,1,0.544,0.0929,0.003103,11.905,2,1
S017,64,S017_064.wav,S017_064_mel.npy,ඔබට දින හතරක් දෙමි,ඔබට දින හතරක්දෙමි.,0.5,0.0,0,2,short,2.219,1.696,0,0.0,0.0912,0.004652,8.844,2,0
S017,65,S017_065.wav,S017_065_mel.npy,ඇදුරුතුමා බෙහෙවින් සතුටට පත් විය,ඇදුරුතුමා බැවින් සතුරටර පත්පිය,0.8,0.2143,1,2,short,3.008,2.656,0,0.0,0.1202,0.00402,10.542,2,0
S017,66,S017_066.wav,S017_066_mel.npy,ඔබට පේන්නේ කුමක්දැයි මම ඇසුවෙමි,ඔබට පෙන්නේ කොමක් දැයි මම ඇස්වමි,0.8,0.1481,1,2,short,3.136,2.656,0,0.0,0.1187,0.004707,10.166,2,0
S017,67,S017_067.wav,S017_067_mel.npy,මෙතැන තමයි හොඳම තැන,මෙතෙන තම්මයි හොඳම තැන,0.5,0.1875,1,2,short,1.984,1.728,0,0.0,0.0924,0.004242,9.259,2,0
S017,68,S017_068.wav,S017_068_mel.npy,ඇය කාචය සකස් කර නැවත බැලූවාය,මෙතෙන් තමයි හොදම තැම,1.0,0.913,2,2,long,3.008,2.88,0,0.0,0.1232,0.00282,7.986,2,1
S018,1,S018_001.wav,S018_001_mel.npy,යාළුවෝ හැමදෙනාම නිදහස් උත්සවය බැලුවා,යාලුවෝ හැවදෙනාම නිදා සුද්සයේ බැලුවා,0.6,0.2188,1,2,short,4.331,3.648,0,0.0,0.1419,0.004598,8.772,0,0
S018,2,S018_002.wav,S018_002_mel.npy,කවිඳු යාළුවොත් එක්ක මිදුලේ සෙල්ලම් කරමින් සිටියා,කවිදු යානුවොත් එක ෆිදුලෙ සෙත්නට්මින් සිකියා!,1.0,0.2857,1,2,long,4.331,3.52,1,0.288,0.1267,0.003106,11.932,0,1
S018,3,S018_003.wav,S018_003_mel.npy,අපේ රටේ නිදහස් උත්සවය,අපේ රටේ නිදහත් උත්තවය.,0.5,0.1111,1,2,short,3.072,2.272,1,0.16,0.1072,0.005646,7.923,0,0
S018,4,S018_004.wav,S018_004_mel.npy,මම කෝෂය ඇතුලේ සති දෙකක් විතර හිටියා,මම කෝෂය ඇත්තුලේ ශති දෙකක් මිතර හිටියා.,0.4286,0.1379,1,2,long,4.928,3.808,0,0.0,0.1221,0.003575,7.616,0,1
S018,5,S018_005.wav,S018_005_mel.npy,පොත් කියවීමෙන් මිනිසා සම්පූර්ණ වේ,පොත් කියවීමෙන් මිනිසා සංකූන වේ.,0.2,0.1724,1,1,short,4.267,3.232,2,0.208,0.1269,0.004604,8.973,0,0
S018,6,S018_006.wav,S018_006_mel.npy,මුහුද හරිම ලස්සනයි,මුහුදා හරිම ලස්සනයි.,0.3333,0.0625,0,1,short,2.603,2.208,0,0.0,0.1575,0.002327,7.246,0,0
S018,7,S018_007.wav,S018_007_mel.npy,හැමෝම එකට අත් අල්ලා ගන්න,ඇමෝම එකට අත්ඇලා ගන්න,0.6,0.25,1,2,short,3.413,2.848,0,0.0,0.1327,0.004822,7.022,0,0
S018,8,S018_008.wav,S018_008_mel.npy,මම එහෙනම් නාගෙන එන්නම්,එත් මම එහෙනම් ශාගෙන එන්මා,0.75,0.3158,1,2,short,4.331,2.784,1,0.608,0.146,0.005319,6.825,0,0
S018,9,S018_009.wav,S018_009_mel.npy,අපි අද පොල් කැඩුවා,අපි අපි අද පොල් කැඩුවා,0.25,0.2,1,1,short,3.136,2.624,1,0.192,0.1317,0.003825,5.716,0,0
S018,10,S018_010.wav,S018_010_mel.npy,"ඇයි හිනා වෙන්නේ, මට රජ වෙන්න බැරිද",ඇයි හිනා වෙන්නේ මට්ට රජ වෙන්න බැඩිද,0.2857,0.1111,1,1,long,3.883,3.339,0,0.0,0.1296,0.003524,8.387,0,1
S018,11,S018_011.wav,S018_011_mel.npy,දුව සටහන් පොතේ මොනවාද ලියා ගත්තේ,දුව සටහන් කොතේ මොනවද ලියා ගත්තේ,0.3333,0.0741,0,1,long,5.077,4.128,1,0.416,0.1297,0.003572,6.541,0,1
S018,12,S018_012.wav,S018_012_mel.npy,ඉතින් මෙච්චර පරක්කු වුනේ ඇයි,ඉතින් මෙච්චර පරකුණේ ඇයි,0.4,0.1667,1,1,short,2.773,2.624,0,0.0,0.1374,0.004455,9.146,0,0
S018,13,S018_013.wav,S018_013_mel.npy,දවසක් අම්මා අශ්ව පැටියාගෙන් උදව්වක් ඉල්ලුවා,දවසක් කම්මා අශ්ව පැටියාගෙන් උදවුවක් ඉල්ලුවා,0.3333,0.0526,0,1,long,5.269,4.448,2,0.208,0.1295,0.003167,8.543,0,1
S018,14,S018_014.wav,S018_014_mel.npy,ඔය ගඟ හරි ගැඹුරුයි,ඔය ගග හරි ගෙපුරුයි,0.5,0.2,1,2,short,2.347,1.995,0,0.0,0.1035,0.003915,7.52,0,0
S018,15,S018_015.wav,S018_015_mel.npy,අශ්ව පැටියා ඉක්මනින් ගෙදර එනවා දැකලා අම්මා පුදුම වුනා,අශ්ප පැටියා එක්ම නින් ගෙදර එනවා දැකල අම්මා පුදුහුනා,0.6667,0.1111,1,2,long,6.485,5.248,2,0.352,0.1242,0.003814,8.575,0,1
S018,16,S018_016.wav,S018_016_mel.npy,"සිටුතුමනි, අපට අනුකම්පා කරනු මැනවි",සිටුතුමනි මට අනුකම්පා කරනු මෑනවී,0.4,0.1379,1,1,short,7.616,5.888,4,0.272,0.1394,0.003507,5.095,0,0
S018,17,S018_017.wav,S018_017_mel.npy,බරෙන් වැඩි වන්නේ ගසක මුල කොටසද,බරෙන් වැඩ්ඩිවන්නේ ගසක මුල්කොටසද,0.6667,0.12,1,2,long,4.48,3.84,1,0.32,0.1247,0.003864,6.51,0,1
S018,18,S018_018.wav,S018_018_mel.npy,රයිට් සහෝදරයන්ගේ පියා ඔවුන් පුංචිකාලයේ දී කඩදාසි සහ රබර් පටිවලින් සෙල්ලම් අහස් යානා තනා දුන්නේය,රයින් සහෝදරයාගේ පියක්ද ඔවුන් පුංචිකා ලේතියි කඩ්ඩඩා රබර් පටිවලින් සෙල්ලම් මහසේ යානා තනා දුන්නේය.,0.5333,0.2346,1,2,long,13.867,11.616,4,0.344,0.1385,0.002143,6.973,0,1
S018,19,S018_019.wav,S018_019_mel.npy,පසු කලෙක ඔවුහු බයිසිකල් වැඩ වැඩපොළක් ඇරඹූහ,පසු කාලෙක ඔවුහු භයිසිකල් වැඩකොලා කැරඹූහ.,0.5714,0.2222,1,2,long,6.4,5.504,3,0.181,0.1283,0.003144,6.541,0,1
S018,20,S018_020.wav,S018_020_mel.npy,දැන් හැමෝම වාඩිවෙන්න,දැන් හැමුම වාඩි වෙන්න,1.0,0.0556,0,2,short,2.048,1.952,0,0.0,0.0933,0.00296,9.221,0,0
S018,21,S018_021.wav,S018_021_mel.npy,අපි ඊළඟ දවසේ තවත් සෙල්ලමක් කරමු,අපි ඊලග දවසේ තවත්සෙල්ලමක් කරමු,0.5,0.0385,0,2,long,3.52,3.2,0,0.0,0.1282,0.002131,8.125,0,1
S018,22,S018_022.wav,S018_022_mel.npy,මේ සිහින අප නින්දේ දී දකින සිහින නම් නොවේ,මේ සිහින අප නින්දේදී දකින සිහින නම් නොවේ,0.2222,0.0,0,1,long,6.208,5.024,1,0.544,0.1269,0.005895,6.568,0,1
S018,23,S018_023.wav,S018_023_mel.npy,ඇගේ ගම ගිංතොට ය,ඇගේ ගම ගින් තොටය.,0.5,0.1667,1,2,short,3.072,2.368,1,0.224,0.122,0.004003,5.068,0,0
S018,24,S018_024.wav,S018_024_mel.npy,මේ පුංචි දැරිය ඇගේ ප්‍රියතම වැඩිහිටි නෑදෑයා ගැන පසු කලෙක එසේ කීවාය,මේ පුංචි දැරිය ඇගේ ප්‍රියසම වැඩිහිතින්න දෑයා ගැන පශුකල්ක ඒවා කීවාය.,0.5,0.1636,1,2,long,8.939,7.392,2,0.544,0.1158,0.003862,7.44,0,1
S018,25,S018_025.wav,S018_025_mel.npy,පින්තූර මගින් කතා කීම ඈත කාලයේ සිට පැවත එන ක්‍රමයකි,ඉන්තූර මගෙන් කතා කීම ඈත ලේ සිට පැවතෙන ක්‍රමයකි.,0.5,0.1667,1,2,long,7.147,6.016,1,0.544,0.1427,0.004346,6.981,0,1
S018,26,S018_026.wav,S018_026_mel.npy,මකුළුවා තණ බිස්සේ හැංගුනා,මකුලුවා තම විසේ හැංගුණා.,0.5,0.1818,1,2,short,4.416,3.232,2,0.288,0.1477,0.003616,6.807,0,0
S018,27,S018_027.wav,S018_027_mel.npy,එළියේ ලස්සන ගැහැණු ළමයෙක් හිටගෙන හිටියා,එල්ලියේ ලස්සන ගෑනුලමෙක් කිහිට ගෙන හිටියා,0.6667,0.2353,1,2,long,5.909,4.192,1,0.864,0.124,0.00319,8.111,0,1
S018,28,S018_028.wav,S018_028_mel.npy,අතරමගදී ඉතාම භයානක දෙයක් සිදුවුණා,අතන මගදී ඉතා ඉතාම බයනක දෙයක් සිදු වුණා.,1.0,0.1724,1,2,short,6.485,5.44,1,0.672,0.1371,0.004939,5.331,0,0
S018,29,S018_029.wav,S018_029_mel.npy,සර්පයා මහා විශාලෙට කට ඇරියා,සාර්පයා මහා විෂලෙට කට ඇරියා,0.4,0.087,0,1,short,4.544,4.032,2,0.208,0.1523,0.005857,5.704,0,0
S018,30,S018_030.wav,S018_030_mel.npy,ටිකක් හිතලා බලන්නකෝ,ටිකා කිතලා බලන්නකෝ.,0.6667,0.1765,1,2,short,2.347,2.208,0,0.0,0.1211,0.005854,7.699,0,0
S018,31,S018_031.wav,S018_031_mel.npy,තනියෙන් ලියන්න,තනියෙන් ඩියන්න,0.5,0.0769,0,2,short,1.984,1.504,0,0.0,0.1032,0.003718,8.644,0,0
S018,32,S018_032.wav,S018_032_mel.npy,පස්වැනි ගුණාංගය,පස්වැනි හුනාන්ගය,0.5,0.2143,1,2,short,2.112,1.856,0,0.0,0.1405,0.004534,7.543,0,0
S018,33,S018_033.wav,S018_033_mel.npy,බරණැස් නුවර සිටුවරයෙක් වාසය කළේය,බරණැහ් සුවර සුවරේ ක්වාසය කළේය.,0.8,0.2143,1,2,short,4.736,3.84,2,0.224,0.1245,0.004536,7.292,0,0
S018,34,S018_034.wav,S018_034_mel.npy,නායකතුමා මෙසේ පිළිතුරු දුන්නේය,නායක සිටුතුමා මෙසේ පිවිතුරු දුන්නේය.,0.75,0.1852,1,2,short,3.819,3.584,0,0.0,0.1265,0.007275,7.533,0,0
S018,35,S018_035.wav,S018_035_mel.npy,තේරවිලි වර්ග කිහිපයක් තිබේ,තේරවිලි වර්ග කිහිපයත් ඉබේ.,0.5,0.1304,1,2,short,2.816,2.368,0,0.0,0.0995,0.007791,9.713,0,0
S018,36,S018_036.wav,S018_036_mel.npy,අපේ සීයා කතන්දර කීමට සමතෙකි,අපේ සියා කතන්දර කීම තමතෙකි.,0.6,0.1304,1,2,short,4.352,3.584,1,0.352,0.1342,0.005012,6.417,0,0
S018,37,S018_037.wav,S018_037_mel.npy,මේ අය අතරමගදී අම්බලමක නතර වුණා,මේ අය අතලමගදී අම්බලමක් නතර උනා අම්බලමක නතුනා,0.8333,0.56,2,2,long,5.952,5.152,1,0.416,0.11,0.003453,4.852,0,1
S018,38,S018_038.wav,S018_038_mel.npy,හරි අපූරු කතාවක්,හාරියි අපූරු කතාවා,0.6667,0.3571,2,2,short,2.133,2.069,0,0.0,0.1343,0.004948,6.765,0,0
S018,39,S018_039.wav,S018_039_mel.npy,කටුස්සාගේ කරේ රත්තරන් බැන්දා වගෙයි,කටුස්සාගේ කරේ රතරම් බැන්දා වගේ,0.4,0.2,1,1,short,3.477,3.232,0,0.0,0.1384,0.002826,9.282,0,0
S018,40,S018_040.wav,S018_040_mel.npy,මුල් ගුරුතුමා කීවේය,මුල් බුරුතුමා කීවේය,0.3333,0.0588,0,1,short,2.475,2.016,0,0.0,0.1111,0.006721,8.433,0,0
S018,41,S018_041.wav,S018_041_mel.npy,අද පුස්තකාල පන්තියක් කරමු,අද පෘස්ථකාල පන්තියා කරමු,0.5,0.1364,1,2,short,3.243,2.976,0,0.0,0.133,0.004904,7.392,0,0
S018,42,S018_042.wav,S018_042_mel.npy,මම ගල්පරයක ඇලී ජීවත් වුනෙමි,මම ගල් පරයක ඇල්ලි ජීවත් උනෙමි.,0.8,0.2174,1,2,short,4.949,4.032,2,0.24,0.1126,0.004534,5.704,0,0
S018,43,S018_043.wav,S018_043_mel.npy,බෙලි කටුව කතා කරයි,බෙරිකටුව කතා කරයි.,0.5,0.0667,0,2,short,1.941,1.76,0,0.0,0.1108,0.005841,8.523,0,0
S018,44,S018_044.wav,S018_044_mel.npy,සති අන්තේ නිවාඩුවට බිංදුලා ගමේ ගියා,සති අන්තේ නිවාඩුව බිඳුලා ගමේ ගියා,0.3333,0.1,0,1,long,4.075,3.872,0,0.0,0.1444,0.004292,7.748,0,1
S018,45,S018_045.wav,S018_045_mel.npy,මොනවාද ඒවායේ නම්,මුනුවද ඒවායේ නම්,0.3333,0.2143,1,1,short,3.605,2.688,1,0.48,0.1,0.006571,5.208,0,0
S018,46,S018_046.wav,S018_046_mel.npy,නංගි උත්තර දුන්නා,නංගී උත්තර දුන්නා.,0.3333,0.0667,0,1,short,2.411,2.304,0,0.0,0.1108,0.003812,6.51,0,0
S018,47,S018_047.wav,S018_047_mel.npy,පාර කියන අත්තම්මා,ආර්ය කියන අත්අම්ම,0.6667,0.4,2,2,short,2.453,1.76,0,0.0,0.1274,0.004664,8.523,0,0
S018,48,S018_048.wav,S018_048_mel.npy,ඇයගේ කැපවීම පුදුමාකාරය,ඇයගේ කැපවීම පුදුමාකාරයම්,0.3333,0.1,0,1,short,3.349,3.189,0,0.0,0.1319,0.002595,6.271,0,0
S018,49,S018_049.wav,S018_049_mel.npy,මිනිසාගේ පරම යුතුකම මිනිසාට සේවය කිරීම,මිනිසා පරම යුතුගම විනිසාට සේවය කිරීම,0.5,0.1212,1,2,long,4.608,3.904,1,0.352,0.1535,0.004527,8.453,0,1
S018,50,S018_050.wav,S018_050_mel.npy,අපි මේ වන විට පැය දොළහක් වැඩ කර පැය දොළහක් විවේක ගත්තා,අපි මේවන විට පැය දොළහක් වැඩ කර පැය දොළහක් විවේක ගත්තා,0.1667,0.0,0,1,long,7.339,6.304,2,0.336,0.1222,0.003283,6.821,0,1
S018,51,S018_051.wav,S018_051_mel.npy,අප කවුරුත් පුදුමයට පත්කරමින් ඈට පණ ආවා,අප කවුරුත් බුත්මයට පත් කරමින් ඈට කන ආවා,0.5714,0.125,1,2,long,6.72,5.248,3,0.352,0.1103,0.004216,6.098,0,1
S018,52,S018_052.wav,S018_052_mel.npy,සුගන්ධවත් පුෂ්පයෝ අපගේ සොහොයුරියෝය,ස්කන්දාත් පුස්පයො අපකේ සහෘතුරියෝය,1.0,0.2903,1,2,short,5.483,4.064,2,0.464,0.1239,0.003066,7.628,0,0
S018,53,S018_053.wav,S018_053_mel.npy,ගංගාවෝ අපගේ සොහොයුරෝ වෙති,පංගාවෝ අප කගේ සොහොයුරෝ වෙති,0.75,0.0909,0,2,short,4.139,3.616,1,0.384,0.1169,0.005153,6.084,0,0
S018,54,S018_054.wav,S018_054_mel.npy,නංගී මට නොදී කිසිවක් නොකනවා ඇතැයි මට සිතේ,නංගී මට නොදී කිසිවා නොකරනවා ඇතැම් මට සිතේ,0.375,0.1471,1,1,long,5.653,4.736,1,0.288,0.1343,0.002575,7.179,0,1
S018,55,S018_055.wav,S018_055_mel.npy,නංගි උදේ පාන්දරින්ම නැගිටියි,නංගී උදේ පාන්දරීම නැගිටි,0.75,0.24,1,2,short,3.541,3.2,0,0.0,0.1172,0.004936,7.812,0,0
S018,56,S018_056.wav,S018_056_mel.npy,ඈ මා ගෙදර යන විට අසනු ඇත,ඈමා ගෙදර යනවිට අසනු ඇත.,0.5714,0.0,0,2,long,3.349,3.072,0,0.0,0.1149,0.004149,5.859,0,1
S018,57,S018_057.wav,S018_057_mel.npy,ගොවිතැන සඳහා භාවිත වන උපකරණ එකින් එක විස්තර කරද්දී ළමයි සාවධානව අසා සිටියහ,ඔවිතැන සදහා වාවිතාවන උපකානව එකින් එක විස්තර කරද්දි ළමයි සාවදානව අසාසිකිය,0.6154,0.1613,1,2,long,11.733,9.376,6,0.277,0.1348,0.004485,6.613,0,1
S018,58,S018_058.wav,S018_058_mel.npy,ළමයි පොල්තෙල් හිඳීමට භාවිත කරන සෙක්කුව අසලට රැස් වූහ,ළමයි පොල්තය හිදීමට භාවිත කරන සෙක්ව අසරස් වූහ.,0.5556,0.2045,1,2,long,5.739,4.736,2,0.416,0.1154,0.003653,9.291,0,1
S018,59,S018_059.wav,S018_059_mel.npy,ඒ ගොල්ලන්ට අලුත් ක්‍රමයක් හොයා ගන්න වෙනවා,ඒ ගොල්ලන්ට අලු ක්‍රමයක් පොයාගන්න වෙනවා.,0.4286,0.0857,0,2,long,4.544,4.128,1,0.352,0.1128,0.003934,8.479,0,1
S018,60,S018_060.wav,S018_060_mel.npy,බොහෝ දෙනෙක් මම එනතුරු බලා ගෙන හිටියා,බොහෝ දෙනෙක් මම එන තුරු බලාගෙන හිටියා,0.4286,0.0,0,2,long,3.605,3.488,0,0.0,0.1309,0.005586,8.601,0,1
S018,61,S018_061.wav,S018_061_mel.npy,මට ආරංචි වුණා රජතුමාගේ ගුහාව ළඟ අනතුරක් කියලා,මට ආරංචි වුනා රජතුමාගේ ගුහාව ලග අනතුරක් කියලා,0.125,0.0263,0,1,long,7.787,6.368,3,0.405,0.1451,0.003144,5.967,0,1
S018,62,S018_062.wav,S018_062_mel.npy,පැය අටකට පසු ඔවුන්ට පියාපත් සලන හඬක් ඇසිණි,පැය අටකට පසු ඔවුන්ට පියාපා සලන් හඩ කැසිණි.,0.5,0.1714,1,2,long,5.525,4.96,1,0.384,0.1507,0.004402,7.056,0,1
S018,63,S018_063.wav,S018_063_mel.npy,මිනිසුන් ගැන විස්තර දැනගන්න බොහෝ ක්‍රම තියෙනවා,මිනිසුන් ගැන විස්තර දැනගන්න බොහෝ කමයත් යෙනවා.,0.2857,0.125,1,1,long,4.672,4.128,1,0.192,0.1193,0.003253,9.69,0,1
S018,64,S018_064.wav,S018_064_mel.npy,ඔබට දින හතරක් දෙමි,ඔබට දින හතරක් දෙමි.,0.0,0.0,0,0,short,2.304,2.048,0,0.0,0.1004,0.003278,7.324,0,0
S018,65,S018_065.wav,S018_065_mel.npy,ඇදුරුතුමා බෙහෙවින් සතුටට පත් විය,ඇදුතුමා බෙහෙවීන් සතුටට පත් විය.,0.4,0.1071,1,1,short,3.84,3.488,1,0.256,0.134,0.002623,8.028,0,0
S018,66,S018_066.wav,S018_066_mel.npy,ඔබට පේන්නේ කුමක්දැයි මම ඇසුවෙමි,ඔබට පේන්නේ කුමක් දැක්ත් ඉමා මම සිත් මම ඇසුවෙමි.,1.0,0.4444,2,2,short,5.739,4.587,2,0.496,0.1276,0.004367,5.887,0,0
S018,67,S018_067.wav,S018_067_mel.npy,මෙතැන තමයි හොඳම තැන,මෙතෙන් තමයි හොදම තැම,0.75,0.25,1,2,short,3.008,2.88,0,0.0,0.1232,0.00282,5.556,0,0
S018,68,S018_068.wav,S018_068_mel.npy,ඇය කාචය සකස් කර නැවත බැලූවාය,ඇයෙක් සාකච්ඡාවත් සකස්ල නොත බැලුවෙයි.,1.0,0.7391,2,2,long,5.205,3.232,2,0.592,0.1289,0.005487,7.116,0,1
S019,1,S019_001.wav,S019_001_mel.npy,යාළුවෝ හැමදෙනාම නිදහස් උත්සවය බැලුවා,යාලු හෝ හැම දෙනාම රහස් උස්ත්‍රය බැලුවා,1.0,0.25,1,2,short,4.139,3.392,1,0.544,0.1463,0.002554,9.434,0,0
S019,2,S019_002.wav,S019_002_mel.npy,කවිඳු යාළුවොත් එක්ක මිදුලේ සෙල්ලම් කරමින් සිටියා,කවිතු යාලුවොත් එක්ක මිතුලිශෙල් ලක්තමින් සිටියා,0.5714,0.1667,1,2,long,4.672,3.712,1,0.288,0.1223,0.004749,11.315,0,1
S019,3,S019_003.wav,S019_003_mel.npy,අපේ රටේ නිදහස් උත්සවය,අපේ රථයේ නිදහස් උස්වය,0.5,0.2222,1,2,short,2.816,2.4,0,0.0,0.1396,0.003674,7.5,0,0
S019,4,S019_004.wav,S019_004_mel.npy,මම කෝෂය ඇතුලේ සති දෙකක් විතර හිටියා,මම කෝසය ඇතුළේ ශක් දෙකක් විතර හිටියා.,0.2857,0.1379,1,1,long,3.733,3.104,0,0.0,0.1437,0.005055,9.343,0,1
S019,5,S019_005.wav,S019_005_mel.npy,පොත් කියවීමෙන් මිනිසා සම්පූර්ණ වේ,පොට් කියවීමෙන් මිනිසා සම්පුණ වේ.,0.4,0.1379,1,1,short,3.819,2.688,1,0.576,0.1302,0.003258,10.789,0,0
S019,6,S019_006.wav,S019_006_mel.npy,මුහුද හරිම ලස්සනයි,මුහුදත හරිම දස්සනයි,0.6667,0.125,1,2,short,2.475,1.952,1,0.256,0.1556,0.002849,8.197,0,0
S019,7,S019_007.wav,S019_007_mel.npy,හැමෝම එකට අත් අල්ලා ගන්න,ඇමෝම එකට අත් අල්ලා ගන්න,0.2,0.1,0,1,short,3.2,2.56,1,0.32,0.0926,0.005368,7.812,0,0
S019,8,S019_008.wav,S019_008_mel.npy,මම එහෙනම් නාගෙන එන්නම්,මම ඒ නම්නා කෙන ඉන්නක්,1.0,0.3158,1,2,short,2.517,2.208,0,0.0,0.0983,0.005348,8.605,0,0
S019,9,S019_009.wav,S019_009_mel.npy,අපි අද පොල් කැඩුවා,අපියට පුල්ස්කැදුවක්,1.0,0.5333,2,2,short,1.856,1.664,0,0.0,0.1098,0.006107,9.014,0,0
S019,10,S019_010.wav,S019_010_mel.npy,"ඇයි හිනා වෙන්නේ, මට රජ වෙන්න බැරිද",ඇයි හිනාවෙන්නෙ මතා ආතිය වෙන්න බැටිටා.,0.7143,0.3704,2,2,long,3.712,3.104,1,0.256,0.1019,0.005349,9.021,0,1
S019,11,S019_011.wav,S019_011_mel.npy,දුව සටහන් පොතේ මොනවාද ලියා ගත්තේ,"දුව සතහන්, පොතේ මොනාද ලියාගත්තේ",0.6667,0.0741,0,2,long,4.267,3.36,1,0.448,0.121,0.003814,8.036,0,1
S019,12,S019_012.wav,S019_012_mel.npy,ඉතින් මෙච්චර පරක්කු වුනේ ඇයි,ඉතින් වෙච්චර පරක්වොන්නේ ඇයි?,0.6,0.2083,1,2,short,2.539,2.24,0,0.0,0.1114,0.002688,10.714,0,0
S019,13,S019_013.wav,S019_013_mel.npy,දවසක් අම්මා අශ්ව පැටියාගෙන් උදව්වක් ඉල්ලුවා,තවසකම්මා අස්ස පැතියාකෙන් දොබව් විල්ලොවා,1.0,0.3684,2,2,long,4.949,4.064,1,0.352,0.1175,0.004498,9.35,0,1
S019,14,S019_014.wav,S019_014_mel.npy,ඔය ගඟ හරි ගැඹුරුයි,ඔයා කකහාරි කැපුරි,1.0,0.5333,2,2,short,3.008,1.984,1,0.512,0.0864,0.003052,7.56,0,0
S019,15,S019_015.wav,S019_015_mel.npy,අශ්ව පැටියා ඉක්මනින් ගෙදර එනවා දැකලා අම්මා පුදුම වුනා,අස්‍රපටියායි උමනින් ගෙතර එනවා දැකල අම්මක් නොවුන්නක්,0.8889,0.4222,2,2,long,5.205,4.512,1,0.256,0.0962,0.004104,9.973,0,1
S019,16,S019_016.wav,S019_016_mel.npy,"සිටුතුමනි, අපට අනුකම්පා කරනු මැනවි",චිතුත් චිතතුම ඊ හපට අනුකම්පා කරන මැනවි.,1.0,0.3793,2,2,short,5.013,4.0,2,0.304,0.1081,0.005243,7.5,0,0
S019,17,S019_017.wav,S019_017_mel.npy,බරෙන් වැඩි වන්නේ ගසක මුල කොටසද,භරේන් වැදි වන්නේ ගචක මුල් කොතස්ද?,0.8333,0.24,1,2,long,4.011,3.232,2,0.256,0.0948,0.005441,7.735,0,1
S019,18,S019_018.wav,S019_018_mel.npy,රයිට් සහෝදරයන්ගේ පියා ඔවුන් පුංචිකාලයේ දී කඩදාසි සහ රබර් පටිවලින් සෙල්ලම් අහස් යානා තනා දුන්නේය,නරයි සහුතරයි ආගේ වියා ඔවුම් උංජි කාලයති පඨදාශ්ති තහ රපුල් පටිවලින් සෙල්ලන් ආශ්‍යාන්නා තනා දුන්නේව.,0.9333,0.3951,2,2,long,12.736,9.824,8,0.336,0.1127,0.003618,8.245,0,1
S019,19,S019_019.wav,S019_019_mel.npy,පසු කලෙක ඔවුහු බයිසිකල් වැඩ වැඩපොළක් ඇරඹූහ,පසු කළේ ඔහු පරිස් කල් කට පොලක්ටක් නැරබුන් වේ.,1.0,0.6667,2,2,long,5.995,4.032,2,0.448,0.0924,0.00315,8.929,0,1
S019,20,S019_020.wav,S019_020_mel.npy,දැන් හැමෝම වාඩිවෙන්න,දැන් හැමෝම වාටිවෙන්න,0.3333,0.0556,0,1,short,2.069,1.781,0,0.0,0.0813,0.002778,10.105,0,0
S019,21,S019_021.wav,S019_021_mel.npy,අපි ඊළඟ දවසේ තවත් සෙල්ලමක් කරමු,අපි ලක දවසේ තව සැල්ලමක් නොමු.,0.6667,0.2692,1,2,long,3.2,2.88,0,0.0,0.1102,0.004551,9.028,0,1
S019,22,S019_022.wav,S019_022_mel.npy,මේ සිහින අප නින්දේ දී දකින සිහින නම් නොවේ,මේ සිනය අප නින්දයෙනි දකෙන සිලයන් නමු නොවේ,0.6667,0.3636,2,2,long,6.464,4.64,3,0.384,0.0908,0.005534,7.112,0,1
S019,23,S019_023.wav,S019_023_mel.npy,ඇගේ ගම ගිංතොට ය,ඇගෙ මේ ගම උතෝ ගින්තොට ය,1.0,0.5833,2,2,short,6.336,3.584,4,0.552,0.0838,0.003777,3.348,0,0
S019,24,S019_024.wav,S019_024_mel.npy,මේ පුංචි දැරිය ඇගේ ප්‍රියතම වැඩිහිටි නෑදෑයා ගැන පසු කලෙක එසේ කීවාය,මේ පුංචි තරිය ඇය පියන්ද්‍රම් වැතිහක් ඇටීති නෑ දෑයා ගැන පසුකළේ එසෙ කිවාල්,0.9167,0.4545,2,2,long,10.859,7.467,6,0.459,0.099,0.00283,7.366,0,1
S019,25,S019_025.wav,S019_025_mel.npy,පින්තූර මගින් කතා කීම ඈත කාලයේ සිට පැවත එන ක්‍රමයකි,වින්සුහ මගින් කතාකීම ඈත කාලය සිට පැවතන එන ප්‍රමයකි.,0.6,0.1667,1,2,long,6.549,5.44,3,0.331,0.1011,0.003288,7.721,0,1
S019,26,S019_026.wav,S019_026_mel.npy,මකුළුවා තණ බිස්සේ හැංගුනා,මපුළුවා තන පිස්සේ ඇංගුණා,0.75,0.1818,1,2,short,3.264,2.4,2,0.256,0.1331,0.00575,9.167,0,0
S019,27,S019_027.wav,S019_027_mel.npy,එළියේ ලස්සන ගැහැණු ළමයෙක් හිටගෙන හිටියා,එළියෙ ලස්සන ගෑණුණමෙ එට ගෙන හිතියා,0.8333,0.3235,1,2,long,4.245,3.328,1,0.576,0.1101,0.004827,10.216,0,1
S019,28,S019_028.wav,S019_028_mel.npy,අතරමගදී ඉතාම භයානක දෙයක් සිදුවුණා,තරමගෙඩි ඉතා ම බයාන දෙයක් සිදුවුණ.,1.0,0.2069,1,2,short,3.925,3.04,1,0.384,0.0981,0.006059,9.539,0,0
S019,29,S019_029.wav,S019_029_mel.npy,සර්පයා මහා විශාලෙට කට ඇරියා,සත්පයා මහ විසාලක් ටක් පැරියක්,1.0,0.4348,2,2,short,2.539,2.112,1,0.192,0.1292,0.005075,10.89,0,0
S019,30,S019_030.wav,S019_030_mel.npy,ටිකක් හිතලා බලන්නකෝ,තිකක් ජල බලන්නකෝ,0.6667,0.2941,1,2,short,1.749,1.344,1,0.16,0.0919,0.009357,12.649,0,0
S019,31,S019_031.wav,S019_031_mel.npy,තනියෙන් ලියන්න,තනියි එන් දී යන්න,1.0,0.3077,1,2,short,2.283,1.568,1,0.32,0.0661,0.004604,8.291,0,0
S019,32,S019_032.wav,S019_032_mel.npy,පස්වැනි ගුණාංගය,පස්වැනික් පුණක් කෙය.,1.0,0.5,2,2,short,2.325,1.6,1,0.416,0.1132,0.007969,8.75,0,0
S019,33,S019_033.wav,S019_033_mel.npy,බරණැස් නුවර සිටුවරයෙක් වාසය කළේය,බර නැස් උවර තිතුවරයෙ ආසෙක් එදව්‍ය,1.0,0.5,2,2,short,4.416,3.552,2,0.304,0.0921,0.004802,7.883,0,0
S019,34,S019_034.wav,S019_034_mel.npy,නායකතුමා මෙසේ පිළිතුරු දුන්නේය,ගායක සිත්තුමා මෙතෙයි පිල්ත දුන්නේත්,1.0,0.5556,2,2,short,3.285,2.848,1,0.192,0.096,0.005742,9.48,0,0
S019,35,S019_035.wav,S019_035_mel.npy,තේරවිලි වර්ග කිහිපයක් තිබේ,තේර විල්වකයක් කීප තිබේ.,0.75,0.4348,2,2,short,2.539,2.016,1,0.16,0.0984,0.006815,11.409,0,0
S019,36,S019_036.wav,S019_036_mel.npy,අපේ සීයා කතන්දර කීමට සමතෙකි,අපේ සීයා කතන්දර කීවීම්මත සමතයකි.,0.4,0.2609,1,1,short,3.861,3.232,1,0.32,0.114,0.003322,7.116,0,0
S019,37,S019_037.wav,S019_037_mel.npy,මේ අය අතරමගදී අම්බලමක නතර වුණා,මේ අය අතරමක්දේ අම්බලවන් අතරවුනා.,0.6667,0.28,1,2,long,3.669,3.104,1,0.192,0.0913,0.003968,8.054,0,1
S019,38,S019_038.wav,S019_038_mel.npy,හරි අපූරු කතාවක්,හරි අපූරු කතාවක්,0.0,0.0,0,0,short,1.813,1.365,0,0.0,0.0879,0.004465,10.254,0,0
S019,39,S019_039.wav,S019_039_mel.npy,කටුස්සාගේ කරේ රත්තරන් බැන්දා වගෙයි,කතුස්තාගෙ කරේ හතරම්බතාවක,0.8,0.5,2,2,short,2.816,2.72,0,0.0,0.1313,0.002649,11.029,0,0
S019,40,S019_040.wav,S019_040_mel.npy,මුල් ගුරුතුමා කීවේය,මුල් කොරුතුමා කීවේය.,0.3333,0.1176,1,1,short,2.005,1.941,0,0.0,0.0968,0.004643,8.757,0,0
S019,41,S019_041.wav,S019_041_mel.npy,අද පුස්තකාල පන්තියක් කරමු,අද පුස්තකාලය පන්තය කලමු,0.75,0.2273,1,2,short,2.603,1.952,0,0.0,0.1,0.003457,11.27,0,0
S019,42,S019_042.wav,S019_042_mel.npy,මම ගල්පරයක ඇලී ජීවත් වුනෙමි,මම ගල් පරයක් ඇඳි තිවතුනි.,0.8,0.3913,2,2,short,3.477,2.528,1,0.544,0.0798,0.003792,9.098,0,0
S019,43,S019_043.wav,S019_043_mel.npy,බෙලි කටුව කතා කරයි,වෙලි කටුව කතාකරයි.,0.75,0.0667,0,2,short,2.411,1.76,1,0.288,0.0871,0.006083,8.523,0,0
S019,44,S019_044.wav,S019_044_mel.npy,සති අන්තේ නිවාඩුවට බිංදුලා ගමේ ගියා,සති අන්තයේ නිවාඩ පිංදුලා කමේගි අම්මො,0.8333,0.3667,2,2,long,4.544,3.584,2,0.352,0.0958,0.002144,8.371,0,1
S019,45,S019_045.wav,S019_045_mel.npy,මොනවාද ඒවායේ නම්,ඔනවද ඒවාගේ නම්,0.6667,0.2857,1,2,short,2.005,1.536,0,0.0,0.0757,0.002603,9.115,0,0
S019,46,S019_046.wav,S019_046_mel.npy,නංගි උත්තර දුන්නා,නංගේ උත්තර දුන්නක්,0.6667,0.2,1,2,short,1.579,1.259,0,0.0,0.0639,0.005761,11.917,0,0
S019,47,S019_047.wav,S019_047_mel.npy,පාර කියන අත්තම්මා,පාර්කයන අත්තම්මො,1.0,0.2,1,2,short,1.685,1.408,0,0.0,0.0873,0.005803,10.653,0,0
S019,48,S019_048.wav,S019_048_mel.npy,ඇයගේ කැපවීම පුදුමාකාරය,ඇය කැපීම පුත්මා කාරය,1.0,0.25,1,2,short,2.133,1.845,0,0.0,0.0916,0.002482,10.838,0,0
S019,49,S019_049.wav,S019_049_mel.npy,මිනිසාගේ පරම යුතුකම මිනිසාට සේවය කිරීම,මිනිසා පර පුතුකම මිනිසා සේපය කිරිම,1.0,0.2121,1,2,long,4.352,3.488,2,0.32,0.1135,0.005045,9.461,0,1
S019,50,S019_050.wav,S019_050_mel.npy,අපි මේ වන විට පැය දොළහක් වැඩ කර පැය දොළහක් විවේක ගත්තා,අපි මේ වන වික් පැය දොලහක් වැට කරන් පැය දුලහක් විවේක ගත්තා,0.3333,0.1395,1,1,long,5.739,4.576,3,0.299,0.0876,0.003282,9.397,0,1
S019,51,S019_051.wav,S019_051_mel.npy,අප කවුරුත් පුදුමයට පත්කරමින් ඈට පණ ආවා,අප කවුරුක් උටෙමනට පත් කරමේ ඇටම් ඈත පන ආවර්,1.0,0.4062,2,2,long,6.571,4.128,3,0.651,0.098,0.002198,7.752,0,1
S019,52,S019_052.wav,S019_052_mel.npy,සුගන්ධවත් පුෂ්පයෝ අපගේ සොහොයුරියෝය,සූගන්දවත් කෘෂ්පයෝ අපගේ සහෝදරයෝය,0.75,0.2581,1,2,short,4.8,4.064,0,0.0,0.1165,0.001282,7.628,0,0
S019,53,S019_053.wav,S019_053_mel.npy,ගංගාවෝ අපගේ සොහොයුරෝ වෙති,ගංකා හෝ අපකේ සහෝතුල්යෝයූරො වෙති,1.0,0.5909,2,2,short,6.08,4.192,6,0.277,0.0991,0.002271,5.248,0,0
S019,54,S019_054.wav,S019_054_mel.npy,නංගී මට නොදී කිසිවක් නොකනවා ඇතැයි මට සිතේ,නංගී මට නොදී කිසිවන් නොක වැවා ඇත්තන් මට සිටේ,0.625,0.2353,1,2,long,6.08,4.448,3,0.501,0.0923,0.003183,7.644,0,1
S019,55,S019_055.wav,S019_055_mel.npy,නංගි උදේ පාන්දරින්ම නැගිටියි,නංගී උතේ පාන්දරින්ම නැගිති.,0.75,0.2,1,2,short,2.603,2.496,0,0.0,0.0852,0.003031,10.016,0,0
S019,56,S019_056.wav,S019_056_mel.npy,ඈ මා ගෙදර යන විට අසනු ඇත,ඈය මා පිතර යනවිට අසුනුවට,0.8571,0.3889,2,2,long,3.456,2.912,2,0.176,0.1118,0.004181,6.181,0,1
S019,57,S019_057.wav,S019_057_mel.npy,ගොවිතැන සඳහා භාවිත වන උපකරණ එකින් එක විස්තර කරද්දී ළමයි සාවධානව අසා සිටියහ,ගොවිතැන සදහා භාග්තාවන උපකරණ එකෙක් ඉස්තර කරත්තින් ළමයි සවාදාන අහ ආසා සිටියහ.,0.7692,0.3226,1,2,long,9.6,7.36,4,0.376,0.1073,0.004365,8.424,0,1
S019,58,S019_058.wav,S019_058_mel.npy,ළමයි පොල්තෙල් හිඳීමට භාවිත කරන සෙක්කුව අසලට රැස් වූහ,ළමයි පොල්තෙල් කිදීමට භාව්තකන කෙක්ව අසලට රැස්වූව,0.6667,0.1818,1,2,long,6.677,4.992,1,0.832,0.0993,0.004278,8.814,0,1
S019,59,S019_059.wav,S019_059_mel.npy,ඒ ගොල්ලන්ට අලුත් ක්‍රමයක් හොයා ගන්න වෙනවා,ඒ ගොල්ලන් අලුත්තමයෙන් හොයා කන්නැ එනවා.,0.7143,0.2857,1,2,long,3.605,3.008,1,0.224,0.0753,0.00412,11.636,0,1
S019,60,S019_060.wav,S019_060_mel.npy,බොහෝ දෙනෙක් මම එනතුරු බලා ගෙන හිටියා,පොහෝ දෙනෙන් මම එන තුරු බදා ගෙන හිටියා,0.7143,0.1,0,2,long,3.349,2.805,1,0.416,0.0736,0.004979,10.694,0,1
S019,61,S019_061.wav,S019_061_mel.npy,මට ආරංචි වුණා රජතුමාගේ ගුහාව ළඟ අනතුරක් කියලා,මම ආඩංචවමේ ලච්චමක් වාත්තුවාවලකට අනුත්‍රක් කියලක්,1.0,0.6316,2,2,long,5.803,4.672,3,0.299,0.0958,0.003194,8.134,0,1
S019,62,S019_062.wav,S019_062_mel.npy,පැය අටකට පසු ඔවුන්ට පියාපත් සලන හඬක් ඇසිණි,බැය අටක පසෝ ඔවුන් දිය ආපර් සලන අජක් ඇතිනි.,1.0,0.2857,1,2,long,5.184,4.16,2,0.384,0.1283,0.00522,8.413,0,1
S019,63,S019_063.wav,S019_063_mel.npy,මිනිසුන් ගැන විස්තර දැනගන්න බොහෝ ක්‍රම තියෙනවා,මිනිසුම් ගැන විස්තර දෙන දැන මේ ගන්නා බොහෝ කම තියනවා,1.0,0.275,1,2,long,6.869,4.704,3,0.619,0.1009,0.003199,8.503,0,1
S019,64,S019_064.wav,S019_064_mel.npy,ඔබට දින හතරක් දෙමි,ඔහොට දින හතරත් දෙමි.,0.5,0.2,1,2,short,1.877,1.696,0,0.0,0.0784,0.004147,8.844,0,0
S019,65,S019_065.wav,S019_065_mel.npy,ඇදුරුතුමා බෙහෙවින් සතුටට පත් විය,ඇඇදුරු මා බෙහෙවින් සතුටපත් විය.,0.8,0.1429,1,2,short,5.461,3.52,3,0.331,0.0907,0.00359,7.955,0,0
S019,66,S019_066.wav,S019_066_mel.npy,ඔබට පේන්නේ කුමක්දැයි මම ඇසුවෙමි,ඔබ පෙනෙන්නේ කුමත්ත දැයි මම ඇසුවෙමි.,0.8,0.2222,1,2,short,3.733,2.912,1,0.352,0.097,0.003436,9.272,0,0
S019,67,S019_067.wav,S019_067_mel.npy,මෙතැන තමයි හොඳම තැන,මෙතෙනින් තමයි හොඳම තැන,0.25,0.25,1,1,short,2.197,1.941,0,0.0,0.0839,0.003964,8.242,0,0
S019,68,S019_068.wav,S019_068_mel.npy,ඇය කාචය සකස් කර නැවත බැලූවාය,ඇය කාචය සකස් කර නැවත බැඬුවා.,0.1667,0.1304,1,1,long,3.776,3.296,1,0.16,0.1545,0.003091,6.978,0,1
S020,1,S020_001.wav,S020_001_mel.npy,යාළුවෝ හැමදෙනාම නිදහස් උත්සවය බැලුවා,යාළුවෝ හැම දෙනාම නිදහස් උත්සවය බැලුවා,0.4,0.0,0,1,short,3.989,3.488,0,0.0,0.1047,0.005158,9.174,2,0
S020,2,S020_002.wav,S020_002_mel.npy,කවිඳු යාළුවොත් එක්ක මිදුලේ සෙල්ලම් කරමින් සිටියා,කවිදු ආලුවොත් එක්ක මිදුලේ සැල්ලං කරන් ක්ෂියා,0.7143,0.2619,1,2,long,4.885,4.0,0,0.0,0.1077,0.003122,10.5,2,1
S020,3,S020_003.wav,S020_003_mel.npy,අපේ රටේ නිදහස් උත්සවය,අපේන් රටේන් ඉදහස් උත්සවය,0.75,0.2222,1,2,short,3.179,2.656,1,0.16,0.113,0.00788,6.777,2,0
S020,4,S020_004.wav,S020_004_mel.npy,මම කෝෂය ඇතුලේ සති දෙකක් විතර හිටියා,මම කෝෂයේ ඇතුළේ සත්දෙකක් පිතර හිටියා.,0.5714,0.1034,1,2,long,3.477,3.168,0,0.0,0.1101,0.002901,9.154,2,1
S020,5,S020_005.wav,S020_005_mel.npy,පොත් කියවීමෙන් මිනිසා සම්පූර්ණ වේ,පොත් කියවීමෙන් මිනිසා සම්පූර්ණ වේ.,0.0,0.0,0,0,short,4.011,3.008,0,0.0,0.1111,0.005462,9.641,2,0
S020,6,S020_006.wav,S020_006_mel.npy,මුහුද හරිම ලස්සනයි,මූද හරි ම ලස්සනයි,1.0,0.1875,1,2,short,2.347,1.76,0,0.0,0.1423,0.00416,9.091,2,0
S020,7,S020_007.wav,S020_007_mel.npy,හැමෝම එකට අත් අල්ලා ගන්න,හැමෝම එකට අත්අල්ලා ගන්න,0.4,0.0,0,1,short,3.072,2.208,0,0.0,0.0755,0.012357,9.058,2,0
S020,8,S020_008.wav,S020_008_mel.npy,මම එහෙනම් නාගෙන එන්නම්,මම ශෙනම් නාගෙන එන්නක්,0.5,0.1579,1,2,short,3.136,2.112,0,0.0,0.0901,0.011359,8.996,2,0
S020,9,S020_009.wav,S020_009_mel.npy,අපි අද පොල් කැඩුවා,අපි යද පොල් කැඩුව,0.5,0.1333,1,2,short,2.005,1.632,0,0.0,0.0856,0.005898,9.191,2,0
S020,10,S020_010.wav,S020_010_mel.npy,"ඇයි හිනා වෙන්නේ, මට රජ වෙන්න බැරිද",ඇයි හිනාවෙන්නෙ මට රජ වෙන්න බැරිදු,0.4286,0.0741,0,2,long,4.523,3.072,1,0.896,0.0738,0.00578,9.115,2,1
S020,11,S020_011.wav,S020_011_mel.npy,දුව සටහන් පොතේ මොනවාද ලියා ගත්තේ,දුව සටහන් පොතේ මුනවාද ලියා ගත්තේ,0.1667,0.037,0,1,long,3.413,3.168,0,0.0,0.082,0.006765,8.523,2,1
S020,12,S020_012.wav,S020_012_mel.npy,ඉතින් මෙච්චර පරක්කු වුනේ ඇයි,ඉතින් මෙචර පරක්කු වුණේ ඇයි,0.2,0.0833,0,1,short,3.008,2.272,0,0.0,0.0876,0.006798,10.563,2,0
S020,13,S020_013.wav,S020_013_mel.npy,දවසක් අම්මා අශ්ව පැටියාගෙන් උදව්වක් ඉල්ලුවා,උදවසක් කම්මා අස්ක පැටියාගෙන් උදව්වක් ලිල්ලුවා,0.6667,0.1579,1,2,long,4.864,3.936,0,0.0,0.0984,0.006497,9.654,2,1
S020,14,S020_014.wav,S020_014_mel.npy,ඔය ගඟ හරි ගැඹුරුයි,ඔයය ගඟහරි ගැම්පුරුයි,1.0,0.2667,1,2,short,2.283,1.664,0,0.0,0.0704,0.006594,9.014,2,0
S020,15,S020_015.wav,S020_015_mel.npy,අශ්ව පැටියා ඉක්මනින් ගෙදර එනවා දැකලා අම්මා පුදුම වුනා,අශ්ව පැටියා ඉක්මනින් ගෙදර එනවාන් දකල අම්මා පුදුම වුණා,0.2222,0.0889,0,1,long,6.08,4.8,1,0.256,0.0928,0.003269,9.375,2,1
S020,16,S020_016.wav,S020_016_mel.npy,"සිටුතුමනි, අපට අනුකම්පා කරනු මැනවි",සිටුතුමනි අපට අනුකම්පා කරනු මැනවි.,0.0,0.0,0,0,short,4.203,3.36,1,0.288,0.0887,0.004411,8.929,2,0
S020,17,S020_017.wav,S020_017_mel.npy,බරෙන් වැඩි වන්නේ ගසක මුල කොටසද,බරෙන් වැඩි වන්නේ ගසක මුල කොටසද,0.0,0.0,0,0,long,3.669,3.168,0,0.0,0.1112,0.004396,7.891,2,1
S020,18,S020_018.wav,S020_018_mel.npy,රයිට් සහෝදරයන්ගේ පියා ඔවුන් පුංචිකාලයේ දී කඩදාසි සහ රබර් පටිවලින් සෙල්ලම් අහස් යානා තනා දුන්නේය,රයිට් සහෝදරයන්ගේ පියා ඔවුන් පුංචි කාලෙති කටදා ස්රබර් පටිවතින් සෙල්ලම් අහස්යානා තනා දින්නේය.,0.6,0.1235,1,2,long,12.203,9.248,4,0.552,0.0948,0.004104,8.759,2,1
S020,19,S020_019.wav,S020_019_mel.npy,පසු කලෙක ඔවුහු බයිසිකල් වැඩ වැඩපොළක් ඇරඹූහ,පසු කලෙක ඔවුන් බයසිකදේ වැඩපොලක් ඇරඹූහ.,0.4286,0.2222,1,2,long,4.992,3.872,1,0.64,0.086,0.003777,9.298,2,1
S020,20,S020_020.wav,S020_020_mel.npy,දැන් හැමෝම වාඩිවෙන්න,දැන් හැමෝම වාඩිවෙන්න,0.0,0.0,0,0,short,2.475,2.016,0,0.0,0.0657,0.004254,8.929,2,0
S020,21,S020_021.wav,S020_021_mel.npy,අපි ඊළඟ දවසේ තවත් සෙල්ලමක් කරමු,අපි හි ළඟ දවසයට අවක් සෙල්ලම අක්කරමු,1.0,0.2692,1,2,long,3.797,3.232,0,0.0,0.1084,0.005386,8.045,2,1
S020,22,S020_022.wav,S020_022_mel.npy,මේ සිහින අප නින්දේ දී දකින සිහින නම් නොවේ,මේ සිහින අපිනි නින්දේදී දකින සිහිනනව් නොවේ,0.5556,0.1212,1,2,long,6.485,4.544,3,0.384,0.0953,0.004656,7.262,2,1
S020,23,S020_023.wav,S020_023_mel.npy,ඇගේ ගම ගිංතොට ය,ඇගේ ගම ගින්තොටය,0.5,0.1667,1,2,short,2.539,1.824,0,0.0,0.069,0.006192,6.579,2,0
S020,24,S020_024.wav,S020_024_mel.npy,මේ පුංචි දැරිය ඇගේ ප්‍රියතම වැඩිහිටි නෑදෑයා ගැන පසු කලෙක එසේ කීවාය,මේ පුංචි දැරිය හැගේ පියෙහිටි නෑ දෑයා ගැනවසු කළෙක එසේ කීවාය.,0.5,0.2182,1,2,long,9.152,7.456,2,0.4,0.0983,0.002941,7.377,2,1
S020,25,S020_025.wav,S020_025_mel.npy,පින්තූර මගින් කතා කීම ඈත කාලයේ සිට පැවත එන ක්‍රමයකි,පින්තූර මගින් කතා කින්න ඈත කාලේස් එපැවත එන ක්‍රමයකි.,0.4,0.1667,1,1,long,7.531,6.272,2,0.272,0.0999,0.00321,6.696,2,1
S020,26,S020_026.wav,S020_026_mel.npy,මකුළුවා තණ බිස්සේ හැංගුනා,මකුළුවා තන විසේ හැංගුණා.,0.25,0.1364,1,1,short,3.285,2.624,0,0.0,0.1188,0.004866,8.384,2,0
S020,27,S020_027.wav,S020_027_mel.npy,එළියේ ලස්සන ගැහැණු ළමයෙක් හිටගෙන හිටියා,එළියේ ලස්ටන ගැහැනුලමයෙක් ඉටගෙන්න හිටියා,0.6667,0.1471,1,2,long,5.483,3.584,1,0.576,0.1029,0.007277,9.487,2,1
S020,28,S020_028.wav,S020_028_mel.npy,අතරමගදී ඉතාම භයානක දෙයක් සිදුවුණා,අතර මකතීතාම භයානක දෙයක් සිදුනා,0.6,0.1724,1,2,short,5.077,3.936,2,0.24,0.0887,0.003928,7.368,2,0
S020,29,S020_029.wav,S020_029_mel.npy,සර්පයා මහා විශාලෙට කට ඇරියා,සර්පයා මහා විශාලෙට කට ඇලියා,0.2,0.0435,0,1,short,5.419,3.52,2,0.896,0.1225,0.002844,6.534,2,0
S020,30,S020_030.wav,S020_030_mel.npy,ටිකක් හිතලා බලන්නකෝ,ටිකක් හිතා ඉතලා බල් අන්නකෝ.,1.0,0.2941,1,2,short,3.52,2.88,0,0.0,0.087,0.006182,5.903,2,0
S020,31,S020_031.wav,S020_031_mel.npy,තනියෙන් ලියන්න,තනියෙන් දේ යන්නක්.,1.0,0.3077,1,2,short,2.475,1.472,0,0.0,0.0601,0.003539,8.832,2,0
S020,32,S020_032.wav,S020_032_mel.npy,පස්වැනි ගුණාංගය,පැස්තැනික් උනාන්ගය,1.0,0.5,2,2,short,2.816,1.728,0,0.0,0.1163,0.004992,8.102,2,0
S020,33,S020_033.wav,S020_033_mel.npy,බරණැස් නුවර සිටුවරයෙක් වාසය කළේය,බරණැස් නුවර සිකුවරේ වාසය කළේය,0.2,0.1786,1,1,short,4.352,3.392,1,0.448,0.1081,0.003375,8.255,2,0
S020,34,S020_034.wav,S020_034_mel.npy,නායකතුමා මෙසේ පිළිතුරු දුන්නේය,න්නායක සිතතුමා මෙසේ පිළිතුරු දුන්නේය.,0.5,0.1852,1,2,short,4.053,3.488,0,0.0,0.0795,0.004673,7.741,2,0
S020,35,S020_035.wav,S020_035_mel.npy,තේරවිලි වර්ග කිහිපයක් තිබේ,තේවෙලි කිහිතයක් වර්ට්පෙයක් තිබේ.,0.75,0.6522,2,2,short,3.947,2.72,2,0.256,0.0761,0.004594,8.456,2,0
S020,36,S020_036.wav,S020_036_mel.npy,අපේ සීයා කතන්දර කීමට සමතෙකි,අපේ සියා කතන්දර කීමට සමතෙකි.,0.2,0.0435,0,1,short,3.883,3.36,0,0.0,0.1196,0.002542,6.845,2,0
S020,37,S020_037.wav,S020_037_mel.npy,මේ අය අතරමගදී අම්බලමක නතර වුණා,මේ රය අතර මගතී අම්බලක තන්නතර වුනා,0.8333,0.24,1,2,long,5.205,3.872,3,0.299,0.0783,0.004662,6.457,2,1
S020,38,S020_038.wav,S020_038_mel.npy,හරි අපූරු කතාවක්,හරි පූරු කතාව,0.6667,0.2143,1,2,short,2.411,1.728,0,0.0,0.0938,0.005216,8.102,2,0
S020,39,S020_039.wav,S020_039_mel.npy,කටුස්සාගේ කරේ රත්තරන් බැන්දා වගෙයි,කටුස්සාගේ කරිය රත්නම් වැන්දාවගෙයි.,0.8,0.2,1,2,short,3.733,3.04,1,0.224,0.1025,0.004035,9.868,2,0
S020,40,S020_040.wav,S020_040_mel.npy,මුල් ගුරුතුමා කීවේය,මුල් ගුරුතුමා කීවේය.,0.0,0.0,0,0,short,3.2,2.176,0,0.0,0.0768,0.007263,7.812,2,0
S020,41,S020_041.wav,S020_041_mel.npy,අද පුස්තකාල පන්තියක් කරමු,අද පුස්ත කාල පංග්තිය කරමු,0.75,0.1818,1,2,short,2.987,2.432,0,0.0,0.0757,0.008193,9.046,2,0
S020,42,S020_042.wav,S020_042_mel.npy,මම ගල්පරයක ඇලී ජීවත් වුනෙමි,මම ගල් පරයක ඇති ඇලි ජීවත්තු නෙමි.,1.0,0.2174,1,2,short,5.269,3.808,2,0.512,0.0801,0.00961,6.04,2,0
S020,43,S020_043.wav,S020_043_mel.npy,බෙලි කටුව කතා කරයි,වෙලි කටු බෙලි කටුවයි කතා කරයි.,0.75,0.6,2,2,short,3.819,2.848,1,0.544,0.0819,0.00708,5.267,2,0
S020,44,S020_044.wav,S020_044_mel.npy,සති අන්තේ නිවාඩුවට බිංදුලා ගමේ ගියා,සති අන්තයේ නිවාඩුවට වින්දුලා ගමේ ගියා,0.3333,0.1333,1,1,long,4.203,3.68,0,0.0,0.0934,0.001912,8.152,2,1
S020,45,S020_045.wav,S020_045_mel.npy,මොනවාද ඒවායේ නම්,මොනවාද ඒවායේ නම්,0.0,0.0,0,0,short,2.667,2.112,0,0.0,0.0703,0.005325,6.629,2,0
S020,46,S020_046.wav,S020_046_mel.npy,නංගි උත්තර දුන්නා,නංගී උත්තර දුන්නා.,0.3333,0.0667,0,1,short,2.347,1.6,0,0.0,0.0943,0.013193,9.375,2,0
S020,47,S020_047.wav,S020_047_mel.npy,පාර කියන අත්තම්මා,පාර කියන අත්තම්මා,0.0,0.0,0,0,short,2.347,1.76,1,0.16,0.1119,0.007404,8.523,2,0
S020,48,S020_048.wav,S020_048_mel.npy,ඇයගේ කැපවීම පුදුමාකාරය,ඇගේ කැපවීම පුදුමා කාරය,1.0,0.05,0,2,short,3.285,2.72,0,0.0,0.1002,0.00284,7.353,2,0
S020,49,S020_049.wav,S020_049_mel.npy,මිනිසාගේ පරම යුතුකම මිනිසාට සේවය කිරීම,මිනිසාගේ පරම යුතුකා මිනිසාට සේවය කිරීම,0.1667,0.0303,0,1,long,5.611,4.544,1,0.384,0.115,0.003259,7.262,2,1
S020,50,S020_050.wav,S020_050_mel.npy,අපි මේ වන විට පැය දොළහක් වැඩ කර පැය දොළහක් විවේක ගත්තා,අපි මේ වනවිට පැය දුළහක් වැඩ කර පැය දුළහක් විවේක ගත්තාය.,0.4167,0.0698,0,2,long,7.253,5.728,2,0.304,0.0893,0.00441,7.507,2,1
S020,51,S020_051.wav,S020_051_mel.npy,අප කවුරුත් පුදුමයට පත්කරමින් ඈට පණ ආවා,අප කවුරුත් පුදුමයට පත් කරමින් ඈට පනාවා,0.5714,0.0312,0,2,long,7.061,5.12,3,0.405,0.0943,0.004163,6.25,2,1
S020,53,S020_053.wav,S020_053_mel.npy,ගංගාවෝ අපගේ සොහොයුරෝ වෙති,ගංගාවොහ අපගේ සහොත් සොහොයුටයෝ වෙති,0.75,0.4091,2,2,short,6.144,4.352,2,0.32,0.1195,0.001995,5.055,2,0
S020,54,S020_054.wav,S020_054_mel.npy,නංගී මට නොදී කිසිවක් නොකනවා ඇතැයි මට සිතේ,නංගී මට නොදී කිසිවක් නොක නොකනා ඇතැයි මට සිතේ,0.25,0.0882,0,1,long,7.147,5.888,2,0.48,0.1109,0.002068,5.774,2,1
S020,55,S020_055.wav,S020_055_mel.npy,නංගි උදේ පාන්දරින්ම නැගිටියි,නංගී උදේ පාමුදරින්ම නැගිති.,0.75,0.24,1,2,short,3.541,2.912,0,0.0,0.0865,0.004603,8.585,2,0
S020,56,S020_056.wav,S020_056_mel.npy,ඈ මා ගෙදර යන විට අසනු ඇත,ඇය මා ගෙතර යනවිට අසනු ඇත.,0.5714,0.1667,1,2,long,4.949,3.584,1,0.48,0.1428,0.004256,5.022,2,1
S020,57,S020_057.wav,S020_057_mel.npy,ගොවිතැන සඳහා භාවිත වන උපකරණ එකින් එක විස්තර කරද්දී ළමයි සාවධානව අසා සිටියහ,ගොවිතැන සඳහාභ ආවිත වන උපකරණ එකකින් එක විස්තර කරත්ති ළමයි සන්නා සාවතානව අසාසිටිය.,0.5385,0.1935,1,2,long,15.68,11.616,6,0.485,0.1401,0.002629,5.337,2,1
S020,58,S020_058.wav,S020_058_mel.npy,ළමයි පොල්තෙල් හිඳීමට භාවිත කරන සෙක්කුව අසලට රැස් වූහ,ලමයි පොල්තයල් සිඳීමට භාවි කරන සෙක්වූව අසලට රැස්වූහ.,0.6667,0.1136,1,2,long,7.339,5.568,2,0.464,0.1244,0.003398,7.902,2,1
S020,59,S020_059.wav,S020_059_mel.npy,ඒ ගොල්ලන්ට අලුත් ක්‍රමයක් හොයා ගන්න වෙනවා,ඒ ගොල්ලන්ට අළුත්‍රමයක් කොයාකම්න වෙනවා.,0.5714,0.1429,1,2,long,4.949,3.936,1,0.16,0.076,0.007468,8.892,2,1
S020,60,S020_060.wav,S020_060_mel.npy,බොහෝ දෙනෙක් මම එනතුරු බලා ගෙන හිටියා,බොහෝ දෙනෙක් මම එනතුරු බලාගෙන ඉතියා,0.4286,0.1,0,2,long,4.011,3.424,0,0.0,0.0712,0.003533,8.762,2,1
S020,61,S020_061.wav,S020_061_mel.npy,මට ආරංචි වුණා රජතුමාගේ ගුහාව ළඟ අනතුරක් කියලා,මට ආරංචි වුණා රජතුවාගේ ගුහාව ලක අනතුරක් කියලා.,0.25,0.0526,0,1,long,6.485,5.152,1,0.32,0.0941,0.00249,7.376,2,1
S020,62,S020_062.wav,S020_062_mel.npy,පැය අටකට පසු ඔවුන්ට පියාපත් සලන හඬක් ඇසිණි,පැය අටකට පසු ඔවුන්ට පියාපත් සලනා අඩක් ඇසුනි.,0.375,0.1143,1,1,long,5.333,4.416,0,0.0,0.1161,0.005548,7.926,2,1
S020,63,S020_063.wav,S020_063_mel.npy,මිනිසුන් ගැන විස්තර දැනගන්න බොහෝ ක්‍රම තියෙනවා,මිනිසුන් ගැන විස්තර දැනගන්න බොහෝ තියෙනවා.,0.1429,0.125,1,1,long,5.056,3.648,1,0.672,0.1076,0.002951,10.965,2,1
S020,64,S020_064.wav,S020_064_mel.npy,ඔබට දින හතරක් දෙමි,ඔබට දින අතරක් දෙමි,0.25,0.0667,0,1,short,3.605,2.336,1,0.416,0.0643,0.003675,6.421,2,0
S020,65,S020_065.wav,S020_065_mel.npy,ඇදුරුතුමා බෙහෙවින් සතුටට පත් විය,ඇදුරුතුමා බෙහෙවින් සටුටට පතිය,0.6,0.1071,1,2,short,4.075,3.232,1,0.16,0.0966,0.006082,8.663,2,0
S020,66,S020_066.wav,S020_066_mel.npy,ඔබට පේන්නේ කුමක්දැයි මම ඇසුවෙමි,ඔබට පේන්නයෙක්මක් දැයි මම ඇසුවෙමි.,0.4,0.1111,1,1,short,4.587,3.36,1,0.448,0.0874,0.006019,8.036,2,0
S020,67,S020_067.wav,S020_067_mel.npy,මෙතැන තමයි හොඳම තැන,මෙතැන තමයි හොඳම තැන,0.0,0.0,0,0,short,2.667,2.176,1,0.192,0.0674,0.004947,7.353,2,0
S021,1,S021_001.wav,S021_001_mel.npy,යාළුවෝ හැමදෙනාම නිදහස් උත්සවය බැලුවා,යාලුවෝ හැමදෙනාම මිදහා සුස්සුය බැලුව,0.6,0.2188,1,2,short,4.161,3.936,0,0.0,0.1036,0.002369,8.13,2,0
S021,2,S021_002.wav,S021_002_mel.npy,කවිඳු යාළුවොත් එක්ක මිදුලේ සෙල්ලම් කරමින් සිටියා,කවින්දුය ආලුවොත් එක්ක මිදුලේ සෙල්ලම් කරමින් සිටියක්.,0.4286,0.1429,1,2,long,3.707,3.483,0,0.0,0.0921,0.002685,12.057,2,1
S021,3,S021_003.wav,S021_003_mel.npy,අපේ රටේ නිදහස් උත්සවය,අපේ රටේ නිදහස් උස්සවේ,0.25,0.1111,1,1,short,2.308,1.952,1,0.192,0.1102,0.003159,9.221,2,0
S021,4,S021_004.wav,S021_004_mel.npy,මම කෝෂය ඇතුලේ සති දෙකක් විතර හිටියා,මම කෝෂය ඇතුළේ සති දෙකක් විතර හිටියක්,0.1429,0.069,0,1,long,3.253,2.944,0,0.0,0.0992,0.002545,9.851,2,1
S021,5,S021_005.wav,S021_005_mel.npy,පොත් කියවීමෙන් මිනිසා සම්පූර්ණ වේ,පොත් කියවීමෙන් මින්සා සම්පූර්ණ වේ.,0.2,0.0345,0,1,short,2.459,2.363,0,0.0,0.0881,0.002248,12.273,2,0
S021,6,S021_006.wav,S021_006_mel.npy,මුහුද හරිම ලස්සනයි,මුහුදෙ සහරිම ලස්සනයි,0.6667,0.125,1,2,short,1.929,1.536,0,0.0,0.0762,0.00383,10.417,2,0
S021,7,S021_007.wav,S021_007_mel.npy,හැමෝම එකට අත් අල්ලා ගන්න,හැමෝම ඒකට අත් අල්ලා ගන,0.4,0.15,1,1,short,2.346,2.08,0,0.0,0.0941,0.004186,9.615,2,0
S021,8,S021_008.wav,S021_008_mel.npy,මම එහෙනම් නාගෙන එන්නම්,මම එහෙනම් නාගෙන එන්නම්,0.0,0.0,0,0,short,2.194,1.952,0,0.0,0.0837,0.002844,9.734,2,0
S021,9,S021_009.wav,S021_009_mel.npy,අපි අද පොල් කැඩුවා,අපි අද පොල් කෙරුවා?,0.25,0.1333,1,1,short,1.854,1.632,0,0.0,0.0894,0.003109,9.191,2,0
S021,10,S021_010.wav,S021_010_mel.npy,"ඇයි හිනා වෙන්නේ, මට රජ වෙන්න බැරිද",යෙයි හිනා වෙන්නේ මට රජ වෙන්න දැද්ද?,0.2857,0.1852,1,1,long,3.897,3.36,0,0.0,0.0876,0.003189,8.333,2,1
S021,11,S021_011.wav,S021_011_mel.npy,දුව සටහන් පොතේ මොනවාද ලියා ගත්තේ,දුව සටහන්පොතියි මොනවාද ලියාගත්තෙ,0.6667,0.1481,1,2,long,3.253,3.168,0,0.0,0.1008,0.003722,8.523,2,1
S021,12,S021_012.wav,S021_012_mel.npy,ඉතින් මෙච්චර පරක්කු වුනේ ඇයි,ඉතින් මෙච්චර පරක් වුණේ ඇයි,0.2,0.0833,0,1,short,2.383,2.127,0,0.0,0.0827,0.002137,11.282,2,0
S021,13,S021_013.wav,S021_013_mel.npy,දවසක් අම්මා අශ්ව පැටියාගෙන් උදව්වක් ඉල්ලුවා,දවසකම ආශ්‍ය පැකියාදීන් උදවුවක් ඉල්ව,1.0,0.3947,2,2,long,3.291,2.944,0,0.0,0.1012,0.002738,12.908,2,1
S021,14,S021_014.wav,S021_014_mel.npy,ඔය ගඟ හරි ගැඹුරුයි,ඔය ගග හරි ගැඹුරු,0.5,0.2,1,2,short,1.627,1.435,0,0.0,0.0752,0.00408,10.455,2,0
S021,15,S021_015.wav,S021_015_mel.npy,අශ්ව පැටියා ඉක්මනින් ගෙදර එනවා දැකලා අම්මා පුදුම වුනා,අශ්ව පැටියා එක් මෙලින් ගෙදර එනවා දැකල අම්මා පුදුමුයක්,0.5556,0.1778,1,2,long,4.767,4.159,1,0.224,0.1007,0.004195,10.821,2,1
S021,16,S021_016.wav,S021_016_mel.npy,"සිටුතුමනි, අපට අනුකම්පා කරනු මැනවි",රසස් සිටි තුමනි අපට අනුකම්පා කරන මෙනවි.,1.0,0.2414,1,2,short,3.745,3.52,0,0.0,0.0818,0.003859,8.523,2,0
S021,17,S021_017.wav,S021_017_mel.npy,බරෙන් වැඩි වන්නේ ගසක මුල කොටසද,පරෙන් වැඩි වන්නේ ගසක් නොළ කොටසද?,0.5,0.16,1,2,long,4.01,3.626,0,0.0,0.0826,0.003598,6.894,2,1
S021,18,S021_018.wav,S021_018_mel.npy,රයිට් සහෝදරයන්ගේ පියා ඔවුන් පුංචිකාලයේ දී කඩදාසි සහ රබර් පටිවලින් සෙල්ලම් අහස් යානා තනා දුන්නේය,රයිට් සහෝදරයන්ගේ පියාවුම් කුංචි කාලයේති කඩ්දාස සහෝ රබල් පටිග ලින් සෙල්ලම් මහාස්‍යානා තනා දුන්නේ.,0.7333,0.1728,1,2,long,8.099,7.52,2,0.24,0.0969,0.002931,10.771,2,1
S021,19,S021_019.wav,S021_019_mel.npy,පසු කලෙක ඔවුහු බයිසිකල් වැඩ වැඩපොළක් ඇරඹූහ,පසු කළි එක ඔහු බයිසි කළයක් වැඩ පුලක් ඇරඹූහ.,0.8571,0.25,1,2,long,5.486,4.43,2,0.384,0.094,0.002997,8.127,2,1
S021,20,S021_020.wav,S021_020_mel.npy,දැන් හැමෝම වාඩිවෙන්න,තැන් හැමුම වාට්වෙන්,1.0,0.2778,1,2,short,1.665,1.344,0,0.0,0.0815,0.004568,13.393,2,0
S021,21,S021_021.wav,S021_021_mel.npy,අපි ඊළඟ දවසේ තවත් සෙල්ලමක් කරමු,අපි ඊලඟ දවසේ සෙල්ලම් කරමු,0.3333,0.1923,1,1,long,2.837,2.336,0,0.0,0.0861,0.002958,11.13,2,1
S021,22,S021_022.wav,S021_022_mel.npy,මේ සිහින අප නින්දේ දී දකින සිහින නම් නොවේ,මේ සිහින පර් අප මින් දෙද්දි දකින සිහින නම් නොවෙක්,0.4444,0.3333,1,2,long,4.54,4.384,0,0.0,0.0954,0.005035,7.527,2,1
S021,23,S021_023.wav,S021_023_mel.npy,ඇගේ ගම ගිංතොට ය,ඇගේ ගම ගියින් තොටය,0.5,0.3333,1,2,short,2.497,2.016,1,0.256,0.0938,0.003553,5.952,2,0
S021,24,S021_024.wav,S021_024_mel.npy,මේ පුංචි දැරිය ඇගේ ප්‍රියතම වැඩිහිටි නෑදෑයා ගැන පසු කලෙක එසේ කීවාය,මේ පුංචි දැරියගේ ක්‍රිතිය වැඩිහි දෑනහැදෑයා ගැන පහා පසු කළේය එසේ කීවාය.,0.5833,0.2545,1,2,long,9.162,8.16,3,0.224,0.1062,0.002067,6.74,2,1
S021,25,S021_025.wav,S021_025_mel.npy,පින්තූර මගින් කතා කීම ඈත කාලයේ සිට පැවත එන ක්‍රමයකි,වින්තූර මගින් කතා කීම ඈත කාලයේ සිට පැවැතවයෙන ක්‍රුමයකි.,0.4,0.1429,1,1,long,4.502,4.448,0,0.0,0.094,0.002972,9.442,2,1
S021,26,S021_026.wav,S021_026_mel.npy,මකුළුවා තණ බිස්සේ හැංගුනා,මකුළුවා තනබිම් සේ හැඟුණා.,0.75,0.1364,1,2,short,2.724,2.304,0,0.0,0.0938,0.002397,9.549,2,0
S021,27,S021_027.wav,S021_027_mel.npy,එළියේ ලස්සන ගැහැණු ළමයෙක් හිටගෙන හිටියා,එළියේ ලස්සන ගැහැනු ළමය කිට ගෙන විකියක්,0.6667,0.2059,1,2,long,3.14,2.88,0,0.0,0.0943,0.001876,11.806,2,1
S021,28,S021_028.wav,S021_028_mel.npy,අතරමගදී ඉතාම භයානක දෙයක් සිදුවුණා,අතර මගදී ඉතාම භායානක දෙයක් සිදුවුණ,0.8,0.069,0,2,short,3.556,3.2,0,0.0,0.0996,0.004212,9.062,2,0
S021,29,S021_029.wav,S021_029_mel.npy,සර්පයා මහා විශාලෙට කට ඇරියා,තාර්පයා මහා විශාල එකට ඇරියා,0.6,0.1739,1,2,short,3.064,2.56,1,0.192,0.0957,0.00188,8.984,2,0
S021,30,S021_030.wav,S021_030_mel.npy,ටිකක් හිතලා බලන්නකෝ,ටිකක් දළ බලන්නකෝ,0.3333,0.2353,1,1,short,2.315,1.696,1,0.224,0.0919,0.003439,10.024,2,0
S021,31,S021_031.wav,S021_031_mel.npy,තනියෙන් ලියන්න,තතියෙන් උයන්න,1.0,0.2308,1,2,short,1.362,1.33,0,0.0,0.0843,0.004305,9.775,2,0
S021,32,S021_032.wav,S021_032_mel.npy,පස්වැනි ගුණාංගය,පස්සන් ගුණාන්ගේ,1.0,0.4286,2,2,short,1.665,1.408,0,0.0,0.0879,0.004923,9.943,2,0
S021,33,S021_033.wav,S021_033_mel.npy,බරණැස් නුවර සිටුවරයෙක් වාසය කළේය,බර නැස් නුවද සිටුවරයෙක් වාසේ කළේය.,0.8,0.0714,0,2,short,3.026,2.72,0,0.0,0.1006,0.003082,10.294,2,0
S021,34,S021_034.wav,S021_034_mel.npy,නායකතුමා මෙසේ පිළිතුරු දුන්නේය,නාඛ සිටුතුමා මෙසේ පිළිතුරු දුන්නේ,0.75,0.2222,1,2,short,2.762,2.624,0,0.0,0.0994,0.00222,10.29,2,0
S021,35,S021_035.wav,S021_035_mel.npy,තේරවිලි වර්ග කිහිපයක් තිබේ,තේරවිලි වර්ක කිහිපයක් තිබේ.,0.25,0.0435,0,1,short,2.346,2.016,0,0.0,0.0777,0.004456,11.409,2,0
S021,36,S021_036.wav,S021_036_mel.npy,අපේ සීයා කතන්දර කීමට සමතෙකි,අපේ සීයා කතම්දෙර කීමුට සත්ත්ත්ත්ත්ත්ත්ත්ත්ත්ත්ත්ත්ත්ත්ත්ත්ත්ත්ත්ත්ත්ත්ත්ත්ත්ත්ත්ත්ත්ත්ත්ත්ත්ත්ත්ත්ත්ත්ත්ත්ත්ත්ත්ත්ත්ත්ත,0.6,1.0,2,2,short,3.897,3.545,0,0.0,0.0908,0.003516,6.489,2,0
S021,37,S021_037.wav,S021_037_mel.npy,මේ අය අතරමගදී අම්බලමක නතර වුණා,මේ අය අතරමගදී අම්බලමක නතරු වුණා,0.1667,0.04,0,1,long,3.783,3.456,0,0.0,0.0882,0.004575,7.234,2,1
S021,38,S021_038.wav,S021_038_mel.npy,හරි අපූරු කතාවක්,අරි අපූරු කතාව,0.6667,0.2143,1,2,short,1.702,1.408,0,0.0,0.0865,0.003463,9.943,2,0
S021,39,S021_039.wav,S021_039_mel.npy,කටුස්සාගේ කරේ රත්තරන් බැන්දා වගෙයි,කට්ටුස්සෑගේ කරේ රතරම් බැන්දාගාගේ,0.8,0.3333,1,2,short,2.837,2.656,0,0.0,0.1003,0.003224,11.295,2,0
S021,40,S021_040.wav,S021_040_mel.npy,මුල් ගුරුතුමා කීවේය,මොල් ගුරු තොමා කීවේ,1.0,0.1765,1,2,short,2.156,1.9,1,0.224,0.0864,0.006602,8.946,2,0
S021,41,S021_041.wav,S021_041_mel.npy,අද පුස්තකාල පන්තියක් කරමු,අද පුෂ්තකාලය හංතිය කොරුම්,0.75,0.3636,2,2,short,2.819,2.592,0,0.0,0.0905,0.004108,8.488,2,0
S021,42,S021_042.wav,S021_042_mel.npy,මම ගල්පරයක ඇලී ජීවත් වුනෙමි,මම ගල් පරයක ඇලිගීවත් වුනේමි.,0.8,0.1304,1,2,short,4.313,3.872,1,0.192,0.093,0.003815,5.94,2,0
S021,43,S021_043.wav,S021_043_mel.npy,බෙලි කටුව කතා කරයි,බෙළිකට කතා කරයි.,0.5,0.1333,1,2,short,1.816,1.72,0,0.0,0.0845,0.004844,8.721,2,0
S021,44,S021_044.wav,S021_044_mel.npy,සති අන්තේ නිවාඩුවට බිංදුලා ගමේ ගියා,සත්ති අනේ නෙමූ සති අනෙමිවාඩු බින්දුලා ගමේ ගියා,1.0,0.5333,2,2,long,5.939,5.376,2,0.208,0.0878,0.00211,5.58,2,1
S021,45,S021_045.wav,S021_045_mel.npy,මොනවාද ඒවායේ නම්,හොනවාදයේ ඒ අවෙවායේ නම්,1.0,0.4286,2,2,short,3.481,3.072,0,0.0,0.09,0.007123,4.557,2,0
S021,46,S021_046.wav,S021_046_mel.npy,නංගි උත්තර දුන්නා,නඟී උත්තර දුන්නක්,0.6667,0.3333,1,2,short,1.4,1.368,0,0.0,0.0912,0.00538,10.967,2,0
S021,47,S021_047.wav,S021_047_mel.npy,පාර කියන අත්තම්මා,පාර කියන්න අතම්මා,0.6667,0.2,1,2,short,2.459,2.208,0,0.0,0.0987,0.003831,6.793,2,0
S021,48,S021_048.wav,S021_048_mel.npy,ඇයගේ කැපවීම පුදුමාකාරය,ඇයගේ කැතවීම කුදුමාකාරය,0.6667,0.1,0,2,short,3.934,3.552,1,0.288,0.0938,0.003936,5.631,2,0
S021,49,S021_049.wav,S021_049_mel.npy,මිනිසාගේ පරම යුතුකම මිනිසාට සේවය කිරීම,මිනිසාගේ පරම යුකුකම නිසාට වේරේ සේවය කිරීම,0.5,0.2121,1,2,long,5.616,5.008,1,0.288,0.0887,0.004392,6.59,2,1
S021,50,S021_050.wav,S021_050_mel.npy,අපි මේ වන විට පැය දොළහක් වැඩ කර පැය දොළහක් විවේක ගත්තා,අපි මේ වන විට පෑ දොළහක් වැඩ කර පැදොළහක් විවේක ගත්තක්,0.3333,0.1163,1,1,long,5.032,4.512,0,0.0,0.0889,0.002468,9.53,2,1
S021,51,S021_051.wav,S021_051_mel.npy,අප කවුරුත් පුදුමයට පත්කරමින් ඈට පණ ආවා,අප කවුරු කුදුමේට පත් කරමි ඇත්ත් ඇත්ත් ඇට පන ආවක්,1.0,0.5,2,2,long,5.939,4.896,2,0.256,0.0895,0.002113,6.536,2,1
S021,52,S021_052.wav,S021_052_mel.npy,සුගන්ධවත් පුෂ්පයෝ අපගේ සොහොයුරියෝය,සුගන්ඩත්වක් කූෂ්වයෝ අපගේ සුහොයිරියෝය.,0.75,0.2903,1,2,short,4.388,3.94,2,0.192,0.0871,0.003267,7.867,2,0
S021,53,S021_053.wav,S021_053_mel.npy,ගංගාවෝ අපගේ සොහොයුරෝ වෙති,ගංගා වෝ අපගේ සොහොයුරුවෙත්,1.0,0.0909,0,2,short,3.14,2.688,0,0.0,0.0767,0.005052,8.185,2,0
S021,54,S021_054.wav,S021_054_mel.npy,නංගී මට නොදී කිසිවක් නොකනවා ඇතැයි මට සිතේ,නගී මට නොදී කිසිවක් නොකවා ඇතැයි මට සිටේ,0.375,0.0882,0,1,long,5.107,4.147,1,0.384,0.1016,0.002466,8.198,2,1
S021,55,S021_055.wav,S021_055_mel.npy,නංගි උදේ පාන්දරින්ම නැගිටියි,නගී උදේ පාන්දරම මැගිති.,0.75,0.36,2,2,short,2.762,2.506,1,0.256,0.0859,0.004353,9.977,2,0
S021,56,S021_056.wav,S021_056_mel.npy,ඈ මා ගෙදර යන විට අසනු ඇත,ඈ මා ගෙදද යනවිට අසුණු ඇත.,0.5714,0.1111,1,2,long,4.254,3.518,1,0.736,0.1014,0.002101,5.116,2,1
S021,57,S021_057.wav,S021_057_mel.npy,ගොවිතැන සඳහා භාවිත වන උපකරණ එකින් එක විස්තර කරද්දී ළමයි සාවධානව අසා සිටියහ,ගොවිතන සඳහා භාවිත වන උපකර්න කිනෙක විස්තර කරද්දි ළමයි සොව කව්ව දාවර් ආසා සිටියි.,0.7692,0.2581,1,2,long,8.89,8.192,1,0.352,0.1029,0.003498,7.568,2,1
S021,58,S021_058.wav,S021_058_mel.npy,ළමයි පොල්තෙල් හිඳීමට භාවිත කරන සෙක්කුව අසලට රැස් වූහ,ලැපනි බොද්තෙන් මික්‍ර්මට භාවිදා කරුම සේකුව අසළට රැත්වූහ.,0.8889,0.4545,2,2,long,5.788,5.056,1,0.224,0.0855,0.002527,8.703,2,1
S021,59,S021_059.wav,S021_059_mel.npy,ඒ ගොල්ලන්ට අලුත් ක්‍රමයක් හොයා ගන්න වෙනවා,ඒගොල්ලන්ට අලූත් ක්‍රමයා ඔයාගන්න වෙනවා,0.8571,0.1429,1,2,long,3.707,3.227,1,0.256,0.1005,0.00411,10.845,2,1
S021,60,S021_060.wav,S021_060_mel.npy,බොහෝ දෙනෙක් මම එනතුරු බලා ගෙන හිටියා,බොහෝ දෙනෙක් මම එන්න කුරු බලාගෙන හිකියක්,0.5714,0.2,1,2,long,3.407,3.296,0,0.0,0.0977,0.003462,9.102,2,1
S021,61,S021_061.wav,S021_061_mel.npy,මට ආරංචි වුණා රජතුමාගේ ගුහාව ළඟ අනතුරක් කියලා,ආමට ආරණ් කිවුණා රජතුමාගේ ගුහාව ළග අනතුරක් කියල.,0.625,0.1579,1,2,long,4.805,4.384,0,0.0,0.105,0.004074,8.668,2,1
S021,62,S021_062.wav,S021_062_mel.npy,පැය අටකට පසු ඔවුන්ට පියාපත් සලන හඬක් ඇසිණි,මැය අටකට පසු ඔවුක්ට පියාවත් සල හඩක්ද්නි,0.75,0.2286,1,2,long,4.199,3.808,0,0.0,0.0957,0.002695,9.191,2,1
S021,63,S021_063.wav,S021_063_mel.npy,මිනිසුන් ගැන විස්තර දැනගන්න බොහෝ ක්‍රම තියෙනවා,මෙනිසුන් ගැන විස්තර දැනකන්න ගුහෝකම තියෙන,0.7143,0.225,1,2,long,4.118,3.68,0,0.0,0.1077,0.002266,10.87,2,1
S021,64,S021_064.wav,S021_064_mel.npy,ඔබට දින හතරක් දෙමි,ඔබට දින හතරක් දෙමි.,0.0,0.0,0,0,short,2.005,1.824,0,0.0,0.0889,0.002435,8.224,2,0
S021,65,S021_065.wav,S021_065_mel.npy,ඇදුරුතුමා බෙහෙවින් සතුටට පත් විය,අදුරුතුමා වෙහෙත් සත්තූටට පත්විය,1.0,0.2857,1,2,short,3.745,3.104,2,0.208,0.1061,0.002585,9.021,2,0
S021,66,S021_066.wav,S021_066_mel.npy,ඔබට පේන්නේ කුමක්දැයි මම ඇසුවෙමි,ඔබට පෙන්නේ කුමන දැයි ඇමම ඇසුවෙමි.,0.8,0.1481,1,2,short,3.67,3.232,0,0.0,0.1022,0.00311,8.354,2,0
S021,67,S021_067.wav,S021_067_mel.npy,මෙතැන තමයි හොඳම තැන,මෙතැන තමමයි හුදම තැන,0.5,0.1875,1,2,short,2.119,1.824,0,0.0,0.0948,0.002804,8.772,2,0
S021,68,S021_068.wav,S021_068_mel.npy,ඇය කාචය සකස් කර නැවත බැලූවාය,ඇය කාර්ශාච්කාචන සක්ස්කර නැවත මෙලුවාය.,0.6667,0.5652,2,2,long,5.651,4.128,2,0.24,0.1129,0.002676,5.572,2,1
S022,1,S022_001.wav,S022_001_mel.npy,යාළුවෝ හැමදෙනාම නිදහස් උත්සවය බැලුවා,යාළුවෝ හැම දෙනාම නිදහසුසුවේ බැලුවා,0.6,0.1875,1,2,short,3.783,3.296,0,0.0,0.0919,0.003504,9.709,0,0
S022,2,S022_002.wav,S022_002_mel.npy,කවිඳු යාළුවොත් එක්ක මිදුලේ සෙල්ලම් කරමින් සිටියා,ආදුවයා දුවත්සෙක්ක ඉතුලේ සැත්ලම් කරමින් සිටියා,0.7143,0.3333,1,2,long,4.805,4.288,0,0.0,0.0959,0.002511,9.795,0,1
S022,3,S022_003.wav,S022_003_mel.npy,අපේ රටේ නිදහස් උත්සවය,අපේ රටේ නිදහා තුස්සවය,0.5,0.2222,1,2,short,2.648,2.432,0,0.0,0.115,0.002932,7.401,0,0
S022,4,S022_004.wav,S022_004_mel.npy,මම කෝෂය ඇතුලේ සති දෙකක් විතර හිටියා,මම කෝෂ්රය ඇපුලේ සති දෙකක් විතර හිටියා.,0.2857,0.1034,1,1,long,4.426,3.818,1,0.416,0.1215,0.004232,7.595,0,1
S022,5,S022_005.wav,S022_005_mel.npy,පොත් කියවීමෙන් මිනිසා සම්පූර්ණ වේ,පොත් කියවීමෙන් මිනිසා සම්පූර්ණවෙන්,0.4,0.1034,1,1,short,3.405,3.085,0,0.0,0.1046,0.003469,9.401,0,0
S022,6,S022_006.wav,S022_006_mel.npy,මුහුද හරිම ලස්සනයි,මුහුදු හරිම ලස්සනයි.,0.3333,0.0625,0,1,short,4.691,4.064,1,0.352,0.0967,0.004993,3.937,0,0
S022,7,S022_007.wav,S022_007_mel.npy,හැමෝම එකට අත් අල්ලා ගන්න,හැමෝම එකට ආතල්ලාගන්න,0.6,0.15,1,2,short,3.291,2.907,0,0.0,0.1159,0.004719,6.879,0,0
S022,8,S022_008.wav,S022_008_mel.npy,මම එහෙනම් නාගෙන එන්නම්,මම එහෙනම් ගානාගෙන එන්නම්,0.25,0.1053,1,1,short,7.59,6.208,4,0.304,0.1115,0.00347,3.061,0,0
S022,9,S022_009.wav,S022_009_mel.npy,අපි අද පොල් කැඩුවා,අපි අද පොල් කැඩුව,0.25,0.0667,0,1,short,2.421,2.336,0,0.0,0.0998,0.005508,6.421,0,0
S022,10,S022_010.wav,S022_010_mel.npy,"ඇයි හිනා වෙන්නේ, මට රජ වෙන්න බැරිද",හැයි සුනා වෙන්නේ මට රජ වෙන්න බැරිද,0.2857,0.1481,1,1,long,5.145,4.601,1,0.448,0.1146,0.006076,6.086,0,1
S022,11,S022_011.wav,S022_011_mel.npy,දුව සටහන් පොතේ මොනවාද ලියා ගත්තේ,දුව සටහන් තොතේ මොනවාග ලියා ගත්තේ,0.3333,0.0741,0,1,long,3.556,3.392,0,0.0,0.1209,0.001955,7.96,0,1
S022,12,S022_012.wav,S022_012_mel.npy,ඉතින් මෙච්චර පරක්කු වුනේ ඇයි,ඉතින් මෙච්චර පරක්කූ වූවයයි.,0.6,0.2083,1,2,short,4.074,3.658,1,0.256,0.1173,0.004197,6.562,0,0
S022,13,S022_013.wav,S022_013_mel.npy,දවසක් අම්මා අශ්ව පැටියාගෙන් උදව්වක් ඉල්ලුවා,නිදවසක් මම ර්ශ්වහයා පැතියා නිදව්වක් තුව,1.0,0.5,2,2,long,7.112,6.088,2,0.384,0.1028,0.004087,6.242,0,1
S022,14,S022_014.wav,S022_014_mel.npy,ඔය ගඟ හරි ගැඹුරුයි,ඔය ගඟ හරි ගැඹුරුයුයි,0.25,0.1333,1,1,short,3.821,3.296,1,0.32,0.0928,0.007303,4.551,0,0
S022,15,S022_015.wav,S022_015_mel.npy,අශ්ව පැටියා ඉක්මනින් ගෙදර එනවා දැකලා අම්මා පුදුම වුනා,අශ්ව පැටියා ඉක්මනින්ම ගෙතර එනවා දැකල අම්මා කුදුම වුණා,0.4444,0.0889,0,2,long,6.318,5.568,1,0.192,0.0937,0.001708,8.082,0,1
S022,16,S022_016.wav,S022_016_mel.npy,"සිටුතුමනි, අපට අනුකම්පා කරනු මැනවි",සිටුතුමනි අපට අනුකම්පා කරනු මෙනවි.,0.2,0.0345,0,1,short,6.166,5.408,0,0.0,0.0987,0.004608,5.547,0,0
S022,17,S022_017.wav,S022_017_mel.npy,බරෙන් වැඩි වන්නේ ගසක මුල කොටසද,බරෙන් වැඩි වන්නේ ගසක මුළු කොටස ද,0.5,0.04,0,2,long,8.322,7.456,2,0.24,0.1009,0.005872,3.353,0,1
S022,18,S022_018.wav,S022_018_mel.npy,රයිට් සහෝදරයන්ගේ පියා ඔවුන් පුංචිකාලයේ දී කඩදාසි සහ රබර් පටිවලින් සෙල්ලම් අහස් යානා තනා දුන්නේය,රයිට් සහෝදරයන්ගේ පියා ඔවුන් කුන්චි කාලයේදී කඩදාසි සහා රබන පටිවලීන් සෙල්ඩං මහස්වයානා තනා දුන්නේය.,0.5333,0.1481,1,2,long,12.182,10.902,2,0.4,0.0966,0.002203,7.43,0,1
S022,19,S022_019.wav,S022_019_mel.npy,පසු කලෙක ඔවුහු බයිසිකල් වැඩ වැඩපොළක් ඇරඹූහ,පසු කළේක ඔහු ඔහුන් භයිසිකල් වැදැ පොළුන් නැරබුහ.,0.8571,0.3889,2,2,long,10.867,9.312,4,0.32,0.0821,0.002553,3.866,0,1
S022,20,S022_020.wav,S022_020_mel.npy,දැන් හැමෝම වාඩිවෙන්න,දැන් හැබෝම වාඩි වෙන්න.,1.0,0.0556,0,2,short,5.675,4.864,0,0.0,0.0938,0.003006,3.701,0,0
S022,21,S022_021.wav,S022_021_mel.npy,අපි ඊළඟ දවසේ තවත් සෙල්ලමක් කරමු,අපි ඒ ලග තවසේ තවත් සෙල්ලමක් කරමු,0.5,0.1154,1,2,long,4.048,3.776,0,0.0,0.0891,0.004479,6.886,0,1
S022,22,S022_022.wav,S022_022_mel.npy,මේ සිහින අප නින්දේ දී දකින සිහින නම් නොවේ,මේ හින්දා අප නින්දේදි දකිනහීන නම් නොවේ,0.5556,0.2727,1,2,long,6.507,5.408,2,0.4,0.0967,0.005445,6.102,0,1
S022,23,S022_023.wav,S022_023_mel.npy,ඇගේ ගම ගිංතොට ය,ඇගේ න්ගමැගින් තොටය.,0.75,0.4167,2,2,short,3.821,3.021,0,0.0,0.0951,0.006304,3.972,0,0
S022,24,S022_024.wav,S022_024_mel.npy,මේ පුංචි දැරිය ඇගේ ප්‍රියතම වැඩිහිටි නෑදෑයා ගැන පසු කලෙක එසේ කීවාය,මේ පුංචි දැරිය ඇගේ ප්‍රත්ත ප්‍රත්තප්‍රයතම වැඩිහිටි නැදැයා ගැන පහු කලෙක එසේ කීවාය.,0.3333,0.3091,1,1,long,16.659,12.672,6,0.539,0.1037,0.003914,4.34,0,1
S022,25,S022_025.wav,S022_025_mel.npy,පින්තූර මගින් කතා කීම ඈත කාලයේ සිට පැවත එන ක්‍රමයකි,පින්තූර මගින් කතා කීම ඇතා කලා කාලේය සිට පැවැත එන ක්‍රමයකි.,0.4,0.1905,1,1,long,9.155,8.163,2,0.384,0.1049,0.003101,5.145,0,1
S022,26,S022_026.wav,S022_026_mel.npy,මකුළුවා තණ බිස්සේ හැංගුනා,මක් කුරුවා තම මිස්සේ හැඟුණා,1.0,0.3182,1,2,short,5.032,4.328,3,0.235,0.1084,0.007503,5.084,0,0
S022,27,S022_027.wav,S022_027_mel.npy,එළියේ ලස්සන ගැහැණු ළමයෙක් හිටගෙන හිටියා,එලිය ලස්සන ගෑනු ලමය හිටගෙන ඉන්නව් හිටියා,0.6667,0.3824,2,2,long,7.268,5.152,4,0.336,0.0904,0.002557,6.599,0,1
S022,28,S022_028.wav,S022_028_mel.npy,අතරමගදී ඉතාම භයානක දෙයක් සිදුවුණා,අතර මගද ඉතාම භයානක දෙයක් සිදුනා,0.6,0.1034,1,2,short,5.41,4.736,0,0.0,0.095,0.003179,6.123,0,0
S022,29,S022_029.wav,S022_029_mel.npy,සර්පයා මහා විශාලෙට කට ඇරියා,සරුපයා මහ විශාලෙන් කට ඇරියා,0.6,0.1739,1,2,short,4.124,3.52,1,0.288,0.1196,0.005461,6.534,0,0
S022,30,S022_030.wav,S022_030_mel.npy,ටිකක් හිතලා බලන්නකෝ,ටිකාක් හිතලා බලන්නකෝ.,0.3333,0.0588,0,1,short,3.67,2.848,2,0.176,0.0917,0.003207,5.969,0,0
S022,31,S022_031.wav,S022_031_mel.npy,තනියෙන් ලියන්න,තනියෙන් ඩියන්න,0.5,0.0769,0,2,short,2.194,1.664,1,0.192,0.0837,0.005199,7.812,0,0
S022,32,S022_032.wav,S022_032_mel.npy,පස්වැනි ගුණාංගය,පස්වැනි ගුණ අංගය,1.0,0.0714,0,2,short,2.572,2.08,0,0.0,0.105,0.002552,6.731,0,0
S022,33,S022_033.wav,S022_033_mel.npy,බරණැස් නුවර සිටුවරයෙක් වාසය කළේය,බර්ස්නැස් නුවර සිටියේ වාසය කළේය.,0.4,0.3214,1,1,short,7.82,6.432,1,0.608,0.0948,0.005522,4.353,0,0
S022,34,S022_034.wav,S022_034_mel.npy,නායකතුමා මෙසේ පිළිතුරු දුන්නේය,මුණායක සිටුදුමා මෙසය පිදුතුරු දුන්නේය.,1.0,0.3704,2,2,short,5.637,4.773,0,0.0,0.1036,0.005115,5.657,0,0
S022,35,S022_035.wav,S022_035_mel.npy,තේරවිලි වර්ග කිහිපයක් තිබේ,තේර විලි වර්ග කිහිපෙයක් තිබේ.,0.75,0.0435,0,2,short,3.745,3.264,1,0.352,0.1045,0.004633,7.047,0,0
S022,36,S022_036.wav,S022_036_mel.npy,අපේ සීයා කතන්දර කීමට සමතෙකි,අපේ සීයා කතන්දර කීමට සමතෙකි,0.0,0.0,0,0,short,4.842,4.266,1,0.48,0.1002,0.005318,5.391,0,0
S022,37,S022_037.wav,S022_037_mel.npy,මේ අය අතරමගදී අම්බලමක නතර වුණා,මේ අය අතර මගදී අම්බලමක නතර වුණා,0.3333,0.0,0,1,long,7.907,6.691,4,0.272,0.1038,0.003444,3.737,0,1
S022,38,S022_038.wav,S022_038_mel.npy,හරි අපූරු කතාවක්,අරිපු අපූරු කතාවක්,0.3333,0.2143,1,1,short,3.072,2.4,0,0.0,0.0878,0.004378,5.833,0,0
S022,39,S022_039.wav,S022_039_mel.npy,කටුස්සාගේ කරේ රත්තරන් බැන්දා වගෙයි,මුල් ගුරුදුමා කීවා කීවේය.,1.0,0.8,2,2,short,3.026,2.528,0,0.0,0.0936,0.004296,11.867,0,0
S022,40,S022_040.wav,S022_040_mel.npy,මුල් ගුරුතුමා කීවේය,කටුස්සා කරේ රක්තරම් බැන්දා වගෙයි.,1.0,1.0,2,2,short,4.544,4.0,1,0.384,0.1087,0.005068,4.25,0,0
S022,41,S022_041.wav,S022_041_mel.npy,අද පුස්තකාල පන්තියක් කරමු,අද බුස්තකාලය පන්තියක් කරමු,0.25,0.0909,0,1,short,3.405,2.912,0,0.0,0.1049,0.005778,7.555,0,0
S022,42,S022_042.wav,S022_042_mel.npy,මම ගල්පරයක ඇලී ජීවත් වුනෙමි,මම ගල් පර පරයා ඇලේ ජීවත් නෙමි.,1.0,0.2609,1,2,short,7.15,4.8,4,0.416,0.0909,0.002127,4.792,0,0
S022,43,S022_043.wav,S022_043_mel.npy,බෙලි කටුව කතා කරයි,බෙලි කට්ටුවේ කතාකරයි.,0.75,0.2,1,2,short,3.253,2.72,2,0.176,0.106,0.00566,5.515,0,0
S022,44,S022_044.wav,S022_044_mel.npy,සති අන්තේ නිවාඩුවට බිංදුලා ගමේ ගියා,සතී යන්තයේ නිමාඩුව බින්දුව බින්දුලා ගමේ ඉගියා,1.0,0.4667,2,2,long,6.961,6.016,2,0.24,0.1031,0.001984,4.987,0,1
S022,45,S022_045.wav,S022_045_mel.npy,මොනවාද ඒවායේ නම්,මුනවාද ඒවායේ නම්,0.3333,0.0714,0,1,short,3.069,2.557,1,0.32,0.1083,0.005973,5.475,0,0
S022,46,S022_046.wav,S022_046_mel.npy,නංගි උත්තර දුන්නා,නංගේ උත්තර දුන්නාක්,0.6667,0.2,1,2,short,2.043,1.819,0,0.0,0.0845,0.004039,8.247,0,0
S022,47,S022_047.wav,S022_047_mel.npy,පාර කියන අත්තම්මා,පාර කියන අත්තම්මක්,0.3333,0.1333,1,1,short,3.329,2.624,1,0.544,0.0989,0.006712,5.716,0,0
S022,48,S022_048.wav,S022_048_mel.npy,ඇයගේ කැපවීම පුදුමාකාරය,ඇයගේ හැල්පවීම පුදුමාකාරය,0.3333,0.15,1,1,short,7.869,6.624,2,0.208,0.1029,0.00128,3.019,0,0
S022,49,S022_049.wav,S022_049_mel.npy,මිනිසාගේ පරම යුතුකම මිනිසාට සේවය කිරීම,මිනිසාගේ පර. පරම යුතුකම මිනිසාට සේවාය කිරීම,0.3333,0.0909,0,1,long,9.042,7.36,4,0.256,0.1024,0.002734,4.484,0,1
S022,50,S022_050.wav,S022_050_mel.npy,අපි මේ වන විට පැය දොළහක් වැඩ කර පැය දොළහක් විවේක ගත්තා,අපි මේ වෙනවිට කැය දොළහක් වෙඩි කැය දොළහා විවේක ගත්තා,0.5833,0.186,1,2,long,10.858,8.64,4,0.424,0.099,0.003214,4.977,0,1
S022,51,S022_051.wav,S022_051_mel.npy,අප කවුරුත් පුදුමයට පත්කරමින් ඈට පණ ආවා,අපැ කරුම් කවුරුත් පුදුමර්යට කත් කරමි ඉන්නාට පනවා.,1.0,0.4062,2,2,long,11.652,8.96,7,0.251,0.0986,0.003653,3.571,0,1
S022,52,S022_052.wav,S022_052_mel.npy,සුගන්ධවත් පුෂ්පයෝ අපගේ සොහොයුරියෝය,සුගත්ත්ගත් පුක්ෂයෝ හදගේ සහෝදර්යෝයෝය,1.0,0.4839,2,2,short,11.047,8.512,5,0.442,0.1147,0.004336,3.642,0,0
S022,53,S022_053.wav,S022_053_mel.npy,ගංගාවෝ අපගේ සොහොයුරෝ වෙති,ගංගාවෝ අපගේ සහෝදර්ථිවයෝ වැති,0.5,0.4545,2,2,short,4.484,3.936,0,0.0,0.1072,0.004951,5.589,0,0
S022,54,S022_054.wav,S022_054_mel.npy,නංගී මට නොදී කිසිවක් නොකනවා ඇතැයි මට සිතේ,ලංගී මට නෝදී කිසිවා නොකෙනවා ඇතැයි මම සිතු සිතේ,0.75,0.2941,1,2,long,11.539,9.44,3,0.363,0.1082,0.002062,3.602,0,1
S022,55,S022_055.wav,S022_055_mel.npy,නංගි උදේ පාන්දරින්ම නැගිටියි,නංගී උදේ පාන්දරම නැගීටීම්,0.75,0.32,1,2,short,2.951,2.816,0,0.0,0.093,0.004099,8.878,0,0
S022,56,S022_056.wav,S022_056_mel.npy,ඈ මා ගෙදර යන විට අසනු ඇත,ඈ මා ගෙදර යනවිට අසුළු ඇත.,0.4286,0.1111,1,2,long,6.053,5.024,1,0.512,0.1084,0.001893,3.583,0,1
S022,57,S022_057.wav,S022_057_mel.npy,ගොවිතැන සඳහා භාවිත වන උපකරණ එකින් එක විස්තර කරද්දී ළමයි සාවධානව අසා සිටියහ,ගොවිතැන් සඳහා භාවිතාවන උපකරන එකින් එක විස්තර කරන්දි ළමයි සාවතා සාවතානය අසා සිටිහය.,0.5385,0.2097,1,2,long,14.798,12.928,5,0.288,0.1076,0.004743,4.796,0,1
S022,58,S022_058.wav,S022_058_mel.npy,ළමයි පොල්තෙල් හිඳීමට භාවිත කරන සෙක්කුව අසලට රැස් වූහ,රමයි පොල්තල් හිදීන්මට භාවිතාගන්න සෙක්කුව අසලට රැස්තුවුහක්,0.7778,0.3182,1,2,long,8.777,7.369,2,0.512,0.0891,0.007777,5.971,0,1
S022,59,S022_059.wav,S022_059_mel.npy,ඒ ගොල්ලන්ට අලුත් ක්‍රමයක් හොයා ගන්න වෙනවා,ඒය ගොල්ඩන්ට අලූ ත්‍රමයා සොයා ගන්න වෙන්නවා,0.8571,0.2857,1,2,long,5.826,5.282,2,0.224,0.0852,0.004989,6.626,0,1
S022,60,S022_060.wav,S022_060_mel.npy,බොහෝ දෙනෙක් මම එනතුරු බලා ගෙන හිටියා,බොහෝ දෙනෙක් මම එන තුරු බලාගෙන ඇහිකියක්,0.5714,0.1333,1,2,long,5.06,4.608,2,0.224,0.1113,0.00279,6.51,0,1
S022,61,S022_061.wav,S022_061_mel.npy,මට ආරංචි වුණා රජතුමාගේ ගුහාව ළඟ අනතුරක් කියලා,මට ආරංචිවී උනා රජුදුමාගේ ගුහාව ලග අනතුරක් කියලා,0.5,0.1316,1,2,long,6.696,5.536,2,0.384,0.1099,0.004474,6.864,0,1
S022,62,S022_062.wav,S022_062_mel.npy,පැය අටකට පසු ඔවුන්ට පියාපත් සලන හඬක් ඇසිණි,තැය අටකට පසු ඔවුන් වියකක් ඔසල හඩක් ඇසිනි.,0.625,0.2571,1,2,long,7.415,5.367,2,0.64,0.1066,0.005137,6.521,0,1
S022,63,S022_063.wav,S022_063_mel.npy,මිනිසුන් ගැන විස්තර දැනගන්න බොහෝ ක්‍රම තියෙනවා,මිනිස්සු ගැන විෂ්තර දැන ගන්න බොහෝ ක්‍රම චිස්තියනවා,0.7143,0.225,1,2,long,7.339,6.08,3,0.341,0.1,0.00377,6.579,0,1
S022,64,S022_064.wav,S022_064_mel.npy,ඔබට දින හතරක් දෙමි,ඔබට දින හතරක් වුවමි,0.25,0.2,1,1,short,3.594,3.008,1,0.16,0.0937,0.004634,4.987,0,0
S022,65,S022_065.wav,S022_065_mel.npy,ඇදුරුතුමා බෙහෙවින් සතුටට පත් විය,ඇදුරුත්තුමා බෙහෙහිවින් සතුටට පත් විය.,0.4,0.1429,1,1,short,8.674,5.856,7,0.357,0.1102,0.003806,4.781,0,0
S022,66,S022_066.wav,S022_066_mel.npy,ඔබට පේන්නේ කුමක්දැයි මම ඇසුවෙමි,ඔබට පේන්පේනේ කුමක්දැයි මමමක් ඇසූවෙමි.,0.6,0.2222,1,2,short,8.323,7.04,5,0.23,0.1153,0.003525,3.835,0,0
S022,67,S022_067.wav,S022_067_mel.npy,මෙතැන තමයි හොඳම තැන,මෙතැනී මෙතැනී තම හොදම නැත,1.0,0.6875,2,2,short,6.772,5.984,1,0.192,0.1063,0.003236,2.674,0,0
S022,68,S022_068.wav,S022_068_mel.npy,ඇය කාචය සකස් කර නැවත බැලූවාය,ඇය ආචය සකස් කරන්නවත මෙබලුවාය.,0.6667,0.3478,1,2,long,9.843,6.88,4,0.6,0.1014,0.005666,3.343,0,1
S023,1,S023_001.wav,S023_001_mel.npy,යාළුවෝ හැමදෙනාම නිදහස් උත්සවය බැලුවා,යාලු වෝ හැමි දෙනම්නේ දස්සු ක්‍රේ බැල්,1.0,0.4375,2,2,short,2.93,2.866,0,0.0,0.0709,0.006599,11.166,1,0
S023,2,S023_002.wav,S023_002_mel.npy,කවිඳු යාළුවොත් එක්ක මිදුලේ සෙල්ලම් කරමින් සිටියා,එවාකම්දි ආලුවෙක් එක හිදුලැස් වෙන් කරමින් සිදි ආලුවෙක් එක හිදුලැස් වෙන් කරමින් සිපියක්.,1.0,1.0,2,2,long,3.157,3.157,0,0.0,0.1011,0.003675,13.302,1,1
S023,3,S023_003.wav,S023_003_mel.npy,අපේ රටේ නිදහස් උත්සවය,දරටනි දහැකිස්සුවේ.,1.0,0.5556,2,2,short,2.076,1.82,1,0.224,0.0893,0.003887,9.888,1,0
S023,4,S023_004.wav,S023_004_mel.npy,මම කෝෂය ඇතුලේ සති දෙකක් විතර හිටියා,මම කෝෂ්චය අතුනේ සැතිදිරා පිතරය එක්දිය.,0.8571,0.5517,2,2,long,2.617,2.617,0,0.0,0.0894,0.004009,11.082,1,1
S023,5,S023_005.wav,S023_005_mel.npy,පොත් කියවීමෙන් මිනිසා සම්පූර්ණ වේ,එත්සා සංපුවය ලෙබ්,1.0,0.8276,2,2,short,2.219,1.899,1,0.32,0.0956,0.003744,15.274,1,0
S023,6,S023_006.wav,S023_006_mel.npy,මුහුද හරිම ලස්සනයි,ලොන්ධාර්ය ලස්සනැ.,1.0,0.5625,2,2,short,1.422,1.376,0,0.0,0.0626,0.005818,11.628,1,0
S023,7,S023_007.wav,S023_007_mel.npy,හැමෝම එකට අත් අල්ලා ගන්න,මෙමෝමකට අත්අල්ලා ගන්න.,0.8,0.15,1,2,short,1.991,1.959,0,0.0,0.0715,0.001025,10.209,1,0
S023,8,S023_008.wav,S023_008_mel.npy,මම එහෙනම් නාගෙන එන්නම්,මම එහෙම් එහෙනව් නාගර එන්නං,1.0,0.5263,2,2,short,3.47,2.862,1,0.32,0.0709,0.005553,6.638,1,0
S023,9,S023_009.wav,S023_009_mel.npy,අපි අද පොල් කැඩුවා,අපි ඇද පෝල් කැඩව,0.75,0.2667,1,2,short,1.308,1.308,0,0.0,0.0722,0.003597,11.464,1,0
S023,10,S023_010.wav,S023_010_mel.npy,"ඇයි හිනා වෙන්නේ, මට රජ වෙන්න බැරිද",ඇයිනා අනුලත් එන්න බවේද.,1.0,0.5926,2,2,long,2.403,2.211,1,0.16,0.07,0.005559,12.663,1,1
S023,11,S023_011.wav,S023_011_mel.npy,දුව සටහන් පොතේ මොනවාද ලියා ගත්තේ,දුව සටහන්කොතේ මනාද ලියා ගත්,0.6667,0.1852,1,2,long,2.133,2.08,0,0.0,0.0782,0.00394,12.981,1,1
S023,12,S023_012.wav,S023_012_mel.npy,ඉතින් මෙච්චර පරක්කු වුනේ ඇයි,එතින් එත්තෙර පරගේ ඇයි,0.8,0.5417,2,2,short,2.446,2.094,1,0.352,0.0748,0.005445,11.46,1,0
S023,13,S023_013.wav,S023_013_mel.npy,දවසක් අම්මා අශ්ව පැටියාගෙන් උදව්වක් ඉල්ලුවා,දැවිසා කමාශ්‍ය පැටියකින් දළවක් දෙන්නුව,1.0,0.5526,2,2,long,3.072,2.848,1,0.224,0.0882,0.001752,13.343,1,1
S023,14,S023_014.wav,S023_014_mel.npy,ඔය ගඟ හරි ගැඹුරුයි,ඔය ගම්ග හැරි ගැම්පුරු,0.75,0.6,2,2,short,2.048,1.92,0,0.0,0.0704,0.003834,7.812,1,0
S023,15,S023_015.wav,S023_015_mel.npy,අශ්ව පැටියා ඉක්මනින් ගෙදර එනවා දැකලා අම්මා පුදුම වුනා,අශ්ව පැතියා එක් මැනිඟ්දර නවාද කළා මොකු කිනවා,0.8889,0.4,2,2,long,3.47,3.424,0,0.0,0.0687,0.004214,13.143,1,1
S023,16,S023_016.wav,S023_016_mel.npy,"සිටුතුමනි, අපට අනුකම්පා කරනු මැනවි",සිටිතුම අතට ආනකංගා කරන්න,1.0,0.4828,2,2,short,2.816,2.176,0,0.0,0.0923,0.003756,13.787,1,0
S023,17,S023_017.wav,S023_017_mel.npy,බරෙන් වැඩි වන්නේ ගසක මුල කොටසද,එන් වැඩිවන්නේ ගසක මුළ පොටසද,0.6667,0.16,1,2,long,2.475,2.283,0,0.0,0.0793,0.006443,10.952,1,1
S023,18,S023_018.wav,S023_018_mel.npy,රයිට් සහෝදරයන්ගේ පියා ඔවුන් පුංචිකාලයේ දී කඩදාසි සහ රබර් පටිවලින් සෙල්ලම් අහස් යානා තනා දුන්නේය,රෑච් සහෝදරාහි පියාවන්කුන්ට් අලුතු කදදස සාරදව පඩයෙන ශෙල්ලන් අසා තනා දුන්යෑ,0.9333,0.5309,2,2,long,6.738,6.322,1,0.256,0.083,0.003697,12.812,1,1
S023,19,S023_019.wav,S023_019_mel.npy,පසු කලෙක ඔවුහු බයිසිකල් වැඩ වැඩපොළක් ඇරඹූහ,පසු කලක ඕබවස්ථ වැඩ පොළා කරන්දු ය.,0.8571,0.5833,2,2,long,3.413,3.221,1,0.192,0.0895,0.00063,11.175,1,1
S023,20,S023_020.wav,S023_020_mel.npy,දැන් හැමෝම වාඩිවෙන්න,එන් මමවා පාදෙන්පත්,1.0,0.6111,2,2,short,2.276,2.02,1,0.224,0.0915,0.003367,8.913,1,0
S023,21,S023_021.wav,S023_021_mel.npy,අපි ඊළඟ දවසේ තවත් සෙල්ලමක් කරමු,දෙයින් මො අයසේ මො කළිමකයි.,1.0,0.8462,2,2,long,2.958,2.766,1,0.192,0.0876,0.005516,9.399,1,1
S023,22,S023_022.wav,S023_022_mel.npy,මේ සිහින අප නින්දේ දී දකින සිහින නම් නොවේ,එහස් එහා එහා එහා එහා,1.0,0.9091,2,2,long,2.816,2.72,0,0.0,0.083,0.004707,12.132,1,1
S023,23,S023_023.wav,S023_023_mel.npy,ඇගේ ගම ගිංතොට ය,තුරුතුත්ත්,1.0,0.9167,2,2,short,1.394,1.152,0,0.0,0.0715,0.006133,10.417,1,0
S023,24,S023_024.wav,S023_024_mel.npy,මේ පුංචි දැරිය ඇගේ ප්‍රියතම වැඩිහිටි නෑදෑයා ගැන පසු කලෙක එසේ කීවාය,දැයිචි බව ඇගේ පුයකමස්හි.එහිදි නාභායන් සක්බලග අයස්වට දීවා.,0.9167,0.6909,2,2,long,5.755,5.216,1,0.448,0.0999,0.002844,10.544,1,1
S023,25,S023_025.wav,S023_025_mel.npy,පින්තූර මගින් කතා කීම ඈත කාලයේ සිට පැවත එන ක්‍රමයකි,"ත්‍රමෙන් කතාදියෙන ඇත, කාලෙසික් දාදියෙන වෙනුත්",1.0,0.7143,2,2,long,3.943,3.431,1,0.288,0.083,0.004159,12.242,1,1
S023,26,S023_026.wav,S023_026_mel.npy,මකුළුවා තණ බිස්සේ හැංගුනා,එමකෙලොතා නොකෙස්තොයො,1.0,0.7727,2,2,short,1.797,1.797,0,0.0,0.0907,0.005538,12.24,1,0
S023,27,S023_027.wav,S023_027_mel.npy,එළියේ ලස්සන ගැහැණු ළමයෙක් හිටගෙන හිටියා,ගොමොත් සැලා ආයෙන් කෙදෙනුද්ගය.,1.0,0.7353,2,2,long,2.822,2.438,1,0.384,0.079,0.006088,13.943,1,1
S023,28,S023_028.wav,S023_028_mel.npy,අතරමගදී ඉතාම භයානක දෙයක් සිදුවුණා,අගත් අතර මඟරු ඉතාම්බන් කළයක්ෂිදීම,1.0,0.6552,2,2,short,4.165,3.365,3,0.235,0.084,0.004455,8.619,1,0
S023,29,S023_029.wav,S023_029_mel.npy,සර්පයා මහා විශාලෙට කට ඇරියා,ශාර්ථය මමේ හිට කටහැරියක්,1.0,0.6522,2,2,short,2.324,2.196,0,0.0,0.0883,0.002228,10.475,1,0
S023,30,S023_030.wav,S023_030_mel.npy,ටිකක් හිතලා බලන්නකෝ,එතා කිතල බවහුනු කරා.,1.0,0.7059,2,2,short,1.383,1.383,0,0.0,0.0731,0.00475,12.293,1,0
S023,31,S023_031.wav,S023_031_mel.npy,තනියෙන් ලියන්න,තනේම,1.0,0.8462,2,2,short,0.836,0.736,0,0.0,0.0618,0.010586,17.663,1,0
S023,32,S023_032.wav,S023_032_mel.npy,පස්වැනි ගුණාංගය,පශ්චන ගොනගේ,1.0,0.5714,2,2,short,1.045,1.013,0,0.0,0.0899,0.003939,13.817,1,0
S023,33,S023_033.wav,S023_033_mel.npy,බරණැස් නුවර සිටුවරයෙක් වාසය කළේය,නැසිටෝ පසෙහොසෙ කළේ,1.0,0.6429,2,2,short,2.38,1.952,1,0.288,0.0888,0.003434,14.344,1,0
S023,34,S023_034.wav,S023_034_mel.npy,නායකතුමා මෙසේ පිළිතුරු දුන්නේය,නාර්ථ සිත්යෙන්වා. සිත්මන් දෙසේ පොයොගු බෙන්නේ.,1.0,1.0,2,2,short,3.473,3.121,1,0.288,0.0902,0.003595,8.65,1,0
S023,35,S023_035.wav,S023_035_mel.npy,තේරවිලි වර්ග කිහිපයක් තිබේ,එවින් වද කිසක්දෙ,1.0,0.6957,2,2,short,1.677,1.645,0,0.0,0.0714,0.003192,13.979,1,0
S023,36,S023_036.wav,S023_036_mel.npy,අපේ සීයා කතන්දර කීමට සමතෙකි,ඇත්ත්සේ ආතා ඔහුසක්,1.0,0.8696,2,2,short,2.058,1.792,0,0.0,0.1221,0.004168,12.835,1,0
S023,37,S023_037.wav,S023_037_mel.npy,මේ අය අතරමගදී අම්බලමක නතර වුණා,මේ අතරගුදි අම්බලන්පෙන අතරයා,0.8333,0.52,2,2,long,2.991,2.575,0,0.0,0.0844,0.002455,9.709,1,1
S023,38,S023_038.wav,S023_038_mel.npy,හරි අපූරු කතාවක්,ඇයත් ඒ කතාව,1.0,0.7143,2,2,short,1.399,1.111,0,0.0,0.0915,0.001887,12.601,1,0
S023,39,S023_039.wav,S023_039_mel.npy,කටුස්සාගේ කරේ රත්තරන් බැන්දා වගෙයි,ඔපිශ්‍ය දෙහරෙලා කරමින්මලා,1.0,0.8333,2,2,short,2.396,2.272,0,0.0,0.0844,0.000636,13.204,1,0
S023,40,S023_040.wav,S023_040_mel.npy,මුල් ගුරුතුමා කීවේය,මොර්ථ අට්‍යලා,1.0,0.8235,2,2,short,2.481,2.176,1,0.224,0.0798,0.007223,7.812,1,0
S023,41,S023_041.wav,S023_041_mel.npy,අද පුස්තකාල පන්තියක් කරමු,අනෝ ස්ත්ට කාල භාන්ටයක් කරම්,1.0,0.4545,2,2,short,4.02,3.412,0,0.0,0.0833,0.005044,6.448,1,0
S023,42,S023_042.wav,S023_042_mel.npy,මම ගල්පරයක ඇලී ජීවත් වුනෙමි,මා බැයි හර්යක ඇලි ජුවත්,1.0,0.6522,2,2,short,3.554,3.266,1,0.288,0.0817,0.005825,7.043,1,0
S023,43,S023_043.wav,S023_043_mel.npy,බෙලි කටුව කතා කරයි,එම කටයුතා,1.0,0.7333,2,2,short,1.489,1.041,1,0.448,0.0682,0.007395,14.414,1,0
S023,44,S023_044.wav,S023_044_mel.npy,සති අන්තේ නිවාඩුවට බිංදුලා ගමේ ගියා,සත්තිටිටිටිටිටිටිටිටිටිටිටිටිටිටිටිටිටිටිටිටිටිටිටිටිටිටිටිටිටිටිටිටිටිටිටිටිටිටිටිටිටිටිටිටිටිටිටිටිටිටිටිටිටිටිටිටිටිටිටිටිටිටිටිටිටිටිටිටිටිටිටිටිටිටිටිටිටිටිටිටිටිටිටිටිටිටිටිටිටිටිටියවවවවවවවවවවව වවවවව වවවව වවවවව වවවවවවව,1.0,1.0,2,2,long,3.087,2.671,1,0.192,0.0734,0.005371,11.23,1,1
S023,45,S023_045.wav,S023_045_mel.npy,මොනවාද ඒවායේ නම්,එහෙනා,1.0,0.9286,2,2,short,1.769,1.609,1,0.16,0.089,0.004628,8.702,1,0
S023,46,S023_046.wav,S023_046_mel.npy,නංගි උත්තර දුන්නා,ලූ! එරදුන්න!,1.0,0.6,2,2,short,1.093,1.056,0,0.0,0.0597,0.006595,14.205,1,0
S023,47,S023_047.wav,S023_047_mel.npy,පාර කියන අත්තම්මා,පාග්කන ඇතා,1.0,0.6667,2,2,short,1.061,1.061,0,0.0,0.0955,0.004917,14.133,1,0
S023,48,S023_048.wav,S023_048_mel.npy,ඇයගේ කැපවීම පුදුමාකාරය,රෑගේ තැකයි හෙදුලාකාට්,1.0,0.6,2,2,short,1.785,1.753,0,0.0,0.0734,0.004954,11.409,1,0
S023,49,S023_049.wav,S023_049_mel.npy,මිනිසාගේ පරම යුතුකම මිනිසාට සේවය කිරීම,සාභය පම් හැතිකම්මු නොත්මු ශාට සේලූ පිරුත්,1.0,0.7576,2,2,long,3.237,3.168,0,0.0,0.0801,0.004434,10.417,1,1
S023,50,S023_050.wav,S023_050_mel.npy,අපි මේ වන විට පැය දොළහක් වැඩ කර පැය දොළහක් විවේක ගත්තා,අද්නේ වමූතා ඇය වෙනහක් වරතර දෛ වෙනහක් ඉළෙර ගතක්,1.0,0.6744,2,2,long,5.162,4.714,0,0.0,0.0756,0.001891,9.122,1,1
S023,51,S023_051.wav,S023_051_mel.npy,අප කවුරුත් පුදුමයට පත්කරමින් ඈට පණ ආවා,රාප කවිරු පිදුණේද්ප් කරමින් නෑට පම්මාව,1.0,0.5312,2,2,long,3.313,3.057,1,0.224,0.077,0.003435,10.469,1,1
S023,52,S023_052.wav,S023_052_mel.npy,සුගන්ධවත් පුෂ්පයෝ අපගේ සොහොයුරියෝය,සෙළිඹා පිත්වා දෙස් සහමුරුවන්,1.0,0.7742,2,2,short,5.021,4.477,1,0.384,0.0935,0.006485,6.924,1,0
S023,53,S023_053.wav,S023_053_mel.npy,ගංගාවෝ අපගේ සොහොයුරෝ වෙති,ගම්ගාව අපද සැණිය,1.0,0.6818,2,2,short,2.669,2.368,0,0.0,0.0819,0.00492,9.291,1,0
S023,54,S023_054.wav,S023_054_mel.npy,නංගී මට නොදී කිසිවක් නොකනවා ඇතැයි මට සිතේ,නම්ගේ මතට අයුතුස්යෝ ඉංගනවායට තවම් විස්,1.0,0.7647,2,2,long,3.827,3.667,0,0.0,0.0785,0.003281,9.272,1,1
S023,55,S023_055.wav,S023_055_mel.npy,නංගි උදේ පාන්දරින්ම නැගිටියි,එහුදෙත් දොලන්,1.0,0.8,2,2,short,1.881,1.568,0,0.0,0.0662,0.005414,15.944,1,0
S023,56,S023_056.wav,S023_056_mel.npy,ඈ මා ගෙදර යන විට අසනු ඇත,අවෙතෙන ගැන් අසනාට,1.0,0.7222,2,2,long,2.882,2.434,0,0.0,0.1009,0.005449,7.395,1,1
S023,57,S023_057.wav,S023_057_mel.npy,ගොවිතැන සඳහා භාවිත වන උපකරණ එකින් එක විස්තර කරද්දී ළමයි සාවධානව අසා සිටියහ,ඔයුගැන් සැදෑ භාව්ඨකයින් එතින්මකු ස්ථර පැහැදි ළමයි අවදන් ප්‍රථාස කියි.,0.9231,0.629,2,2,long,7.493,7.045,2,0.176,0.0834,0.002291,8.8,1,1
S023,58,S023_058.wav,S023_058_mel.npy,ළමයි පොල්තෙල් හිඳීමට භාවිත කරන සෙක්කුව අසලට රැස් වූහ,ලමය පොයටයි විල්යමට බාල්තකන්න සුක්වාසට ලැස්ය.,1.0,0.5455,2,2,long,4.478,4.032,0,0.0,0.0808,0.004961,10.913,1,1
S023,59,S023_059.wav,S023_059_mel.npy,ඒ ගොල්ලන්ට අලුත් ක්‍රමයක් හොයා ගන්න වෙනවා,ඔයි හොලොසෙන් උසෑම් උසෑම්,1.0,0.8571,2,2,long,2.653,2.397,0,0.0,0.0889,0.002172,14.6,1,1
S023,60,S023_060.wav,S023_060_mel.npy,බොහෝ දෙනෙක් මම එනතුරු බලා ගෙන හිටියා,එමන් දෙල්පා දෙබල් දොසෙන,1.0,0.8333,2,2,long,2.75,2.56,0,0.0,0.088,0.003595,11.719,1,1
S023,61,S023_061.wav,S023_061_mel.npy,මට ආරංචි වුණා රජතුමාගේ ගුහාව ළඟ අනතුරක් කියලා,ඇල්පිතිලි හාදෙස් මුහුල්පා,1.0,0.7895,2,2,long,3.811,3.299,0,0.0,0.0832,0.003652,11.518,1,1
S023,62,S023_062.wav,S023_062_mel.npy,පැය අටකට පසු ඔවුන්ට පියාපත් සලන හඬක් ඇසිණි,අතාන දැහැශ්ව මුබෙම දච්චි බූදර්යට,1.0,0.9143,2,2,long,3.549,3.197,1,0.16,0.0891,0.004095,10.949,1,1
S023,63,S023_063.wav,S023_063_mel.npy,මිනිසුන් ගැන විස්තර දැනගන්න බොහෝ ක්‍රම තියෙනවා,ශ්‍රී නොස්ත්‍ර දෙහැරද්දී මහකන්ට ය.,1.0,0.825,2,2,long,3.602,3.136,1,0.256,0.086,0.003479,12.755,1,1
S023,64,S023_064.wav,S023_064_mel.npy,ඔබට දින හතරක් දෙමි,අලක දෙකක්දෙක්දෙක්දෙක්දෙක්දෙක්දෙක්දෙක්දෙක්දෙක්දෙක්දෙක්දෙක්දෙක්දෙක්දෙක්දෙක්දෙක්දෙක්දෙක්දෙක්දෙක්දෙක්දෙක්දෙක්දෙක්දෙක්ත්,1.0,1.0,2,2,short,2.026,1.664,1,0.256,0.0746,0.005236,9.014,1,0
S023,65,S023_065.wav,S023_065_mel.npy,ඇදුරුතුමා බෙහෙවින් සතුටට පත් විය,ඇගුණු තුමාන එයුස් ඇගු දතු,1.0,0.6429,2,2,short,2.509,2.413,0,0.0,0.0883,0.00417,11.606,1,0
S023,66,S023_066.wav,S023_066_mel.npy,ඔබට පේන්නේ කුමක්දැයි මම ඇසුවෙමි,අගත් අගරස්තේ,1.0,0.9259,2,2,short,2.332,2.172,0,0.0,0.1019,0.004547,12.433,1,0
S023,67,S023_067.wav,S023_067_mel.npy,මෙතැන තමයි හොඳම තැන,එයන් ව්‍රනවා දෙහික් එහා,1.0,1.0,2,2,short,2.975,2.239,1,0.352,0.0964,0.004045,7.146,1,0
S023,68,S023_068.wav,S023_068_mel.npy,ඇය කාචය සකස් කර නැවත බැලූවාය,මාචු සැකස්කර මාචුතු මළොන්,1.0,0.6522,2,2,long,3.472,2.912,0,0.0,0.1159,0.004218,7.898,1,1
S024,1,S024_001.wav,S024_001_mel.npy,යාළුවෝ හැමදෙනාම නිදහස් උත්සවය බැලුවා,"ඊයාලුව, හැමකිනාම නිතැස්සයේ දැළුව",1.0,0.4062,2,2,short,3.235,2.72,1,0.16,0.0757,0.007151,11.765,1,0
S024,2,S024_002.wav,S024_002_mel.npy,කවිඳු යාළුවොත් එක්ක මිදුලේ සෙල්ලම් කරමින් සිටියා,කවිදි ආරූත් එක මිදුලේ සිර්ලන් කරන්නි සිටිය.,0.8571,0.4048,2,2,long,3.618,3.296,0,0.0,0.0728,0.003416,12.743,1,1
S024,3,S024_003.wav,S024_003_mel.npy,අපේ රටේ නිදහස් උත්සවය,අපේ රටේ විදහසු සුසුවය.,0.5,0.3333,1,2,short,3.004,2.432,1,0.224,0.1102,0.004221,7.401,1,0
S024,4,S024_004.wav,S024_004_mel.npy,මම කෝෂය ඇතුලේ සති දෙකක් විතර හිටියා,මම කෝෂයක් අතුරු සති ලෙකක් වෙදන හුටිය.,0.7143,0.3793,2,2,long,4.574,3.584,0,0.0,0.0812,0.006124,8.092,1,1
S024,5,S024_005.wav,S024_005_mel.npy,පොත් කියවීමෙන් මිනිසා සම්පූර්ණ වේ,බොත් කිය වේම්න් මෙනිසා සම්පූර්ණ වේ.,0.8,0.1379,1,2,short,3.482,2.912,0,0.0,0.0716,0.003649,9.959,1,0
S024,6,S024_006.wav,S024_006_mel.npy,මුහුද හරිම ලස්සනයි,බූල්ධ ලර්මයක්සම,1.0,0.6875,2,2,short,2.458,1.632,0,0.0,0.0961,0.006968,9.804,1,0
S024,7,S024_007.wav,S024_007_mel.npy,හැමෝම එකට අත් අල්ලා ගන්න,හැවුමුෂ් එකට තොම්මා ගම්ම,0.8,0.6,2,2,short,3.208,2.784,0,0.0,0.0628,0.006314,7.184,1,0
S024,8,S024_008.wav,S024_008_mel.npy,මම එහෙනම් නාගෙන එන්නම්,මම හෙනම් මා යොමෙන්ම,0.75,0.4211,2,2,short,4.028,2.88,2,0.288,0.0593,0.008501,6.597,1,0
S024,9,S024_009.wav,S024_009_mel.npy,අපි අද පොල් කැඩුවා,අපි ඇත පුල්ෂටුව,0.75,0.4667,2,2,short,2.321,1.809,0,0.0,0.0709,0.004654,8.292,1,0
S024,10,S024_010.wav,S024_010_mel.npy,"ඇයි හිනා වෙන්නේ, මට රජ වෙන්න බැරිද",ඇයි එමා වෙන්න මට රච දිබිල පැරිත,0.7143,0.4444,2,2,long,3.482,2.976,0,0.0,0.0676,0.003551,9.409,1,1
S024,11,S024_011.wav,S024_011_mel.npy,දුව සටහන් පොතේ මොනවාද ලියා ගත්තේ,ඔන්න සටහයි පොතේ මොනවෙත ලියා කත්තේ,0.6667,0.3333,1,2,long,4.096,3.68,1,0.16,0.067,0.002776,7.337,1,1
S024,12,S024_012.wav,S024_012_mel.npy,ඉතින් මෙච්චර පරක්කු වුනේ ඇයි,එතුන් වෙත්තර පණක්කෝ මෙයයි,1.0,0.5,2,2,short,3.891,3.232,1,0.256,0.0676,0.004553,7.426,1,0
S024,13,S024_013.wav,S024_013_mel.npy,දවසක් අම්මා අශ්ව පැටියාගෙන් උදව්වක් ඉල්ලුවා,දවසක් කම්මා අශ්‍ර පැටියාකෙන් උදව්වත් ඉලූව,0.8333,0.2368,1,2,long,5.12,4.544,0,0.0,0.0854,0.002588,8.363,1,1
S024,14,S024_014.wav,S024_014_mel.npy,ඔය ගඟ හරි ගැඹුරුයි,ඔය ගොග හරීම කෙන්පුරුවෙන්,0.75,0.8667,2,2,short,2.845,2.368,0,0.0,0.0727,0.003588,6.334,1,0
S024,15,S024_015.wav,S024_015_mel.npy,අශ්ව පැටියා ඉක්මනින් ගෙදර එනවා දැකලා අම්මා පුදුම වුනා,ර්ශව දැටියා උමුහුන් ගෙදර නවා දැකල අමා පුදුම වුණා,0.6667,0.3111,1,2,long,5.598,5.024,1,0.16,0.0766,0.001466,8.957,1,1
S024,16,S024_016.wav,S024_016_mel.npy,"සිටුතුමනි, අපට අනුකම්පා කරනු මැනවි",සිටු! සිටු! සිටු තුරණි අපට අනුපන් පා කරනු මැනවි.,1.0,0.3793,2,2,short,6.963,6.003,3,0.299,0.0896,0.004815,4.998,1,0
S024,17,S024_017.wav,S024_017_mel.npy,බරෙන් වැඩි වන්නේ ගසක මුල කොටසද,බරෙන් වැඩිම වන්නේ ගශග මුලකොටසද,0.6667,0.12,1,2,long,4.232,3.648,1,0.256,0.0851,0.004478,6.853,1,1
S024,18,S024_018.wav,S024_018_mel.npy,රයිට් සහෝදරයන්ගේ පියා ඔවුන් පුංචිකාලයේ දී කඩදාසි සහ රබර් පටිවලින් සෙල්ලම් අහස් යානා තනා දුන්නේය,රයිට් සහෝදරයන්ගේ පිය අවුන් කොන්සිකාන එති පඩදහස සහ ප්‍රකර්පටිවරු සෙල්ලන් මහසයනා තනා දුන්නේ,0.7333,0.3457,1,2,long,11.059,10.419,1,0.384,0.0779,0.004221,7.774,1,1
S024,19,S024_019.wav,S024_019_mel.npy,පසු කලෙක ඔවුහු බයිසිකල් වැඩ වැඩපොළක් ඇරඹූහ,පසු කාලෙක අවුම් බ්‍රිසි කළේ බ්‍෻ිසි කල් වැඩපොළක බැඩපොළක තමිස්,1.0,0.7778,2,2,long,7.168,6.304,3,0.213,0.0828,0.005962,5.711,1,1
S024,20,S024_020.wav,S024_020_mel.npy,දැන් හැමෝම වාඩිවෙන්න,දැන් හැමෝම වාඩි වෙන,0.6667,0.1111,1,2,short,3.755,2.923,1,0.672,0.0762,0.005921,6.159,1,0
S024,21,S024_021.wav,S024_021_mel.npy,අපි ඊළඟ දවසේ තවත් සෙල්ලමක් කරමු,පීලක දාශය තව සෙල්ලමක් කරමින්,0.8333,0.4615,2,2,long,3.686,3.264,0,0.0,0.0771,0.004408,7.966,1,1
S024,22,S024_022.wav,S024_022_mel.npy,මේ සිහින අප නින්දේ දී දකින සිහින නම් නොවේ,මේ සිහෙන අප නින්දේතිහි දකෙන සිපෙන නොවේ.,0.6667,0.3333,1,2,long,4.779,4.032,0,0.0,0.0809,0.003553,8.185,1,1
S024,23,S024_023.wav,S024_023_mel.npy,ඇගේ ගම ගිංතොට ය,ඇතේ උමගින්දොට,1.0,0.5,2,2,short,2.799,2.191,0,0.0,0.0773,0.008055,5.477,1,0
S024,24,S024_024.wav,S024_024_mel.npy,මේ පුංචි දැරිය ඇගේ ප්‍රියතම වැඩිහිටි නෑදෑයා ගැන පසු කලෙක එසේ කීවාය,බේ පුංචි දරී ඇගේ ප්‍රියතව වැඩිහිට නැදැයෝ ග්‍රන පසු කාලක එසේ කීව,0.6667,0.2909,1,2,long,5.956,5.568,0,0.0,0.083,0.004657,9.878,1,1
S024,25,S024_025.wav,S024_025_mel.npy,පින්තූර මගින් කතා කීම ඈත කාලයේ සිට පැවත එන ක්‍රමයකි,මිතුරම් අගේ කතා කිරීම ඈත කාලයේතී සිට පැවැත පැවැත එම ක්‍රමයකි.,0.7,0.4524,2,2,long,7.031,6.775,0,0.0,0.0846,0.004953,6.199,1,1
S024,26,S024_026.wav,S024_026_mel.npy,මකුළුවා තණ බිස්සේ හැංගුනා,මකුළුවා තන බිස්සේ හැඟුණ,0.25,0.1364,1,1,short,3.072,2.624,1,0.256,0.1042,0.0043,8.385,1,0
S024,27,S024_027.wav,S024_027_mel.npy,එළියේ ලස්සන ගැහැණු ළමයෙක් හිටගෙන හිටියා,එළිය ලස් එළියේ ලස්සන කෑල්ලමය කිමිටවෙන හිටිය.,1.0,0.5294,2,2,long,5.052,4.544,1,0.192,0.0991,0.002296,7.482,1,1
S024,29,S024_029.wav,S024_029_mel.npy,සර්පයා මහා විශාලෙට කට ඇරියා,සර්පයා මොහො විශාල්යට කට ඇරියා,0.4,0.1739,1,1,short,3.277,2.944,0,0.0,0.1079,0.002734,7.812,1,0
S024,30,S024_030.wav,S024_030_mel.npy,ටිකක් හිතලා බලන්නකෝ,ටිකක් හිතරා බලන්නකෝ,0.3333,0.0588,0,1,short,3.345,2.72,1,0.256,0.0802,0.005047,6.25,1,0
S024,31,S024_031.wav,S024_031_mel.npy,තනියෙන් ලියන්න,තනින් ලියන්ම,1.0,0.2308,1,2,short,1.98,1.792,0,0.0,0.0786,0.008139,7.254,1,0
S024,32,S024_032.wav,S024_032_mel.npy,පස්වැනි ගුණාංගය,ප්‍රසෙනි ගුණන්ගේ,1.0,0.5714,2,2,short,1.638,1.51,0,0.0,0.104,0.007687,9.269,1,0
S024,33,S024_033.wav,S024_033_mel.npy,බරණැස් නුවර සිටුවරයෙක් වාසය කළේය,පරමැස් මූර සිටුවරේ වශය කළේ,1.0,0.4286,2,2,short,3.686,3.36,1,0.224,0.0975,0.005389,8.333,1,0
S024,34,S024_034.wav,S024_034_mel.npy,නායකතුමා මෙසේ පිළිතුරු දුන්නේය,ලාහික සුතුමා නෙසේ පුළුතුදුන්නේ,1.0,0.4074,2,2,short,3.755,3.552,0,0.0,0.0826,0.004265,7.601,1,0
S024,35,S024_035.wav,S024_035_mel.npy,තේරවිලි වර්ග කිහිපයක් තිබේ,තේරෙමිලිවයොතු කිසිපෙක් තෙබේ.,1.0,0.3913,2,2,short,2.662,2.464,0,0.0,0.0723,0.00603,9.334,1,0
S024,36,S024_036.wav,S024_036_mel.npy,අපේ සීයා කතන්දර කීමට සමතෙකි,අපේ සහයා කතන්ත කෝනුතු සමතකි.,0.8,0.3913,2,2,short,3.618,3.2,0,0.0,0.0771,0.005341,7.188,1,0
S024,37,S024_037.wav,S024_037_mel.npy,මේ අය අතරමගදී අම්බලමක නතර වුණා,මේ අය අතර හගල්ති අඹ ලමකන් අතර වුලා,1.0,0.4,2,2,long,4.369,3.968,1,0.16,0.0731,0.00298,6.3,1,1
S024,38,S024_038.wav,S024_038_mel.npy,හරි අපූරු කතාවක්,හරි අකුරු කතාවක්,0.3333,0.1429,1,1,short,2.764,2.368,1,0.16,0.0733,0.007623,5.912,1,0
S024,39,S024_039.wav,S024_039_mel.npy,කටුස්සාගේ කරේ රත්තරන් බැන්දා වගෙයි,කරිස්සාගේ කරේ රත්තේ බැඳා වගේ,0.8,0.3667,2,2,short,3.959,3.415,1,0.288,0.0863,0.00266,8.784,1,0
S024,40,S024_040.wav,S024_040_mel.npy,මුල් ගුරුතුමා කීවේය,මුනුරුතුමා කීවෙයි,1.0,0.2941,1,2,short,2.389,2.016,0,0.0,0.0667,0.006387,8.433,1,0
S024,41,S024_041.wav,S024_041_mel.npy,අද පුස්තකාල පන්තියක් කරමු,අද පුෂ්ත කාලය පන්තියක් කරමු,0.5,0.0909,0,2,short,3.55,3.104,0,0.0,0.0704,0.006395,7.088,1,0
S024,42,S024_042.wav,S024_042_mel.npy,මම ගල්පරයක ඇලී ජීවත් වුනෙමි,මම ගල් පරේක ඇමේ තීමක් තුනැමි,1.0,0.3478,1,2,short,3.004,2.752,0,0.0,0.0684,0.003601,8.358,1,0
S024,43,S024_043.wav,S024_043_mel.npy,බෙලි කටුව කතා කරයි,බෙළි කටව කතා කරයි.,0.25,0.0667,0,1,short,2.662,2.336,0,0.0,0.0979,0.005885,6.421,1,0
S024,44,S024_044.wav,S024_044_mel.npy,සති අන්තේ නිවාඩුවට බිංදුලා ගමේ ගියා,සති අගකැනි මාඩුවට බිඹුලා ගමේ ගියා,0.5,0.2333,1,2,long,3.755,3.2,0,0.0,0.0801,0.002179,9.375,1,1
S024,45,S024_045.wav,S024_045_mel.npy,මොනවාද ඒවායේ නම්,මොළවද ඒවා එයනම්,1.0,0.2857,1,2,short,2.184,1.824,0,0.0,0.0725,0.004739,7.675,1,0
S024,46,S024_046.wav,S024_046_mel.npy,නංගි උත්තර දුන්නා,නංගේ උත්තරදුවා.,1.0,0.2667,1,2,short,1.911,1.568,0,0.0,0.0662,0.007409,9.566,1,0
S024,47,S024_047.wav,S024_047_mel.npy,පාර කියන අත්තම්මා,පාර කියල අතම්මා,0.6667,0.2,1,2,short,2.116,1.796,0,0.0,0.0793,0.00323,8.351,1,0
S024,48,S024_048.wav,S024_048_mel.npy,ඇයගේ කැපවීම පුදුමාකාරය,ඇගේ තැපවීම පුදුමා කාරය,1.0,0.1,0,2,short,3.686,2.976,1,0.192,0.0723,0.006785,6.72,1,0
S024,49,S024_049.wav,S024_049_mel.npy,මිනිසාගේ පරම යුතුකම මිනිසාට සේවය කිරීම,නිසා පරම යුතු මුහුසයට සේවය කිරීම,0.5,0.303,1,2,long,4.232,3.808,1,0.16,0.0894,0.006385,8.666,1,1
S024,50,S024_050.wav,S024_050_mel.npy,අපි මේ වන විට පැය දොළහක් වැඩ කර පැය දොළහක් විවේක ගත්තා,අපි මේ නොස් මිට පෑදොළා ක්වෙඩක පැදොළා ක්ක ගත්තා,0.75,0.3721,2,2,long,5.188,4.58,1,0.448,0.0733,0.002705,9.388,1,1
S024,51,S024_051.wav,S024_051_mel.npy,අප කවුරුත් පුදුමයට පත්කරමින් ඈට පණ ආවා,අප කවුරුත් පුදුමයට ප්‍රත් කරෙමේ ඇට පනාවක්,0.5714,0.3438,1,2,long,4.437,3.968,1,0.288,0.0873,0.004543,8.065,1,1
S024,52,S024_052.wav,S024_052_mel.npy,සුගන්ධවත් පුෂ්පයෝ අපගේ සොහොයුරියෝය,ශුගන්නවත් පුෂ්පය ආපදේ සහයුරාය.,1.0,0.3226,1,2,short,4.642,3.68,1,0.256,0.0898,0.003227,8.424,1,0
S024,53,S024_053.wav,S024_053_mel.npy,ගංගාවෝ අපගේ සොහොයුරෝ වෙති,ගංගා වූ අපහේ සහයුරෝ වෙති,1.0,0.1818,1,2,short,3.332,2.816,1,0.288,0.0755,0.002811,7.813,1,0
S024,54,S024_054.wav,S024_054_mel.npy,නංගී මට නොදී කිසිවක් නොකනවා ඇතැයි මට සිතේ,මංගී මට නොදී කිසිල මොකවාන්තය මට සිතේ,0.5,0.2941,1,2,long,4.779,3.904,1,0.32,0.0788,0.002964,8.709,1,1
S024,55,S024_055.wav,S024_055_mel.npy,නංගි උදේ පාන්දරින්ම නැගිටියි,නගී උදේ භාන්දරම නැගිටිය,0.75,0.28,1,2,short,2.731,2.304,0,0.0,0.0639,0.004719,10.851,1,0
S024,56,S024_056.wav,S024_056_mel.npy,ඈ මා ගෙදර යන විට අසනු ඇත,ඇය මා මෙතුරුයින් නිටහස් ව්‍යත,0.8571,0.8333,2,2,long,3.208,2.816,1,0.256,0.0864,0.006513,6.392,1,1
S024,57,S024_057.wav,S024_057_mel.npy,ගොවිතැන සඳහා භාවිත වන උපකරණ එකින් එක විස්තර කරද්දී ළමයි සාවධානව අසා සිටියහ,ගොවිතන සදහා භාවිතාවන උපකරන එකකින් එක විස්තරය කරද්ද රබ ශවදානව අසා සිටියහ.,0.6923,0.1935,1,2,long,10.308,8.992,3,0.32,0.0796,0.003776,6.895,1,1
S024,58,S024_058.wav,S024_058_mel.npy,ළමයි පොල්තෙල් හිඳීමට භාවිත කරන සෙක්කුව අසලට රැස් වූහ,ග්‍රමයි පොල් තැල් කුණිකට භායිතා කරලා සෙප්පුව අසාට රස්තූහ.,1.0,0.4318,2,2,long,5.939,5.408,0,0.0,0.091,0.003367,8.136,1,1
S024,59,S024_059.wav,S024_059_mel.npy,ඒ ගොල්ලන්ට අලුත් ක්‍රමයක් හොයා ගන්න වෙනවා,ඒ බෝල්ලන්ට අම හොමය කොයා ගන්න වෙනවා.,0.5714,0.3429,1,2,long,3.959,3.447,1,0.16,0.0712,0.00472,10.153,1,1
S024,60,S024_060.wav,S024_060_mel.npy,බොහෝ දෙනෙක් මම එනතුරු බලා ගෙන හිටියා,බොහෝ දෙනින් මම යනතුරු බලාගෙන හිටියා,0.5714,0.1,0,2,long,3.277,3.04,0,0.0,0.0681,0.002769,9.868,1,1
S024,61,S024_061.wav,S024_061_mel.npy,මට ආරංචි වුණා රජතුමාගේ ගුහාව ළඟ අනතුරක් කියලා,මට ආරංචුනා රජතුනාගේ ගුහාග ලග අනචුර කියල.,0.875,0.2368,1,2,long,5.188,4.736,1,0.16,0.067,0.005822,8.024,1,1
S024,62,S024_062.wav,S024_062_mel.npy,පැය අටකට පසු ඔවුන්ට පියාපත් සලන හඬක් ඇසිණි,ඇය අටකට පසු ඔවු පියාබත් සල් ඔවුන්ට පියාබත් සලන හඩක් ඇසුනි.,0.875,0.5143,2,2,long,6.622,5.566,2,0.416,0.0967,0.002944,6.289,1,1
S024,63,S024_063.wav,S024_063_mel.npy,මිනිසුන් ගැන විස්තර දැනගන්න බොහෝ ක්‍රම තියෙනවා,මිනිස් මිනිසුම් ගැන විස්තර දැනකන්න බ්‍රහෝ කම තියනව,0.8571,0.4,2,2,long,5.293,4.704,0,0.0,0.0851,0.0038,8.503,1,1
S024,64,S024_064.wav,S024_064_mel.npy,ඔබට දින හතරක් දෙමි,ඔබන දින හතරක්දේ,0.75,0.2667,1,2,short,2.662,2.176,1,0.192,0.0696,0.003605,6.893,1,0
S024,65,S024_065.wav,S024_065_mel.npy,ඇදුරුතුමා බෙහෙවින් සතුටට පත් විය,ඉදුරුදුනා විර සතුකුට පත්විය,1.0,0.3929,2,2,short,3.14,2.784,0,0.0,0.0829,0.004486,10.057,1,0
S024,66,S024_066.wav,S024_066_mel.npy,ඔබට පේන්නේ කුමක්දැයි මම ඇසුවෙමි,ඔබට වෙනෙන් එකුමක් දැයි මට මම ඇසවන,1.0,0.4074,2,2,short,4.028,3.456,0,0.0,0.0744,0.003412,7.812,1,0
S024,67,S024_067.wav,S024_067_mel.npy,මෙතැන තමයි හොඳම තැන,බෙතෙන වෙතෙන තොනොයි හුදතෙන,1.0,0.875,2,2,short,3.482,2.784,1,0.448,0.0835,0.003448,5.747,1,0
S024,68,S024_068.wav,S024_068_mel.npy,ඇය කාචය සකස් කර නැවත බැලූවාය,ඇය කාචෙ සකස් කර මෙවෙත බැලුව,0.5,0.3043,1,2,long,3.618,2.848,1,0.192,0.0897,0.003394,8.076,1,1
S025,1,S025_001.wav,S025_001_mel.npy,යාළුවෝ හැමදෙනාම නිදහස් උත්සවය බැලුවා,අලුවා හැමදෙ නැමිණිතා සුස් වැමත් වැමත්,1.0,0.5938,2,2,short,2.886,2.816,0,0.0,0.0923,0.004807,11.364,1,0
S025,2,S025_002.wav,S025_002_mel.npy,කවිඳු යාළුවොත් එක්ක මිදුලේ සෙල්ලම් කරමින් සිටියා,අවිදුය ආයුවක් එක්ක මිදුලේ සෙල්ලං කරමින් සිටියක්,0.5714,0.2381,1,2,long,4.375,3.991,1,0.256,0.0733,0.005366,10.523,1,1
S025,3,S025_003.wav,S025_003_mel.npy,අපේ රටේ නිදහස් උත්සවය,අපේ නිස් රටේ නිදහසු සුසුවය.,0.75,0.5,2,2,short,2.42,2.304,0,0.0,0.0893,0.006739,7.813,1,0
S025,4,S025_004.wav,S025_004_mel.npy,මම කෝෂය ඇතුලේ සති දෙකක් විතර හිටියා,මම ගෝෂයේ අතුලෙහි සති ලෙකක් මිස් මිතර හිටියක්,0.8571,0.4828,2,2,long,5.865,4.608,1,0.224,0.1147,0.004418,6.293,1,1
S025,5,S025_005.wav,S025_005_mel.npy,පොත් කියවීමෙන් මිනිසා සම්පූර්ණ වේ,පොත් කියවීමෙන් මිනිසා සම්පූර්ණවේ,0.4,0.0,0,1,short,3.91,3.27,2,0.256,0.0755,0.005739,8.869,1,0
S025,6,S025_006.wav,S025_006_mel.npy,මුහුද හරිම ලස්සනයි,මුහුද හරි මනස්සනයි,0.6667,0.0625,0,2,short,2.048,1.6,1,0.16,0.0796,0.009668,10.0,1,0
S025,7,S025_007.wav,S025_007_mel.npy,හැමෝම එකට අත් අල්ලා ගන්න,හැමෝම එකට අත්අල්ලා ගන්න,0.4,0.0,0,1,short,2.234,2.106,0,0.0,0.0704,0.006022,9.496,1,0
S025,8,S025_008.wav,S025_008_mel.npy,මම එහෙනම් නාගෙන එන්නම්,මම හෙනම් නාගෙනෙන්න,0.75,0.2105,1,2,short,2.607,2.191,0,0.0,0.0717,0.005402,8.673,1,0
S025,9,S025_009.wav,S025_009_mel.npy,අපි අද පොල් කැඩුවා,අපි අද පොල් කැඩුවා,0.0,0.0,0,0,short,2.514,1.906,2,0.304,0.0713,0.005878,7.872,1,0
S025,10,S025_010.wav,S025_010_mel.npy,"ඇයි හිනා වෙන්නේ, මට රජ වෙන්න බැරිද",ඇයි හිනා වෙන්නේ මට ජය වෙන්න බැරිදෙ,0.2857,0.1111,1,1,long,4.468,3.552,1,0.576,0.0665,0.004096,7.883,1,1
S025,11,S025_011.wav,S025_011_mel.npy,දුව සටහන් පොතේ මොනවාද ලියා ගත්තේ,ධිව සටහන්නේ පොතේ මනවාද ලියා ගත්තේ,0.5,0.1481,1,2,long,3.91,3.494,1,0.192,0.0733,0.004124,7.728,1,1
S025,12,S025_012.wav,S025_012_mel.npy,ඉතින් මෙච්චර පරක්කු වුනේ ඇයි,එතිරු නෙච්චර පරක්කූණයයි.,1.0,0.375,2,2,short,4.189,3.296,1,0.64,0.0612,0.005274,7.282,1,0
S025,13,S025_013.wav,S025_013_mel.npy,දවසක් අම්මා අශ්ව පැටියාගෙන් උදව්වක් ඉල්ලුවා,දවසක්කමා විෂ්ව පැටියාගෙන් උදව්ව කිරුවා.,0.8333,0.2632,1,2,long,4.562,3.922,1,0.288,0.0811,0.00524,9.69,1,1
S025,14,S025_014.wav,S025_014_mel.npy,ඔය ගඟ හරි ගැඹුරුයි,ඔය ගංග හරි ගැඹුවූ,0.5,0.4,2,2,short,2.327,2.007,1,0.32,0.065,0.004438,7.472,1,0
S025,15,S025_015.wav,S025_015_mel.npy,අශ්ව පැටියා ඉක්මනින් ගෙදර එනවා දැකලා අම්මා පුදුම වුනා,මිශ්ව වැටියායික් බණින් ගැදරෙනවා දැකළා ම්මා පුතුමුමා,0.8889,0.2667,1,2,long,5.399,4.736,0,0.0,0.0694,0.005704,9.502,1,1
S025,16,S025_016.wav,S025_016_mel.npy,"සිටුතුමනි, අපට අනුකම්පා කරනු මැනවි",චිට තුමන අපට අනුකම්පා කරනු නැනවි.,0.6,0.1379,1,2,short,4.189,3.52,1,0.192,0.0622,0.007432,8.523,1,0
S025,17,S025_017.wav,S025_017_mel.npy,බරෙන් වැඩි වන්නේ ගසක මුල කොටසද,බරෙන් වැඩිවන් ගැසක මුල්ල කොටසද?,0.6667,0.2,1,2,long,5.027,4.288,0,0.0,0.0608,0.004549,5.83,1,1
S025,18,S025_018.wav,S025_018_mel.npy,රයිට් සහෝදරයන්ගේ පියා ඔවුන් පුංචිකාලයේ දී කඩදාසි සහ රබර් පටිවලින් සෙල්ලම් අහස් යානා තනා දුන්නේය,රයි සහෝදරයන්ගේ පිහා උම් තුංචි කාලයේදී කටදා සිසා රබ පටිවරින් සෙල්ලන් අහස් යානා උතනා දුන්නෙහි,0.8,0.2222,1,2,long,12.209,10.304,4,0.376,0.0701,0.003052,7.861,1,1
S025,19,S025_019.wav,S025_019_mel.npy,පසු කලෙක ඔවුහු බයිසිකල් වැඩ වැඩපොළක් ඇරඹූහ,පසු කාලෙක ඔහු හු භයිසි ගණ භ්‍රිසික කල්කු වැඩේ පොලක්ටරගුහ.,1.0,0.5278,2,2,long,8.285,7.2,2,0.288,0.0688,0.005962,5.0,1,1
S025,20,S025_020.wav,S025_020_mel.npy,දැන් හැමෝම වාඩිවෙන්න,දැන්න මාමා මාඩිවෙන්න,1.0,0.2778,1,2,short,1.955,1.827,0,0.0,0.0587,0.004454,9.852,1,0
S025,21,S025_021.wav,S025_021_mel.npy,අපි ඊළඟ දවසේ තවත් සෙල්ලමක් කරමු,අපි ළඟ දවසිත අවත් සෙල්ලමක් කරම,0.6667,0.1538,1,2,long,3.631,3.392,0,0.0,0.077,0.004995,7.665,1,1
S025,22,S025_022.wav,S025_022_mel.npy,මේ සිහින අප නින්දේ දී දකින සිහින නම් නොවේ,මේ සිහින අප නිචිඳේදී ගකින සිහින නම් නොවේ.,0.3333,0.1212,1,1,long,6.144,5.12,2,0.24,0.0594,0.005903,6.445,1,1
S025,23,S025_023.wav,S025_023_mel.npy,ඇගේ ගම ගිංතොට ය,අපේ ගම ගින් තොටය.,0.75,0.3333,1,2,short,5.027,3.904,2,0.416,0.077,0.005256,3.074,1,0
S025,24,S025_024.wav,S025_024_mel.npy,මේ පුංචි දැරිය ඇගේ ප්‍රියතම වැඩිහිටි නෑදෑයා ගැන පසු කලෙක එසේ කීවාය,පුංචි මේ පුංචි දරිය ඇගේ පිතම වැඩල් වැඩි සිටින් නැහැදෑ යන්ගෙන පසු කාලක එසේ කිවා.,0.8333,0.4909,2,2,long,11.264,9.248,5,0.198,0.0667,0.005699,5.947,1,1
S025,25,S025_025.wav,S025_025_mel.npy,පින්තූර මගින් කතා කීම ඈත කාලයේ සිට පැවත එන ක්‍රමයකි,අපිනිතූර මගී කටා කීමා ඇත කාලේ සිට පැවැති මෙයෙන්න ක්‍රමෙයි.,0.9,0.4524,2,2,long,6.144,5.664,2,0.208,0.0639,0.004227,7.415,1,1
S025,26,S025_026.wav,S025_026_mel.npy,මකුළුවා තණ බිස්සේ හැංගුනා,මොහුවා තන දිෂ්‍ය හැයුණා.,0.75,0.4091,2,2,short,3.724,3.212,2,0.256,0.074,0.007719,6.85,1,0
S025,27,S025_027.wav,S025_027_mel.npy,එළියේ ලස්සන ගැහැණු ළමයෙක් හිටගෙන හිටියා,එලියේ රශ්නන ගැනු නොමෙක් හිට ගෙන සිටියා,1.0,0.2647,1,2,long,3.91,3.584,1,0.224,0.0663,0.005709,9.487,1,1
S025,28,S025_028.wav,S025_028_mel.npy,අතරමගදී ඉතාම භයානක දෙයක් සිදුවුණා,අතර මගදී ඉතාම බයා නැගලයක් සිදුරුණා,1.0,0.1379,1,2,short,4.841,4.009,1,0.384,0.0707,0.00332,7.234,1,0
S025,29,S025_029.wav,S025_029_mel.npy,සර්පයා මහා විශාලෙට කට ඇරියා,සර්පයා මහර්ෂාලට අටෑය.,0.8,0.3913,2,2,short,3.817,2.976,1,0.352,0.0997,0.005137,7.728,1,0
S025,30,S025_030.wav,S025_030_mel.npy,ටිකක් හිතලා බලන්නකෝ,රිකක් ඉතලා බලන්මකු,1.0,0.2941,1,2,short,1.583,1.583,0,0.0,0.0555,0.007382,10.742,1,0
S025,31,S025_031.wav,S025_031_mel.npy,තනියෙන් ලියන්න,අන්තානියන් ලියන්න,0.5,0.3846,2,2,short,3.724,2.56,2,0.416,0.0603,0.008875,5.078,1,0
S025,32,S025_032.wav,S025_032_mel.npy,පස්වැනි ගුණාංගය,පස්චනි දුන්නාන්දේය.,1.0,0.6429,2,2,short,2.004,1.78,0,0.0,0.0703,0.003694,7.864,1,0
S025,33,S025_033.wav,S025_033_mel.npy,බරණැස් නුවර සිටුවරයෙක් වාසය කළේය,බරණැස් මොර සිටුවරයෙක් වාසේ කළේය.,0.4,0.1429,1,1,short,5.958,4.48,3,0.405,0.0835,0.007157,6.25,1,0
S025,34,S025_034.wav,S025_034_mel.npy,නායකතුමා මෙසේ පිළිතුරු දුන්නේය,මායක සිටුදුවා මැසේ පිළිපුරු දුන්නේ ය.,1.0,0.3333,1,2,short,2.979,2.723,0,0.0,0.0752,0.00634,9.916,1,0
S025,35,S025_035.wav,S025_035_mel.npy,තේරවිලි වර්ග කිහිපයක් තිබේ,එයවින් ඔයක කිහිසයක් තිබේ.,0.75,0.4348,2,2,short,2.607,2.336,1,0.16,0.063,0.006795,9.846,1,0
S025,36,S025_036.wav,S025_036_mel.npy,අපේ සීයා කතන්දර කීමට සමතෙකි,අපේ සියා කතන්දර කීමට ස්සමතකි.,0.4,0.1739,1,1,short,4.934,3.91,3,0.331,0.0918,0.005463,5.882,1,0
S025,37,S025_037.wav,S025_037_mel.npy,මේ අය අතරමගදී අම්බලමක නතර වුණා,එම් අය අතර මගතියි අම් බලන්තන් අතර වුනා,1.0,0.44,2,2,long,3.445,3.136,1,0.16,0.0624,0.006212,7.972,1,1
S025,38,S025_038.wav,S025_038_mel.npy,හරි අපූරු කතාවක්,හරි අපාරු කතාව,0.6667,0.2143,1,2,short,1.769,1.449,1,0.32,0.0696,0.007427,9.663,1,0
S025,39,S025_039.wav,S025_039_mel.npy,කටුස්සාගේ කරේ රත්තරන් බැන්දා වගෙයි,කටුස්සාගෙ කරේ රප්තරම් බැන්දාවගෙ,0.8,0.1667,1,2,short,3.538,3.04,0,0.0,0.0672,0.00594,9.868,1,0
S025,40,S025_040.wav,S025_040_mel.npy,මුල් ගුරුතුමා කීවේය,මුන්ස් ගුරුතුමා කීවෙයිය,0.6667,0.3529,2,2,short,2.141,1.856,0,0.0,0.0543,0.010369,9.159,1,0
S025,41,S025_041.wav,S025_041_mel.npy,අද පුස්තකාල පන්තියක් කරමු,අද කිෂ්තකල පන්තියක් කරම්,0.5,0.2273,1,2,short,2.886,2.24,0,0.0,0.0669,0.005675,9.821,1,0
S025,42,S025_042.wav,S025_042_mel.npy,මම ගල්පරයක ඇලී ජීවත් වුනෙමි,මම ගල් පරලක ඇලී ජීවත් වනෙමි.,0.6,0.087,0,2,short,3.91,3.456,0,0.0,0.0692,0.00916,6.655,1,0
S025,43,S025_043.wav,S025_043_mel.npy,බෙලි කටුව කතා කරයි,වැලි කටුල් කතා කරයි.,0.5,0.2667,1,2,short,2.42,1.792,0,0.0,0.0686,0.006372,8.371,1,0
S025,44,S025_044.wav,S025_044_mel.npy,සති අන්තේ නිවාඩුවට බිංදුලා ගමේ ගියා,සතියා අන් අන්තේ නිවාඩුවක් බින්දුලා ගමැගියා,1.0,0.3333,1,2,long,6.051,5.088,1,0.416,0.0722,0.00448,5.896,1,1
S025,45,S025_045.wav,S025_045_mel.npy,මොනවාද ඒවායේ නම්,මොනවාද ඒ වායේ නම්,0.6667,0.0,0,2,short,2.793,2.496,0,0.0,0.0706,0.008644,5.609,1,0
S025,46,S025_046.wav,S025_046_mel.npy,නංගි උත්තර දුන්නා,නංගි උත්තර දුන්නක්,0.3333,0.1333,1,1,short,1.676,1.312,0,0.0,0.0525,0.011011,11.433,1,0
S025,47,S025_047.wav,S025_047_mel.npy,පාර කියන අත්තම්මා,පාර කියන අචන්මා,0.3333,0.2667,1,1,short,1.955,1.667,0,0.0,0.0615,0.00876,8.998,1,0
S025,48,S025_048.wav,S025_048_mel.npy,ඇයගේ කැපවීම පුදුමාකාරය,ඇයගේ කැපවීම කුදුමාකාරය,0.3333,0.05,0,1,short,3.538,2.912,1,0.192,0.0669,0.00655,6.868,1,0
S025,49,S025_049.wav,S025_049_mel.npy,මිනිසාගේ පරම යුතුකම මිනිසාට සේවය කිරීම,මිනිසාගේ පරමස නිතුකම මිනිසාට සෙවය කිරීම,0.5,0.1212,1,2,long,4.282,3.994,1,0.16,0.0691,0.003412,8.262,1,1
S025,50,S025_050.wav,S025_050_mel.npy,අපි මේ වන විට පැය දොළහක් වැඩ කර පැය දොළහක් විවේක ගත්තා,අප මෙහෙවන විට පැය දොළහක් වැඩ දොරවැපැය දොළහක් විවේග ගත්තා,0.5,0.2093,1,2,long,5.586,5.088,2,0.24,0.063,0.006112,8.451,1,1
S025,51,S025_051.wav,S025_051_mel.npy,අප කවුරුත් පුදුමයට පත්කරමින් ඈට පණ ආවා,අප කවුරු දුදු මෙට පත් කරමි ඈෂ එට පනාවක්,1.0,0.3125,1,2,long,5.399,4.352,1,0.224,0.0813,0.004706,7.353,1,1
S025,52,S025_052.wav,S025_052_mel.npy,සුගන්ධවත් පුෂ්පයෝ අපගේ සොහොයුරියෝය,සුගන්ගවතු ඉපයෝ අපගේ සහෝදරියෝ යදා,1.0,0.3548,2,2,short,6.89,5.77,3,0.235,0.0807,0.005033,5.373,1,0
S025,53,S025_053.wav,S025_053_mel.npy,ගංගාවෝ අපගේ සොහොයුරෝ වෙති,ම්ගාවෝ අපගේ සහෝ දරියෝ ඇතේ,1.0,0.5,2,2,short,2.886,2.592,0,0.0,0.0729,0.007987,8.488,1,0
S025,54,S025_054.wav,S025_054_mel.npy,නංගී මට නොදී කිසිවක් නොකනවා ඇතැයි මට සිතේ,නමිගේ මටින මෝග්ගේ කිසිවක් මොක් මොක්නවා ඇතැයි මට සිටේ,0.75,0.5,2,2,long,6.796,5.472,2,0.528,0.0704,0.006185,6.213,1,1
S025,55,S025_055.wav,S025_055_mel.npy,නංගි උදේ පාන්දරින්ම නැගිටියි,නංගින් දෙ පාන්දරින්ම නැදිටියි.,0.75,0.16,1,2,short,3.351,2.944,1,0.256,0.047,0.006052,8.492,1,0
S025,56,S025_056.wav,S025_056_mel.npy,ඈ මා ගෙදර යන විට අසනු ඇත,ඇය අම්මා ගෙද යනවිට අස්වනුවැත,1.0,0.5556,2,2,long,3.724,3.04,0,0.0,0.0837,0.006866,5.921,1,1
S025,57,S025_057.wav,S025_057_mel.npy,ගොවිතැන සඳහා භාවිත වන උපකරණ එකින් එක විස්තර කරද්දී ළමයි සාවධානව අසා සිටියහ,ගොව තැන සඳහා බවලතා උනපුර් එකගෙන් එක විස්තර කරත්දී ළමයි සා වදානල් අසෑස් සිටියහ.,0.7692,0.2581,1,2,long,11.171,9.536,3,0.309,0.0785,0.004738,6.502,1,1
S025,58,S025_058.wav,S025_058_mel.npy,ළමයි පොල්තෙල් හිඳීමට භාවිත කරන සෙක්කුව අසලට රැස් වූහ,ළමයි පොල්තෙල් හිදීමට භවිතා කරන්සේව සේත් සිපුව අසලට රැසූහ.,0.7778,0.3182,1,2,long,8.192,6.784,4,0.296,0.0864,0.003021,6.486,1,1
S025,59,S025_059.wav,S025_059_mel.npy,ඒ ගොල්ලන්ට අලුත් ක්‍රමයක් හොයා ගන්න වෙනවා,ඒක් ගුලු අන්ටාලු ක්සමයක් ක්වියා ගම්න වෙනවා.,0.8571,0.4286,2,2,long,4.096,3.52,1,0.32,0.0879,0.004364,9.943,1,1
S025,60,S025_060.wav,S025_060_mel.npy,බොහෝ දෙනෙක් මම එනතුරු බලා ගෙන හිටියා,බොහෝ දෙදෙනෙක් මම ඇනෙකූ බලාගෙන සිටිය,0.7143,0.3,1,2,long,3.351,3.063,0,0.0,0.0583,0.005288,9.793,1,1
S025,61,S025_061.wav,S025_061_mel.npy,මට ආරංචි වුණා රජතුමාගේ ගුහාව ළඟ අනතුරක් කියලා,මම ආරංචි වුණා.රජතුමාගෙය ගුහොහොව ලඟ ඇනතුරු.කියල.,0.75,0.2632,1,2,long,8.378,6.586,3,0.341,0.079,0.007625,5.769,1,1
S025,62,S025_062.wav,S025_062_mel.npy,පැය අටකට පසු ඔවුන්ට පියාපත් සලන හඬක් ඇසිණි,අටකට බසුවුන්ට පියා පස්සලනහඩක් ඇසුනු,0.875,0.2571,1,2,long,4.841,4.297,2,0.272,0.0757,0.004101,8.145,1,1
S025,63,S025_063.wav,S025_063_mel.npy,මිනිසුන් ගැන විස්තර දැනගන්න බොහෝ ක්‍රම තියෙනවා,මේසුන් ගැන විස්තර දැන ගන්නක් බොහෝ ක්‍රමතියනුන් ඔබ ත්ම්නුන්,0.8571,0.45,2,2,long,4.003,3.587,1,0.352,0.0676,0.004704,11.151,1,1
S025,64,S025_064.wav,S025_064_mel.npy,ඔබට දින හතරක් දෙමි,උබට දින හතරද්දෙමි.,0.75,0.1333,1,2,short,2.45,2.162,1,0.256,0.0583,0.007048,6.938,1,0
S025,65,S025_065.wav,S025_065_mel.npy,ඇදුරුතුමා බෙහෙවින් සතුටට පත් විය,ඇදුරුදුමා බෙහෙවින් සතුටට පත්‍රිය,0.6,0.1071,1,2,short,4.748,4.172,2,0.24,0.0724,0.005659,6.712,1,0
S025,66,S025_066.wav,S025_066_mel.npy,ඔබට පේන්නේ කුමක්දැයි මම ඇසුවෙමි,ඔබත්ත පැණෙන්නේ කුමක්තය මම ඇසිවෙන්,0.8,0.4444,2,2,short,3.445,2.964,1,0.192,0.0633,0.008158,9.108,1,0
S025,67,S025_067.wav,S025_067_mel.npy,මෙතැන තමයි හොඳම තැන,මෙතෙන තොමයි හොදු මෙතෙන,1.0,0.375,2,2,short,2.7,2.38,1,0.192,0.0523,0.005777,6.723,1,0
S025,68,S025_068.wav,S025_068_mel.npy,ඇය කාචය සකස් කර නැවත බැලූවාය,එය කා කා ත්‍රය සකස් කර නැවත බැල්වයි.,0.8333,0.4348,2,2,long,4.112,3.536,2,0.24,0.0858,0.007628,6.505,1,1
S026,1,S026_001.wav,S026_001_mel.npy,යාළුවෝ හැමදෙනාම නිදහස් උත්සවය බැලුවා,යාළුවෝ ඇම දෙනාම නිදාස්වච්සයේ බැලුවා,0.6,0.2188,1,2,short,3.67,3.104,1,0.448,0.0902,0.003982,10.309,0,0
S026,2,S026_002.wav,S026_002_mel.npy,කවිඳු යාළුවොත් එක්ක මිදුලේ සෙල්ලම් කරමින් සිටියා,කවිදු යාලෝ තෙක්ක මෙදුලේ සෙල්ලන් කරමෙන් සිටියා,0.8571,0.2143,1,2,long,3.556,3.168,0,0.0,0.0756,0.00387,13.258,0,1
S026,3,S026_003.wav,S026_003_mel.npy,අපේ රටේ නිදහස් උත්සවය,අපේ රටේ නිදහා ස්කෘත්සවය.,0.5,0.1667,1,2,short,2.61,2.208,0,0.0,0.0971,0.008042,8.152,0,0
S026,4,S026_004.wav,S026_004_mel.npy,මම කෝෂය ඇතුලේ සති දෙකක් විතර හිටියා,මම කෝෂයේ ඇතුළේ සති තෙකක් ප්‍රතර හිටියක්,0.5714,0.2759,1,2,long,3.934,3.168,1,0.256,0.0832,0.006717,9.154,0,1
S026,5,S026_005.wav,S026_005_mel.npy,පොත් කියවීමෙන් මිනිසා සම්පූර්ණ වේ,ඔත් ක්‍රීමෙන් මිනිසා සම්පූර්ණ වේ,0.4,0.1724,1,1,short,3.102,2.56,0,0.0,0.0825,0.004581,11.328,0,0
S026,6,S026_006.wav,S026_006_mel.npy,මුහුද හරිම ලස්සනයි,මූද හරිම ලස්සනයි,0.3333,0.1875,1,1,short,1.778,1.44,0,0.0,0.0895,0.006826,11.111,0,0
S026,7,S026_007.wav,S026_007_mel.npy,හැමෝම එකට අත් අල්ලා ගන්න,හැමෝ මෙකට ආත්අල්ලා ගන්න,0.8,0.1,0,2,short,2.232,1.984,0,0.0,0.0604,0.005581,10.081,0,0
S026,8,S026_008.wav,S026_008_mel.npy,මම එහෙනම් නාගෙන එන්නම්,මම එහෙම නං ආගෙනේ නම්,1.0,0.3684,2,2,short,2.156,1.632,0,0.0,0.0474,0.006722,11.642,0,0
S026,9,S026_009.wav,S026_009_mel.npy,අපි අද පොල් කැඩුවා,අපි ඇත පොල් කැඩුව,0.5,0.2,1,2,short,1.854,1.408,0,0.0,0.0659,0.007988,10.653,0,0
S026,10,S026_010.wav,S026_010_mel.npy,"ඇයි හිනා වෙන්නේ, මට රජ වෙන්න බැරිද",ඇයි හිනා වෙන්නේ මට රජ වෙන්න පැරිද?,0.1429,0.037,0,1,long,3.783,3.072,1,0.32,0.0639,0.004331,9.115,0,1
S026,11,S026_011.wav,S026_011_mel.npy,දුව සටහන් පොතේ මොනවාද ලියා ගත්තේ,එව සටහන් පොතේ මොනවද ලියා ගතේ,0.5,0.1852,1,2,long,2.724,2.56,0,0.0,0.0603,0.004222,10.547,0,1
S026,12,S026_012.wav,S026_012_mel.npy,ඉතින් මෙච්චර පරක්කු වුනේ ඇයි,ඉදින් මෙච්චර පරක්වූ නෙයයි,0.8,0.25,1,2,short,3.897,2.745,1,0.64,0.0643,0.009481,8.744,0,0
S026,13,S026_013.wav,S026_013_mel.npy,දවසක් අම්මා අශ්ව පැටියාගෙන් උදව්වක් ඉල්ලුවා,දවසක් අම්මා අශ්ව පැටියෙන්ගෙන් දොවක් කළුවා,0.5,0.2368,1,2,long,4.767,4.0,1,0.224,0.0714,0.006435,9.5,0,1
S026,14,S026_014.wav,S026_014_mel.npy,ඔය ගඟ හරි ගැඹුරුයි,ඔය ගග හරි කැඹුරුයි,0.5,0.1333,1,2,short,1.929,1.472,0,0.0,0.0583,0.005414,10.19,0,0
S026,15,S026_015.wav,S026_015_mel.npy,අශ්ව පැටියා ඉක්මනින් ගෙදර එනවා දැකලා අම්මා පුදුම වුනා,අශ්ව පැටියා ඉක්මනින් ගෙතර එනවා දැකල අම්මා පුතම වුණා.,0.3333,0.0889,0,1,long,5.069,4.416,1,0.16,0.0651,0.009627,10.19,0,1
S026,16,S026_016.wav,S026_016_mel.npy,"සිටුතුමනි, අපට අනුකම්පා කරනු මැනවි",සියටු තුමනි අපට අමකම්පා කරම මැනැවි,1.0,0.2069,1,2,short,4.048,3.104,0,0.0,0.0739,0.004419,9.665,0,0
S026,17,S026_017.wav,S026_017_mel.npy,බරෙන් වැඩි වන්නේ ගසක මුල කොටසද,බරෙන් වැඩි වන්නේ ගසක මුල කොටසද,0.0,0.0,0,0,long,5.183,4.224,2,0.256,0.0626,0.003752,5.919,0,1
S026,18,S026_018.wav,S026_018_mel.npy,රයිට් සහෝදරයන්ගේ පියා ඔවුන් පුංචිකාලයේ දී කඩදාසි සහ රබර් පටිවලින් සෙල්ලම් අහස් යානා තනා දුන්නේය,රයිට් සහෝදරයාගේ වියා ඔවුන් පුංචි කාලයකි කඩදාසේ සහ රබර් පටිවරින් සෙල්ලන් යානා තමා දුන්නේ,0.6667,0.1852,1,2,long,12.219,10.08,4,0.408,0.0711,0.004394,8.036,0,1
S026,19,S026_019.wav,S026_019_mel.npy,පසු කලෙක ඔවුහු බයිසිකල් වැඩ වැඩපොළක් ඇරඹූහ,පසු කළෙක ඔව්වූ පයිසිකලේ වැඩපොළක හෑරඹූව,0.7143,0.3056,1,2,long,5.221,4.544,1,0.288,0.079,0.004434,7.923,0,1
S026,20,S026_020.wav,S026_020_mel.npy,දැන් හැමෝම වාඩිවෙන්න,දැන් එමුහුණු වාඩි වෙන්න,1.0,0.3889,2,2,short,2.005,1.664,0,0.0,0.045,0.004545,10.817,0,0
S026,21,S026_021.wav,S026_021_mel.npy,අපි ඊළඟ දවසේ තවත් සෙල්ලමක් කරමු,ඇපි ඒලගෙ තවස තවක් සැල්ලම් කරමු.,0.8333,0.3462,1,2,long,2.837,2.432,0,0.0,0.0665,0.010058,10.691,0,1
S026,22,S026_022.wav,S026_022_mel.npy,මේ සිහින අප නින්දේ දී දකින සිහින නම් නොවේ,මේ සින අපන් නෙන්දේදී දපෙන සින්රනං නොවේ,0.7778,0.3636,2,2,long,7.098,5.6,4,0.304,0.0603,0.004178,5.893,0,1
S026,23,S026_023.wav,S026_023_mel.npy,ඇගේ ගම ගිංතොට ය,ඇගේ ගම ඊන්තොට,0.5,0.3333,1,2,short,2.497,2.017,1,0.288,0.0578,0.007449,5.95,0,0
S026,24,S026_024.wav,S026_024_mel.npy,මේ පුංචි දැරිය ඇගේ ප්‍රියතම වැඩිහිටි නෑදෑයා ගැන පසු කලෙක එසේ කීවාය,මේ පුංචි දැරි ඇගේ ප්‍රීතම වැඩිහිටි නැදෑයා ගැන පසු කළොක දෙසේ කීවාල,0.5,0.1455,1,2,long,7.642,6.618,3,0.32,0.0655,0.00555,8.311,0,1
S026,25,S026_025.wav,S026_025_mel.npy,පින්තූර මගින් කතා කීම ඈත කාලයේ සිට පැවත එන ක්‍රමයකි,ඉන්තූර මගෙන් කතා කීම ඈත පාලේ සිට පවතේන ප්‍රමයකි.,0.6,0.1905,1,2,long,6.507,5.504,2,0.304,0.0632,0.005371,7.631,0,1
S026,26,S026_026.wav,S026_026_mel.npy,මකුළුවා තණ බිස්සේ හැංගුනා,මකුළුවා තනම් දිස්තේ පැංගුණා,0.75,0.2273,1,2,short,3.026,2.464,1,0.192,0.0615,0.005428,8.929,0,0
S026,27,S026_027.wav,S026_027_mel.npy,එළියේ ලස්සන ගැහැණු ළමයෙක් හිටගෙන හිටියා,එළියේ ලස්සන ගැනු ළමය කිටවෙන හිටියා,0.5,0.1765,1,2,long,3.972,3.136,1,0.512,0.0647,0.007172,10.842,0,1
S026,28,S026_028.wav,S026_028_mel.npy,අතරමගදී ඉතාම භයානක දෙයක් සිදුවුණා,අතර මගදී ඉතාම බයානක දෙයක් සිදුවුණා,0.4,0.0,0,1,short,3.405,3.072,0,0.0,0.0598,0.005737,9.44,0,0
S026,29,S026_029.wav,S026_029_mel.npy,සර්පයා මහා විශාලෙට කට ඇරියා,සර්පයා මා විශාල එකට කටයැරියා,0.8,0.2174,1,2,short,3.74,2.78,1,0.896,0.0663,0.004581,8.274,0,0
S026,30,S026_030.wav,S026_030_mel.npy,ටිකක් හිතලා බලන්නකෝ,ටිකක් ඉතලා බලන්නකො,0.6667,0.1765,1,2,short,1.929,1.737,0,0.0,0.059,0.004532,9.785,0,0
S026,31,S026_031.wav,S026_031_mel.npy,තනියෙන් ලියන්න,පනයෙන් ලියන්න,0.5,0.1538,1,2,short,2.119,1.472,1,0.48,0.0491,0.015435,8.832,0,0
S026,32,S026_032.wav,S026_032_mel.npy,පස්වැනි ගුණාංගය,අස්සැනි මුණාංගෙය,1.0,0.2857,1,2,short,2.497,1.952,0,0.0,0.0776,0.01257,7.172,0,0
S026,33,S026_033.wav,S026_033_mel.npy,බරණැස් නුවර සිටුවරයෙක් වාසය කළේය,බරණැස් නුවර සුටුවයෙ ක්වරයෙහි වාසය කළේ ය.,0.8,0.2857,1,2,short,4.918,3.648,2,0.24,0.0814,0.005883,7.675,0,0
S026,34,S026_034.wav,S026_034_mel.npy,නායකතුමා මෙසේ පිළිතුරු දුන්නේය,මායක සිරුතුමා මෙසේ ප්‍රතුර දුන්නේය.,0.75,0.3333,1,2,short,4.918,3.894,0,0.0,0.0746,0.00379,6.934,0,0
S026,35,S026_035.wav,S026_035_mel.npy,තේරවිලි වර්ග කිහිපයක් තිබේ,දේලි විරි වර්ක කීපය තිබේ.,1.0,0.4348,2,2,short,2.648,2.168,1,0.256,0.0614,0.004395,10.608,0,0
S026,36,S026_036.wav,S026_036_mel.npy,අපේ සීයා කතන්දර කීමට සමතෙකි,අපේ සියා කතර කන්කතන්දර කීමට තමතෙකි.,0.8,0.3478,1,2,short,5.533,4.509,3,0.256,0.0677,0.006693,5.101,0,0
S026,37,S026_037.wav,S026_037_mel.npy,මේ අය අතරමගදී අම්බලමක නතර වුණා,මේ අය අතර මඟදි හම්බලම ක නතර වූහ.,0.8333,0.24,1,2,long,4.653,3.744,2,0.448,0.0551,0.007923,6.677,0,1
S026,38,S026_038.wav,S026_038_mel.npy,හරි අපූරු කතාවක්,හරි අපූරු කතාව,0.3333,0.1429,1,1,short,1.702,1.542,0,0.0,0.0716,0.00524,9.077,0,0
S026,39,S026_039.wav,S026_039_mel.npy,කටුස්සාගේ කරේ රත්තරන් බැන්දා වගෙයි,කටුසාගේ කරේ රත්තරම් මැඳා වගේ,0.8,0.3333,1,2,short,2.61,2.432,0,0.0,0.0649,0.005147,12.336,0,0
S026,40,S026_040.wav,S026_040_mel.npy,මුල් ගුරුතුමා කීවේය,මුල් ගුරුතුමා කීවේය,0.0,0.0,0,0,short,3.405,2.496,1,0.576,0.0584,0.009486,6.811,0,0
S026,41,S026_041.wav,S026_041_mel.npy,අද පුස්තකාල පන්තියක් කරමු,අද පුස්තකාල පහන්තියක් කරමු,0.25,0.0455,0,1,short,2.383,2.159,0,0.0,0.0732,0.003382,10.188,0,0
S026,42,S026_042.wav,S026_042_mel.npy,මම ගල්පරයක ඇලී ජීවත් වුනෙමි,මම ගල් පරයක ඇලිය ජීවත් උනම්,0.8,0.2609,1,2,short,4.048,2.896,2,0.576,0.0667,0.011022,7.942,0,0
S026,43,S026_043.wav,S026_043_mel.npy,බෙලි කටුව කතා කරයි,බෙරි කටුව කතා කරයි.,0.25,0.0667,0,1,short,2.194,1.792,1,0.16,0.0752,0.003455,8.371,0,0
S026,44,S026_044.wav,S026_044_mel.npy,සති අන්තේ නිවාඩුවට බිංදුලා ගමේ ගියා,සතියන්තේ නෙවාටුවකට මින්දුලා ගමෙහි ගියා,0.8333,0.3333,1,2,long,4.028,3.58,2,0.224,0.0614,0.005204,8.381,0,1
S026,45,S026_045.wav,S026_045_mel.npy,මොනවාද ඒවායේ නම්,මොනවා දේවයේ නම්,0.6667,0.1429,1,2,short,1.854,1.472,0,0.0,0.0533,0.007999,9.511,0,0
S026,46,S026_046.wav,S026_046_mel.npy,නංගි උත්තර දුන්නා,නංගේ උත්තර දුන්නත්,0.6667,0.2,1,2,short,1.702,1.414,0,0.0,0.0498,0.005533,10.605,0,0
S026,47,S026_047.wav,S026_047_mel.npy,පාර කියන අත්තම්මා,පාරගේන අත්තම්මා,0.6667,0.2,1,2,short,1.854,1.694,0,0.0,0.0601,0.008785,8.856,0,0
S026,48,S026_048.wav,S026_048_mel.npy,ඇයගේ කැපවීම පුදුමාකාරය,ඇයගේ කැපවීම බුදුමා තර බුදුමාකාරය,1.0,0.45,2,2,short,5.826,4.928,2,0.336,0.0632,0.00895,4.058,0,0
S026,49,S026_049.wav,S026_049_mel.npy,මිනිසාගේ පරම යුතුකම මිනිසාට සේවය කිරීම,මිනිසාගේ පරම ඉතුකම මිනිසාට සේවය කිරීම,0.1667,0.0606,0,1,long,4.502,3.83,1,0.32,0.0686,0.006505,8.616,0,1
S026,50,S026_050.wav,S026_050_mel.npy,අපි මේ වන විට පැය දොළහක් වැඩ කර පැය දොළහක් විවේක ගත්තා,අප මේ වනවිට පැය දොලාක වඩ කරයි කරයි පැය දොලාක වේක ගත්තා,0.75,0.3256,1,2,long,6.053,4.8,2,0.352,0.0636,0.006058,8.958,0,1
S026,51,S026_051.wav,S026_051_mel.npy,අප කවුරුත් පුදුමයට පත්කරමින් ඈට පණ ආවා,අප කවුරුත් බුදුමයට පත් කරමින් හැට අන ආවත්,0.8571,0.1875,1,2,long,4.729,3.328,1,1.056,0.0612,0.004052,9.615,0,1
S026,52,S026_052.wav,S026_052_mel.npy,සුගන්ධවත් පුෂ්පයෝ අපගේ සොහොයුරියෝය,සුංගං දවත් පුෂ්පයෝ අරෙ අපගේ සහෝයුරියෝ ය.,1.0,0.2581,1,2,short,6.276,5.024,2,0.464,0.0815,0.007962,6.17,0,0
S026,53,S026_053.wav,S026_053_mel.npy,ගංගාවෝ අපගේ සොහොයුරෝ වෙති,ගංගාවෝ අපගේ සයුරහු පෙති,0.5,0.2727,1,2,short,3.934,3.262,2,0.288,0.0803,0.008601,6.743,0,0
S026,54,S026_054.wav,S026_054_mel.npy,නංගී මට නොදී කිසිවක් නොකනවා ඇතැයි මට සිතේ,ගම්ගී මට නොඳී කේසිවක් නොකිය නොකනවා ඇතැයි මට සිතේ,0.5,0.2941,1,2,long,9.004,6.572,3,0.693,0.071,0.003285,5.174,0,1
S026,55,S026_055.wav,S026_055_mel.npy,නංගි උදේ පාන්දරින්ම නැගිටියි,නංවී උතේ පහන්දරින්ම නැගිටී,1.0,0.28,1,2,short,3.102,2.528,1,0.16,0.0452,0.00961,9.889,0,0
S026,56,S026_056.wav,S026_056_mel.npy,ඈ මා ගෙදර යන විට අසනු ඇත,ඇය මාගෙද යනවිට අසනුවත,1.0,0.2222,1,2,long,5.296,3.52,2,0.688,0.0822,0.001178,5.114,0,1
S026,57,S026_057.wav,S026_057_mel.npy,ගොවිතැන සඳහා භාවිත වන උපකරණ එකින් එක විස්තර කරද්දී ළමයි සාවධානව අසා සිටියහ,ගොවිතන්න සඳහා භාව්‍ය වන උපකරණ එකින එක විෂ්තර කරත්ස නමයි ස්ථාදාන අසා සිටියුත්,0.6154,0.2903,1,2,long,9.817,7.961,3,0.437,0.0733,0.003181,7.788,0,1
S026,58,S026_058.wav,S026_058_mel.npy,ළමයි පොල්තෙල් හිඳීමට භාවිත කරන සෙක්කුව අසලට රැස් වූහ,එදීමට භාවිතා කරන සෙක්ව අසරට රැස්වෝහ.,0.8889,0.4545,2,2,long,6.658,5.408,2,0.576,0.0778,0.004908,8.136,0,1
S026,59,S026_059.wav,S026_059_mel.npy,ඒ ගොල්ලන්ට අලුත් ක්‍රමයක් හොයා ගන්න වෙනවා,ඒගොල්ලන්ත අලූ ක්‍රමයක් හොජාගන්න වෙනවා,0.7143,0.1429,1,2,long,3.897,3.008,1,0.32,0.054,0.003571,11.636,0,1
S026,60,S026_060.wav,S026_060_mel.npy,බොහෝ දෙනෙක් මම එනතුරු බලා ගෙන හිටියා,බහෝ දෙනෙක් මම එමතු බලාගෙන දිටියා,0.7143,0.1667,1,2,long,3.67,3.254,2,0.208,0.0568,0.004974,9.22,0,1
S026,61,S026_061.wav,S026_061_mel.npy,මට ආරංචි වුණා රජතුමාගේ ගුහාව ළඟ අනතුරක් කියලා,මට ආරංචි වූර්ණා රජතුමාගේ ගුණා උහාවරග අනපුරක් කියලා,0.5,0.2368,1,2,long,6.62,5.376,3,0.363,0.0652,0.005579,7.068,0,1
S026,62,S026_062.wav,S026_062_mel.npy,පැය අටකට පසු ඔවුන්ට පියාපත් සලන හඬක් ඇසිණි,පැය අත්කට පසුත් කවුන්ට පියාපත් සරණ අඩක් ඇසුනි.,0.75,0.2571,1,2,long,5.072,4.224,3,0.235,0.076,0.006776,8.286,0,1
S026,63,S026_063.wav,S026_063_mel.npy,මිනිසුන් ගැන විස්තර දැනගන්න බොහෝ ක්‍රම තියෙනවා,මිනිසුන් ගැන ස්තර දැනගන්න බොහෝ ක්‍රම තියමව,0.2857,0.125,1,1,long,3.594,3.242,0,0.0,0.0564,0.004445,12.338,0,1
S026,64,S026_064.wav,S026_064_mel.npy,ඔබට දින හතරක් දෙමි,ඔබට දින හතරක් දෙමෙන්,0.25,0.2,1,1,short,2.875,2.208,1,0.256,0.0622,0.008647,6.793,0,0
S026,65,S026_065.wav,S026_065_mel.npy,ඇදුරුතුමා බෙහෙවින් සතුටට පත් විය,ඇදුරුම්තුමා මේවින් සත්ප පත් විය ප්‍රත් විය ප්‍රත් විය ප්‍රත් විය ප්‍රත්,1.0,1.0,2,2,short,4.237,3.341,0,0.0,0.0597,0.003931,8.38,0,0
S026,66,S026_066.wav,S026_066_mel.npy,ඔබට පේන්නේ කුමක්දැයි මම ඇසුවෙමි,දැයි මම ඇසුවෙමි.,0.6,0.5185,2,2,short,3.367,3.04,0,0.0,0.0529,0.004235,8.882,0,0
S026,67,S026_067.wav,S026_067_mel.npy,මෙතැන තමයි හොඳම තැන,මෙතෙන් තමයි උදනු තැන,0.5,0.375,2,2,short,2.572,2.048,0,0.0,0.0452,0.007823,7.812,0,0
S026,68,S026_068.wav,S026_068_mel.npy,ඇය කාචය සකස් කර නැවත බැලූවාය,ඇයෙක් කාචර සාකාස් කර නැවත බැලුවාය.,0.6667,0.3043,1,2,long,5.194,3.552,1,0.512,0.0899,0.005101,6.475,0,1
S027,1,S027_001.wav,S027_001_mel.npy,යාළුවෝ හැමදෙනාම නිදහස් උත්සවය බැලුවා,එල්ව හැමන්න දෙනාම නිදහත් ස්තවය බැලුන්,1.0,0.4062,2,2,short,2.492,2.492,0,0.0,0.0843,0.003777,12.84,2,0
S027,2,S027_002.wav,S027_002_mel.npy,කවිඳු යාළුවොත් එක්ක මිදුලේ සෙල්ලම් කරමින් සිටියා,කවිදිය ආලුවත් එකම ඉදුලේ සැල්ලං කරමින් සිටිය.,0.8571,0.2619,1,2,long,3.115,2.891,1,0.224,0.0768,0.003832,14.527,2,1
S027,3,S027_003.wav,S027_003_mel.npy,අපේ රටේ නිදහස් උත්සවය,අපේ රටේ නිදහස් වසවේ.,0.25,0.2222,1,1,short,1.958,1.926,0,0.0,0.0911,0.006456,9.345,2,0
S027,4,S027_004.wav,S027_004_mel.npy,මම කෝෂය ඇතුලේ සති දෙකක් විතර හිටියා,මම කෝෂයේ ඇතුළේ සති දෙකක් විතර හිටියක්,0.2857,0.1034,1,1,long,3.827,3.603,1,0.192,0.085,0.003247,8.049,2,1
S027,5,S027_005.wav,S027_005_mel.npy,පොත් කියවීමෙන් මිනිසා සම්පූර්ණ වේ,උපත් කියවීමෙන් මිනිසා සම්පූර්ණ වේ.,0.2,0.069,0,1,short,2.759,2.407,1,0.352,0.0786,0.003275,12.048,2,0
S027,6,S027_006.wav,S027_006_mel.npy,මුහුද හරිම ලස්සනයි,මොහද හරිම ලස්,0.6667,0.375,2,2,short,1.424,1.36,0,0.0,0.0679,0.005978,11.764,2,0
S027,7,S027_007.wav,S027_007_mel.npy,හැමෝම එකට අත් අල්ලා ගන්න,ර්සනයෙහි මවම එකට අත්තල්ලා ගන්න,0.8,0.45,2,2,short,3.293,3.037,1,0.256,0.0721,0.003965,6.585,2,0
S027,8,S027_008.wav,S027_008_mel.npy,මම එහෙනම් නාගෙන එන්නම්,මමේ හෙනම් නාගෙන එන්නක්.,0.75,0.1053,1,2,short,2.047,2.015,0,0.0,0.0705,0.00402,9.429,2,0
S027,9,S027_009.wav,S027_009_mel.npy,අපි අද පොල් කැඩුවා,අපියද හොල් කැඩුව,1.0,0.2,1,2,short,2.136,1.92,0,0.0,0.0793,0.003915,7.812,2,0
S027,10,S027_010.wav,S027_010_mel.npy,"ඇයි හිනා වෙන්නේ, මට රජ වෙන්න බැරිද",ඇයි හිනාවෙන්නෙ මට රජ වෙන්න බැරිද,0.2857,0.037,0,1,long,3.649,3.2,1,0.224,0.072,0.004197,8.75,2,1
S027,11,S027_011.wav,S027_011_mel.npy,දුව සටහන් පොතේ මොනවාද ලියා ගත්තේ,දුට සටහන් පොතේ මොනවාදලියා ගත්තේ,0.5,0.037,0,2,long,3.649,3.297,0,0.0,0.0782,0.002659,8.189,2,1
S027,12,S027_012.wav,S027_012_mel.npy,ඉතින් මෙච්චර පරක්කු වුනේ ඇයි,ඉතින් මෙච්චර පරක් වුණේ ඇයි.,0.2,0.0833,0,1,short,2.67,2.318,1,0.288,0.0848,0.002649,10.353,2,0
S027,13,S027_013.wav,S027_013_mel.npy,දවසක් අම්මා අශ්ව පැටියාගෙන් උදව්වක් ඉල්ලුවා,දවසක් කම්මා අශ්‍ර පැටියාගෙන් උදව්වක් ඉල්ලුව,0.5,0.1053,1,2,long,3.916,3.564,1,0.256,0.0852,0.004535,10.662,2,1
S027,14,S027_014.wav,S027_014_mel.npy,ඔය ගඟ හරි ගැඹුරුයි,අය ගග හචියකුත්,1.0,0.6667,2,2,short,1.068,1.004,0,0.0,0.0527,0.006242,14.939,2,0
S027,15,S027_015.wav,S027_015_mel.npy,අශ්ව පැටියා ඉක්මනින් ගෙදර එනවා දැකලා අම්මා පුදුම වුනා,ඉශ්‍ර පැටියා ඉක්මනින් ගෙදර එනවා දැකළ අංව පුදුම වුණා,0.3333,0.1778,1,1,long,5.162,4.64,1,0.288,0.0853,0.003495,9.698,2,1
S027,16,S027_016.wav,S027_016_mel.npy,"සිටුතුමනි, අපට අනුකම්පා කරනු මැනවි",සිටුතුමනි අපට අන්කම්පා කරනු මැනවි.,0.2,0.0345,0,1,short,4.361,3.817,0,0.0,0.0784,0.002757,7.859,2,0
S027,17,S027_017.wav,S027_017_mel.npy,බරෙන් වැඩි වන්නේ ගසක මුල කොටසද,බරෙන් වැඩි වන්නේ ගසලු හොදකොටසිද?,0.5,0.24,1,2,long,3.649,3.297,1,0.288,0.0713,0.003633,7.582,2,1
S027,18,S027_018.wav,S027_018_mel.npy,රයිට් සහෝදරයන්ගේ පියා ඔවුන් පුංචිකාලයේ දී කඩදාසි සහ රබර් පටිවලින් සෙල්ලම් අහස් යානා තනා දුන්නේය,පෙර්ට් සහදුර්යන්ගේ පියාවන් පුංචි කාලයේදි දාසිදහ රබර පටිවලින් සෙල්ලම් යානයන් තනාදුන්,0.8667,0.284,1,2,long,9.256,8.232,3,0.277,0.077,0.004638,9.839,2,1
S027,19,S027_019.wav,S027_019_mel.npy,පසු කලෙක ඔවුහු බයිසිකල් වැඩ වැඩපොළක් ඇරඹූහ,පසු කාලක වූ වූ බයිසි ගලක් පොට්වලක් තරි වූ,1.0,0.5556,2,2,long,3.916,3.756,0,0.0,0.0743,0.004719,9.584,2,1
S027,20,S027_020.wav,S027_020_mel.npy,දැන් හැමෝම වාඩිවෙන්න,දැන් හැමෝම වාඩුවෙන්න.,0.3333,0.0556,0,1,short,3.738,3.322,2,0.176,0.0717,0.007048,5.418,2,0
S027,21,S027_021.wav,S027_021_mel.npy,අපි ඊළඟ දවසේ තවත් සෙල්ලමක් කරමු,අපි එලති දවසය තවසර්ලනක්කරමු,0.8333,0.3462,1,2,long,2.595,2.432,1,0.16,0.0767,0.00402,10.691,2,1
S027,22,S027_022.wav,S027_022_mel.npy,මේ සිහින අප නින්දේ දී දකින සිහින නම් නොවේ,මේ සීන අපේ නින්දේදී දකින සීන නම් නොවේ.,0.5556,0.2121,1,2,long,3.916,3.66,0,0.0,0.0727,0.002569,9.016,2,1
S027,23,S027_023.wav,S027_023_mel.npy,ඇගේ ගම ගිංතොට ය,අපේ ගමා ගින්තොට යො.,1.0,0.5,2,2,short,1.691,1.499,0,0.0,0.0788,0.003637,8.005,2,0
S027,24,S027_024.wav,S027_024_mel.npy,මේ පුංචි දැරිය ඇගේ ප්‍රියතම වැඩිහිටි නෑදෑයා ගැන පසු කලෙක එසේ කීවාය,මේ පුංශිදරියාවගේ ප්‍රිවතමා වැඩිහිටි නැදෑයා ගැනා පසුකාලික එසේ කීවන්,0.75,0.2182,1,2,long,6.675,6.08,1,0.224,0.0889,0.004217,9.046,2,1
S027,25,S027_025.wav,S027_025_mel.npy,පින්තූර මගින් කතා කීම ඈත කාලයේ සිට පැවත එන ක්‍රමයකි,පින්තුර මගින් කතා කීම ඇත කාලයේ සිට පවත එන ප්‍රමයෙකි.,0.4,0.119,1,1,long,5.073,4.721,2,0.176,0.0745,0.003312,8.896,2,1
S027,26,S027_026.wav,S027_026_mel.npy,මකුළුවා තණ බිස්සේ හැංගුනා,මකුළුවා තනබිස් තනබිස්සේ හැංගුණා,0.5,0.2727,1,2,short,3.827,3.187,1,0.16,0.0744,0.006569,6.903,2,0
S027,27,S027_027.wav,S027_027_mel.npy,එළියේ ලස්සන ගැහැණු ළමයෙක් හිටගෙන හිටියා,එළියේ ලස්සනැ ගිහන්ට් හිටදෙන හිටියක්,0.8333,0.3529,2,2,long,3.115,2.827,1,0.256,0.0863,0.003378,12.026,2,1
S027,28,S027_028.wav,S027_028_mel.npy,අතරමගදී ඉතාම භයානක දෙයක් සිදුවුණා,අතර මගදී ඉතාම බයන්කදයක් සිදු වුණා.,1.0,0.1034,1,2,short,4.361,3.68,2,0.288,0.0722,0.003854,7.88,2,0
S027,29,S027_029.wav,S027_029_mel.npy,සර්පයා මහා විශාලෙට කට ඇරියා,සර්පයා මහවිශාල එනට කටරියා,0.8,0.1739,1,2,short,3.56,2.92,2,0.272,0.0893,0.002458,7.876,2,0
S027,30,S027_030.wav,S027_030_mel.npy,ටිකක් හිතලා බලන්නකෝ,ටිකක් හිතලා බලන්නක,0.3333,0.0588,0,1,short,2.403,1.731,1,0.48,0.0732,0.003071,9.82,2,0
S027,31,S027_031.wav,S027_031_mel.npy,තනියෙන් ලියන්න,තන් ලියන්,1.0,0.3846,2,2,short,1.157,1.093,0,0.0,0.0553,0.008867,11.893,2,0
S027,32,S027_032.wav,S027_032_mel.npy,පස්වැනි ගුණාංගය,පස්ත්නි ගුණන්වයි.,1.0,0.4286,2,2,short,2.225,1.969,1,0.16,0.0617,0.009318,7.11,2,0
S027,33,S027_033.wav,S027_033_mel.npy,බරණැස් නුවර සිටුවරයෙක් වාසය කළේය,බරණස් නාර සිටිවරයෙක් වාසය කළේ ය.,1.0,0.1429,1,2,short,3.56,3.168,0,0.0,0.0904,0.00353,8.838,2,0
S027,34,S027_034.wav,S027_034_mel.npy,නායකතුමා මෙසේ පිළිතුරු දුන්නේය,නයක සිටිතුමම් එසෑ පීතර ජුන්නයෙක්.,1.0,0.7037,2,2,short,2.937,2.393,0,0.0,0.0799,0.002542,11.282,2,0
S027,35,S027_035.wav,S027_035_mel.npy,තේරවිලි වර්ග කිහිපයක් තිබේ,තේ රැවැලි පරක්ක හේපය තිබේ.,1.0,0.3913,2,2,short,1.958,1.728,0,0.0,0.0683,0.003608,13.31,2,0
S027,36,S027_036.wav,S027_036_mel.npy,අපේ සීයා කතන්දර කීමට සමතෙකි,අපැ සේයා කතන්දරි කේමිත්ම සමතකි.,1.0,0.3913,2,2,short,3.115,2.688,0,0.0,0.0825,0.004318,8.557,2,0
S027,37,S027_037.wav,S027_037_mel.npy,මේ අය අතරමගදී අම්බලමක නතර වුණා,මෙයා මෙය අය අතරමකව අම්බලමකන අතරගුනා,1.0,0.44,2,2,long,3.827,3.667,1,0.16,0.072,0.006477,6.817,2,1
S027,38,S027_038.wav,S027_038_mel.npy,හරි අපූරු කතාවක්,හරියම් පුරු කතාවක්,0.6667,0.2857,1,2,short,1.958,1.76,0,0.0,0.074,0.005359,7.955,2,0
S027,39,S027_039.wav,S027_039_mel.npy,කටුස්සාගේ කරේ රත්තරන් බැන්දා වගෙයි,රටසාගේ කරය රතරම් බැඳාවගේ,1.0,0.4667,2,2,short,2.759,2.432,0,0.0,0.0812,0.004479,12.336,2,0
S027,40,S027_040.wav,S027_040_mel.npy,මුල් ගුරුතුමා කීවේය,මොයුගුරු තුමා කීවය.,1.0,0.2353,1,2,short,2.403,2.115,0,0.0,0.0683,0.003788,8.038,2,0
S027,41,S027_041.wav,S027_041_mel.npy,අද පුස්තකාල පන්තියක් කරමු,අද කුස්තකාලය පන්තියක් කරනු,0.5,0.1364,1,2,short,2.314,2.186,0,0.0,0.0736,0.002827,10.064,2,0
S027,42,S027_042.wav,S027_042_mel.npy,මම ගල්පරයක ඇලී ජීවත් වුනෙමි,මම ගල්පරය කැලීජේවාත් වෙනෙමි.,0.8,0.1739,1,2,short,2.848,2.592,1,0.256,0.0686,0.004569,8.873,2,0
S027,43,S027_043.wav,S027_043_mel.npy,බෙලි කටුව කතා කරයි,බැලිකටුවක බැලිකටුවක කතා ගරන්,0.75,0.9333,2,2,short,3.382,2.934,0,0.0,0.0773,0.004077,5.112,2,0
S027,44,S027_044.wav,S027_044_mel.npy,සති අන්තේ නිවාඩුවට බිංදුලා ගමේ ගියා,සතියන්තයේ නිහාඩු බින්තුලා ගමහැ ගියක්,1.0,0.4,2,2,long,4.457,4.105,1,0.192,0.0708,0.004889,7.308,2,1
S027,45,S027_045.wav,S027_045_mel.npy,මොනවාද ඒවායේ නම්,මනවද ඒවයේ නම්,0.6667,0.2143,1,2,short,2.225,2.193,0,0.0,0.0689,0.005823,6.384,2,0
S027,46,S027_046.wav,S027_046_mel.npy,නංගි උත්තර දුන්නා,නංගි උතරින්,0.6667,0.4,2,2,short,1.424,1.36,0,0.0,0.0543,0.008891,11.029,2,0
S027,47,S027_047.wav,S027_047_mel.npy,පාර කියන අත්තම්මා,පාරෙකිනත් ගන්නට,1.0,0.4667,2,2,short,2.047,1.823,1,0.224,0.0819,0.003946,8.228,2,0
S027,48,S027_048.wav,S027_048_mel.npy,ඇයගේ කැපවීම පුදුමාකාරය,ඒ කැතැරීමක්ද දිබ්කාරය,1.0,0.65,2,2,short,1.869,1.773,0,0.0,0.0634,0.0045,11.28,2,0
S027,49,S027_049.wav,S027_049_mel.npy,මිනිසාගේ පරම යුතුකම මිනිසාට සේවය කිරීම,මිනිසා පරම යොතකම.මිස් මිනිසාට සැවය කිරීම.,0.5,0.2727,1,2,long,5.162,4.288,1,0.512,0.0734,0.004884,7.696,2,1
S027,50,S027_050.wav,S027_050_mel.npy,අපි මේ වන විට පැය දොළහක් වැඩ කර පැය දොළහක් විවේක ගත්තා,අපේ මෙය මම විට පැය ගොලහක් අඩෙකර පැය ගොලහක් විඩයට ගත්ත,0.75,0.3256,1,2,long,5.696,5.6,0,0.0,0.0746,0.002329,7.678,2,1
S027,51,S027_051.wav,S027_051_mel.npy,අප කවුරුත් පුදුමයට පත්කරමින් ඈට පණ ආවා,අප කවුරහරි පුදුමහට පත්කරමින් ඇර්ට පනාව,0.7143,0.2812,1,2,long,4.45,4.224,1,0.192,0.073,0.00335,7.576,2,1
S027,52,S027_052.wav,S027_052_mel.npy,සුගන්ධවත් පුෂ්පයෝ අපගේ සොහොයුරියෝය,ස්ගන්ධවත් ක්ෂ්පය අප ගේ සහොදරියො,1.0,0.2903,1,2,short,3.56,3.368,0,0.0,0.0853,0.005406,9.204,2,0
S027,53,S027_053.wav,S027_053_mel.npy,ගංගාවෝ අපගේ සොහොයුරෝ වෙති,ගෙල් ගඟායෝ අපගේ සහෝ දෙරයෝ වෙති,1.0,0.4545,2,2,short,3.471,3.264,1,0.16,0.0795,0.004937,6.74,2,0
S027,54,S027_054.wav,S027_054_mel.npy,නංගී මට නොදී කිසිවක් නොකනවා ඇතැයි මට සිතේ,නංගි මටය නොගී කිසිවක් නොකනවා ඇතැම් මට සිතේ,0.5,0.1471,1,2,long,5.162,4.618,2,0.208,0.1109,0.003468,7.362,2,1
S027,55,S027_055.wav,S027_055_mel.npy,නංගි උදේ පාන්දරින්ම නැගිටියි,නම්දියු උදේ පදරින් ඇදිසි,0.75,0.6,2,2,short,2.759,2.272,0,0.0,0.0823,0.003313,11.004,2,0
S027,56,S027_056.wav,S027_056_mel.npy,ඈ මා ගෙදර යන විට අසනු ඇත,ම්මා ඇගෙදින් ඇගෙයිටා සුහැත්,1.0,0.8333,2,2,long,2.848,2.464,0,0.0,0.0732,0.003873,7.305,2,1
S027,57,S027_057.wav,S027_057_mel.npy,ගොවිතැන සඳහා භාවිත වන උපකරණ එකින් එක විස්තර කරද්දී ළමයි සාවධානව අසා සිටියහ,ගොව්ගවිතෙන සදහා භාවිත වෙන උපකරණ එන්ටික විස්තකරද්ධි ළමයින් සාවදානවා සාසිටියහ.,0.8462,0.2419,1,2,long,8.455,7.335,2,0.288,0.076,0.003663,8.452,2,1
S027,58,S027_058.wav,S027_058_mel.npy,ළමයි පොල්තෙල් හිඳීමට භාවිත කරන සෙක්කුව අසලට රැස් වූහ,ලමයි පොල්තල් විදවීමට භාවිතාව කළින සෙක්කෝ අශුරයට රත්සුවූහයි.,0.8889,0.4318,2,2,long,6.141,5.789,1,0.32,0.069,0.003666,7.6,2,1
S027,59,S027_059.wav,S027_059_mel.npy,ඒ ගොල්ලන්ට අලුත් ක්‍රමයක් හොයා ගන්න වෙනවා,ඒ ගොල්ලුන්ට අලු ක්‍රමයා කොයාගන්න වෙනවා.,0.7143,0.1714,1,2,long,4.984,4.352,1,0.192,0.0766,0.003075,8.042,2,1
S027,60,S027_060.wav,S027_060_mel.npy,බොහෝ දෙනෙක් මම එනතුරු බලා ගෙන හිටියා,බොහොම දැනෙත් මම ඇතුරු බලාසිටියා,0.8571,0.3333,1,2,long,4.005,3.653,0,0.0,0.0701,0.004802,8.212,2,1
S027,61,S027_061.wav,S027_061_mel.npy,මට ආරංචි වුණා රජතුමාගේ ගුහාව ළඟ අනතුරක් කියලා,මට ආරම්සි බුණාට දිතුමාගේ ගුහාව ලග අනතරක් කියලා.,0.625,0.2368,1,2,long,5.462,4.982,2,0.24,0.0825,0.004335,7.627,2,1
S027,62,S027_062.wav,S027_062_mel.npy,පැය අටකට පසු ඔවුන්ට පියාපත් සලන හඬක් ඇසිණි,අය අටකට පසුව අවන් පෙයපත් සලන හඩක් යසනු,0.75,0.3429,1,2,long,3.382,3.286,0,0.0,0.0871,0.003671,10.651,2,1
S027,63,S027_063.wav,S027_063_mel.npy,මිනිසුන් ගැන විස්තර දැනගන්න බොහෝ ක්‍රම තියෙනවා,මිනිසුන් ගැන විස්තරය ගෙන බොහෝ ක්‍රමතිය නා,0.5714,0.175,1,2,long,4.895,4.351,2,0.256,0.0681,0.004709,9.193,2,1
S027,64,S027_064.wav,S027_064_mel.npy,ඔබට දින හතරක් දෙමි,මට් ඔබට දින හතරක්දේමි,0.75,0.2667,1,2,short,3.026,2.482,2,0.272,0.0681,0.003284,6.043,2,0
S027,65,S027_065.wav,S027_065_mel.npy,ඇදුරුතුමා බෙහෙවින් සතුටට පත් විය,අදුරු තුනා බැහෙමින් සත්‍යනපත් විය.,0.8,0.2857,1,2,short,2.937,2.688,0,0.0,0.0685,0.006085,10.417,2,0
S027,66,S027_066.wav,S027_066_mel.npy,ඔබට පේන්නේ කුමක්දැයි මම ඇසුවෙමි,ඔබට පෙනෙනෙක් කුමක්දැයි මම ඇස්වෙන,0.4,0.2963,1,1,short,4.005,3.429,0,0.0,0.0762,0.002361,7.874,2,0
S027,67,S027_067.wav,S027_067_mel.npy,මෙතැන තමයි හොඳම තැන,මෙතැනයි තමයි හොද මෙතැන,0.75,0.25,1,2,short,2.848,2.752,0,0.0,0.068,0.004452,5.814,2,0
S027,68,S027_068.wav,S027_068_mel.npy,ඇය කාචය සකස් කර නැවත බැලූවාය,ඇය කාජය සකස් කර නැවත බලුවාය,0.3333,0.1304,1,1,long,4.183,3.607,2,0.256,0.0807,0.003353,6.376,2,1
S028,1,S028_001.wav,S028_001_mel.npy,යාළුවෝ හැමදෙනාම නිදහස් උත්සවය බැලුවා,යාළු ඕ හැම දෙනාම නිදාසු ස්සවය බැලුවා,1.0,0.1875,1,2,short,3.999,3.68,0,0.0,0.0919,0.003466,8.696,2,0
S028,2,S028_002.wav,S028_002_mel.npy,කවිඳු යාළුවොත් එක්ක මිදුලේ සෙල්ලම් කරමින් සිටියා,කවිඳු යාළුවොත් එක්ක මිදුලේ සැල්ලන් කරමින් සිටියා.,0.1429,0.0476,0,1,long,4.705,4.224,0,0.0,0.0874,0.002381,9.943,2,1
S028,3,S028_003.wav,S028_003_mel.npy,අපේ රටේ නිදහස් උත්සවය,අපේ රටේ නිදාස් උසවය,0.5,0.1667,1,2,short,3.807,2.784,1,0.448,0.1266,0.002801,6.466,2,0
S028,4,S028_004.wav,S028_004_mel.npy,මම කෝෂය ඇතුලේ සති දෙකක් විතර හිටියා,මම කෝෂය ඇතුළේ සත් දෙකක් විතර හිටියා.,0.1429,0.0345,0,1,long,4.129,3.905,0,0.0,0.098,0.004804,7.427,2,1
S028,5,S028_005.wav,S028_005_mel.npy,පොත් කියවීමෙන් මිනිසා සම්පූර්ණ වේ,පුත් කියවීමෙන් මිනිසා සම්පූර්ණ වේ.,0.2,0.0345,0,1,short,4.096,3.488,0,0.0,0.0882,0.002307,8.314,2,0
S028,6,S028_006.wav,S028_006_mel.npy,මුහුද හරිම ලස්සනයි,මුනුද හරිම ලස්සනායි.,0.6667,0.125,1,2,short,2.302,2.016,0,0.0,0.1038,0.004182,7.937,2,0
S028,7,S028_007.wav,S028_007_mel.npy,හැමෝම එකට අත් අල්ලා ගන්න,හැමෝම එකට අත්තල්ලා ගන්නය.,0.6,0.1,0,2,short,3.783,3.175,2,0.192,0.0775,0.003725,6.299,2,0
S028,8,S028_008.wav,S028_008_mel.npy,මම එහෙනම් නාගෙන එන්නම්,මම එහෙනම් නා නාගෙන එන්නා,0.5,0.2105,1,2,short,4.295,3.584,2,0.272,0.0778,0.003714,5.301,2,0
S028,9,S028_009.wav,S028_009_mel.npy,අපි අද පොල් කැඩුවා,අපි අද පොල් කැඩුවා,0.0,0.0,0,0,short,3.044,2.336,1,0.512,0.0819,0.004623,6.421,2,0
S028,10,S028_010.wav,S028_010_mel.npy,"ඇයි හිනා වෙන්නේ, මට රජ වෙන්න බැරිද",ඇයි හිනාවෙන්නෙ මට රජවෙන්න බැරිද,0.5714,0.037,0,2,long,3.925,3.552,0,0.0,0.0736,0.004023,7.883,2,1
S028,11,S028_011.wav,S028_011_mel.npy,දුව සටහන් පොතේ මොනවාද ලියා ගත්තේ,දුව සටහන් පොතේ මනවාද ලියා ගත්තේයින්,0.3333,0.1852,1,1,long,4.039,3.744,0,0.0,0.0737,0.003047,7.212,2,1
S028,12,S028_012.wav,S028_012_mel.npy,ඉතින් මෙච්චර පරක්කු වුනේ ඇයි,ඉතින් මෙචර පරක්වුණේ යැයි,0.8,0.25,1,2,short,3.557,3.232,0,0.0,0.0735,0.004552,7.426,2,0
S028,13,S028_013.wav,S028_013_mel.npy,දවසක් අම්මා අශ්ව පැටියාගෙන් උදව්වක් ඉල්ලුවා,දවසක් අම්මා ක්‍රශ්ව පැටියාගෙන් උදව්වක් ඉල්ලුවා,0.1667,0.1053,1,1,long,6.798,5.792,3,0.224,0.0867,0.003772,6.561,2,1
S028,14,S028_014.wav,S028_014_mel.npy,ඔය ගඟ හරි ගැඹුරුයි,ඕය ගංග හරි ගැඹුරුයි,0.5,0.2,1,2,short,3.1,2.496,0,0.0,0.068,0.00271,6.01,2,0
S028,15,S028_015.wav,S028_015_mel.npy,අශ්ව පැටියා ඉක්මනින් ගෙදර එනවා දැකලා අම්මා පුදුම වුනා,අශ්ව පැටියා නික්මණින් ගෙදර එනවා දැකල අම්මා පුදුම වුණා,0.2222,0.0667,0,1,long,6.94,6.016,2,0.432,0.0792,0.002507,7.48,2,1
S028,16,S028_016.wav,S028_016_mel.npy,"සිටුතුමනි, අපට අනුකම්පා කරනු මැනවි",සිදුතුමනි අපට අනුකම්පා කරමුණනවි,0.6,0.1379,1,2,short,4.485,4.096,1,0.16,0.0751,0.004058,7.324,2,0
S028,17,S028_017.wav,S028_017_mel.npy,බරෙන් වැඩි වන්නේ ගසක මුල කොටසද,බරෙන් වැඩි වන ගසක මුල කොටස ද,0.5,0.12,1,2,long,4.864,4.384,0,0.0,0.0694,0.002349,5.703,2,1
S028,18,S028_018.wav,S028_018_mel.npy,රයිට් සහෝදරයන්ගේ පියා ඔවුන් පුංචිකාලයේ දී කඩදාසි සහ රබර් පටිවලින් සෙල්ලම් අහස් යානා තනා දුන්නේය,රෛට්සා ඔදරයන්ගේ පියා ඔවුන් පුංචි කාලයේදී කඩදාසි සහ රබර් පටිවලින් සෙල්ලන් මහස්‍යානා තනා දුන්නේය.,0.4667,0.0864,0,2,long,12.345,11.001,3,0.341,0.078,0.00297,7.363,2,1
S028,19,S028_019.wav,S028_019_mel.npy,පසු කලෙක ඔවුහු බයිසිකල් වැඩ වැඩපොළක් ඇරඹූහ,පසු කාලයක ඔහු බයිසිකල් වැඩකොලක් ඇරැඹූහ.,0.7143,0.25,1,2,long,5.584,4.736,1,0.224,0.075,0.003887,7.601,2,1
S028,20,S028_020.wav,S028_020_mel.npy,දැන් හැමෝම වාඩිවෙන්න,දම් හැමෝම වාඩි වෙන්න,1.0,0.1111,1,2,short,2.475,2.144,0,0.0,0.0626,0.004411,8.396,2,0
S028,21,S028_021.wav,S028_021_mel.npy,අපි ඊළඟ දවසේ තවත් සෙල්ලමක් කරමු,අපි ඊලග දවසේ තවශ්වලමක් කරම්න,0.6667,0.3077,1,2,long,4.267,3.872,0,0.0,0.0894,0.00307,6.715,2,1
S028,22,S028_022.wav,S028_022_mel.npy,මේ සිහින අප නින්දේ දී දකින සිහින නම් නොවේ,මේ සිහින අප නින්දේදී දකින සිහින නම් නොවේ.,0.2222,0.0,0,1,long,4.892,4.86,0,0.0,0.069,0.004415,6.79,2,1
S028,23,S028_023.wav,S028_023_mel.npy,ඇගේ ගම ගිංතොට ය,ඇගේ ගම්ග ගින් තොටයයි.,0.75,0.5,2,2,short,3.413,2.869,1,0.256,0.0657,0.003188,4.182,2,0
S028,24,S028_024.wav,S028_024_mel.npy,මේ පුංචි දැරිය ඇගේ ප්‍රියතම වැඩිහිටි නෑදෑයා ගැන පසු කලෙක එසේ කීවාය,මේ පුංචි දරිය ඇගේ ප්‍රියතම වැඩිහිටි නෑ දෑයා ගැන පසු කලෙක එසේ කිවා.,0.3333,0.0545,0,1,long,10.128,8.96,2,0.288,0.0721,0.003661,6.138,2,1
S028,25,S028_025.wav,S028_025_mel.npy,පින්තූර මගින් කතා කීම ඈත කාලයේ සිට පැවත එන ක්‍රමයකි,ඉන්තූර මගින් කතා කීම ඈත කාලයේ සිට පැවත එන ක්‍රමයකි.,0.1,0.0476,0,1,long,8.932,8.064,2,0.224,0.0687,0.00305,5.208,2,1
S028,26,S028_026.wav,S028_026_mel.npy,මකුළුවා තණ බිස්සේ හැංගුනා,මකළුවා තන බිස්සේ හැංගුණා.,0.25,0.0455,0,1,short,3.385,3.008,0,0.0,0.0967,0.005316,7.314,2,0
S028,27,S028_027.wav,S028_027_mel.npy,එළියේ ලස්සන ගැහැණු ළමයෙක් හිටගෙන හිටියා,එළියේ ලස්සන ගැනු ළමයෙක් ඉට ගෙන ඉටියා,0.6667,0.1765,1,2,long,5.449,4.681,2,0.288,0.0808,0.004261,7.263,2,1
S028,28,S028_028.wav,S028_028_mel.npy,අතරමගදී ඉතාම භයානක දෙයක් සිදුවුණා,ත්‍රමඟදී ඉතාම භයානග දෙයස් සිදුවුණා,0.6,0.2069,1,2,short,3.84,3.456,0,0.0,0.0766,0.002199,8.391,2,0
S028,29,S028_029.wav,S028_029_mel.npy,සර්පයා මහා විශාලෙට කට ඇරියා,සර්පයා මහ විශාලට කටරියා,0.8,0.1304,1,2,short,3.499,3.328,0,0.0,0.0799,0.003955,6.911,2,0
S028,30,S028_030.wav,S028_030_mel.npy,ටිකක් හිතලා බලන්නකෝ,ටිකක් හිතලා බලන්නකෝ.,0.0,0.0,0,0,short,2.503,2.208,0,0.0,0.0782,0.003779,7.699,2,0
S028,31,S028_031.wav,S028_031_mel.npy,තනියෙන් ලියන්න,තනියෙන් ලියන්නා,0.5,0.0769,0,2,short,3.157,2.688,1,0.192,0.071,0.001855,4.836,2,0
S028,32,S028_032.wav,S028_032_mel.npy,පස්වැනි ගුණාංගය,පශ්‍යණි කිමාන්ගෙය.,1.0,0.6429,2,2,short,2.076,1.82,0,0.0,0.081,0.00617,7.69,2,0
S028,33,S028_033.wav,S028_033_mel.npy,බරණැස් නුවර සිටුවරයෙක් වාසය කළේය,බරණස් නොවර සිටවරය ක්වාසේ කළේය.,0.8,0.1786,1,2,short,4.21,3.744,0,0.0,0.0783,0.003234,7.479,2,0
S028,34,S028_034.wav,S028_034_mel.npy,නායකතුමා මෙසේ පිළිතුරු දුන්නේය,නායක සිතුතුමා මෙසේ පිළිතුරු දුන්නේය.,0.5,0.1481,1,2,short,4.949,4.576,0,0.0,0.0849,0.002975,5.9,2,0
S028,35,S028_035.wav,S028_035_mel.npy,තේරවිලි වර්ග කිහිපයක් තිබේ,තේරවිලි වර්ග කීපයත් තිබේ.,0.25,0.1739,1,1,short,3.072,2.784,0,0.0,0.068,0.004491,8.261,2,0
S028,36,S028_036.wav,S028_036_mel.npy,අපේ සීයා කතන්දර කීමට සමතෙකි,අපේ සියා කතන්දර කීමට සමතෙක්කී,0.4,0.1739,1,1,short,3.755,3.467,0,0.0,0.0874,0.00492,6.635,2,0
S028,37,S028_037.wav,S028_037_mel.npy,මේ අය අතරමගදී අම්බලමක නතර වුණා,මේ අය අතර මගදී අම්බලමකන අතර වුණා.,0.6667,0.04,0,2,long,4.836,4.448,1,0.32,0.0767,0.003551,5.621,2,1
S028,38,S028_038.wav,S028_038_mel.npy,හරි අපූරු කතාවක්,හරි අපූරු කතාවක්,0.0,0.0,0,0,short,1.991,1.824,0,0.0,0.0759,0.005064,7.675,2,0
S028,39,S028_039.wav,S028_039_mel.npy,කටුස්සාගේ කරේ රත්තරන් බැන්දා වගෙයි,කටුස්සාගේ කරේ රතරන් බැන්දා වගේ,0.4,0.1667,1,1,short,4.31,3.926,0,0.0,0.0808,0.003051,7.641,2,0
S028,40,S028_040.wav,S028_040_mel.npy,මුල් ගුරුතුමා කීවේය,මුල් ගුරුතුමා කීවේය.,0.0,0.0,0,0,short,3.47,2.752,1,0.16,0.0622,0.003395,6.177,2,0
S028,41,S028_041.wav,S028_041_mel.npy,අද පුස්තකාල පන්තියක් කරමු,අද පුෂ්ඨකාල පන්තියක් කරමු,0.25,0.0909,0,1,short,4.892,4.32,1,0.16,0.0851,0.001849,5.093,2,0
S028,42,S028_042.wav,S028_042_mel.npy,මම ගල්පරයක ඇලී ජීවත් වුනෙමි,නම ගල් පරයක හැලි ජීවත්තු නෙමි.,1.0,0.2174,1,2,short,4.636,4.316,0,0.0,0.0698,0.003524,5.328,2,0
S028,43,S028_043.wav,S028_043_mel.npy,බෙලි කටුව කතා කරයි,මෙලි කටුව කතාකරයි.,0.75,0.0667,0,2,short,2.247,2.176,0,0.0,0.072,0.003715,6.893,2,0
S028,44,S028_044.wav,S028_044_mel.npy,සති අන්තේ නිවාඩුවට බිංදුලා ගමේ ගියා,සාතියන්තෙ නිවාඩුවට බිංදුලා ගමේ කියා.,0.5,0.1333,1,2,long,4.978,4.48,0,0.0,0.0791,0.00204,6.696,2,1
S028,45,S028_045.wav,S028_045_mel.npy,මොනවාද ඒවායේ නම්,මොනවද ඒ වායේ නම්,1.0,0.0714,0,2,short,3.044,2.756,1,0.256,0.0631,0.004768,5.081,2,0
S028,46,S028_046.wav,S028_046_mel.npy,නංගි උත්තර දුන්නා,උනා උනන්ගි උත්තර දුන්නා,0.6667,0.4,2,2,short,5.262,4.43,2,0.288,0.0716,0.006856,3.386,2,0
S028,47,S028_047.wav,S028_047_mel.npy,පාර කියන අත්තම්මා,පාර කියන අත්තාම්වන්,0.3333,0.2667,1,1,short,2.389,2.208,0,0.0,0.069,0.004217,6.793,2,0
S028,48,S028_048.wav,S028_048_mel.npy,ඇයගේ කැපවීම පුදුමාකාරය,ඇයගේ කැපවීම උදුමාකාරය,0.3333,0.1,0,1,short,4.348,3.968,1,0.32,0.0739,0.004856,5.04,2,0
S028,49,S028_049.wav,S028_049_mel.npy,මිනිසාගේ පරම යුතුකම මිනිසාට සේවය කිරීම,මිනිසාගේ පරම යුපුකම මිනිසාට සේවය කිරීම,0.1667,0.0303,0,1,long,5.006,4.832,0,0.0,0.0782,0.00387,6.829,2,1
S028,50,S028_050.wav,S028_050_mel.npy,අපි මේ වන විට පැය දොළහක් වැඩ කර පැය දොළහක් විවේක ගත්තා,අපිනේ වනවිට කය දුළහක් වඩ කර පැදුළහක් විවෙක් ගත්තා,0.8333,0.2093,1,2,long,7.196,6.688,1,0.32,0.0741,0.003252,6.429,2,1
S028,51,S028_051.wav,S028_051_mel.npy,අප කවුරුත් පුදුමයට පත්කරමින් ඈට පණ ආවා,අප කවුරුත් පුදුමයට පත් කරමෙන් ඈට පන ආවා,0.2857,0.0312,0,1,long,5.746,4.928,0,0.0,0.0758,0.002374,6.494,2,1
S028,52,S028_052.wav,S028_052_mel.npy,සුගන්ධවත් පුෂ්පයෝ අපගේ සොහොයුරියෝය,සුගන්දවත් කෘෂ්පයෝ අපගේ සොහොයුරෝ ය.,0.75,0.129,1,2,short,6.527,5.376,2,0.336,0.0909,0.003966,5.766,2,0
S028,53,S028_053.wav,S028_053_mel.npy,ගංගාවෝ අපගේ සොහොයුරෝ වෙති,ගංගා වෝ අපගේ සොහොයුරෝවති.,1.0,0.0455,0,2,short,4.153,3.84,1,0.192,0.0742,0.003623,5.729,2,0
S028,54,S028_054.wav,S028_054_mel.npy,නංගී මට නොදී කිසිවක් නොකනවා ඇතැයි මට සිතේ,දංගී මටල් නොදී කිසිවක් නොක නෙවා එතැයි මට සිතේ,0.625,0.1471,1,2,long,7.083,6.187,1,0.544,0.078,0.003916,5.496,2,1
S028,55,S028_055.wav,S028_055_mel.npy,නංගි උදේ පාන්දරින්ම නැගිටියි,නංගි ඉන්දේ පාන්තරින්ම නැගිටි,0.75,0.24,1,2,short,4.039,3.847,0,0.0,0.0626,0.002761,6.498,2,0
S028,56,S028_056.wav,S028_056_mel.npy,ඈ මා ගෙදර යන විට අසනු ඇත,ඈත් ඈවාවා ගෙදර යනවිට කසමින් ඇත.,0.7143,0.5556,2,2,long,4.828,4.604,1,0.192,0.0826,0.003521,3.909,2,1
S028,57,S028_057.wav,S028_057_mel.npy,ගොවිතැන සඳහා භාවිත වන උපකරණ එකින් එක විස්තර කරද්දී ළමයි සාවධානව අසා සිටියහ,ගොවිතන සඳහා භාවිතාවන උපකරන නිකින් එක විස්තර කරද්දී ළමයි පාවදනව අසාසිකියහ.,0.5385,0.1129,1,2,long,12.487,11.136,4,0.216,0.0799,0.002857,5.568,2,1
S028,58,S028_058.wav,S028_058_mel.npy,ළමයි පොල්තෙල් හිඳීමට භාවිත කරන සෙක්කුව අසලට රැස් වූහ,"ළමයි පොල්තයල් හිඳීමට භාවතා කරන,සෙක්කුව අසලට රස්වූප",0.6667,0.1136,1,2,long,6.542,5.984,1,0.32,0.0764,0.003313,7.353,2,1
S028,59,S028_059.wav,S028_059_mel.npy,ඒ ගොල්ලන්ට අලුත් ක්‍රමයක් හොයා ගන්න වෙනවා,ඒ ගොල්ගන්ට අලුත්වමයක් ඔයා ගන්හ වෙනවා.,0.7143,0.2286,1,2,long,4.383,4.0,0,0.0,0.0619,0.004494,8.75,2,1
S028,60,S028_060.wav,S028_060_mel.npy,බොහෝ දෙනෙක් මම එනතුරු බලා ගෙන හිටියා,බොවෝ දෙනෙන නතුරු බලා ගෙන හිටියා,0.5714,0.2,1,2,long,4.722,4.192,1,0.288,0.0616,0.002926,7.156,2,1
S028,61,S028_061.wav,S028_061_mel.npy,මට ආරංචි වුණා රජතුමාගේ ගුහාව ළඟ අනතුරක් කියලා,මට ආරංචිය වුණා රටිතුමාගේ ගුහාව ලග අනතුරක් තියලා,0.5,0.1316,1,2,long,6.002,5.696,0,0.0,0.0816,0.003053,6.671,2,1
S028,62,S028_062.wav,S028_062_mel.npy,පැය අටකට පසු ඔවුන්ට පියාපත් සලන හඬක් ඇසිණි,පැය අටකට පසු ඔවුන්ට කියාපත් සලන හඬක් පැසිණින්,0.25,0.1429,1,1,long,5.774,5.184,0,0.0,0.0882,0.003905,6.752,2,1
S028,63,S028_063.wav,S028_063_mel.npy,මිනිසුන් ගැන විස්තර දැනගන්න බොහෝ ක්‍රම තියෙනවා,නිනිසුන් ගැන විශ්තර දැන ගන්න බොහෝ ප්‍රමතියනවා,0.8571,0.1,0,2,long,5.188,4.644,2,0.256,0.0742,0.003007,8.614,2,1
S028,64,S028_064.wav,S028_064_mel.npy,ඔබට දින හතරක් දෙමි,ඔපට දින හතරක් දෙමි.,0.25,0.0667,0,1,short,2.56,2.176,0,0.0,0.0568,0.003648,6.893,2,0
S028,65,S028_065.wav,S028_065_mel.npy,ඇදුරුතුමා බෙහෙවින් සතුටට පත් විය,ඇදුරුතුමා භේවින් සතුරට පත්විය,0.8,0.1429,1,2,short,3.868,3.328,0,0.0,0.0673,0.001929,8.413,2,0
S028,66,S028_066.wav,S028_066_mel.npy,ඔබට පේන්නේ කුමක්දැයි මම ඇසුවෙමි,ඔබට පේන්නේ කුමක්දයි මම උසුවෙමි.,0.4,0.0741,0,1,short,3.499,3.168,0,0.0,0.0751,0.002916,8.523,2,0
S028,67,S028_067.wav,S028_067_mel.npy,මෙතැන තමයි හොඳම තැන,නැතැන තමයි හොඳම තන්න,0.5,0.25,1,2,short,1.991,1.895,0,0.0,0.0521,0.002731,8.443,2,0
S028,68,S028_068.wav,S028_068_mel.npy,ඇය කාචය සකස් කර නැවත බැලූවාය,ඇය කාච්චේ සකස් කර නහත බැනුවා,0.5,0.3478,1,2,long,3.3,2.976,0,0.0,0.0726,0.003048,7.728,2,1
S029,1,S029_001.wav,S029_001_mel.npy,යාළුවෝ හැමදෙනාම නිදහස් උත්සවය බැලුවා,යාළුවෝ හැමදෙනාම නිදාත් කුත්සයේ වැලු,0.6,0.2812,1,2,short,3.67,3.424,0,0.0,0.1345,0.002268,9.346,2,0
S029,2,S029_002.wav,S029_002_mel.npy,කවිඳු යාළුවොත් එක්ක මිදුලේ සෙල්ලම් කරමින් සිටියා,කවිදු යාළුවොත් එක මිදුලේ සෙල්නම් කරමින් සිටියක්.,0.5714,0.1429,1,2,long,4.237,3.648,0,0.0,0.1056,0.002808,11.513,2,1
S029,3,S029_003.wav,S029_003_mel.npy,අපේ රටේ නිදහස් උත්සවය,අපේ රටේ නිදහතුස්වෙ,0.5,0.3333,1,2,short,2.8,2.336,1,0.192,0.1535,0.003411,7.705,2,0
S029,4,S029_004.wav,S029_004_mel.npy,මම කෝෂය ඇතුලේ සති දෙකක් විතර හිටියා,මම කෝෂය ඇතුළේ සති දෙකක් විතර හිටියක්,0.1429,0.069,0,1,long,4.313,3.616,0,0.0,0.1133,0.002844,8.02,2,1
S029,5,S029_005.wav,S029_005_mel.npy,පොත් කියවීමෙන් මිනිසා සම්පූර්ණ වේ,පොත් කියැවි මෙම් මිනිසා සබූන් හැවි,0.8,0.3448,1,2,short,3.178,2.698,0,0.0,0.1368,0.001392,10.749,2,0
S029,6,S029_006.wav,S029_006_mel.npy,මුහුද හරිම ලස්සනයි,මූද මුහුද හරිම ලසදර,0.6667,0.5,2,2,short,2.762,2.496,0,0.0,0.0986,0.002888,6.41,2,0
S029,7,S029_007.wav,S029_007_mel.npy,හැමෝම එකට අත් අල්ලා ගන්න,හැමෝම එකට අත්අල්ලා ගන්න.,0.4,0.0,0,1,short,2.648,2.336,0,0.0,0.1049,0.00363,8.562,2,0
S029,8,S029_008.wav,S029_008_mel.npy,මම එහෙනම් නාගෙන එන්නම්,මම හෙනම් නාගෙන එන්නම්,0.25,0.0526,0,1,short,3.102,2.272,0,0.0,0.1226,0.003466,8.363,2,0
S029,9,S029_009.wav,S029_009_mel.npy,අපි අද පොල් කැඩුවා,අපිය ද පොල් කෙනවා,0.75,0.2667,1,2,short,1.778,1.568,0,0.0,0.1063,0.005103,9.566,2,0
S029,10,S029_010.wav,S029_010_mel.npy,"ඇයි හිනා වෙන්නේ, මට රජ වෙන්න බැරිද",ඇයි කිනාවෙන්නෙ මට රචවෙන්න පැරෙකෝ.,0.7143,0.2593,1,2,long,4.394,3.744,1,0.288,0.109,0.003572,7.479,2,1
S029,11,S029_011.wav,S029_011_mel.npy,දුව සටහන් පොතේ මොනවාද ලියා ගත්තේ,දුව සටහන් පොතේ මොනුමද ප්‍රියාගත්තේ,0.5,0.2222,1,2,long,6.053,5.216,0,0.0,0.1123,0.001209,5.176,2,1
S029,12,S029_012.wav,S029_012_mel.npy,ඉතින් මෙච්චර පරක්කු වුනේ ඇයි,ඉකින් මෙචෙර පරක්වුණේ ඇයි,0.8,0.2083,1,2,short,2.913,2.4,0,0.0,0.1405,0.002146,10.0,2,0
S029,13,S029_013.wav,S029_013_mel.npy,දවසක් අම්මා අශ්ව පැටියාගෙන් උදව්වක් ඉල්ලුවා,දවසක් මං මාස්ව පැටියාගෙන් උදව්ව කිල්ව,0.6667,0.2368,1,2,long,5.069,4.525,0,0.0,0.1346,0.002736,8.397,2,1
S029,14,S029_014.wav,S029_014_mel.npy,ඔය ගඟ හරි ගැඹුරුයි,ඔය කක හරි ගැඹුරු,0.5,0.2667,1,2,short,1.854,1.726,0,0.0,0.1127,0.002741,8.692,2,0
S029,15,S029_015.wav,S029_015_mel.npy,අශ්ව පැටියා ඉක්මනින් ගෙදර එනවා දැකලා අම්මා පුදුම වුනා,අස්ව පැටියා ඉමනිම ගෙදර ගෙදරනවා දැකළ අමා පුදුම වුණා,0.5556,0.2667,1,2,long,7.377,6.353,4,0.216,0.1072,0.00258,7.083,2,1
S029,16,S029_016.wav,S029_016_mel.npy,"සිටුතුමනි, අපට අනුකම්පා කරනු මැනවි",සිටුතුවනි අපට අනුකක්පා කරමු මැනැවි.,0.8,0.1379,1,2,short,4.548,4.196,1,0.192,0.1092,0.002674,7.15,2,0
S029,17,S029_017.wav,S029_017_mel.npy,බරෙන් වැඩි වන්නේ ගසක මුල කොටසද,වෙල් බරෙ හ් වැඩිවල්මේ ගසකමුල කොටසද?,0.8333,0.28,1,2,long,5.939,5.428,2,0.256,0.1093,0.00229,4.606,2,1
S029,18,S029_018.wav,S029_018_mel.npy,රයිට් සහෝදරයන්ගේ පියා ඔවුන් පුංචිකාලයේ දී කඩදාසි සහ රබර් පටිවලින් සෙල්ලම් අහස් යානා තනා දුන්නේය,රය්ට් සහෝදරයක්න්ගේ පියා ඕකුච්චි කාලයේදී කනදාති සහ රබල් පටිවලින් සෙල්ලන්මහස් ජානා තනා දුන්නේ ය.,0.8,0.1852,1,2,long,11.955,10.848,2,0.24,0.1272,0.001564,7.467,2,1
S029,19,S029_019.wav,S029_019_mel.npy,පසු කලෙක ඔවුහු බයිසිකල් වැඩ වැඩපොළක් ඇරඹූහ,පසු කාලෙක ඔහු බැසිකල් වැඩපුලක් කරමු,0.8571,0.3611,2,2,long,4.615,4.032,1,0.288,0.1145,0.003126,8.929,2,1
S029,20,S029_020.wav,S029_020_mel.npy,දැන් හැමෝම වාඩිවෙන්න,දැන් හැමෝම වාට්‍රී,0.3333,0.3889,2,1,short,1.929,1.664,0,0.0,0.1071,0.00419,10.817,2,0
S029,21,S029_021.wav,S029_021_mel.npy,අපි ඊළඟ දවසේ තවත් සෙල්ලමක් කරමු,අපි ලග දවසේ තවත්සෙන්ලමක් කරමු.,0.5,0.1154,1,2,long,4.086,3.584,0,0.0,0.1504,0.003384,7.254,2,1
S029,22,S029_022.wav,S029_022_mel.npy,මේ සිහින අප නින්දේ දී දකින සිහින නම් නොවේ,මේ සිහිං අප ඉන්නතේ දේදි දොක්ක සිහිල නම් නොවේ,0.5556,0.303,1,2,long,6.393,5.152,3,0.245,0.1349,0.001325,6.405,2,1
S029,23,S029_023.wav,S029_023_mel.npy,ඇගේ ගම ගිංතොට ය,එගේ ගම කින්තුටය,0.75,0.4167,2,2,short,2.913,2.241,1,0.352,0.1341,0.001581,5.355,2,0
S029,24,S029_024.wav,S029_024_mel.npy,මේ පුංචි දැරිය ඇගේ ප්‍රියතම වැඩිහිටි නෑදෑයා ගැන පසු කලෙක එසේ කීවාය,මේ පුංචි දැරිය ඇගේ පියොතම වැඩිහිටි නෑදෑයා ගැන පසු කාලක එසේ කීවාය.,0.1667,0.1091,1,1,long,9.571,8.547,2,0.48,0.1521,0.001844,6.435,2,1
S029,25,S029_025.wav,S029_025_mel.npy,පින්තූර මගින් කතා කීම ඈත කාලයේ සිට පැවත එන ක්‍රමයකි,පින්තූර මගින් කතාකීම ඇත.කාලයේ සිට පැවැත්ත එන ක්‍රමය.,0.6,0.1429,1,2,long,7.781,6.592,2,0.448,0.1586,0.001875,6.371,2,1
S029,26,S029_026.wav,S029_026_mel.npy,මකුළුවා තණ බිස්සේ හැංගුනා,මකුළුවා තන මිස්සේ හැන්යුණා.,0.5,0.1818,1,2,short,2.762,2.602,0,0.0,0.1242,0.001844,8.456,2,0
S029,27,S029_027.wav,S029_027_mel.npy,එළියේ ලස්සන ගැහැණු ළමයෙක් හිටගෙන හිටියා,එළියේ ලක්සනි ගෑන්ලමික් හිට ගෙන හිටියක්,0.8333,0.2941,1,2,long,3.972,3.62,1,0.256,0.1583,0.001648,9.392,2,1
S029,28,S029_028.wav,S029_028_mel.npy,අතරමගදී ඉතාම භයානක දෙයක් සිදුවුණා,අතර මඟති ඉතාම භයානක දෙයක් සිදුවම,0.6,0.2069,1,2,short,4.388,3.876,0,0.0,0.1431,0.002821,7.481,2,0
S029,29,S029_029.wav,S029_029_mel.npy,සර්පයා මහා විශාලෙට කට ඇරියා,සර්පයා මහා විසාලීට කටවැරියක්,0.6,0.2609,1,2,short,3.897,3.296,1,0.352,0.1588,0.002968,6.978,2,0
S029,30,S029_030.wav,S029_030_mel.npy,ටිකක් හිතලා බලන්නකෝ,ටිකක් හිතලා බලන්නොත්,0.3333,0.1765,1,1,short,2.156,1.984,0,0.0,0.1196,0.003782,8.569,2,0
S029,31,S029_031.wav,S029_031_mel.npy,තනියෙන් ලියන්න,තනින් ලියන්,1.0,0.2308,1,2,short,1.513,1.344,0,0.0,0.1169,0.005534,9.673,2,0
S029,32,S029_032.wav,S029_032_mel.npy,පස්වැනි ගුණාංගය,පස්ටිනි ගුණන්ගේ,1.0,0.3571,2,2,short,1.778,1.472,0,0.0,0.1271,0.006588,9.511,2,0
S029,33,S029_033.wav,S029_033_mel.npy,බරණැස් නුවර සිටුවරයෙක් වාසය කළේය,බණ නැස් මුවර සිට්පූරයාගේ වාත්තේ කළේ,1.0,0.4643,2,2,short,5.107,4.128,2,0.256,0.1465,0.001689,6.783,2,0
S029,34,S029_034.wav,S029_034_mel.npy,නායකතුමා මෙසේ පිළිතුරු දුන්නේය,නායක සිටුතුමා මෙසේ පිළිතුර දුන්නේ,1.0,0.2222,1,2,short,4.237,3.648,1,0.224,0.1204,0.003417,7.401,2,0
S029,35,S029_035.wav,S029_035_mel.npy,තේරවිලි වර්ග කිහිපයක් තිබේ,තේරවිලි වර්ග කිහිපයක් තිබේ.,0.0,0.0,0,0,short,2.762,2.698,0,0.0,0.1151,0.003731,8.526,2,0
S029,36,S029_036.wav,S029_036_mel.npy,අපේ සීයා කතන්දර කීමට සමතෙකි,අපේ සියා කතන්දර කීමට සමතෙන්,0.4,0.1304,1,1,short,4.161,3.776,0,0.0,0.1553,0.00433,6.091,2,0
S029,37,S029_037.wav,S029_037_mel.npy,මේ අය අතරමගදී අම්බලමක නතර වුණා,මේ අය අතර මගරි අම්බලමක නතර වුණා.,0.3333,0.08,0,1,long,4.351,3.679,2,0.256,0.136,0.001697,6.796,2,1
S029,38,S029_038.wav,S029_038_mel.npy,හරි අපූරු කතාවක්,අරිඅපු එහු කතාවන්,1.0,0.3571,2,2,short,2.005,1.632,1,0.192,0.1043,0.001704,8.578,2,0
S029,39,S029_039.wav,S029_039_mel.npy,කටුස්සාගේ කරේ රත්තරන් බැන්දා වගෙයි,කටුස්සාගේ කරේ රත්තරම් මැන්දා වගේ,0.6,0.1667,1,2,short,3.405,3.072,0,0.0,0.1343,0.001891,9.766,2,0
S029,40,S029_040.wav,S029_040_mel.npy,මුල් ගුරුතුමා කීවේය,මුල් ගුරුතුමා කීවිය,0.3333,0.0588,0,1,short,2.648,2.104,0,0.0,0.1095,0.004544,8.079,2,0
S029,41,S029_041.wav,S029_041_mel.npy,අද පුස්තකාල පන්තියක් කරමු,අද පුස්ත කාලේ පන්තියක් කරම්,0.75,0.0909,0,2,short,3.198,2.752,0,0.0,0.1266,0.004328,7.994,2,0
S029,42,S029_042.wav,S029_042_mel.npy,මම ගල්පරයක ඇලී ජීවත් වුනෙමි,මම ගල්පර්යක ඇලී ජීවත් වුනෙන්,0.4,0.1304,1,1,short,4.464,3.904,2,0.192,0.1278,0.001868,5.891,2,0
S029,43,S029_043.wav,S029_043_mel.npy,බෙලි කටුව කතා කරයි,බෙනි කටුව කතා කරයි.,0.25,0.0667,0,1,short,2.383,2.08,1,0.224,0.1218,0.001818,7.212,2,0
S029,44,S029_044.wav,S029_044_mel.npy,සති අන්තේ නිවාඩුවට බිංදුලා ගමේ ගියා,සති අන්තේ නිවාඩුවට බින්දුලා ගමීගියා,0.5,0.1,0,2,long,5.826,5.442,0,0.0,0.1257,0.001665,5.513,2,1
S029,45,S029_045.wav,S029_045_mel.npy,මොනවාද ඒවායේ නම්,මොනවද ඒවයේ නම්,0.6667,0.1429,1,2,short,1.967,1.792,0,0.0,0.1251,0.002718,7.812,2,0
S029,46,S029_046.wav,S029_046_mel.npy,නංගි උත්තර දුන්නා,නංයිය උත්තරෙන දුන්නක්,1.0,0.4,2,2,short,1.589,1.504,0,0.0,0.0899,0.007627,9.973,2,0
S029,47,S029_047.wav,S029_047_mel.npy,පාර කියන අත්තම්මා,පාර්ය කියනාතම්,1.0,0.4667,2,2,short,2.535,2.176,0,0.0,0.1218,0.002692,6.893,2,0
S029,48,S029_048.wav,S029_048_mel.npy,ඇයගේ කැපවීම පුදුමාකාරය,ඇයගේ කැප වීම බුදු බුදුමාකාරය,1.0,0.25,1,2,short,5.334,4.512,1,0.192,0.1414,0.001748,4.433,2,0
S029,49,S029_049.wav,S029_049_mel.npy,මිනිසාගේ පරම යුතුකම මිනිසාට සේවය කිරීම,මිනිසාගේ පරම යුතුකම මිනිසාට සේවය පිරීම,0.1667,0.0303,0,1,long,4.548,4.096,0,0.0,0.128,0.003085,8.057,2,1
S029,50,S029_050.wav,S029_050_mel.npy,අපි මේ වන විට පැය දොළහක් වැඩ කර පැය දොළහක් විවේක ගත්තා,අපි මේ වන විට පැය දොළහක් වැඩු කර පැය දොළහක් විවේක ගත්තක්,0.1667,0.0698,0,1,long,6.999,5.696,2,0.48,0.1333,0.002139,7.549,2,1
S029,51,S029_051.wav,S029_051_mel.npy,අප කවුරුත් පුදුමයට පත්කරමින් ඈට පණ ආවා,අප කවුරුත් පුදුමයට පත් කරමින් එට පණ ආව,0.5714,0.0625,0,2,long,5.296,4.544,1,0.224,0.112,0.002311,7.042,2,1
S029,52,S029_052.wav,S029_052_mel.npy,සුගන්ධවත් පුෂ්පයෝ අපගේ සොහොයුරියෝය,සුගන්තවත් පුස්පයො අපගේ සොහොරියෝ ය.,1.0,0.1613,1,2,short,7.301,5.984,1,0.448,0.1329,0.002805,5.18,2,0
S029,53,S029_053.wav,S029_053_mel.npy,ගංගාවෝ අපගේ සොහොයුරෝ වෙති,ගංගාවූ අපගේ සොහොරිස් සොහොයුරෝ වෙති,0.5,0.4091,2,2,short,6.053,4.928,2,0.288,0.1147,0.003297,4.464,2,0
S029,54,S029_054.wav,S029_054_mel.npy,නංගී මට නොදී කිසිවක් නොකනවා ඇතැයි මට සිතේ,නංගී මට නොදී කිසිවක් නොක්කවනවා ඇතැයි මට සිටේ,0.25,0.1176,1,1,long,5.256,4.968,0,0.0,0.1127,0.001444,6.844,2,1
S029,55,S029_055.wav,S029_055_mel.npy,නංගි උදේ පාන්දරින්ම නැගිටියි,නංගී ඉදේ පාදරීම නැගිටි,1.0,0.36,2,2,short,3.253,2.976,0,0.0,0.1281,0.003608,8.401,2,0
S029,56,S029_056.wav,S029_056_mel.npy,ඈ මා ගෙදර යන විට අසනු ඇත,ඇදල් ඈත් මා ගෙදර යන මිට අසුනු ඇත.,0.5714,0.4444,2,2,long,5.41,4.704,1,0.352,0.1382,0.001656,3.827,2,1
S029,57,S029_057.wav,S029_057_mel.npy,ගොවිතැන සඳහා භාවිත වන උපකරණ එකින් එක විස්තර කරද්දී ළමයි සාවධානව අසා සිටියහ,ගොවි දෙන සගහා භාවිතාවන උපකරන එකින් එක විස්තර කරද්දී ළමයි ස්සාවදානව අතා සිටිහ.,0.5385,0.129,1,2,long,10.895,9.504,4,0.216,0.1211,0.002091,6.524,2,1
S029,58,S029_058.wav,S029_058_mel.npy,ළමයි පොල්තෙල් හිඳීමට භාවිත කරන සෙක්කුව අසලට රැස් වූහ,ළමයි පොර්සේල් කිදීමට භාවිතා කරන සේරුකු අතලට රැස්වූහ.,0.7778,0.25,1,2,long,6.62,5.948,0,0.0,0.1176,0.00225,7.397,2,1
S029,59,S029_059.wav,S029_059_mel.npy,ඒ ගොල්ලන්ට අලුත් ක්‍රමයක් හොයා ගන්න වෙනවා,ඒ ගොල්ඩොන්ට අලු ක්‍රමියක් කොයාගන්න වෙනවා.,0.7143,0.1714,1,2,long,3.79,3.136,1,0.288,0.111,0.003597,11.161,2,1
S029,60,S029_060.wav,S029_060_mel.npy,බොහෝ දෙනෙක් මම එනතුරු බලා ගෙන හිටියා,බොහෝ දෙනෙමා මම එන තුරු බලාගෙන හිපියක්,0.7143,0.1667,1,2,long,5.258,4.81,2,0.208,0.1181,0.002259,6.236,2,1
S029,61,S029_061.wav,S029_061_mel.npy,මට ආරංචි වුණා රජතුමාගේ ගුහාව ළඟ අනතුරක් කියලා,මට ආරංකිවෙනා රජතුමාගේ ගෘහාව උලග අනතුරක් කියල,0.625,0.1579,1,2,long,6.204,5.564,1,0.576,0.1366,0.002147,6.829,2,1
S029,62,S029_062.wav,S029_062_mel.npy,පැය අටකට පසු ඔවුන්ට පියාපත් සලන හඬක් ඇසිණි,හැය අටකට පසු ඔවුන්ටෙ ප්‍රියාපත්සලන හඩක් ඇසි,0.75,0.2286,1,2,long,4.729,4.448,0,0.0,0.1314,0.002702,7.869,2,1
S029,63,S029_063.wav,S029_063_mel.npy,මිනිසුන් ගැන විස්තර දැනගන්න බොහෝ ක්‍රම තියෙනවා,මිනිසුන්ගෙන විස්තර දැනගන්න බොහෝ ක්‍රමතියෙනවා.,0.5714,0.025,0,2,long,5.866,5.13,2,0.272,0.112,0.002112,7.797,2,1
S029,64,S029_064.wav,S029_064_mel.npy,ඔබට දින හතරක් දෙමි,ඔබට දින හතරක් දෙමි,0.0,0.0,0,0,short,2.8,2.48,1,0.32,0.1138,0.002818,6.05,2,0
S029,65,S029_065.wav,S029_065_mel.npy,ඇදුරුතුමා බෙහෙවින් සතුටට පත් විය,ඇදුරු තුමා බෙහෙවින් සතුටට පත් විය.,0.4,0.0,0,1,short,3.556,3.328,0,0.0,0.1066,0.002144,8.413,2,0
S029,66,S029_066.wav,S029_066_mel.npy,ඔබට පේන්නේ කුමක්දැයි මම ඇසුවෙමි,ඔබට පේන්නේ කුමක්දැයි මම සුවෙන්,0.2,0.1111,1,1,short,3.632,3.296,0,0.0,0.1398,0.002765,8.192,2,0
S029,67,S029_067.wav,S029_067_mel.npy,මෙතැන තමයි හොඳම තැන,මෙතෙන තමයි හොදම තැන,0.5,0.125,1,2,short,2.459,2.24,0,0.0,0.1249,0.001809,7.143,2,0
S029,68,S029_068.wav,S029_068_mel.npy,ඇය කාචය සකස් කර නැවත බැලූවාය,ඇය කාචය සකස්කර නැවත මෙලුව,0.5,0.2174,1,2,long,3.967,2.912,0,0.0,0.1456,0.001938,7.898,2,1
S030,1,S030_001.wav,S030_001_mel.npy,යාළුවෝ හැමදෙනාම නිදහස් උත්සවය බැලුවා,යාළුවෝ හැමදෙනාම විදා තෘත්ත්වය බැලුවා,0.4,0.2188,1,1,short,3.152,3.056,0,0.0,0.0972,0.002963,10.471,2,0
S030,2,S030_002.wav,S030_002_mel.npy,කවිඳු යාළුවොත් එක්ක මිදුලේ සෙල්ලම් කරමින් සිටියා,කවිදුයාලුවොත් එක්ක මුදුල්වේ සෙල්ලම් කරමින් චිතියක්.,0.5714,0.1905,1,2,long,3.75,3.52,1,0.192,0.0868,0.003392,11.932,2,1
S030,3,S030_003.wav,S030_003_mel.npy,අපේ රටේ නිදහස් උත්සවය,අපේ රටේ නිදහත් උත්සවය,0.25,0.0556,0,1,short,2.065,1.873,0,0.0,0.0878,0.004492,9.609,2,0
S030,4,S030_004.wav,S030_004_mel.npy,මම කෝෂය ඇතුලේ සති දෙකක් විතර හිටියා,මම කෝෂය ඇපුලේ සති දෙකක් පිතර හිකියා.,0.4286,0.1034,1,2,long,2.88,2.784,0,0.0,0.104,0.003604,10.415,2,1
S030,5,S030_005.wav,S030_005_mel.npy,පොත් කියවීමෙන් මිනිසා සම්පූර්ණ වේ,එපොත් කියවීමෙන් මිනිසා සම්පූර්ණවේ,0.6,0.0345,0,2,short,2.663,2.56,0,0.0,0.0777,0.004999,11.328,2,0
S030,6,S030_006.wav,S030_006_mel.npy,මුහුද හරිම ලස්සනයි,මුද හරිම ලත්න,0.6667,0.375,2,2,short,1.304,1.08,0,0.0,0.077,0.008051,14.81,2,0
S030,7,S030_007.wav,S030_007_mel.npy,හැමෝම එකට අත් අල්ලා ගන්න,එම මේකට අත් යල්ලා ගන්න,0.6,0.25,1,2,short,2.554,2.362,1,0.192,0.097,0.004159,8.466,2,0
S030,8,S030_008.wav,S030_008_mel.npy,මම එහෙනම් නාගෙන එන්නම්,මම එහෙනම් ලාගෙන එන්නා.,0.5,0.1579,1,2,short,2.011,1.755,0,0.0,0.0816,0.00351,10.827,2,0
S030,9,S030_009.wav,S030_009_mel.npy,අපි අද පොල් කැඩුවා,අපි ඇද පොල් කැඩුව,0.5,0.1333,1,2,short,1.522,1.344,0,0.0,0.081,0.007076,11.161,2,0
S030,10,S030_010.wav,S030_010_mel.npy,"ඇයි හිනා වෙන්නේ, මට රජ වෙන්න බැරිද",ඇය හිනා වෙන්නේ මට රජ වෙන්න ගැරිද?,0.2857,0.0741,0,1,long,2.826,2.432,1,0.192,0.0826,0.002434,11.513,2,1
S030,11,S030_011.wav,S030_011_mel.npy,දුව සටහන් පොතේ මොනවාද ලියා ගත්තේ,දුව සැටහන් පොතේ මොනවාද ලියා ගත්තෙ,0.3333,0.0741,0,1,long,2.717,2.656,0,0.0,0.0911,0.003104,10.166,2,1
S030,12,S030_012.wav,S030_012_mel.npy,ඉතින් මෙච්චර පරක්කු වුනේ ඇයි,ඉතිං කොච්චර පාමිච්චර පරක් වුණා එයි,1.0,0.5417,2,2,short,3.152,2.848,0,0.0,0.0966,0.002717,8.427,2,0
S030,13,S030_013.wav,S030_013_mel.npy,දවසක් අම්මා අශ්ව පැටියාගෙන් උදව්වක් ඉල්ලුවා,දව්සක්කම්ම අශ්‍ය පැටියාගෙන් උදව්වක් එගුව,0.6667,0.2632,1,2,long,3.37,3.136,0,0.0,0.1017,0.002775,12.117,2,1
S030,14,S030_014.wav,S030_014_mel.npy,ඔය ගඟ හරි ගැඹුරුයි,ගොයගංග හරි කැපුරු වෙන්,1.0,0.6667,2,2,short,1.293,1.229,0,0.0,0.0914,0.002124,12.206,2,0
S030,15,S030_015.wav,S030_015_mel.npy,අශ්ව පැටියා ඉක්මනින් ගෙදර එනවා දැකලා අම්මා පුදුම වුනා,අශපැටියා ඉක්මනින් ගෙදරෙනවා දැකලා අමා පුදුම වුණා.,0.5556,0.1111,1,2,long,4.2,3.816,2,0.176,0.0972,0.001329,11.793,2,1
S030,16,S030_016.wav,S030_016_mel.npy,"සිටුතුමනි, අපට අනුකම්පා කරනු මැනවි",පිට තුමනි අපට අනුකම්පා කරනු මනවි.,0.6,0.1034,1,2,short,3.083,2.763,1,0.32,0.0923,0.002522,10.858,2,0
S030,17,S030_017.wav,S030_017_mel.npy,බරෙන් වැඩි වන්නේ ගසක මුල කොටසද,බේරෙන්නේ වැඩි වන්නේ ගසක මුල කොටසද?,0.1667,0.12,1,1,long,2.935,2.647,0,0.0,0.0893,0.002421,9.445,2,1
S030,18,S030_018.wav,S030_018_mel.npy,රයිට් සහෝදරයන්ගේ පියා ඔවුන් පුංචිකාලයේ දී කඩදාසි සහ රබර් පටිවලින් සෙල්ලම් අහස් යානා තනා දුන්නේය,රෛච් හෝදරයන්ගේ පියාවුන් කුන්චි කාලයේ දිත් රටදාසි හා සා හා රබර පටිවරින් සෙල්ලම් මහස්‍යානා තනා දුන්නේය.,0.9333,0.2593,1,2,long,9.565,8.541,3,0.299,0.0991,0.001753,9.483,2,1
S030,19,S030_019.wav,S030_019_mel.npy,පසු කලෙක ඔවුහු බයිසිකල් වැඩ වැඩපොළක් ඇරඹූහ,පසු කාලික ඔහු රිසි කල් වෙඩ පොලත්තේ ඇරපුව,1.0,0.4444,2,2,long,3.75,3.494,1,0.16,0.0987,0.002257,10.303,2,1
S030,20,S030_020.wav,S030_020_mel.npy,දැන් හැමෝම වාඩිවෙන්න,දෙන් හැමුම වාටුවෙන්,1.0,0.2778,1,2,short,1.413,1.28,0,0.0,0.0832,0.006063,14.062,2,0
S030,21,S030_021.wav,S030_021_mel.npy,අපි ඊළඟ දවසේ තවත් සෙල්ලමක් කරමු,නා පීලග දවසේ තවොත් එල්ලමක් කරමු.,0.6667,0.3077,1,2,long,2.609,2.481,0,0.0,0.1046,0.003419,10.481,2,1
S030,22,S030_022.wav,S030_022_mel.npy,මේ සිහින අප නින්දේ දී දකින සිහින නම් නොවේ,මේ සිහින අප නිදන්නේ ජී දකින සිහිනං නොවේ,0.4444,0.1818,1,2,long,3.424,3.328,0,0.0,0.0928,0.002971,9.916,2,1
S030,23,S030_023.wav,S030_023_mel.npy,ඇගේ ගම ගිංතොට ය,ඇගේ ගම හිගුගන් තොටය.,0.5,0.5,2,2,short,2.337,1.952,0,0.0,0.1072,0.004229,6.148,2,0
S030,24,S030_024.wav,S030_024_mel.npy,මේ පුංචි දැරිය ඇගේ ප්‍රියතම වැඩිහිටි නෑදෑයා ගැන පසු කලෙක එසේ කීවාය,මේ පුංචි දැරි ඇගේ ප්‍රියතම වැඩිවිටි නැදැයා ගැන පසුකාලික එසේ කීවාර.,0.5,0.1273,1,2,long,5.958,5.344,1,0.224,0.1049,0.00165,10.292,2,1
S030,25,S030_025.wav,S030_025_mel.npy,පින්තූර මගින් කතා කීම ඈත කාලයේ සිට පැවත එන ක්‍රමයකි,පින්තූර මගින් කතා කීම ඈත කාලයේ සිට පැවත එන ක්‍රමයකි.,0.0,0.0,0,0,long,4.783,4.367,2,0.176,0.0994,0.002311,9.618,2,1
S030,26,S030_026.wav,S030_026_mel.npy,මකුළුවා තණ බිස්සේ හැංගුනා,ඉමකුළුවා තන බිත්සේ හැඟුණා.,0.75,0.1818,1,2,short,1.957,1.893,0,0.0,0.0902,0.004536,11.624,2,0
S030,27,S030_027.wav,S030_027_mel.npy,එළියේ ලස්සන ගැහැණු ළමයෙක් හිටගෙන හිටියා,එළියේ රස්සන ගෑනු ලමය කිටගෙන හිටියා,0.6667,0.2059,1,2,long,3.043,2.948,0,0.0,0.097,0.003206,11.535,2,1
S030,28,S030_028.wav,S030_028_mel.npy,අතරමගදී ඉතාම භයානක දෙයක් සිදුවුණා,අතර මගදී ඉතාම්ම බයානකදයක් සිදුවුණ.,1.0,0.1379,1,2,short,2.989,2.797,0,0.0,0.0945,0.002964,10.368,2,0
S030,29,S030_029.wav,S030_029_mel.npy,සර්පයා මහා විශාලෙට කට ඇරියා,තර්පයා මහා විශාල්කට ඇදියා,0.8,0.1739,1,2,short,2.446,2.286,1,0.16,0.1144,0.004365,10.063,2,0
S030,30,S030_030.wav,S030_030_mel.npy,ටිකක් හිතලා බලන්නකෝ,එකක් කිතරා බලන්නකු,1.0,0.2941,1,2,short,1.957,1.605,0,0.0,0.0989,0.005464,10.595,2,0
S030,31,S030_031.wav,S030_031_mel.npy,තනියෙන් ලියන්න,තනියෙන් රියන්න,0.5,0.0769,0,2,short,1.304,1.24,0,0.0,0.0906,0.004994,10.481,2,0
S030,32,S030_032.wav,S030_032_mel.npy,පස්වැනි ගුණාංගය,පස්සනි ගුණාඟ,1.0,0.3571,2,2,short,1.304,1.176,0,0.0,0.0843,0.004641,11.901,2,0
S030,33,S030_033.wav,S030_033_mel.npy,බරණැස් නුවර සිටුවරයෙක් වාසය කළේය,බරණැස් නුවර සිටුවෙක් සිටුවරෙක් වාසය කළේ ය.,0.8,0.3214,1,2,short,3.967,3.615,1,0.224,0.0987,0.003341,7.745,2,0
S030,34,S030_034.wav,S030_034_mel.npy,නායකතුමා මෙසේ පිළිතුරු දුන්නේය,ස්නායකයා සිතුතුමා මෙසේ පිළිසිදු තුන්නේය.,1.0,0.4444,2,2,short,3.37,3.264,0,0.0,0.106,0.004073,8.272,2,0
S030,35,S030_035.wav,S030_035_mel.npy,තේරවිලි වර්ග කිහිපයක් තිබේ,තේරුවිලි වර්ග කීපයක් තිබේ.,0.5,0.1739,1,2,short,1.957,1.925,0,0.0,0.0848,0.002585,11.951,2,0
S030,36,S030_036.wav,S030_036_mel.npy,අපේ සීයා කතන්දර කීමට සමතෙකි,අපැ තියා කතන්දර කීමට සමත එකි.,0.8,0.1739,1,2,short,2.826,2.73,0,0.0,0.1024,0.0022,8.425,2,0
S030,37,S030_037.wav,S030_037_mel.npy,මේ අය අතරමගදී අම්බලමක නතර වුණා,ඒ මේ අය අතර ගමගදී අම්බලමක් තන්නතර උනා.,1.0,0.32,1,2,long,5.054,4.736,1,0.224,0.1029,0.003523,5.279,2,1
S030,38,S030_038.wav,S030_038_mel.npy,හරි අපූරු කතාවක්,හරි අපූරු කතාවක්.,0.0,0.0,0,0,short,1.371,1.211,0,0.0,0.112,0.002647,11.564,2,0
S030,39,S030_039.wav,S030_039_mel.npy,කටුස්සාගේ කරේ රත්තරන් බැන්දා වගෙයි,කටුස්සාගේ කරේ රත්තවම් බැඳාවගේ,0.6,0.2667,1,2,short,2.5,2.372,0,0.0,0.0996,0.003692,12.648,2,0
S030,40,S030_040.wav,S030_040_mel.npy,මුල් ගුරුතුමා කීවේය,මුලු ගුරුතුමක් ඊවේ.,1.0,0.2941,1,2,short,2.228,2.036,0,0.0,0.0862,0.003794,8.348,2,0
S030,41,S030_041.wav,S030_041_mel.npy,අද පුස්තකාල පන්තියක් කරමු,අද පුෂ්තකාල පන්තියේ පන්තියක් කරමු,0.5,0.3636,2,2,short,3.967,3.455,1,0.256,0.0923,0.003313,6.367,2,0
S030,42,S030_042.wav,S030_042_mel.npy,මම ගල්පරයක ඇලී ජීවත් වුනෙමි,මම ගල් පරයක් තරී ජීවත් උනෙමීම,0.8,0.3043,1,2,short,2.826,2.762,0,0.0,0.0869,0.003564,8.327,2,0
S030,43,S030_043.wav,S030_043_mel.npy,බෙලි කටුව කතා කරයි,නෙලි කටුම් පතා කරයි.,0.75,0.2667,1,2,short,1.685,1.504,0,0.0,0.0927,0.001565,9.973,2,0
S030,44,S030_044.wav,S030_044_mel.npy,සති අන්තේ නිවාඩුවට බිංදුලා ගමේ ගියා,අති අන්තේ නිවාරුක් වින්දුලාගමෙක් යම්,0.8333,0.4,2,2,long,2.663,2.599,0,0.0,0.0986,0.002916,11.543,2,1
S030,45,S030_045.wav,S030_045_mel.npy,මොනවාද ඒවායේ නම්,මුනවාද ඒවායේ නම්,0.3333,0.0714,0,1,short,2.47,2.08,1,0.224,0.1068,0.004611,6.731,2,0
S030,46,S030_046.wav,S030_046_mel.npy,නංගි උත්තර දුන්නා,නංගේ තර දූන්න ආප්න.,1.0,0.6,2,2,short,1.698,1.378,0,0.0,0.0974,0.005891,10.887,2,0
S030,47,S030_047.wav,S030_047_mel.npy,පාර කියන අත්තම්මා,පාර් කියන අත්තාම,0.6667,0.2667,1,2,short,1.41,1.378,0,0.0,0.1064,0.003643,10.882,2,0
S030,48,S030_048.wav,S030_048_mel.npy,ඇයගේ කැපවීම පුදුමාකාරය,අයගේ කැපවීම මුදු කාරය,1.0,0.2,1,2,short,2.386,2.194,1,0.192,0.108,0.002202,9.117,2,0
S030,49,S030_049.wav,S030_049_mel.npy,මිනිසාගේ පරම යුතුකම මිනිසාට සේවය කිරීම,මිනිසාගේ පරම යුතුකම මිනිසාටතේවය කිරීම,0.3333,0.0303,0,1,long,4.91,4.366,2,0.272,0.0951,0.002653,7.558,2,1
S030,50,S030_050.wav,S030_050_mel.npy,අපි මේ වන විට පැය දොළහක් වැඩ කර පැය දොළහක් විවේක ගත්තා,අපි මේ වන විට පේ දොළහක් වඩ කර පැ දොළහක් වේ විවේකය ගත්තා.,0.4167,0.1628,1,2,long,5.329,4.785,1,0.224,0.106,0.00217,8.986,2,1
S030,51,S030_051.wav,S030_051_mel.npy,අප කවුරුත් පුදුමයට පත්කරමින් ඈට පණ ආවා,පුදුම යාට පත් කරමින් යාට පනක ආවා.,0.8571,0.4062,2,2,long,4.479,4.063,1,0.256,0.1022,0.001839,7.875,2,1
S030,52,S030_052.wav,S030_052_mel.npy,සුගන්ධවත් පුෂ්පයෝ අපගේ සොහොයුරියෝය,අසුගන්ධවත් කුෂ්පයෝ ඇබ අපගේ සහෝරුවිය,1.0,0.3226,1,2,short,4.401,4.0,1,0.224,0.1078,0.004309,7.75,2,0
S030,53,S030_053.wav,S030_053_mel.npy,ගංගාවෝ අපගේ සොහොයුරෝ වෙති,ගංගාවෝ අප ගේ සහොරුයෝවති,0.75,0.1818,1,2,short,2.599,2.56,0,0.0,0.0909,0.00447,8.594,2,0
S030,54,S030_054.wav,S030_054_mel.npy,නංගී මට නොදී කිසිවක් නොකනවා ඇතැයි මට සිතේ,නංගී මට නොදී කිසිවත් නොකවා ඇතැයි මට සිතෙයි.,0.375,0.1471,1,1,long,3.748,3.492,1,0.192,0.1113,0.003936,9.736,2,1
S030,55,S030_055.wav,S030_055_mel.npy,නංගි උදේ පාන්දරින්ම නැගිටියි,එනංගී උදේ පාන්දරින්මට එක්ටි,0.75,0.32,1,2,short,2.246,2.112,0,0.0,0.1003,0.002434,11.837,2,0
S030,56,S030_056.wav,S030_056_mel.npy,ඈ මා ගෙදර යන විට අසනු ඇත,ඇය මාගෙදර යනවිජාස අනු ඇත,0.8571,0.2778,1,2,long,3.581,3.04,1,0.192,0.1088,0.003867,5.921,2,1
S030,57,S030_057.wav,S030_057_mel.npy,ගොවිතැන සඳහා භාවිත වන උපකරණ එකින් එක විස්තර කරද්දී ළමයි සාවධානව අසා සිටියහ,ගොවිතැන සඳහාභාවිතාවන උපකරනයකින් එක විස්තර් කරදී ළම සවාදන ව අසාසිකියහ.,0.8462,0.1774,1,2,long,6.935,6.487,2,0.208,0.0961,0.001937,9.558,2,1
S030,58,S030_058.wav,S030_058_mel.npy,ළමයි පොල්තෙල් හිඳීමට භාවිත කරන සෙක්කුව අසලට රැස් වූහ,ළමයි පොල්ථයල් විහිවි හිදීමට භාවිදා කරනසෙක්කු අසරට රැත්වූව,0.8889,0.3182,1,2,long,5.839,5.344,0,0.0,0.0961,0.003213,8.234,2,1
S030,59,S030_059.wav,S030_059_mel.npy,ඒ ගොල්ලන්ට අලුත් ක්‍රමයක් හොයා ගන්න වෙනවා,ඒ ගොල්ලන්ට ආලුත්ම ක්‍රමයක් ඔයාගන්න වෙනවා.,0.4286,0.1143,1,2,long,2.847,2.624,0,0.0,0.095,0.002318,13.338,2,1
S030,60,S030_060.wav,S030_060_mel.npy,බොහෝ දෙනෙක් මම එනතුරු බලා ගෙන හිටියා,බොහෝ දෙනෙක් මම එනතුරු බලා වෙන හිකියි.,0.2857,0.1,0,1,long,2.777,2.553,0,0.0,0.0949,0.003544,11.749,2,1
S030,61,S030_061.wav,S030_061_mel.npy,මට ආරංචි වුණා රජතුමාගේ ගුහාව ළඟ අනතුරක් කියලා,රෙජිතුමාගේ ගොහාව ලගන්තුන කියලා.,0.875,0.4737,2,2,long,4.244,3.988,1,0.192,0.1029,0.003149,9.528,2,1
S030,62,S030_062.wav,S030_062_mel.npy,පැය අටකට පසු ඔවුන්ට පියාපත් සලන හඬක් ඇසිණි,පෙය අටකට පසුවුම්ට අයිපියා පත්සලන අඬක් ඇසිනි.,0.75,0.2,1,2,long,4.153,3.513,1,0.32,0.106,0.004034,9.963,2,1
S030,63,S030_063.wav,S030_063_mel.npy,මිනිසුන් ගැන විස්තර දැනගන්න බොහෝ ක්‍රම තියෙනවා,නිවිංශූන් ගැනවිස්තර දෙනගන්න බොහෝ ක්‍රම තියෙනවා.,0.5714,0.15,1,2,long,2.86,2.828,0,0.0,0.094,0.002271,14.144,2,1
S030,64,S030_064.wav,S030_064_mel.npy,ඔබට දින හතරක් දෙමි,ඔබට දින අතරක් දෙමි.,0.25,0.0667,0,1,short,2.363,2.011,2,0.176,0.0921,0.002652,7.46,2,0
S030,65,S030_065.wav,S030_065_mel.npy,ඇදුරුතුමා බෙහෙවින් සතුටට පත් විය,ඇතුරු තුමා බෙහෙවින් සතුට්ට පතියට,1.0,0.1786,1,2,short,2.638,2.606,0,0.0,0.1035,0.003056,10.744,2,0
S030,66,S030_066.wav,S030_066_mel.npy,ඔබට පේන්නේ කුමක්දැයි මම ඇසුවෙමි,ඔබට පෙනෙන්යේ කුමන දෙයි මම එසුවෙමි.,0.8,0.2963,1,2,short,2.716,2.524,1,0.192,0.088,0.001668,10.696,2,0
S030,67,S030_067.wav,S030_067_mel.npy,මෙතැන තමයි හොඳම තැන,මිතන තම නොදම තැන,0.75,0.375,2,2,short,1.645,1.55,0,0.0,0.0902,0.005122,10.326,2,0
S030,68,S030_068.wav,S030_068_mel.npy,ඇය කාචය සකස් කර නැවත බැලූවාය,ඇය කාචය සකස්කර නෙවත මෙලුවා ය.,0.6667,0.1739,1,2,long,2.995,2.848,0,0.0,0.1059,0.004513,8.076,2,1
S031,1,S031_001.wav,S031_001_mel.npy,යාළුවෝ හැමදෙනාම නිදහස් උත්සවය බැලුවා,යාළුවෝ ඇම දෙනාම නිදාත් සුස්වයට ලැබුවා,1.0,0.3438,1,2,short,5.376,4.64,2,0.336,0.0776,0.002762,6.897,0,0
S031,2,S031_002.wav,S031_002_mel.npy,කවිඳු යාළුවොත් එක්ක මිදුලේ සෙල්ලම් කරමින් සිටියා,කමිදු යාලුවොත් එක මිදුලේ සෙල්ලම් ප්‍රමින්,0.5714,0.3095,1,2,long,4.971,4.448,1,0.288,0.0855,0.001575,9.442,0,1
S031,3,S031_003.wav,S031_003_mel.npy,අපේ රටේ නිදහස් උත්සවය,අපේ රටේ නිදා කුස්සවය,0.5,0.2778,1,2,short,3.52,2.944,1,0.416,0.1001,0.001971,6.114,0,0
S031,4,S031_004.wav,S031_004_mel.npy,මම කෝෂය ඇතුලේ සති දෙකක් විතර හිටියා,මම කෝෂය ඇතුළේ නෙසති දෙකක් විතර හිටියක්.,0.2857,0.1379,1,1,long,6.464,5.344,2,0.528,0.1224,0.00355,5.427,0,1
S031,5,S031_005.wav,S031_005_mel.npy,පොත් කියවීමෙන් මිනිසා සම්පූර්ණ වේ,පොත්න් කියවීමෙන් මිනිසාට සම්පූර්ණ වේ.,0.4,0.1034,1,1,short,6.677,5.664,3,0.245,0.1046,0.002897,5.12,0,0
S031,6,S031_006.wav,S031_006_mel.npy,මුහුද හරිම ලස්සනයි,ඌදේ හරිම ලස්සනයි.,0.3333,0.3125,1,1,short,3.477,3.061,0,0.0,0.1136,0.005124,5.226,0,0
S031,7,S031_007.wav,S031_007_mel.npy,හැමෝම එකට අත් අල්ලා ගන්න,හැමෝම එකට අතල්ලාගෙන් අතල්ලාගනිමු,0.6,0.55,2,2,short,5.312,4.544,2,0.272,0.0802,0.004837,4.401,0,0
S031,8,S031_008.wav,S031_008_mel.npy,මම එහෙනම් නාගෙන එන්නම්,මම එක් ඒ ඒ නම් නාගෙන එන්නම්,1.0,0.2105,1,2,short,7.125,5.504,4,0.336,0.0788,0.004075,3.452,0,0
S031,9,S031_009.wav,S031_009_mel.npy,අපි අද පොල් කැඩුවා,අපි අද පොල් කැඩු කැඩු කැඩුවා,0.5,0.5333,2,2,short,7.403,5.184,6,0.277,0.0858,0.003964,2.894,0,0
S031,10,S031_010.wav,S031_010_mel.npy,"ඇයි හිනා වෙන්නේ, මට රජ වෙන්න බැරිද",ඇයි හිනා වෙන්නේ මට රජුරුවෙන් බැරිවූද?,0.4286,0.2222,1,2,long,9.131,5.792,6,0.379,0.0796,0.002209,4.834,0,1
S031,11,S031_011.wav,S031_011_mel.npy,දුව සටහන් පොතේ මොනවාද ලියා ගත්තේ,දුව සටහන් පොතේ මොන වාද ලියා ගත්තේ,0.3333,0.0,0,1,long,6.933,5.312,2,0.4,0.0823,0.003111,5.083,0,1
S031,12,S031_012.wav,S031_012_mel.npy,ඉතින් මෙච්චර පරක්කු වුනේ ඇයි,ඉතින් මෙචර පරක්කුවූයේ ඇයි,0.6,0.1667,1,2,short,6.592,3.968,3,0.448,0.0848,0.003275,6.048,0,0
S031,13,S031_013.wav,S031_013_mel.npy,දවසක් අම්මා අශ්ව පැටියාගෙන් උදව්වක් ඉල්ලුවා,දාවසක්කමා අශ්වයා අශ්වපැටියේයගෙන් උදව්වා කිල්ලුවා,1.0,0.3158,1,2,long,9.941,7.125,3,0.565,0.1044,0.003509,5.333,0,1
S031,14,S031_014.wav,S031_014_mel.npy,ඔය ගඟ හරි ගැඹුරුයි,ඔයා ගංග හරි හරි ගැඹුරාහි,1.0,0.5333,2,2,short,5.056,3.936,3,0.373,0.0928,0.004483,3.811,0,0
S031,15,S031_015.wav,S031_015_mel.npy,අශ්ව පැටියා ඉක්මනින් ගෙදර එනවා දැකලා අම්මා පුදුම වුනා,අශ්ව පැටියා ඉක්මනින් ගෙදර එනවා දෙකලා අම්මා පුදුම වුණා.,0.1111,0.0222,0,1,long,9.664,7.712,3,0.288,0.0861,0.002496,5.835,0,1
S031,16,S031_016.wav,S031_016_mel.npy,"සිටුතුමනි, අපට අනුකම්පා කරනු මැනවි",සිටුතුමයින් අප අනුකම්පා කරන මෙනවි.,0.8,0.2069,1,2,short,9.024,6.08,4,0.496,0.0854,0.002411,4.934,0,0
S031,17,S031_017.wav,S031_017_mel.npy,බරෙන් වැඩි වන්නේ ගසක මුල කොටසද,බර්යෙන් වැඩි වන්නේ ගසක මුල් කොටසද,0.3333,0.12,1,1,long,8.853,6.272,5,0.442,0.1046,0.002615,3.986,0,1
S031,18,S031_018.wav,S031_018_mel.npy,රයිට් සහෝදරයන්ගේ පියා ඔවුන් පුංචිකාලයේ දී කඩදාසි සහ රබර් පටිවලින් සෙල්ලම් අහස් යානා තනා දුන්නේය,රයි සහෝද්‍රයාන්ගේ පියා ඔන් පුංචි කාලේදී කඩළ්දාසි සහ රබර් පටවලින් සෙල්ලම් සෙල්ලම් අහස්යාන තනාදුන්නේය.,0.7333,0.2346,1,2,long,22.869,15.552,9,0.764,0.102,0.00165,5.208,0,1
S031,19,S031_019.wav,S031_019_mel.npy,පසු කලෙක ඔවුහු බයිසිකල් වැඩ වැඩපොළක් ඇරඹූහ,පසු කාලයේදී ඔහුන් බයි සිකල් වැඩ පොළට රන්බුහ.,0.8571,0.4722,2,2,long,11.989,8.704,5,0.307,0.0889,0.003328,4.136,0,1
S031,20,S031_020.wav,S031_020_mel.npy,දැන් හැමෝම වාඩිවෙන්න,දැන් එමෝම වාඩිවෙන්න,0.3333,0.1111,1,1,short,3.349,2.464,1,0.352,0.0655,0.005671,7.305,0,0
S031,21,S031_021.wav,S031_021_mel.npy,අපි ඊළඟ දවසේ තවත් සෙල්ලමක් කරමු,අපි ඊළඟ දවසේ වඩාත් සෙල්ලම් කරමු,0.3333,0.1538,1,1,long,6.827,4.971,3,0.427,0.1125,0.001903,5.231,0,1
S031,22,S031_022.wav,S031_022_mel.npy,මේ සිහින අප නින්දේ දී දකින සිහින නම් නොවේ,මේ සා මිස් සහින අපි නිදනින්දේදී දකින සිහින නම් නොවේ,0.5556,0.2727,1,2,long,15.104,10.432,10,0.432,0.1239,0.003593,3.163,0,1
S031,23,S031_023.wav,S031_023_mel.npy,ඇගේ ගම ගිංතොට ය,ඇඟේ ගමා ගියගින්තෝ තොටටයි,1.0,0.9167,2,2,short,8.832,4.832,6,0.635,0.0869,0.0025,2.483,0,0
S031,24,S031_024.wav,S031_024_mel.npy,මේ පුංචි දැරිය ඇගේ ප්‍රියතම වැඩිහිටි නෑදෑයා ගැන පසු කලෙක එසේ කීවාය,මේ පුල්ජි දැරි ඇයගේ ප්‍රප්‍රප්තිම වැඩි හිටි දෑ නැදෑය ම්නැය පසු කළේ කළේක එක් එසේ කිවාය.,1.0,0.4909,2,2,long,24.661,14.304,15,0.612,0.0916,0.001523,3.845,0,1
S031,25,S031_025.wav,S031_025_mel.npy,පින්තූර මගින් කතා කීම ඈත කාලයේ සිට පැවත එන ක්‍රමයකි,පින් තූර මගින් කතා කීම ඈත කාලයේසිත පැවැත් පැවත ම් එන ක්‍රමයකි.,0.5,0.2143,1,2,long,13.504,9.248,8,0.468,0.0909,0.001714,4.542,0,1
S031,26,S031_026.wav,S031_026_mel.npy,මකුළුවා තණ බිස්සේ හැංගුනා,මකුළුවා තන බිබි බිස් දේ ගුන් හැන්ගේ,1.0,0.6364,2,2,short,10.624,6.688,7,0.347,0.0996,0.003147,3.289,0,0
S031,27,S031_027.wav,S031_027_mel.npy,එළියේ ලස්සන ගැහැණු ළමයෙක් හිටගෙන හිටියා,එළියේ ලස්සන ගෑනු ළමයෙත් උට ගෙන හිටියා,0.6667,0.1765,1,2,long,10.539,7.488,3,0.416,0.0917,0.002735,4.541,0,1
S031,28,S031_028.wav,S031_028_mel.npy,අතරමගදී ඉතාම භයානක දෙයක් සිදුවුණා,අතර මගදී සීතා ම බයානෙක දෙයක් සිදුනා,1.0,0.1724,1,2,short,9.237,6.816,5,0.333,0.0757,0.001456,4.255,0,0
S031,29,S031_029.wav,S031_029_mel.npy,සර්පයා මහා විශාලෙට කට ඇරියා,සර්පයා මහා විෂා ලෙන්ට කට ඇරියා,0.4,0.087,0,1,short,10.155,6.88,7,0.393,0.106,0.003426,3.343,0,0
S031,30,S031_030.wav,S031_030_mel.npy,ටිකක් හිතලා බලන්නකෝ,ටිකා හිතට බය බයයෙන්කෝ,1.0,0.5294,2,2,short,7.232,5.248,5,0.339,0.1019,0.003568,3.239,0,0
S031,31,S031_031.wav,S031_031_mel.npy,තනියෙන් ලියන්න,උතානියෙන් ලියන්න,0.5,0.1538,1,2,short,4.864,3.744,0,0.0,0.0642,0.002929,3.472,0,0
S031,32,S031_032.wav,S031_032_mel.npy,පස්වැනි ගුණාංගය,පස්වෙන්නෙ බුය් බුබුවා.,1.0,0.9286,2,2,short,9.323,6.432,4,0.464,0.088,0.001724,2.177,0,0
S031,33,S031_033.wav,S031_033_mel.npy,බරණැස් නුවර සිටුවරයෙක් වාසය කළේය,බර්බර් නැස්නුවර ශිටුවරයක් වාසය කළය.,0.8,0.25,1,2,short,12.373,9.408,6,0.341,0.1248,0.00154,2.976,0,0
S031,34,S031_034.wav,S031_034_mel.npy,නායකතුමා මෙසේ පිළිතුරු දුන්නේය,නායක සිටුතුමා මෙසේ පිළිතුරු දුන්නේය.,0.5,0.1481,1,2,short,6.187,5.44,1,0.352,0.1141,0.00307,4.963,0,0
S031,35,S031_035.wav,S031_035_mel.npy,තේරවිලි වර්ග කිහිපයක් තිබේ,තේරවිලි ගාවර්ග කීපයක් තිබේ.,0.5,0.2174,1,2,short,7.403,5.248,2,0.432,0.0953,0.00329,4.383,0,0
S031,36,S031_036.wav,S031_036_mel.npy,අපේ සීයා කතන්දර කීමට සමතෙකි,අපේ සීයා කතන්දර කීමට සම තෙකි.,0.4,0.0,0,1,short,5.504,4.192,2,0.304,0.1267,0.005409,5.487,0,0
S031,37,S031_037.wav,S031_037_mel.npy,මේ අය අතරමගදී අම්බලමක නතර වුණා,මේ අය අය අතර මගදි හම්බලමක්ක නතරව්නා.,0.8333,0.28,1,2,long,10.539,6.624,7,0.448,0.094,0.002168,3.774,0,1
S031,38,S031_038.wav,S031_038_mel.npy,හරි අපූරු කතාවක්,හරි පූරු කතාවක්,0.3333,0.0714,0,1,short,4.715,2.464,2,0.864,0.1017,0.004285,5.682,0,0
S031,39,S031_039.wav,S031_039_mel.npy,කටුස්සාගේ කරේ රත්තරන් බැන්දා වගෙයි,කටුත්සාගේ කරේ රක්තරම් බැන්දා වගේ,0.6,0.2,1,2,short,4.629,3.392,0,0.0,0.0982,0.001491,8.844,0,0
S031,40,S031_040.wav,S031_040_mel.npy,මුල් ගුරුතුමා කීවේය,මල් බුරුතුමා කීවේය.,0.6667,0.1176,1,2,short,5.419,3.328,2,0.56,0.0879,0.006263,5.108,0,0
S031,41,S031_041.wav,S031_041_mel.npy,අද පුස්තකාල පන්තියක් කරමු,ආද පුහ්ත කාලේ පන්තිය කරමු,1.0,0.2273,1,2,short,7.552,4.288,4,0.64,0.0899,0.004244,5.131,0,0
S031,42,S031_042.wav,S031_042_mel.npy,මම ගල්පරයක ඇලී ජීවත් වුනෙමි,මම ගල් පංශයක ඇලි ජීවක් පුණෙමි.,1.0,0.2174,1,2,short,11.392,5.792,7,0.635,0.1114,0.003344,3.971,0,0
S031,43,S031_043.wav,S031_043_mel.npy,බෙලි කටුව කතා කරයි,බේලී කටුවා කටුව ගත්තා කතා කරයි.,0.75,0.8,2,2,short,9.237,7.317,5,0.288,0.0897,0.003005,2.05,0,0
S031,44,S031_044.wav,S031_044_mel.npy,සති අන්තේ නිවාඩුවට බිංදුලා ගමේ ගියා,සති අත් අන්තේ නෙවාඩුවට බින්දුලා ගමේ ඉගියා,0.6667,0.2333,1,2,long,12.501,9.184,7,0.43,0.101,0.00276,3.267,0,1
S031,45,S031_045.wav,S031_045_mel.npy,මොනවාද ඒවායේ නම්,මුණවාද ඒවාගේම් නම්,0.6667,0.2857,1,2,short,6.507,5.003,2,0.368,0.0805,0.003427,2.798,0,0
S031,46,S031_046.wav,S031_046_mel.npy,නංගි උත්තර දුන්නා,නංගි උතරදුනා,0.6667,0.2667,1,2,short,5.461,4.373,2,0.528,0.0827,0.003892,3.43,0,0
S031,47,S031_047.wav,S031_047_mel.npy,පාර කියන අත්තම්මා,පරංගියේ පාර කියකියන අත්තම්මා,0.6667,0.6667,2,2,short,9.387,6.56,7,0.361,0.0844,0.00206,2.287,0,0
S031,48,S031_048.wav,S031_048_mel.npy,ඇයගේ කැපවීම පුදුමාකාරය,ඇයගේ කැපී කැපවීමට පුදුම මාකර මාක මාකර ය.,1.0,0.6,2,2,short,12.139,9.408,6,0.325,0.1,0.002819,2.126,0,0
S031,49,S031_049.wav,S031_049_mel.npy,මිනිසාගේ පරම යුතුකම මිනිසාට සේවය කිරීම,මිනිසාගේ පරම යුතුකම මිනිසාට මිනිසාට සේවය කර්කිරීම,0.3333,0.303,1,1,long,17.536,13.184,10,0.358,0.1116,0.00371,2.503,0,1
S031,50,S031_050.wav,S031_050_mel.npy,අපි මේ වන විට පැය දොළහක් වැඩ කර පැය දොළහක් විවේක ගත්තා,අපි මේ වන විට පැය දුළහක් වැඩ කර පැය දුළහක් වී වීවේක ගන්න,0.4167,0.186,1,2,long,14.827,9.664,8,0.408,0.0898,0.002182,4.45,0,1
S031,51,S031_051.wav,S031_051_mel.npy,අප කවුරුත් පුදුමයට පත්කරමින් ඈට පණ ආවා,අපි අවාරුතව් පි කවුරුත් පුදුම යක්යට පත් කරමින් ඈයට පයිපන ආවා,1.0,0.5625,2,2,long,20.075,13.568,14,0.425,0.0988,0.001608,2.358,0,1
S031,52,S031_052.wav,S031_052_mel.npy,සුගන්ධවත් පුෂ්පයෝ අපගේ සොහොයුරියෝය,සුගන්ඩ වත්න් උෂ්පයෝ අපගේ සොහෝ යුරුයෝ ද ය,1.0,0.2258,1,2,short,14.421,10.325,6,0.475,0.1072,0.003743,3.002,0,0
S031,53,S031_053.wav,S031_053_mel.npy,ගංගාවෝ අපගේ සොහොයුරෝ වෙති,ගංගා අපේ සොයුරුවෝ යෝ පිව්රෝ වෙති,1.0,0.6364,2,2,short,6.976,6.048,3,0.267,0.1012,0.003791,3.638,0,0
S031,54,S031_054.wav,S031_054_mel.npy,නංගී මට නොදී කිසිවක් නොකනවා ඇතැයි මට සිතේ,නගි මට නොදී කිසිවා නොකනවා ඇතෑය.මාම මට සිතේ,0.375,0.2353,1,1,long,16.789,12.608,8,0.424,0.1214,0.002252,2.697,0,1
S031,55,S031_055.wav,S031_055_mel.npy,නංගි උදේ පාන්දරින්ම නැගිටියි,නංගිව්දේ පාන්දරින්ම නැගිටි.,0.75,0.16,1,2,short,4.8,3.936,2,0.336,0.0792,0.003017,6.352,0,0
S031,56,S031_056.wav,S031_056_mel.npy,ඈ මා ගෙදර යන විට අසනු ඇත,හෑමාගෙද්දර එන විට විට ආසනු ඇත.,0.7143,0.5,2,2,long,7.723,5.888,3,0.427,0.1061,0.002506,3.057,0,1
S031,57,S031_057.wav,S031_057_mel.npy,ගොවිතැන සඳහා භාවිත වන උපකරණ එකින් එක විස්තර කරද්දී ළමයි සාවධානව අසා සිටියහ,ගොවිත් එන සඳහා භාවිතා කරන උප කරනේරන හේතිංකින් එක විස්තර කරා දීලමයි සාව දාන් ස්කියායහ.,0.9231,0.3387,1,2,long,25.579,17.376,14,0.485,0.1065,0.002972,3.568,0,1
S031,58,S031_058.wav,S031_058_mel.npy,ළමයි පොල්තෙල් හිඳීමට භාවිත කරන සෙක්කුව අසලට රැස් වූහ,ළමයි පොල් තෙල් හිදීමට බාවිතා කරන සේයකුව අසලයිට රෑස්වූහ.,0.8889,0.1818,1,2,long,15.936,11.616,8,0.38,0.1114,0.003601,3.788,0,1
S031,59,S031_059.wav,S031_059_mel.npy,ඒ ගොල්ලන්ට අලුත් ක්‍රමයක් හොයා ගන්න වෙනවා,ඒ ගෝල්ලන්ට අලුත් ක්‍රමයක් ඔයා ගන්න වෙනවා,0.2857,0.0857,0,1,long,9.835,7.435,6,0.309,0.1044,0.005229,4.708,0,1
S031,60,S031_060.wav,S031_060_mel.npy,බොහෝ දෙනෙක් මම එනතුරු බලා ගෙන හිටියා,බොහෝ දෙනෙක් දෙනෙක් ම හෙන තුරු බලාගෙන සිටිය සිටියා මම ආර්යා මම ආරහිචි වූහ.,1.0,1.0,2,2,long,20.224,16.224,7,0.416,0.1002,0.002865,1.849,0,1
S031,61,S031_061.wav,S031_061_mel.npy,මට ආරංචි වුණා රජතුමාගේ ගුහාව ළඟ අනතුරක් කියලා,රජතුමාගේ හූහාව තුළ අන්නතුරක් කියලා.,0.75,0.4737,2,2,long,10.24,7.552,5,0.429,0.0898,0.003989,5.032,0,1
S031,62,S031_062.wav,S031_062_mel.npy,පැය අටකට පසු ඔවුන්ට පියාපත් සලන හඬක් ඇසිණි,පැය අටකට පසු ඔහුන්ට පියාපා සළ හා සල සලන හඩාය ඇසිනි,0.75,0.3143,1,2,long,18.069,14.656,7,0.329,0.1248,0.002625,2.388,0,1
S031,63,S031_063.wav,S031_063_mel.npy,මිනිසුන් ගැන විස්තර දැනගන්න බොහෝ ක්‍රම තියෙනවා,මිනිස් ගෑන විස්තර ගැන දෑන ගාන්න බොහෝම ක්‍රමයක් ඉයන්නවා.,1.0,0.375,2,2,long,11.413,8.768,8,0.264,0.0955,0.00266,4.562,0,1
S031,64,S031_064.wav,S031_064_mel.npy,ඔබට දින හතරක් දෙමි,කොබට දිනහත රක්දෙමි,1.0,0.1333,1,2,short,4.416,3.552,3,0.235,0.0907,0.003863,4.223,0,0
S031,65,S031_065.wav,S031_065_mel.npy,ඇදුරුතුමා බෙහෙවින් සතුටට පත් විය,ඇඳුරු ඇඳුරුන් ඇඳුරු තුමාබො බෙහෙවින් සතුන්ට පත් විය.,1.0,0.6071,2,2,short,15.019,10.816,7,0.571,0.098,0.002275,2.589,0,0
S031,66,S031_066.wav,S031_066_mel.npy,ඔබට පේන්නේ කුමක්දැයි මම ඇසුවෙමි,ඔබට පෙනෙන්නෙ උමක්යයි මම එස්සුවෙමි,0.6,0.4074,2,2,short,8.853,7.2,4,0.272,0.1142,0.003296,3.75,0,0
S031,67,S031_067.wav,S031_067_mel.npy,මෙතැන තමයි හොඳම තැන,මෙති මෙතින තමයි හොඳම තැන,0.5,0.3125,1,2,short,6.251,4.768,1,0.32,0.0968,0.002967,3.356,0,0
S031,68,S031_068.wav,S031_068_mel.npy,ඇය කාචය සකස් කර නැවත බැලූවාය,ඇය කචය සාකපස් කර නැවත බැලූවේය.,0.5,0.1739,1,2,long,12.523,9.152,3,0.363,0.1178,0.003105,2.513,0,1
S032,1,S032_001.wav,S032_001_mel.npy,යාළුවෝ හැමදෙනාම නිදහස් උත්සවය බැලුවා,යාළුවෝ හැම දෙනාම නිදහස් උත්සවය බැලුව,0.6,0.0312,0,2,short,4.096,3.52,1,0.384,0.1288,0.002425,9.091,2,0
S032,2,S032_002.wav,S032_002_mel.npy,කවිඳු යාළුවොත් එක්ක මිදුලේ සෙල්ලම් කරමින් සිටියා,කවිදු යාලුවොත් එක මිදුලිය සෙල්ලං කරමින් සිටියක්,0.7143,0.2143,1,2,long,3.691,3.296,0,0.0,0.0846,0.002379,12.743,2,1
S032,3,S032_003.wav,S032_003_mel.npy,අපේ රටේ නිදහස් උත්සවය,අපේ රටේ නිදහකුස්සවය,0.5,0.2222,1,2,short,2.56,2.272,0,0.0,0.1323,0.003579,7.923,2,0
S032,4,S032_004.wav,S032_004_mel.npy,මම කෝෂය ඇතුලේ සති දෙකක් විතර හිටියා,මම කෝස්සය ඇතුළේ සති දෙක විතර හිටිය.,0.4286,0.2069,1,2,long,3.371,3.019,1,0.224,0.1183,0.002285,9.607,2,1
S032,5,S032_005.wav,S032_005_mel.npy,පොත් කියවීමෙන් මිනිසා සම්පූර්ණ වේ,පො කියවීමෙන් මිනිසා සම්පූර්ණවේ,0.6,0.069,0,2,short,3.477,2.784,1,0.224,0.1081,0.003325,10.417,2,0
S032,6,S032_006.wav,S032_006_mel.npy,මුහුද හරිම ලස්සනයි,මූද කරිම ලස්සම,1.0,0.4375,2,2,short,2.368,2.016,0,0.0,0.0942,0.004504,7.937,2,0
S032,7,S032_007.wav,S032_007_mel.npy,හැමෝම එකට අත් අල්ලා ගන්න,ඇමුම ඒකට අතැල්ලා ගන්නෙ,1.0,0.35,1,2,short,3.179,2.688,0,0.0,0.1099,0.003719,7.44,2,0
S032,8,S032_008.wav,S032_008_mel.npy,මම එහෙනම් නාගෙන එන්නම්,මම එහෙනම් නාන්‍යයන එන්නම්,0.25,0.2632,1,1,short,2.069,1.728,0,0.0,0.113,0.001957,10.995,2,0
S032,9,S032_009.wav,S032_009_mel.npy,අපි අද පොල් කැඩුවා,අපිය ද පොල් කැඩුව,0.75,0.1333,1,2,short,1.387,1.387,0,0.0,0.0896,0.001967,10.817,2,0
S032,10,S032_010.wav,S032_010_mel.npy,"ඇයි හිනා වෙන්නේ, මට රජ වෙන්න බැරිද",ඇයි නාවෙන්නේ මට රචවෙන්න බැරිත්,0.7143,0.1852,1,2,long,3.243,2.976,0,0.0,0.1253,0.002054,9.409,2,1
S032,11,S032_011.wav,S032_011_mel.npy,දුව සටහන් පොතේ මොනවාද ලියා ගත්තේ,දුව සටහම් පොතේ මොනවද ලියාකත්තෙ,0.6667,0.1481,1,2,long,3.371,3.168,0,0.0,0.1126,0.002316,8.523,2,1
S032,12,S032_012.wav,S032_012_mel.npy,ඉතින් මෙච්චර පරක්කු වුනේ ඇයි,ඉතින් මෙචර පරක්වුණේ ඇයි,0.6,0.1667,1,2,short,2.411,2.144,0,0.0,0.129,0.003589,11.194,2,0
S032,13,S032_013.wav,S032_013_mel.npy,දවසක් අම්මා අශ්ව පැටියාගෙන් උදව්වක් ඉල්ලුවා,දවසකම අස්වපැටියකින් උදව්වක් ඉලූව,0.8333,0.3421,1,2,long,3.072,3.04,0,0.0,0.1356,0.003349,12.5,2,1
S032,14,S032_014.wav,S032_014_mel.npy,ඔය ගඟ හරි ගැඹුරුයි,ඔය කක හරී ගැඹුරු,0.75,0.3333,1,2,short,2.005,1.813,1,0.192,0.0965,0.004155,8.272,2,0
S032,15,S032_015.wav,S032_015_mel.npy,අශ්ව පැටියා ඉක්මනින් ගෙදර එනවා දැකලා අම්මා පුදුම වුනා,අශ්ව පැටියයි ක්මනින් ගෙදර එනවා දැකල අම්මා පුදුම වුණා.,0.3333,0.0667,0,1,long,4.565,4.416,0,0.0,0.1107,0.002223,10.19,2,1
S032,16,S032_016.wav,S032_016_mel.npy,"සිටුතුමනි, අපට අනුකම්පා කරනු මැනවි",සිටුතුමනි අපට අනුකම්පා කරනු මැනවින්,0.2,0.069,0,1,short,3.136,2.784,0,0.0,0.1147,0.002287,10.776,2,0
S032,17,S032_017.wav,S032_017_mel.npy,බරෙන් වැඩි වන්නේ ගසක මුල කොටසද,බේරෙන් වැඩිස් වන්නෙත් කසුක මුල කොටසද?,0.6667,0.32,1,2,long,4.075,3.328,0,0.0,0.1191,0.002712,7.512,2,1
S032,18,S032_018.wav,S032_018_mel.npy,රයිට් සහෝදරයන්ගේ පියා ඔවුන් පුංචිකාලයේ දී කඩදාසි සහ රබර් පටිවලින් සෙල්ලම් අහස් යානා තනා දුන්නේය,රෛටි සහෝදරයන්ගේ පිය ඔවුම් පුංචි කාලයේදී කඩදා සිසහ රබට් පටිවලින් සෙල්ලන් මහස්වියනා තනා දුන්නෙහිය.,0.8,0.1728,1,2,long,9.643,8.384,3,0.256,0.1319,0.002605,9.661,2,1
S032,19,S032_019.wav,S032_019_mel.npy,පසු කලෙක ඔවුහු බයිසිකල් වැඩ වැඩපොළක් ඇරඹූහ,පසු කාලෙක ඔහු බ්‍රිසිකල් වැඩපුලක් කරපුවත්,0.8571,0.4444,2,2,long,4.779,4.032,2,0.288,0.1235,0.002369,8.929,2,1
S032,20,S032_020.wav,S032_020_mel.npy,දැන් හැමෝම වාඩිවෙන්න,දැන් හැමෝම ලාඩිවෙන්,0.3333,0.1111,1,1,short,2.176,1.888,0,0.0,0.0957,0.002275,9.534,2,0
S032,21,S032_021.wav,S032_021_mel.npy,අපි ඊළඟ දවසේ තවත් සෙල්ලමක් කරමු,අපි ඊලග දවසේ තවත් සෙල්ලම කරමු,0.3333,0.1154,1,1,long,5.013,3.648,2,0.432,0.1047,0.002764,7.127,2,1
S032,22,S032_022.wav,S032_022_mel.npy,මේ සිහින අප නින්දේ දී දකින සිහින නම් නොවේ,මේ සිහින අප නින්දේදී දකින සිහින නම් නොවෙයි.,0.3333,0.0909,0,1,long,4.949,4.128,1,0.224,0.1113,0.001753,7.994,2,1
S032,23,S032_023.wav,S032_023_mel.npy,ඇගේ ගම ගිංතොට ය,ඇගේ ගම ගින්තොට,0.5,0.25,1,2,short,2.517,1.792,0,0.0,0.1013,0.002369,6.696,2,0
S032,24,S032_024.wav,S032_024_mel.npy,මේ පුංචි දැරිය ඇගේ ප්‍රියතම වැඩිහිටි නෑදෑයා ගැන පසු කලෙක එසේ කීවාය,මේ පුංචි දැරිය ඇගේ ප්‍රියතව වැඩිහිටි නැදැය ගැන පසු කාලකත් එසේ කීවාය.,0.25,0.1455,1,1,long,7.957,6.848,3,0.299,0.1161,0.001903,8.032,2,1
S032,25,S032_025.wav,S032_025_mel.npy,පින්තූර මගින් කතා කීම ඈත කාලයේ සිට පැවත එන ක්‍රමයකි,පින්තූර මගින් කතා කීම ඇත. කාලේ සිට පැවද එන ක්‍රමයකි.,0.3,0.0714,0,1,long,7.104,6.24,2,0.256,0.1054,0.004207,6.731,2,1
S032,26,S032_026.wav,S032_026_mel.npy,මකුළුවා තණ බිස්සේ හැංගුනා,මකුළුවා තන බිස්සේ හැංගුණා,0.0,0.0,0,0,short,2.197,2.08,0,0.0,0.1153,0.003575,10.577,2,0
S032,27,S032_027.wav,S032_027_mel.npy,එළියේ ලස්සන ගැහැණු ළමයෙක් හිටගෙන හිටියා,එළියේ ලස්සන ගෑනු ළමයෙක් හිටගෙන හිටියක්,0.3333,0.1471,1,1,long,4.011,3.36,0,0.0,0.1117,0.00383,10.119,2,1
S032,28,S032_028.wav,S032_028_mel.npy,අතරමගදී ඉතාම භයානක දෙයක් සිදුවුණා,අතර මඟදී ඉතාම භයානෙක් දෙයක් සිදුවුණත්,0.8,0.1724,1,2,short,3.52,3.2,0,0.0,0.1028,0.004399,9.062,2,0
S032,29,S032_029.wav,S032_029_mel.npy,සර්පයා මහා විශාලෙට කට ඇරියා,සර්පයා මහා විසාලිට කටෑරියක්,0.6,0.2174,1,2,short,3.029,2.485,0,0.0,0.1297,0.002321,9.254,2,0
S032,30,S032_030.wav,S032_030_mel.npy,ටිකක් හිතලා බලන්නකෝ,ටිකක් හිතලා බලන්නයකො,0.3333,0.1176,1,1,short,2.219,1.739,0,0.0,0.1071,0.003756,9.777,2,0
S032,31,S032_031.wav,S032_031_mel.npy,තනියෙන් ලියන්න,තනියෙල් ලියන්න.,0.5,0.0769,0,2,short,1.579,1.195,1,0.384,0.0923,0.004595,10.882,2,0
S032,32,S032_032.wav,S032_032_mel.npy,පස්වැනි ගුණාංගය,පස්සනි ගුණන්ගෙත්,1.0,0.5,2,2,short,1.749,1.472,0,0.0,0.1436,0.005621,9.511,2,0
S032,33,S032_033.wav,S032_033_mel.npy,බරණැස් නුවර සිටුවරයෙක් වාසය කළේය,බර නැස් නුර සිටුවරේ කවාසේ කළේ ය.,1.0,0.1786,1,2,short,4.181,3.541,2,0.208,0.1227,0.002038,7.907,2,0
S032,34,S032_034.wav,S032_034_mel.npy,නායකතුමා මෙසේ පිළිතුරු දුන්නේය,නායක සිතුතුමා මෙසේ පිළිතුරු දුන්නේ,0.75,0.1852,1,2,short,3.051,2.784,0,0.0,0.1118,0.003924,9.698,2,0
S032,35,S032_035.wav,S032_035_mel.npy,තේරවිලි වර්ග කිහිපයක් තිබේ,තේරවෙලි වර්ග කිහිපයක් තිබේ.,0.25,0.0435,0,1,short,3.691,3.04,1,0.224,0.1302,0.004759,7.566,2,0
S032,36,S032_036.wav,S032_036_mel.npy,අපේ සීයා කතන්දර කීමට සමතෙකි,අපේ සීයා කතන්දර කීමට සමතිකි.,0.2,0.0435,0,1,short,2.795,2.635,0,0.0,0.1218,0.00346,8.73,2,0
S032,37,S032_037.wav,S032_037_mel.npy,මේ අය අතරමගදී අම්බලමක නතර වුණා,මේ අය අතර මඟදි අම්බලමක නැතෙර වුණා.,0.5,0.16,1,2,long,3.52,3.04,0,0.0,0.1103,0.002604,8.224,2,1
S032,38,S032_038.wav,S032_038_mel.npy,හරි අපූරු කතාවක්,හරි අපූරු කතාව,0.3333,0.1429,1,1,short,1.792,1.536,0,0.0,0.1063,0.003387,9.115,2,0
S032,39,S032_039.wav,S032_039_mel.npy,කටුස්සාගේ කරේ රත්තරන් බැන්දා වගෙයි,කටස්සාගෙ කරේ රක්තරවම් මැඳා වගෙන්,0.8,0.3667,2,2,short,2.837,2.624,0,0.0,0.1265,0.003392,11.433,2,0
S032,40,S032_040.wav,S032_040_mel.npy,මුල් ගුරුතුමා කීවේය,මුල් ගුරුත් ගුරුතුමා කීවෙයි,0.6667,0.4706,2,2,short,2.304,2.048,0,0.0,0.0949,0.00359,8.301,2,0
S032,41,S032_041.wav,S032_041_mel.npy,අද පුස්තකාල පන්තියක් කරමු,අද පුත්ස කාලේ පන්තියක් කරමු,0.5,0.1364,1,2,short,4.16,3.36,1,0.256,0.139,0.00318,6.548,2,0
S032,42,S032_042.wav,S032_042_mel.npy,මම ගල්පරයක ඇලී ජීවත් වුනෙමි,මම ගල් පරයක පරයක ඇලි ජීවත් තූනෙම්,1.0,0.3478,1,2,short,6.677,4.853,4,0.368,0.1048,0.003049,4.739,2,0
S032,43,S032_043.wav,S032_043_mel.npy,බෙලි කටුව කතා කරයි,වෙලි කටව කතා කරයි.,0.5,0.1333,1,2,short,2.091,1.771,0,0.0,0.0901,0.003141,8.471,2,0
S032,44,S032_044.wav,S032_044_mel.npy,සති අන්තේ නිවාඩුවට බිංදුලා ගමේ ගියා,සතියන්නේ අත්තේ නිවාඩුවට බින්දුලා ගමෙයි ගියක්,0.8333,0.4333,2,2,long,5.184,4.608,2,0.272,0.105,0.001839,6.51,2,1
S032,45,S032_045.wav,S032_045_mel.npy,මොනවාද ඒවායේ නම්,මොනවද ඒවයේ නම්,0.6667,0.1429,1,2,short,2.304,1.984,0,0.0,0.103,0.004431,7.056,2,0
S032,46,S032_046.wav,S032_046_mel.npy,නංගි උත්තර දුන්නා,නංගේ උත්තර දුන්නක්,0.6667,0.2,1,2,short,1.472,1.312,0,0.0,0.0913,0.005701,11.433,2,0
S032,47,S032_047.wav,S032_047_mel.npy,පාර කියන අත්තම්මා,පාර කියනා තමා,0.6667,0.3333,1,2,short,1.941,1.6,0,0.0,0.1071,0.003852,9.375,2,0
S032,48,S032_048.wav,S032_048_mel.npy,ඇයගේ කැපවීම පුදුමාකාරය,ඇයගේ කෑප්ප වීම පුදුමාකාරය,0.6667,0.15,1,2,short,3.328,2.848,1,0.288,0.1101,0.002722,7.022,2,0
S032,49,S032_049.wav,S032_049_mel.npy,මිනිසාගේ පරම යුතුකම මිනිසාට සේවය කිරීම,මිනිසාගේ පරම යුතුකම මිනිසාට සේවේ කිරිම,0.3333,0.0606,0,1,long,4.821,4.149,1,0.192,0.129,0.00323,7.953,2,1
S032,50,S032_050.wav,S032_050_mel.npy,අපි මේ වන විට පැය දොළහක් වැඩ කර පැය දොළහක් විවේක ගත්තා,අපි මේ වන විට පැය දොළහක් වැඩ කර පැය දොළහක් වේක ගත්ත,0.1667,0.0698,0,1,long,6.507,5.28,3,0.309,0.1045,0.002712,8.144,2,1
S032,51,S032_051.wav,S032_051_mel.npy,අප කවුරුත් පුදුමයට පත්කරමින් ඈට පණ ආවා,අප කවුරුත් පුදුමයට පත්කරිමු ඈට පනාව,0.4286,0.1562,1,2,long,5.355,3.808,2,0.4,0.0971,0.002234,8.403,2,1
S032,52,S032_052.wav,S032_052_mel.npy,සුගන්ධවත් පුෂ්පයෝ අපගේ සොහොයුරියෝය,සුගන්දාවත් පුස්පයෝ අපගේ සොහෝ සොහොයුරියොක්ය.,1.0,0.2903,1,2,short,6.272,5.056,3,0.341,0.1285,0.001616,6.131,2,0
S032,53,S032_053.wav,S032_053_mel.npy,ගංගාවෝ අපගේ සොහොයුරෝ වෙති,ගංගාවෝ අපගේ සොහොයූරො වෙති,0.25,0.0909,0,1,short,3.627,3.104,1,0.224,0.0882,0.003872,7.088,2,0
S032,54,S032_054.wav,S032_054_mel.npy,නංගී මට නොදී කිසිවක් නොකනවා ඇතැයි මට සිතේ,නංගී මට නොදී කිසිවක් නොකනම් එතෙයි මට සිතේ,0.25,0.1176,1,1,long,5.013,4.469,1,0.224,0.0963,0.003534,7.607,2,1
S032,55,S032_055.wav,S032_055_mel.npy,නංගි උදේ පාන්දරින්ම නැගිටියි,නං ගිවුදේ පාද්ධරිම නැගිටි,1.0,0.28,1,2,short,2.453,2.336,0,0.0,0.0911,0.004322,10.702,2,0
S032,56,S032_056.wav,S032_056_mel.npy,ඈ මා ගෙදර යන විට අසනු ඇත,ඇය මා ඉදර යනවිට අසුනු එත,0.8571,0.3333,1,2,long,3.883,2.848,0,0.0,0.1195,0.002409,6.32,2,1
S032,57,S032_057.wav,S032_057_mel.npy,ගොවිතැන සඳහා භාවිත වන උපකරණ එකින් එක විස්තර කරද්දී ළමයි සාවධානව අසා සිටියහ,ගොවිතෙන සදහා භාවනු උපකරන එකින් එක විස්තර කරද්දි ළමයි සාවදානව අසා සිටියහ.,0.3846,0.1129,1,1,long,8.896,7.36,3,0.213,0.105,0.001725,8.424,2,1
S032,58,S032_058.wav,S032_058_mel.npy,ළමයි පොල්තෙල් හිඳීමට භාවිත කරන සෙක්කුව අසලට රැස් වූහ,උළමයි පොල් තිල් හිදීමට භාවිතා කරන සේකුව අසලට ප්‍රැස්වූහර්,0.8889,0.2727,1,2,long,6.592,5.92,1,0.256,0.1092,0.00296,7.432,2,1
S032,59,S032_059.wav,S032_059_mel.npy,ඒ ගොල්ලන්ට අලුත් ක්‍රමයක් හොයා ගන්න වෙනවා,ඒ ගොල්ලොන්ට අලු ක්‍රමයක් කොයාගන්න වෙනවා.,0.5714,0.1143,1,2,long,3.392,2.88,0,0.0,0.0974,0.003722,12.153,2,1
S032,60,S032_060.wav,S032_060_mel.npy,බොහෝ දෙනෙක් මම එනතුරු බලා ගෙන හිටියා,බොහෝ දෙනෙක් මම එනතුරු බලා ගෙනසි හිටියක්,0.2857,0.1333,1,1,long,4.907,4.384,1,0.256,0.0861,0.004106,6.843,2,1
S032,61,S032_061.wav,S032_061_mel.npy,මට ආරංචි වුණා රජතුමාගේ ගුහාව ළඟ අනතුරක් කියලා,මට ආරංචි වුණා රජතුමාගේ ගුහාවලගා අනතුරක් කියල,0.375,0.0789,0,1,long,5.568,4.704,1,0.576,0.1098,0.003696,8.078,2,1
S032,62,S032_062.wav,S032_062_mel.npy,පැය අටකට පසු ඔවුන්ට පියාපත් සලන හඬක් ඇසිණි,වැයටකට පසු ඔවුන්ට පියාපත් සලන හඩක් ඇසිනි.,0.375,0.0857,0,1,long,5.461,4.288,1,0.704,0.1257,0.002285,8.162,2,1
S032,63,S032_063.wav,S032_063_mel.npy,මිනිසුන් ගැන විස්තර දැනගන්න බොහෝ ක්‍රම තියෙනවා,මිනිසුන් ගැන විස්තර දැන ගන්නම් බොහෝ ක්‍රම තියෙනවා.,0.2857,0.05,0,1,long,4.885,4.053,2,0.24,0.1087,0.003247,9.868,2,1
S032,64,S032_064.wav,S032_064_mel.npy,ඔබට දින හතරක් දෙමි,ඔබට දින හතරක් දෙමින්,0.25,0.1333,1,1,short,2.304,1.952,0,0.0,0.0867,0.001746,7.684,2,0
S032,65,S032_065.wav,S032_065_mel.npy,ඇදුරුතුමා බෙහෙවින් සතුටට පත් විය,ඇදූරතමා බෙහෙවින් සතුටට පත් විය.,0.2,0.1071,1,1,short,3.883,3.136,0,0.0,0.0888,0.002743,8.929,2,0
S032,66,S032_066.wav,S032_066_mel.npy,ඔබට පේන්නේ කුමක්දැයි මම ඇසුවෙමි,ඔබට පේන්නේ කුමක්දැයි මම ඇසුළෙක්,0.2,0.1111,1,1,short,3.904,3.008,0,0.0,0.1084,0.001731,8.976,2,0
S032,67,S032_067.wav,S032_067_mel.npy,මෙතැන තමයි හොඳම තැන,මෙතන තමයි හුදුම තැන,0.5,0.25,1,2,short,2.091,1.867,0,0.0,0.0763,0.002156,8.571,2,0
S032,68,S032_068.wav,S032_068_mel.npy,ඇය කාචය සකස් කර නැවත බැලූවාය,ඇය කාචේ සකස් කර නැවත බැරුය.,0.3333,0.2174,1,1,long,3.115,2.816,0,0.0,0.1308,0.003271,8.168,2,1
S033,1,S033_001.wav,S033_001_mel.npy,යාළුවෝ හැමදෙනාම නිදහස් උත්සවය බැලුවා,යාළුවෝ හැමදෙන්ම නිදාශුසයේ බැලුවා,0.6,0.2812,1,2,short,3.435,2.987,1,0.192,0.0792,0.003747,10.714,2,0
S033,2,S033_002.wav,S033_002_mel.npy,කවිඳු යාළුවොත් එක්ක මිදුලේ සෙල්ලම් කරමින් සිටියා,කවිදු යාළුවූ ඔත් එක්ක මිදු ලෙස එල්ලන් කරමින් සිටියක්.,1.0,0.1905,1,2,long,4.075,3.648,1,0.288,0.0828,0.002534,11.513,2,1
S033,3,S033_003.wav,S033_003_mel.npy,අපේ රටේ නිදහස් උත්සවය,අපේ රටේ නිදහා සුස්සවය.,0.5,0.2222,1,2,short,2.688,2.176,0,0.0,0.1104,0.004262,8.272,2,0
S033,4,S033_004.wav,S033_004_mel.npy,මම කෝෂය ඇතුලේ සති දෙකක් විතර හිටියා,මම කෝෂය අතුලේ සති දෙකක් විතර හිටිය.,0.2857,0.069,0,1,long,3.435,3.104,0,0.0,0.0674,0.003432,9.343,2,1
S033,5,S033_005.wav,S033_005_mel.npy,පොත් කියවීමෙන් මිනිසා සම්පූර්ණ වේ,පොත් කියවීමෙන් මිනිසා සම්පූර්ණවෙන්,0.4,0.1034,1,1,short,2.688,2.56,0,0.0,0.0805,0.003225,11.328,2,0
S033,6,S033_006.wav,S033_006_mel.npy,මුහුද හරිම ලස්සනයි,මුහුද හරිම ලස්සනයි,0.0,0.0,0,0,short,2.069,1.664,0,0.0,0.1155,0.002669,9.615,2,0
S033,7,S033_007.wav,S033_007_mel.npy,හැමෝම එකට අත් අල්ලා ගන්න,හැමෝම එකට අත්තා අල්ලා ගන්න,0.2,0.1,0,1,short,3.819,3.168,1,0.416,0.0836,0.003683,6.313,2,0
S033,8,S033_008.wav,S033_008_mel.npy,මම එහෙනම් නාගෙන එන්නම්,මම එහෙම නාගෙන එන්නම්,0.25,0.1053,1,1,short,3.797,3.2,1,0.48,0.0916,0.005269,5.938,2,0
S033,9,S033_009.wav,S033_009_mel.npy,අපි අද පොල් කැඩුවා,අපි අද්ද පොල් කැඩුව,0.5,0.2,1,2,short,2.069,1.504,0,0.0,0.0726,0.004619,9.973,2,0
S033,10,S033_010.wav,S033_010_mel.npy,"ඇයි හිනා වෙන්නේ, මට රජ වෙන්න බැරිද",ඇයි හිනාවෙන්න මට රජ වෙන්න බැරිද?,0.2857,0.037,0,1,long,3.904,3.36,1,0.224,0.0791,0.003783,8.333,2,1
S033,11,S033_011.wav,S033_011_mel.npy,දුව සටහන් පොතේ මොනවාද ලියා ගත්තේ,දුව සටහන් පොත මොනවාද රියා ගත්තේ,0.3333,0.0741,0,1,long,3.243,3.104,0,0.0,0.085,0.005519,8.698,2,1
S033,12,S033_012.wav,S033_012_mel.npy,ඉතින් මෙච්චර පරක්කු වුනේ ඇයි,ඉතින් මෙච්චෙර පරක් ගුණේ යැයි,0.8,0.25,1,2,short,2.944,2.592,0,0.0,0.0775,0.00721,9.259,2,0
S033,13,S033_013.wav,S033_013_mel.npy,දවසක් අම්මා අශ්ව පැටියාගෙන් උදව්වක් ඉල්ලුවා,දවසක් කම්මා ආශ්වය ආශ්වපැටියාගෙන් උදවවක් ඉදුවන්,0.8333,0.3421,1,2,long,4.544,4.256,0,0.0,0.0943,0.003251,8.929,2,1
S033,14,S033_014.wav,S033_014_mel.npy,ඔය ගඟ හරි ගැඹුරුයි,ඔය ගග හරි ගැඹුරුයි,0.25,0.0667,0,1,short,2.645,2.208,1,0.256,0.066,0.007552,6.793,2,0
S033,15,S033_015.wav,S033_015_mel.npy,අශ්ව පැටියා ඉක්මනින් ගෙදර එනවා දැකලා අම්මා පුදුම වුනා,අශ්ම පැටියා ඉක්මණින්ම ගෙදරෙනවා දැකල අම්ම පුදුම වුණා.,0.6667,0.1111,1,2,long,5.099,4.704,0,0.0,0.0799,0.002755,9.566,2,1
S033,16,S033_016.wav,S033_016_mel.npy,"සිටුතුමනි, අපට අනුකම්පා කරනු මැනවි",සිට තුමැන්නේ අපට අනුකම්පා කරනු මැනවි.,0.4,0.1724,1,1,short,4.885,4.373,1,0.16,0.0879,0.003361,6.86,2,0
S033,17,S033_017.wav,S033_017_mel.npy,බරෙන් වැඩි වන්නේ ගසක මුල කොටසද,බරෙන් බරෙන් වැඩි වන්නේ ගසක මූල් කොටසද?,0.3333,0.28,1,1,long,5.205,4.544,0,0.0,0.0837,0.002853,5.502,2,1
S033,18,S033_018.wav,S033_018_mel.npy,රයිට් සහෝදරයන්ගේ පියා ඔවුන් පුංචිකාලයේ දී කඩදාසි සහ රබර් පටිවලින් සෙල්ලම් අහස් යානා තනා දුන්නේය,රෛට් සහෝදරයන්ගේ පිහා ඔවුන් ඔවුන් පුංචි කාලේදී කඩදාස හා සහ රබර් පටිවදින් සෙල්ලා මහස්‍යානා තානා දුන්නේය.,0.8,0.2099,1,2,long,12.544,11.52,2,0.384,0.0869,0.001681,7.031,2,1
S033,19,S033_019.wav,S033_019_mel.npy,පසු කලෙක ඔවුහු බයිසිකල් වැඩ වැඩපොළක් ඇරඹූහ,පසු කාලෙල්ක ඔහු ඔහු බසිකලේ වැඩකොලේ නැර ඇබරුහ.,1.0,0.5278,2,2,long,9.045,7.584,2,0.4,0.0852,0.005527,4.747,2,1
S033,20,S033_020.wav,S033_020_mel.npy,දැන් හැමෝම වාඩිවෙන්න,දන් ඇමුම වාඩි වෙන්න,1.0,0.2222,1,2,short,2.091,1.728,0,0.0,0.0607,0.002381,10.417,2,0
S033,21,S033_021.wav,S033_021_mel.npy,අපි ඊළඟ දවසේ තවත් සෙල්ලමක් කරමු,අපි ඉළඟ දවසේ තවසෙල්ලමක් කරමු,0.5,0.1154,1,2,long,3.051,2.688,0,0.0,0.0747,0.003442,9.673,2,1
S033,22,S033_022.wav,S033_022_mel.npy,මේ සිහින අප නින්දේ දී දකින සිහින නම් නොවේ,මේ සිහිනය පප නින්දේදී ස්දකින සිහින නම් නොවේ,0.5556,0.1212,1,2,long,6.677,5.984,1,0.32,0.0895,0.004778,5.515,2,1
S033,23,S033_023.wav,S033_023_mel.npy,ඇගේ ගම ගිංතොට ය,ඇගේ ගම හින් තොටය,0.5,0.25,1,2,short,3.264,3.136,0,0.0,0.0648,0.004326,3.827,2,0
S033,24,S033_024.wav,S033_024_mel.npy,මේ පුංචි දැරිය ඇගේ ප්‍රියතම වැඩිහිටි නෑදෑයා ගැන පසු කලෙක එසේ කීවාය,මේ පුංචි දැරිය ඇගේ ප්‍රයොතම වැඩිහිටි නෑදෑයු ගැන පසු කාලයේ සේ කීවාය.,0.3333,0.1273,1,1,long,10.731,10.112,1,0.256,0.0848,0.002484,5.439,2,1
S033,25,S033_025.wav,S033_025_mel.npy,පින්තූර මගින් කතා කීම ඈත කාලයේ සිට පැවත එන ක්‍රමයකි,පින්තූර මගින් කතා කීම ඇත.කාලයේ සිට පැවත එන ත්‍රමයට,0.3,0.0952,0,1,long,7.659,7.051,1,0.384,0.0808,0.003793,5.957,2,1
S033,26,S033_026.wav,S033_026_mel.npy,මකුළුවා තණ බිස්සේ හැංගුනා,මකුළු තන බැස්සේ හැංගුණා.,0.5,0.1364,1,2,short,3.584,3.136,1,0.288,0.0952,0.002496,7.015,2,0
S033,27,S033_027.wav,S033_027_mel.npy,එළියේ ලස්සන ගැහැණු ළමයෙක් හිටගෙන හිටියා,එලියේ ලස්වන ගෑණු ලමෙක් හිටගෙන හිටියක්,0.6667,0.2059,1,2,long,3.776,3.584,0,0.0,0.0725,0.003055,9.487,2,1
S033,28,S033_028.wav,S033_028_mel.npy,අතරමගදී ඉතාම භයානක දෙයක් සිදුවුණා,අතර මගදී ඉතාම බයානක දෙයක් සිදුවුණා,0.4,0.0,0,1,short,4.267,3.84,0,0.0,0.082,0.004636,7.552,2,0
S033,29,S033_029.wav,S033_029_mel.npy,සර්පයා මහා විශාලෙට කට ඇරියා,සර්පයා මහ විශාලට කඩ් කටරියා,0.8,0.2609,1,2,short,5.376,4.48,2,0.304,0.0907,0.005377,5.134,2,0
S033,30,S033_030.wav,S033_030_mel.npy,ටිකක් හිතලා බලන්නකෝ,ටිකක් ඉතල බලන්නක,0.6667,0.2353,1,2,short,1.963,1.963,0,0.0,0.0734,0.003991,8.662,2,0
S033,31,S033_031.wav,S033_031_mel.npy,තනියෙන් ලියන්න,තනියෙන් ලියන්න ප්‍රත්,0.5,0.4615,2,2,short,2.261,1.781,1,0.16,0.0732,0.00468,7.298,2,0
S033,32,S033_032.wav,S033_032_mel.npy,පස්වැනි ගුණාංගය,පසුවෙන්නෙකු උණාන්ගය,1.0,0.6429,2,2,short,1.835,1.696,0,0.0,0.1144,0.00285,8.255,2,0
S033,33,S033_033.wav,S033_033_mel.npy,බරණැස් නුවර සිටුවරයෙක් වාසය කළේය,බර නැස් නොවර සිටුරේයෙක් වාසය කළේය.,0.8,0.1071,1,2,short,4.672,4.128,1,0.192,0.0982,0.001528,6.783,2,0
S033,34,S033_034.wav,S033_034_mel.npy,නායකතුමා මෙසේ පිළිතුරු දුන්නේය,නායක සිටුතුමා මෙසේ පිළිතුර දුන්නේය.,0.75,0.1852,1,2,short,4.288,4.128,0,0.0,0.0906,0.005076,6.541,2,0
S033,35,S033_035.wav,S033_035_mel.npy,තේරවිලි වර්ග කිහිපයක් තිබේ,තේරවෙලි වර්කප් කිහිපයක් තිබේ.,0.5,0.1739,1,2,short,3.051,2.688,0,0.0,0.0691,0.004797,8.557,2,0
S033,36,S033_036.wav,S033_036_mel.npy,අපේ සීයා කතන්දර කීමට සමතෙකි,අපේ සීයා කතන්දර කීමට සමසමස්තෙකි.,0.2,0.1739,1,1,short,5.781,4.821,2,0.288,0.1078,0.003492,4.77,2,0
S033,37,S033_037.wav,S033_037_mel.npy,මේ අය අතරමගදී අම්බලමක නතර වුණා,මේ අග අතර මගදි අම්බලක නතර වුණා,0.6667,0.12,1,2,long,5.973,5.301,2,0.304,0.0766,0.004818,4.716,2,1
S033,38,S033_038.wav,S033_038_mel.npy,හරි අපූරු කතාවක්,අරිම අපූරු කතාවක්,0.3333,0.1429,1,1,short,2.027,1.995,0,0.0,0.0671,0.003151,7.019,2,0
S033,39,S033_039.wav,S033_039_mel.npy,කටුස්සාගේ කරේ රත්තරන් බැන්දා වගෙයි,කටුසාගේ කරේ රත්තරම් බැන්දාවාගේ,0.8,0.2333,1,2,short,3.157,3.04,0,0.0,0.0959,0.006419,9.868,2,0
S033,40,S033_040.wav,S033_040_mel.npy,මුල් ගුරුතුමා කීවේය,මුල් ගුරුතුමා කීවේය.,0.0,0.0,0,0,short,2.987,2.816,0,0.0,0.0745,0.012338,6.037,2,0
S033,41,S033_041.wav,S033_041_mel.npy,අද පුස්තකාල පන්තියක් කරමු,අද පුස්ත කාලේ පන්තියක්‌කරමු,0.75,0.0909,0,2,short,2.731,2.475,0,0.0,0.0911,0.003817,8.89,2,0
S033,42,S033_042.wav,S033_042_mel.npy,මම ගල්පරයක ඇලී ජීවත් වුනෙමි,මම ගල් ගල් පරෙයක ඇලී ජීවත් උනෙමු,0.8,0.3043,1,2,short,7.211,5.899,3,0.373,0.0784,0.001984,3.899,2,0
S033,43,S033_043.wav,S033_043_mel.npy,බෙලි කටුව කතා කරයි,බෙලි කටව කතාකරයි.,0.75,0.0667,0,2,short,1.984,1.856,0,0.0,0.0697,0.003038,8.082,2,0
S033,44,S033_044.wav,S033_044_mel.npy,සති අන්තේ නිවාඩුවට බිංදුලා ගමේ ගියා,සති අන්තයෙ අන්තය නිවාඩුවලවට බිඳුලා ගමේ ගියා.,0.6667,0.3667,2,2,long,7.808,6.944,2,0.352,0.0851,0.003347,4.32,2,1
S033,45,S033_045.wav,S033_045_mel.npy,මොනවාද ඒවායේ නම්,මොනවාද ඒවා වේවාගේ නම්,0.6667,0.3571,2,2,short,3.157,2.741,2,0.208,0.0689,0.005342,5.107,2,0
S033,46,S033_046.wav,S033_046_mel.npy,නංගි උත්තර දුන්නා,නංගි උත්තැර දුන්නා,0.3333,0.0667,0,1,short,1.493,1.461,0,0.0,0.0605,0.005768,10.264,2,0
S033,47,S033_047.wav,S033_047_mel.npy,පාර කියන අත්තම්මා,පාර කියන්න අත්තම්මේ ඇක්.,1.0,0.4,2,2,short,1.792,1.792,0,0.0,0.0813,0.003065,8.371,2,0
S033,48,S033_048.wav,S033_048_mel.npy,ඇයගේ කැපවීම පුදුමාකාරය,ඇයගේ කැපවීම පුබුදු මාකාරය,0.6667,0.1,0,2,short,4.245,3.84,1,0.288,0.0667,0.004961,5.208,2,0
S033,49,S033_049.wav,S033_049_mel.npy,මිනිසාගේ පරම යුතුකම මිනිසාට සේවය කිරීම,මිනිසාගේ පරණ යුතුකම මිනිසා සේවේවය කිරීම,0.5,0.1212,1,2,long,4.864,4.672,0,0.0,0.0917,0.005474,7.063,2,1
S033,50,S033_050.wav,S033_050_mel.npy,අපි මේ වන විට පැය දොළහක් වැඩ කර පැය දොළහක් විවේක ගත්තා,අපි මේවනම් විට පැය දොළහක් වැඩ කර පැය දොළහක් විවේක ගත්තා.,0.1667,0.0465,0,1,long,6.507,6.059,1,0.224,0.0787,0.001818,7.097,2,1
S033,51,S033_051.wav,S033_051_mel.npy,අප කවුරුත් පුදුමයට පත්කරමින් ඈට පණ ආවා,අප කවුරුත් බුදුමයට පත් කරමෙන්නට ඈට පණවාස්,0.7143,0.2188,1,2,long,5.845,5.493,1,0.16,0.0809,0.002642,5.825,2,1
S033,52,S033_052.wav,S033_052_mel.npy,සුගන්ධවත් පුෂ්පයෝ අපගේ සොහොයුරියෝය,සුකන් දත්ව පුෂ්පයෝ අපගේ සොහෝයුරියෝ ය.,1.0,0.129,1,2,short,6.229,5.589,2,0.256,0.0946,0.001921,5.546,2,0
S033,53,S033_053.wav,S033_053_mel.npy,ගංගාවෝ අපගේ සොහොයුරෝ වෙති,ගංගාවෝ අපේ සහසොහ සාසොහෝ යූරෝවෙති.,1.0,0.4091,2,2,short,5.291,4.864,1,0.288,0.0997,0.002613,4.523,2,0
S033,54,S033_054.wav,S033_054_mel.npy,නංගී මට නොදී කිසිවක් නොකනවා ඇතැයි මට සිතේ,නංගි මට නොදී කිසිවක් නොකන් නොකනවා ඇත්තැයි මම සිත්තේ,0.625,0.3235,1,2,long,6.763,6.016,1,0.384,0.0789,0.005261,5.652,2,1
S033,55,S033_055.wav,S033_055_mel.npy,නංගි උදේ පාන්දරින්ම නැගිටියි,නංගි උදේ පාන්දරම නැගිටිය නැගිටි,0.75,0.32,1,2,short,3.755,3.467,0,0.0,0.0626,0.004602,7.211,2,0
S033,56,S033_056.wav,S033_056_mel.npy,ඈ මා ගෙදර යන විට අසනු ඇත,ඈ මගේ මා ගෙදරේ අනැවිට අසුනු ඇත.,0.7143,0.3889,2,2,long,5.141,4.416,2,0.272,0.0798,0.005571,4.076,2,1
S033,57,S033_057.wav,S033_057_mel.npy,ගොවිතැන සඳහා භාවිත වන උපකරණ එකින් එක විස්තර කරද්දී ළමයි සාවධානව අසා සිටියහ,ගොවිතැන ස්ථාහා භාවිතාවනුපකරණයකින් එක විස්තරකරදි ළමයි සාවදානය අසාසිටියහ.,0.7692,0.1613,1,2,long,11.285,10.336,1,0.224,0.0846,0.000986,5.998,2,1
S033,58,S033_058.wav,S033_058_mel.npy,ළමයි පොල්තෙල් හිඳීමට භාවිත කරන සෙක්කුව අසලට රැස් වූහ,ළමයි පොල්තෙ පොල් තෙල් විඳීන් බිලීමට බැවිත බැවිත කරන සෙක්ව අසලට රැස්වූහ.,1.0,0.4773,2,2,long,14.613,12.565,5,0.333,0.0921,0.003318,3.502,2,1
S033,59,S033_059.wav,S033_059_mel.npy,ඒ ගොල්ලන්ට අලුත් ක්‍රමයක් හොයා ගන්න වෙනවා,ඒගොල්ලන්ට අලු ප්‍රමයක් සොයහොයා ගන්න වෙනවා.,0.7143,0.1714,1,2,long,5.099,4.459,1,0.352,0.0813,0.005928,7.85,2,1
S033,60,S033_060.wav,S033_060_mel.npy,බොහෝ දෙනෙක් මම එනතුරු බලා ගෙන හිටියා,අබහෝම දෙයක් මම එන තුරු බලාගෙන හිටියා,0.7143,0.1667,1,2,long,4.587,4.288,0,0.0,0.0712,0.00423,6.996,2,1
S033,61,S033_061.wav,S033_061_mel.npy,මට ආරංචි වුණා රජතුමාගේ ගුහාව ළඟ අනතුරක් කියලා,මම ආරංචි වුණා රචතුමාගේ ගුහාව ලඟ අනතුරා කියලා,0.375,0.1053,1,1,long,7.296,6.624,2,0.224,0.0755,0.003891,5.737,2,1
S033,62,S033_062.wav,S033_062_mel.npy,පැය අටකට පසු ඔවුන්ට පියාපත් සලන හඬක් ඇසිණි,පැයි දෙකකට පසු ඔවුන්ට පියාපස් අලන හඬක් ඇසීනි.,0.625,0.2,1,2,long,5.845,5.184,1,0.32,0.0989,0.003944,6.752,2,1
S033,63,S033_063.wav,S033_063_mel.npy,මිනිසුන් ගැන විස්තර දැනගන්න බොහෝ ක්‍රම තියෙනවා,මෙනිසුන් ගැන විස්තර දැනගන්න බොහෝ ත්‍රමේ තියෙනවා.,0.2857,0.075,0,1,long,4.608,4.16,0,0.0,0.089,0.004362,9.615,2,1
S033,64,S033_064.wav,S033_064_mel.npy,ඔබට දින හතරක් දෙමි,ඔපට දින හතරක් දෙමි,0.25,0.0667,0,1,short,2.133,1.973,0,0.0,0.0688,0.003848,7.601,2,0
S033,65,S033_065.wav,S033_065_mel.npy,ඇදුරුතුමා බෙහෙවින් සතුටට පත් විය,ඇතූරුතුමා බොහෝගින් සතුටට පතූව්‍ය,0.8,0.2857,1,2,short,5.781,4.8,1,0.704,0.0694,0.001225,5.833,2,0
S033,66,S033_066.wav,S033_066_mel.npy,ඔබට පේන්නේ කුමක්දැයි මම ඇසුවෙමි,ඔබට පෙන්පෙන්නේ කුමක්දැයි මම ඇසුවෙන්මේ,0.4,0.2963,1,1,short,5.547,5.035,2,0.176,0.0749,0.004815,5.363,2,0
S033,67,S033_067.wav,S033_067_mel.npy,මෙතැන තමයි හොඳම තැන,එතැන තම්මයින් හොඳම තැන,0.5,0.375,2,2,short,2.389,2.336,0,0.0,0.0574,0.002809,6.849,2,0
S033,68,S033_068.wav,S033_068_mel.npy,ඇය කාචය සකස් කර නැවත බැලූවාය,ඇය කාචය සකස් කර නැවත බැලුව,0.1667,0.1304,1,1,long,3.392,3.104,0,0.0,0.1015,0.0042,7.41,2,1
S034,1,S034_001.wav,S034_001_mel.npy,යාළුවෝ හැමදෙනාම නිදහස් උත්සවය බැලුවා,යාළුවෝ හැමදෙනාම න්තා සුස්සය බැරුවා,0.6,0.25,1,2,short,3.755,3.296,0,0.0,0.091,0.005669,9.709,1,0
S034,2,S034_002.wav,S034_002_mel.npy,කවිඳු යාළුවොත් එක්ක මිදුලේ සෙල්ලම් කරමින් සිටියා,අවිදගයේ ආලුවොත් එකක මිදුලේ සෙලල් කරමින් හිට්සිටියා,0.7143,0.2857,1,2,long,4.48,4.16,0,0.0,0.0767,0.003001,10.096,1,1
S034,3,S034_003.wav,S034_003_mel.npy,අපේ රටේ නිදහස් උත්සවය,අපේ රටේ ලිදහා සුස්සවය,0.5,0.2778,1,2,short,2.539,2.144,0,0.0,0.1153,0.003559,8.396,1,0
S034,4,S034_004.wav,S034_004_mel.npy,මම කෝෂය ඇතුලේ සති දෙකක් විතර හිටියා,මම කෝෂය ඇතුළේ සති කල් විතර හිටියා,0.1429,0.1034,1,1,long,3.904,3.616,0,0.0,0.0867,0.003479,8.02,1,1
S034,5,S034_005.wav,S034_005_mel.npy,පොත් කියවීමෙන් මිනිසා සම්පූර්ණ වේ,පොත් කියවීමෙන් මිනිසා සම්පූර්ණ වේ.,0.0,0.0,0,0,short,3.072,2.56,0,0.0,0.074,0.004731,11.328,1,0
S034,6,S034_006.wav,S034_006_mel.npy,මුහුද හරිම ලස්සනයි,මුහුදේ හරිම ලස්සනයි.,0.3333,0.0625,0,1,short,2.048,1.728,0,0.0,0.0874,0.006162,9.259,1,0
S034,7,S034_007.wav,S034_007_mel.npy,හැමෝම එකට අත් අල්ලා ගන්න,හැමෝම ඒකට ආතර්ලා ගන්න,0.6,0.25,1,2,short,3.477,2.912,1,0.256,0.0818,0.00245,6.868,1,0
S034,8,S034_008.wav,S034_008_mel.npy,මම එහෙනම් නාගෙන එන්නම්,මම එහෙනම් නාගනෙන්නම්,0.5,0.1053,1,2,short,3.307,2.432,1,0.256,0.087,0.005535,7.812,1,0
S034,9,S034_009.wav,S034_009_mel.npy,අපි අද පොල් කැඩුවා,අපි අද පොල් කැඩුව,0.25,0.0667,0,1,short,1.941,1.749,0,0.0,0.0775,0.004128,8.574,1,0
S034,10,S034_010.wav,S034_010_mel.npy,"ඇයි හිනා වෙන්නේ, මට රජ වෙන්න බැරිද",ඇයි හිනා වෙන්නෙන් මට ප්‍රජ වෙන්නෙ බැරිද?,0.4286,0.2593,1,2,long,4.245,3.605,1,0.416,0.0836,0.002637,7.766,1,1
S034,11,S034_011.wav,S034_011_mel.npy,දුව සටහන් පොතේ මොනවාද ලියා ගත්තේ,දූව සටහම් පොතේ වුණොන්ද ලියා ගත්තේ,0.5,0.2593,1,2,long,3.52,3.296,0,0.0,0.0747,0.003788,8.192,1,1
S034,12,S034_012.wav,S034_012_mel.npy,ඉතින් මෙච්චර පරක්කු වුනේ ඇයි,ඉතින් මෙත්තර පරකුණේ ඇයි,0.6,0.25,1,2,short,2.432,2.24,0,0.0,0.0797,0.003364,10.714,1,0
S034,13,S034_013.wav,S034_013_mel.npy,දවසක් අම්මා අශ්ව පැටියාගෙන් උදව්වක් ඉල්ලුවා,දවසක් කම්මා අස්ස පැටියාගෙන් උදව්වක් ඉල්වා,0.5,0.1316,1,2,long,4.331,3.872,0,0.0,0.0844,0.002542,9.814,1,1
S034,14,S034_014.wav,S034_014_mel.npy,ඔය ගඟ හරි ගැඹුරුයි,ඔය ගගේ හරි දැබුයුයි.,0.5,0.3333,1,2,short,3.307,2.4,2,0.32,0.0724,0.004251,6.25,1,0
S034,15,S034_015.wav,S034_015_mel.npy,අශ්ව පැටියා ඉක්මනින් ගෙදර එනවා දැකලා අම්මා පුදුම වුනා,අශ්ම පැටියා ඉත්මනි ගෙදර ගෙදර එනවා දැකල අම්මා පුදුම වුණා,0.4444,0.1556,1,2,long,6.869,5.664,2,0.304,0.0809,0.003417,7.945,1,1
S034,16,S034_016.wav,S034_016_mel.npy,"සිටුතුමනි, අපට අනුකම්පා කරනු මැනවි",සත් වූ මෙනේ අපට අනුකම්පා කරනු මෙනවි,0.8,0.2759,1,2,short,6.187,4.971,3,0.277,0.0852,0.001685,6.035,1,0
S034,18,S034_018.wav,S034_018_mel.npy,රයිට් සහෝදරයන්ගේ පියා ඔවුන් පුංචිකාලයේ දී කඩදාසි සහ රබර් පටිවලින් සෙල්ලම් අහස් යානා තනා දුන්නේය,රයිට් සහෝදයාගේ පියා උම් පුංචි කාලයේ දී කඩදාස සහ රබරු පටුවලිසෙලම් පහසයන තනා දුන්නාය.,0.7333,0.2346,1,2,long,10.688,9.344,4,0.28,0.0815,0.002106,8.669,1,1
S034,19,S034_019.wav,S034_019_mel.npy,පසු කලෙක ඔවුහු බයිසිකල් වැඩ වැඩපොළක් ඇරඹූහ,පසු කාලෙක මුහු බජිකලේ වැඩ කළා පළුවාව,0.7143,0.5,2,2,long,6.251,5.099,2,0.496,0.091,0.002583,7.061,1,1
S034,20,S034_020.wav,S034_020_mel.npy,දැන් හැමෝම වාඩිවෙන්න,දැන් හැමෝම වාඩි වෙන,0.6667,0.1111,1,2,short,2.283,1.952,0,0.0,0.0745,0.003298,9.221,1,0
S034,21,S034_021.wav,S034_021_mel.npy,අපි ඊළඟ දවසේ තවත් සෙල්ලමක් කරමු,අපි ඉරගේ දවශය සවසල්ලමක් කරමු,0.6667,0.3846,2,2,long,3.755,2.944,0,0.0,0.0795,0.004741,8.832,1,1
S034,22,S034_022.wav,S034_022_mel.npy,මේ සිහින අප නින්දේ දී දකින සිහින නම් නොවේ,මේ සිහිනේ අපි නින්දේදී දකින සිහින්ද නම් නොනෙයි.,0.6667,0.2424,1,2,long,5.44,4.672,1,0.224,0.075,0.005049,7.063,1,1
S034,23,S034_023.wav,S034_023_mel.npy,ඇගේ ගම ගිංතොට ය,ඇගේ ගම ගින්තොටය,0.5,0.1667,1,2,short,3.115,2.624,1,0.352,0.0753,0.001532,4.573,1,0
S034,24,S034_024.wav,S034_024_mel.npy,මේ පුංචි දැරිය ඇගේ ප්‍රියතම වැඩිහිටි නෑදෑයා ගැන පසු කලෙක එසේ කීවාය,මේ කුන්ති දරියව ඇගේ ප්‍රයමිත වැඩිහිටී නැදැය ගැනු පශු කල්කාලක සේ තීවාය.,0.8333,0.3818,2,2,long,9.067,8.416,2,0.24,0.0798,0.003485,6.535,1,1
S034,25,S034_025.wav,S034_025_mel.npy,පින්තූර මගින් කතා කීම ඈත කාලයේ සිට පැවත එන ක්‍රමයකි,ඉන්තූර මගින් කතා කිරීම ඈත කාලය සිට පැවැතෙන්නෙන ක්‍රියාකාරමකි.,0.6,0.4048,2,2,long,6.421,6.101,1,0.288,0.0927,0.003485,6.884,1,1
S034,26,S034_026.wav,S034_026_mel.npy,මකුළුවා තණ බිස්සේ හැංගුනා,මකුළුවා තන බිස්සේ හැංගුණා,0.0,0.0,0,0,short,2.56,2.432,0,0.0,0.1034,0.004836,9.046,1,0
S034,27,S034_027.wav,S034_027_mel.npy,එළියේ ලස්සන ගැහැණු ළමයෙක් හිටගෙන හිටියා,එලියේ ලස්සන ගැවැන් ළමයෙක් හිට ගෙන හිටිගා,0.6667,0.0882,0,2,long,4.693,4.277,1,0.224,0.0951,0.006086,7.949,1,1
S034,28,S034_028.wav,S034_028_mel.npy,අතරමගදී ඉතාම භයානක දෙයක් සිදුවුණා,අතර මගදී ඉතාම භයානක දෙයක් සිදු වුණා,0.8,0.0,0,2,short,5.056,4.416,2,0.208,0.0814,0.004348,6.567,1,0
S034,29,S034_029.wav,S034_029_mel.npy,සර්පයා මහා විශාලෙට කට ඇරියා,සර්පයා මහමිශාලට කට දැරියා,0.6,0.2174,1,2,short,3.968,3.424,0,0.0,0.1297,0.005658,6.717,1,0
S034,30,S034_030.wav,S034_030_mel.npy,ටිකක් හිතලා බලන්නකෝ,ටෙකක් හිතලා බලන්නකෝ.,0.3333,0.0588,0,1,short,2.133,1.92,0,0.0,0.0843,0.002747,8.854,1,0
S034,31,S034_031.wav,S034_031_mel.npy,තනියෙන් ලියන්න,සනියෙන් ලියනව,1.0,0.2308,1,2,short,3.051,2.539,0,0.0,0.0864,0.009811,5.121,1,0
S034,32,S034_032.wav,S034_032_mel.npy,පස්වැනි ගුණාංගය,පස්තෙනෙකුන්ගෙ,1.0,0.5,2,2,short,1.813,1.589,0,0.0,0.0614,0.003094,8.808,1,0
S034,33,S034_033.wav,S034_033_mel.npy,බරණැස් නුවර සිටුවරයෙක් වාසය කළේය,බර නැස් නුවර සිටුයකු වාසය කොලේය.,0.8,0.1786,1,2,short,4.587,4.128,1,0.352,0.0811,0.005695,6.783,1,0
S034,34,S034_034.wav,S034_034_mel.npy,නායකතුමා මෙසේ පිළිතුරු දුන්නේය,රජතුනායක සිටුතුමා මෙසේ කළිතුරු තුන්නේය.,1.0,0.4074,2,2,short,4.011,3.936,0,0.0,0.0821,0.002839,6.86,1,0
S034,35,S034_035.wav,S034_035_mel.npy,තේරවිලි වර්ග කිහිපයක් තිබේ,තේරෙවිලි වර්ග කිහිපයක් තිබේ.,0.25,0.0435,0,1,short,2.773,2.304,0,0.0,0.0705,0.003137,9.983,1,0
S034,36,S034_036.wav,S034_036_mel.npy,අපේ සීයා කතන්දර කීමට සමතෙකි,අපේ සීයා කතන්දර ක්‍රීමට සමසකින්,0.4,0.3043,1,1,short,3.221,2.752,0,0.0,0.0805,0.004187,8.358,1,0
S034,37,S034_037.wav,S034_037_mel.npy,මේ අය අතරමගදී අම්බලමක නතර වුණා,මේ අය අතරමගෙඩි හම්බලම් උඹලමක නත්තර වුණා.,0.6667,0.44,2,2,long,5.227,4.715,1,0.288,0.0768,0.00363,5.303,1,1
S034,38,S034_038.wav,S034_038_mel.npy,හරි අපූරු කතාවක්,තරියක් උමහු කතාව,1.0,0.6429,2,2,short,1.6,1.536,0,0.0,0.0781,0.003782,9.115,1,0
S034,39,S034_039.wav,S034_039_mel.npy,කටුස්සාගේ කරේ රත්තරන් බැන්දා වගෙයි,පටුෂ්‍රාගෙ පරක්කරේ රත්රම් බැන්දා වගෙන්,0.8,0.4333,2,2,short,3.435,3.072,0,0.0,0.0829,0.003423,9.766,1,0
S034,40,S034_040.wav,S034_040_mel.npy,මුල් ගුරුතුමා කීවේය,මුලු ගුරුතුමා කීවේය.,0.3333,0.0588,0,1,short,2.645,2.464,0,0.0,0.0693,0.006913,6.899,1,0
S034,41,S034_041.wav,S034_041_mel.npy,අද පුස්තකාල පන්තියක් කරමු,අද පුස්තකාල පංදියක් කරමු,0.25,0.1364,1,1,short,2.624,2.368,0,0.0,0.0766,0.002816,9.291,1,0
S034,42,S034_042.wav,S034_042_mel.npy,මම ගල්පරයක ඇලී ජීවත් වුනෙමි,මමා ගල් පරෙන් එක එල්ලී ජීවත් උනෙමිත්,1.0,0.5217,2,2,short,7.552,6.624,2,0.208,0.0921,0.000882,3.472,1,0
S034,43,S034_043.wav,S034_043_mel.npy,බෙලි කටුව කතා කරයි,බෙලි කටුව හතා කරයි.,0.25,0.0667,0,1,short,2.752,2.496,0,0.0,0.0717,0.004433,6.01,1,0
S034,44,S034_044.wav,S034_044_mel.npy,සති අන්තේ නිවාඩුවට බිංදුලා ගමේ ගියා,අන්තේ නිවාරුව බින්දු කමේ ගියා,0.6667,0.3333,1,2,long,6.101,5.013,3,0.341,0.0783,0.002859,5.984,1,1
S034,45,S034_045.wav,S034_045_mel.npy,මොනවාද ඒවායේ නම්,මොනවාද ඒ පේවාද ඒ නම්,1.0,0.2857,1,2,short,2.517,2.24,1,0.224,0.0721,0.003486,6.25,1,0
S034,46,S034_046.wav,S034_046_mel.npy,නංගි උත්තර දුන්නා,නමිය එතර හුන්නා.,1.0,0.4,2,2,short,1.685,1.536,0,0.0,0.0587,0.006203,9.766,1,0
S034,47,S034_047.wav,S034_047_mel.npy,පාර කියන අත්තම්මා,පාර කියන අතම්ම,0.3333,0.2,1,1,short,2.283,1.931,0,0.0,0.0771,0.002111,7.769,1,0
S034,48,S034_048.wav,S034_048_mel.npy,ඇයගේ කැපවීම පුදුමාකාරය,ඇයගේ කැපවීන් කුදුහාරේ,0.6667,0.35,1,2,short,2.987,2.731,1,0.256,0.0619,0.002974,7.324,1,0
S034,49,S034_049.wav,S034_049_mel.npy,මිනිසාගේ පරම යුතුකම මිනිසාට සේවය කිරීම,මිනිසාගේ පුදු පරම පුදුකම මිනිසාට සේවය කිරීම,0.3333,0.1818,1,1,long,5.355,4.896,1,0.224,0.0697,0.002014,6.74,1,1
S034,50,S034_050.wav,S034_050_mel.npy,අපි මේ වන විට පැය දොළහක් වැඩ කර පැය දොළහක් විවේක ගත්තා,අපි මේ වන විටය පැය දොළහ වැඩ කර පැය දොළහ මියක වතන්,0.4167,0.2791,1,2,long,7.552,6.56,2,0.272,0.0633,0.00384,6.555,1,1
S034,51,S034_051.wav,S034_051_mel.npy,අප කවුරුත් පුදුමයට පත්කරමින් ඈට පණ ආවා,අප කවුරු පුදුමයට පත් කරමින් නෑත පණලාවක්,0.7143,0.2812,1,2,long,4.075,3.808,1,0.192,0.0738,0.001964,8.403,1,1
S034,52,S034_052.wav,S034_052_mel.npy,සුගන්ධවත් පුෂ්පයෝ අපගේ සොහොයුරියෝය,සුභාහ්දවය පෝර් කුෂ්පයෝ අපගෙත් පාරියොච්වෙර්,1.0,0.7097,2,2,short,7.168,6.432,2,0.352,0.0896,0.005533,4.82,1,0
S034,53,S034_053.wav,S034_053_mel.npy,ගංගාවෝ අපගේ සොහොයුරෝ වෙති,ගංගාවයක සොහියො වැතියි,1.0,0.5455,2,2,short,4.715,3.595,2,0.528,0.0717,0.004247,6.12,1,0
S034,54,S034_054.wav,S034_054_mel.npy,නංගී මට නොදී කිසිවක් නොකනවා ඇතැයි මට සිතේ,නංගී මට නොදි කිසිවෙකු මොකනවා ඇතැයි මට කිසිතෙන්,0.5,0.2647,1,2,long,5.696,5.376,1,0.224,0.0763,0.007606,6.324,1,1
S034,55,S034_055.wav,S034_055_mel.npy,නංගි උදේ පාන්දරින්ම නැගිටියි,නංගි උදේ පාන්දරින්ම නගැටි,0.25,0.16,1,1,short,2.987,2.656,1,0.256,0.0634,0.005221,9.413,1,0
S034,56,S034_056.wav,S034_056_mel.npy,ඈ මා ගෙදර යන විට අසනු ඇත,ඈ! මා ගෙදර යනවිට හැසුනු හැත.,0.5714,0.2778,1,2,long,5.419,4.139,3,0.416,0.0748,0.004479,4.349,1,1
S034,57,S034_057.wav,S034_057_mel.npy,ගොවිතැන සඳහා භාවිත වන උපකරණ එකින් එක විස්තර කරද්දී ළමයි සාවධානව අසා සිටියහ,ගොවිදන සදහා භාවිත වන ප්‍රගන්නේ එක විස්තර කරද්දි ළමයි සාවා හදනව ශ්‍රශ්‍රා සිටියහ.,0.6154,0.371,2,2,long,10.56,9.152,2,0.432,0.0859,0.000684,6.774,1,1
S034,58,S034_058.wav,S034_058_mel.npy,ළමයි පොල්තෙල් හිඳීමට භාවිත කරන සෙක්කුව අසලට රැස් වූහ,ලමේ පොල් සැල් පිදීමට බොක් ඇතා පිලිසේවසේ හා සියෙහන්,1.0,0.6591,2,2,long,5.909,5.365,1,0.352,0.0695,0.004428,8.201,1,1
S034,59,S034_059.wav,S034_059_mel.npy,ඒ ගොල්ලන්ට අලුත් ක්‍රමයක් හොයා ගන්න වෙනවා,එයේ පිදිසිලකු අනීක ප්‍රශෙනාවත් බැන්වා,1.0,0.8,2,2,long,3.819,3.072,2,0.208,0.0657,0.00388,11.393,1,1
S034,60,S034_060.wav,S034_060_mel.npy,බොහෝ දෙනෙක් මම එනතුරු බලා ගෙන හිටියා,බොහෝ දෙයා දෙකෙන් මම එන තුරු බලා ගෙන සිටියා,0.7143,0.2,1,2,long,4.779,4.512,0,0.0,0.0729,0.002906,6.649,1,1
S034,61,S034_061.wav,S034_061_mel.npy,මට ආරංචි වුණා රජතුමාගේ ගුහාව ළඟ අනතුරක් කියලා,මට ආරංචි වුණා රදතුමා ගුහාවේ ලග අනතුර කියලා,0.5,0.1842,1,2,long,5.675,5.088,1,0.48,0.0807,0.003444,7.469,1,1
S034,62,S034_062.wav,S034_062_mel.npy,පැය අටකට පසු ඔවුන්ට පියාපත් සලන හඬක් ඇසිණි,පැය අටකට පසු ඔවුන්ට පියාපා සලකනා ආඩ පැසිණින්,0.5,0.2857,1,2,long,5.824,5.376,1,0.32,0.0809,0.004941,6.51,1,1
S034,63,S034_063.wav,S034_063_mel.npy,මිනිසුන් ගැන විස්තර දැනගන්න බොහෝ ක්‍රම තියෙනවා,මිනිසුන් ගැන විස්තර දැන කන්න බොහෝ ප්‍රම ප්‍රම තියෙනවන්,0.7143,0.225,1,2,long,6.997,6.005,3,0.181,0.0735,0.003872,6.661,1,1
S034,64,S034_064.wav,S034_064_mel.npy,ඔබට දින හතරක් දෙමි,ඔබට දින හතරත් දෙමි,0.25,0.0667,0,1,short,2.155,2.016,0,0.0,0.0697,0.005404,7.44,1,0
S034,65,S034_065.wav,S034_065_mel.npy,ඇදුරුතුමා බෙහෙවින් සතුටට පත් විය,අදුරෙහම හේවින් සතුට පත් විය,0.6,0.3214,1,2,short,3.691,3.339,1,0.16,0.0713,0.007845,8.387,1,0
S034,66,S034_066.wav,S034_066_mel.npy,ඔබට පේන්නේ කුමක්දැයි මම ඇසුවෙමි,ඔබට පෙන්නන්නේ කොමා කුමක් දැයි මම ඇසුවෙමි,0.8,0.2963,1,2,short,4.309,3.744,1,0.448,0.0659,0.004627,7.212,1,0
S034,67,S034_067.wav,S034_067_mel.npy,මෙතැන තමයි හොඳම තැන,මෙතෙන තොමයි හොදම තැන,0.75,0.1875,1,2,short,2.389,2.304,0,0.0,0.075,0.006429,6.944,1,0
S034,68,S034_068.wav,S034_068_mel.npy,ඇය කාචය සකස් කර නැවත බැලූවාය,ඇදා කාචවේ සකස් කර නැවත බැරුවාය.,0.5,0.2609,1,2,long,3.669,3.349,1,0.224,0.0804,0.004551,6.867,1,1
S035,1,S035_001.wav,S035_001_mel.npy,යාළුවෝ හැමදෙනාම නිදහස් උත්සවය බැලුවා,යාළුවෝ නැමදෙනාව නිදහසස්ත්‍රවේ බැලුවා,0.6,0.2188,1,2,short,3.2,2.912,0,0.0,0.08,0.004896,10.989,2,0
S035,2,S035_002.wav,S035_002_mel.npy,කවිඳු යාළුවොත් එක්ක මිදුලේ සෙල්ලම් කරමින් සිටියා,කවිදු යාළුවොත් එක මිදුරේ සෙල්ලම් දුරමින් නිටියා,0.7143,0.1667,1,2,long,3.307,3.04,0,0.0,0.0763,0.003944,13.816,2,1
S035,3,S035_003.wav,S035_003_mel.npy,අපේ රටේ නිදහස් උත්සවය,අපේ රටේ නිදහසුසුවේ,0.5,0.3333,1,2,short,2.091,1.984,0,0.0,0.0802,0.004163,9.073,2,0
S035,4,S035_004.wav,S035_004_mel.npy,මම කෝෂය ඇතුලේ සති දෙකක් විතර හිටියා,මෙමු කෝෂය ඇතුලේ සති දෙකක් කිතර හිටියක්,0.4286,0.1724,1,2,long,2.816,2.624,0,0.0,0.0941,0.00588,11.052,2,1
S035,5,S035_005.wav,S035_005_mel.npy,පොත් කියවීමෙන් මිනිසා සම්පූර්ණ වේ,අපක්‍යවීමෙන් මිනිසා සම්පූර්ණ වෙම්,0.6,0.2759,1,2,short,3.563,2.859,0,0.0,0.0896,0.002436,10.145,2,0
S035,6,S035_006.wav,S035_006_mel.npy,මුහුද හරිම ලස්සනයි,මොහොද හටිමල අසරයි.,1.0,0.375,2,2,short,1.216,1.216,0,0.0,0.07,0.003856,13.158,2,0
S035,7,S035_007.wav,S035_007_mel.npy,හැමෝම එකට අත් අල්ලා ගන්න,මැහැමෝම එකට අත් අල්ලා ගන්න,0.2,0.1,0,1,short,2.069,2.016,0,0.0,0.0784,0.006307,9.921,2,0
S035,8,S035_008.wav,S035_008_mel.npy,මම එහෙනම් නාගෙන එන්නම්,මම එහෙනම් නාගෙන එන්නම්,0.0,0.0,0,0,short,2.773,2.293,0,0.0,0.0912,0.006176,8.285,2,0
S035,9,S035_009.wav,S035_009_mel.npy,අපි අද පොල් කැඩුවා,අපි අද පොල් කැඩුව,0.25,0.0667,0,1,short,1.579,1.408,0,0.0,0.0734,0.002298,10.653,2,0
S035,10,S035_010.wav,S035_010_mel.npy,"ඇයි හිනා වෙන්නේ, මට රජ වෙන්න බැරිද",ඇයි හිනාවෙනෙ මට රජ වෙන්න බැරිද?,0.2857,0.1111,1,1,long,2.773,2.453,1,0.224,0.0883,0.00258,11.413,2,1
S035,11,S035_011.wav,S035_011_mel.npy,දුව සටහන් පොතේ මොනවාද ලියා ගත්තේ,දුව සටහන් පුතේ මුනවාද ලියා ගතේ,0.5,0.1481,1,2,long,2.688,2.656,0,0.0,0.0742,0.004035,10.166,2,1
S035,12,S035_012.wav,S035_012_mel.npy,ඉතින් මෙච්චර පරක්කු වුනේ ඇයි,තිත්ම් එචන් පරකුණේ අයි.,1.0,0.5,2,2,short,2.048,1.888,0,0.0,0.0817,0.003814,12.712,2,0
S035,13,S035_013.wav,S035_013_mel.npy,දවසක් අම්මා අශ්ව පැටියාගෙන් උදව්වක් ඉල්ලුවා,දවසක් කම්මා අශ්ව පැටියාකෙන් දව්වක් ඉලුවක්.,0.6667,0.1842,1,2,long,3.157,3.04,0,0.0,0.0991,0.002474,12.5,2,1
S035,14,S035_014.wav,S035_014_mel.npy,ඔය ගඟ හරි ගැඹුරුයි,ඔය කර්ග හරිම ගැඹුරුයි,0.5,0.3333,1,2,short,1.92,1.824,0,0.0,0.0647,0.004804,8.224,2,0
S035,15,S035_015.wav,S035_015_mel.npy,අශ්ව පැටියා ඉක්මනින් ගෙදර එනවා දැකලා අම්මා පුදුම වුනා,අශ්ව පැටියා ඉක්මනින් ගෙදර එනවා දැකල පුදු මුවුණා.,0.4444,0.1556,1,2,long,4.864,4.192,0,0.0,0.0857,0.001354,10.735,2,1
S035,16,S035_016.wav,S035_016_mel.npy,"සිටුතුමනි, අපට අනුකම්පා කරනු මැනවි",සිටුතුමනි අප අනුකම්පා කරනු මැනමි,0.4,0.069,0,1,short,4.139,3.296,1,0.224,0.0926,0.004384,9.102,2,0
S035,17,S035_017.wav,S035_017_mel.npy,බරෙන් වැඩි වන්නේ ගසක මුල කොටසද,බරින් වැඩි වන්නේ ගසක මුද කුටසු ද,0.6667,0.16,1,2,long,3.477,2.933,1,0.32,0.078,0.00256,8.523,2,1
S035,18,S035_018.wav,S035_018_mel.npy,රයිට් සහෝදරයන්ගේ පියා ඔවුන් පුංචිකාලයේ දී කඩදාසි සහ රබර් පටිවලින් සෙල්ලම් අහස් යානා තනා දුන්නේය,රෛට් සහෝදරයෝගේ පියා ඔවුන් පුංචි කාලයේදී කඩුදාස සහ රබර් පටිවරින් සෙල්ලම් හාසයානා තනා දුන්නේය.,0.5333,0.1235,1,2,long,9.237,7.904,1,0.48,0.0826,0.001895,10.248,2,1
S035,19,S035_019.wav,S035_019_mel.npy,පසු කලෙක ඔවුහු බයිසිකල් වැඩ වැඩපොළක් ඇරඹූහ,පසු කාලෙක ඔහු බයිසිකල් වැඩපොළත් පොළක් කාරම්පූහ.,0.7143,0.3611,2,2,long,7.211,5.835,3,0.448,0.0778,0.005679,6.17,2,1
S035,20,S035_020.wav,S035_020_mel.npy,දැන් හැමෝම වාඩිවෙන්න,දැන් හැමෝම වාඩිවෙනවා,0.3333,0.1111,1,1,short,2.197,1.717,0,0.0,0.0802,0.003606,10.481,2,0
S035,21,S035_021.wav,S035_021_mel.npy,අපි ඊළඟ දවසේ තවත් සෙල්ලමක් කරමු,අපි ලඟ දවසේ තව සෙල්ලමක් කරමු,0.3333,0.1154,1,1,long,3.136,2.848,1,0.256,0.0833,0.004334,9.129,2,1
S035,22,S035_022.wav,S035_022_mel.npy,මේ සිහින අප නින්දේ දී දකින සිහින නම් නොවේ,මේ සිහින අප රින්දේදී දකින සිහින ම නම් නොවේ,0.3333,0.0606,0,1,long,6.827,5.568,3,0.299,0.0771,0.002642,5.927,2,1
S035,23,S035_023.wav,S035_023_mel.npy,ඇගේ ගම ගිංතොට ය,ඇගේ ගම ගින්තොටය,0.5,0.1667,1,2,short,3.051,2.24,0,0.0,0.0775,0.006896,5.357,2,0
S035,24,S035_024.wav,S035_024_mel.npy,මේ පුංචි දැරිය ඇගේ ප්‍රියතම වැඩිහිටි නෑදෑයා ගැන පසු කලෙක එසේ කීවාය,මේ පුංචිදරියගේ ඇයගේ ත්‍රියතම වැඩිහිටි නෑදෑයක් ගැන පසුකාලෙක එසේ කීවාය.,0.5833,0.1455,1,2,long,10.048,8.48,2,0.384,0.085,0.004162,6.486,2,1
S035,25,S035_025.wav,S035_025_mel.npy,පින්තූර මගින් කතා කීම ඈත කාලයේ සිට පැවත එන ක්‍රමයකි,පින්තූර මගින් කතා කීම ඈත කාලේ සිට පැවත එනැ.,0.3,0.2143,1,1,long,8.491,6.816,4,0.32,0.0779,0.005074,6.162,2,1
S035,26,S035_026.wav,S035_026_mel.npy,මකුළුවා තණ බිස්සේ හැංගුනා,මකුලුවා තන බිසේ හැංගුණ,0.5,0.1364,1,2,short,3.989,3.232,0,0.0,0.0892,0.005844,6.807,2,0
S035,27,S035_027.wav,S035_027_mel.npy,එළියේ ලස්සන ගැහැණු ළමයෙක් හිටගෙන හිටියා,එළියේ ලස්සන ගෑණමයේ හිටගෙන හිටියා,0.3333,0.2353,1,1,long,4.267,3.723,1,0.32,0.0828,0.004704,9.133,2,1
S035,28,S035_028.wav,S035_028_mel.npy,අතරමගදී ඉතාම භයානක දෙයක් සිදුවුණා,අතර මගදී හිතාගන්නම හිතාගන්නම භයානකදයක් සිදු වුණාස්,1.0,0.6207,2,2,short,6.123,5.579,2,0.24,0.0773,0.001991,5.198,2,0
S035,29,S035_029.wav,S035_029_mel.npy,සර්පයා මහා විශාලෙට කට ඇරියා,සර්පයා මහා විවි විශාලේට කටෑරියක්,0.6,0.3478,1,2,short,4.651,3.872,2,0.368,0.0911,0.006219,5.94,2,0
S035,30,S035_030.wav,S035_030_mel.npy,ටිකක් හිතලා බලන්නකෝ,ටිකක් ඉතලා බලන්නගො,0.6667,0.2353,1,2,short,3.712,2.624,0,0.0,0.0861,0.00478,6.479,2,0
S035,31,S035_031.wav,S035_031_mel.npy,තනියෙන් ලියන්න,තනියෙන් හියන්,0.5,0.1538,1,2,short,1.451,1.056,0,0.0,0.071,0.004703,12.311,2,0
S035,32,S035_032.wav,S035_032_mel.npy,පස්වැනි ගුණාංගය,පස්සයනි ගුණ අඟය,1.0,0.3571,2,2,short,1.856,1.376,0,0.0,0.0997,0.003846,10.174,2,0
S035,33,S035_033.wav,S035_033_mel.npy,බරණැස් නුවර සිටුවරයෙක් වාසය කළේය,බරනල් ස්නුවර සිටුවෙක් වාසය කළා.,0.8,0.2143,1,2,short,4.544,3.104,2,0.416,0.0923,0.003172,9.021,2,0
S035,34,S035_034.wav,S035_034_mel.npy,නායකතුමා මෙසේ පිළිතුරු දුන්නේය,නායක සිටතුමා මෙසේ පිලිතුරු දුන්නායේ,0.75,0.1852,1,2,short,2.944,2.912,0,0.0,0.0848,0.005369,9.272,2,0
S035,35,S035_035.wav,S035_035_mel.npy,තේරවිලි වර්ග කිහිපයක් තිබේ,තේරවිලි වර්ග කියි. තිබේව.,0.5,0.2609,1,2,short,2.667,1.824,1,0.672,0.0729,0.0048,12.61,2,0
S035,36,S035_036.wav,S035_036_mel.npy,අපේ සීයා කතන්දර කීමට සමතෙකි,අපේ සීයා කතන්දරකීමට සමතකි.,0.6,0.0435,0,2,short,3.84,2.944,1,0.224,0.0877,0.001987,7.812,2,0
S035,37,S035_037.wav,S035_037_mel.npy,මේ අය අතරමගදී අම්බලමක නතර වුණා,මේ අය අතරමාගදී අම්බලම්කල් අතර වුණා,0.5,0.2,1,2,long,3.925,3.616,1,0.256,0.0711,0.00477,6.914,2,1
S035,38,S035_038.wav,S035_038_mel.npy,හරි අපූරු කතාවක්,හරි අපූරු කතාවක්,0.0,0.0,0,0,short,1.813,1.589,0,0.0,0.0727,0.004347,8.808,2,0
S035,39,S035_039.wav,S035_039_mel.npy,කටුස්සාගේ කරේ රත්තරන් බැන්දා වගෙයි,කටුසාගේ කරේ රතරට් මැඳා වගේ,0.8,0.4,2,2,short,2.56,2.464,0,0.0,0.079,0.002889,12.175,2,0
S035,40,S035_040.wav,S035_040_mel.npy,මුල් ගුරුතුමා කීවේය,මුල් පුරුතුවා කීවේ,0.6667,0.1765,1,2,short,2.027,1.707,0,0.0,0.0665,0.006225,9.961,2,0
S035,41,S035_041.wav,S035_041_mel.npy,අද පුස්තකාල පන්තියක් කරමු,අද කෘෂ්ථකාලයේ පංතිය ආරම්භකර පත්තියක් ආරම්භකරමු,1.0,1.0,2,2,short,4.288,3.904,0,0.0,0.0716,0.003102,5.635,2,0
S035,42,S035_042.wav,S035_042_mel.npy,මම ගල්පරයක ඇලී ජීවත් වුනෙමි,මම ගල් පරය පරයකට ඇලී ජීවත් වුනෙමික්,0.8,0.2609,1,2,short,7.808,6.176,1,0.864,0.0731,0.003019,3.724,2,0
S035,43,S035_043.wav,S035_043_mel.npy,බෙලි කටුව කතා කරයි,බෙලි කටුව කතා කරයි.,0.0,0.0,0,0,short,3.157,2.72,1,0.384,0.0723,0.005249,5.515,2,0
S035,44,S035_044.wav,S035_044_mel.npy,සති අන්තේ නිවාඩුවට බිංදුලා ගමේ ගියා,සතියන්තෙ නිවාර්ඩුවට විදුලා ගමේන් ගියා,0.8333,0.2667,1,2,long,3.115,3.008,0,0.0,0.0809,0.003021,9.973,2,1
S035,45,S035_045.wav,S035_045_mel.npy,මොනවාද ඒවායේ නම්,මුණමද ඒවෑයි නම්,0.6667,0.3571,2,2,short,1.856,1.728,0,0.0,0.0669,0.006393,8.102,2,0
S035,46,S035_046.wav,S035_046_mel.npy,නංගි උත්තර දුන්නා,නංහි උතර දුන්නා,0.6667,0.2,1,2,short,1.856,1.536,0,0.0,0.068,0.004929,9.766,2,0
S035,47,S035_047.wav,S035_047_mel.npy,පාර කියන අත්තම්මා,පාර කියන අත්තම්මයි.,0.3333,0.1333,1,1,short,1.536,1.504,0,0.0,0.0974,0.003812,9.973,2,0
S035,48,S035_048.wav,S035_048_mel.npy,ඇයගේ කැපවීම පුදුමාකාරය,ඇයගේ කැපවීම පුදුමාකාරය,0.0,0.0,0,0,short,2.667,2.432,0,0.0,0.0827,0.00305,8.224,2,0
S035,49,S035_049.wav,S035_049_mel.npy,මිනිසාගේ පරම යුතුකම මිනිසාට සේවය කිරීම,මිනිසාගේ පරම විහිතුකාම් මිනිසාට ව සේවය කිරීම,0.3333,0.2121,1,1,long,6.251,5.344,3,0.235,0.0856,0.004597,6.175,2,1
S035,50,S035_050.wav,S035_050_mel.npy,අපි මේ වන විට පැය දොළහක් වැඩ කර පැය දොළහක් විවේක ගත්තා,අපි මේවෙන විට පැය දොළහක් වැඩ කර පැය දොළහක් විවේක ගත්තක්,0.25,0.0698,0,1,long,5.675,5.216,0,0.0,0.0856,0.00132,8.244,2,1
S035,51,S035_051.wav,S035_051_mel.npy,අප කවුරුත් පුදුමයට පත්කරමින් ඈට පණ ආවා,අප කවුරුත් පුදුමයට පත් කරමින් නෑතට පණයවා පණාවන්,0.7143,0.3125,1,2,long,6.592,5.344,2,0.4,0.084,0.003169,5.988,2,1
S035,52,S035_052.wav,S035_052_mel.npy,සුගන්ධවත් පුෂ්පයෝ අපගේ සොහොයුරියෝය,සුගන්දවත් පුෂ්පයෝ අපගේ සහෝදරියෝය.,0.25,0.129,1,1,short,5.355,4.16,2,0.448,0.0961,0.003794,7.452,2,0
S035,53,S035_053.wav,S035_053_mel.npy,ගංගාවෝ අපගේ සොහොයුරෝ වෙති,ගංගා වෝ අපගේ සහෝදරියෝ වෙතින්,1.0,0.3636,2,2,short,3.477,2.88,0,0.0,0.08,0.003717,7.639,2,0
S035,54,S035_054.wav,S035_054_mel.npy,නංගී මට නොදී කිසිවක් නොකනවා ඇතැයි මට සිතේ,නගී මට නොදී කිසිවක් නොකර නොකන ඇතැයි මම සිතෙයි.,0.625,0.2647,1,2,long,7.552,6.112,2,0.24,0.0823,0.003553,5.563,2,1
S035,55,S035_055.wav,S035_055_mel.npy,නංගි උදේ පාන්දරින්ම නැගිටියි,නංගී උදේ පාන්දරීම නැගිටියි,0.5,0.16,1,2,short,2.901,2.528,0,0.0,0.0767,0.00352,9.889,2,0
S035,56,S035_056.wav,S035_056_mel.npy,ඈ මා ගෙදර යන විට අසනු ඇත,ඈගෙදරේ යන විට ඇසුනු අසුනු ඇත,0.7143,0.5,2,2,long,5.589,4.533,3,0.32,0.0953,0.002291,3.971,2,1
S035,57,S035_057.wav,S035_057_mel.npy,ගොවිතැන සඳහා භාවිත වන උපකරණ එකින් එක විස්තර කරද්දී ළමයි සාවධානව අසා සිටියහ,ගොවිතයෙන් සඳහා භාවිතාගෙනවූ භාවිතාගෙනු උපකරණ එකකිම් එක විස්තරයක්වරදී ළමයි අවසාදානයව අසා සිටියහ.,0.5385,0.4355,2,2,long,15.04,12.736,5,0.365,0.0834,0.001856,4.868,2,1
S035,58,S035_058.wav,S035_058_mel.npy,ළමයි පොල්තෙල් හිඳීමට භාවිත කරන සෙක්කුව අසලට රැස් වූහ,මෙළමයි පොල්තයෙල් විදීමට භාවිතා කරනු සෙක්වූ අසලට රැස්වූහ.,0.8889,0.2273,1,2,long,6.549,5.952,1,0.384,0.0759,0.004106,7.392,2,1
S035,59,S035_059.wav,S035_059_mel.npy,ඒ ගොල්ලන්ට අලුත් ක්‍රමයක් හොයා ගන්න වෙනවා,ඒල් ගොල්ලොන්ට අලු ක්‍රමයා කොයාගන්න වෙනවා.,0.8571,0.2286,1,2,long,4.992,3.84,1,0.352,0.0784,0.003737,9.115,2,1
S035,60,S035_060.wav,S035_060_mel.npy,බොහෝ දෙනෙක් මම එනතුරු බලා ගෙන හිටියා,බොහෝ තෙනෙක් එක් මම එනත්දුරු බලාගෙන හිටියා.,0.7143,0.2,1,2,long,5.056,4.544,1,0.256,0.0774,0.002591,6.602,2,1
S035,61,S035_061.wav,S035_061_mel.npy,මට ආරංචි වුණා රජතුමාගේ ගුහාව ළඟ අනතුරක් කියලා,මට පුංචි උනා! රජතුමාගේ ගුහාව ළඟ අනතුර කියලා!,0.375,0.1579,1,1,long,9.152,6.592,3,0.597,0.086,0.002279,5.765,2,1
S035,63,S035_063.wav,S035_063_mel.npy,මිනිසුන් ගැන විස්තර දැනගන්න බොහෝ ක්‍රම තියෙනවා,මිනිසූන් ගැන විස්තර දැන දැනගන්න බොහු ප්‍රමයකට තියෙනවා,0.5714,0.225,1,2,long,7.211,5.867,2,0.56,0.0776,0.00409,6.818,2,1
S035,64,S035_064.wav,S035_064_mel.npy,ඔබට දින හතරක් දෙමි,ඔමට දින හතරක් දෙමි,0.25,0.0667,0,1,short,2.432,2.048,0,0.0,0.0717,0.005172,7.324,2,0
S035,65,S035_065.wav,S035_065_mel.npy,ඇදුරුතුමා බෙහෙවින් සතුටට පත් විය,ඇඳුරුතුමා ග්‍යහෙවීන් සතුප්‍රට පත්තියො,1.0,0.4286,2,2,short,3.285,2.869,0,0.0,0.0797,0.001947,9.758,2,0
S035,66,S035_066.wav,S035_066_mel.npy,ඔබට පේන්නේ කුමක්දැයි මම ඇසුවෙමි,ඔබ පෙනෙන්නේ කුමක්දැයි මෙම ඇසු මම ඇසුවේය,1.0,0.4815,2,2,short,4.864,4.288,1,0.512,0.0858,0.005511,6.297,2,0
S035,67,S035_067.wav,S035_067_mel.npy,මෙතැන තමයි හොඳම තැන,මෙතැන තමයි හොද්දම තැන,0.25,0.1875,1,1,short,3.435,2.88,0,0.0,0.0731,0.004483,5.556,2,0
S035,68,S035_068.wav,S035_068_mel.npy,ඇය කාචය සකස් කර නැවත බැලූවාය,ඇය කාචර්ය සකස්කර නැවත බැලුවල්,0.6667,0.2174,1,2,long,4.8,4.192,0,0.0,0.0852,0.00399,5.487,2,1
S036,1,S036_001.wav,S036_001_mel.npy,යාළුවෝ හැමදෙනාම නිදහස් උත්සවය බැලුවා,යාළු ඕහැම දෙනාම නිදහසේ උස්සොය බැරුව,1.0,0.2188,1,2,short,3.648,3.232,0,0.0,0.0817,0.004236,9.901,2,0
S036,2,S036_002.wav,S036_002_mel.npy,කවිඳු යාළුවොත් එක්ක මිදුලේ සෙල්ලම් කරමින් සිටියා,කවිදු යාලුවොත් එක මිදුලේ සෙල්ලම් කරමින් සිටියා.,0.2857,0.0714,0,1,long,4.373,3.84,0,0.0,0.0912,0.004795,10.938,2,1
S036,3,S036_003.wav,S036_003_mel.npy,අපේ රටේ නිදහස් උත්සවය,අපේ රටේ නිදහා සුස්සවය.,0.5,0.2222,1,2,short,2.837,2.485,0,0.0,0.0878,0.00366,7.242,2,0
S036,4,S036_004.wav,S036_004_mel.npy,මම කෝෂය ඇතුලේ සති දෙකක් විතර හිටියා,මාම කෝෂ ඇතුළේ සති දෙකා පිතර හිටියා,0.5714,0.1724,1,2,long,4.779,4.288,1,0.256,0.0988,0.004839,6.763,2,1
S036,5,S036_005.wav,S036_005_mel.npy,පොත් කියවීමෙන් මිනිසා සම්පූර්ණ වේ,පොත්තේ කිය කියවීමෙන් මිනිසා සම්පුණ වේ.,0.6,0.2759,1,2,short,4.629,3.829,2,0.24,0.0842,0.003138,7.573,2,0
S036,6,S036_006.wav,S036_006_mel.npy,මුහුද හරිම ලස්සනයි,මුහු දහරි මරස්සනයි.,1.0,0.0625,0,2,short,1.856,1.76,0,0.0,0.0792,0.005573,9.091,2,0
S036,7,S036_007.wav,S036_007_mel.npy,හැමෝම එකට අත් අල්ලා ගන්න,හැමෝම එකට ආත් අල්ලා ගන්න,0.2,0.05,0,1,short,3.371,2.944,1,0.16,0.0866,0.005049,6.793,2,0
S036,8,S036_008.wav,S036_008_mel.npy,මම එහෙනම් නාගෙන එන්නම්,මම ඒ හේනම් නාගෙන එන්නම්,0.5,0.1053,1,2,short,2.965,2.645,0,0.0,0.0752,0.004464,7.182,2,0
S036,9,S036_009.wav,S036_009_mel.npy,අපි අද පොල් කැඩුවා,අපි අද කොල් හැඩුවා,0.5,0.1333,1,2,short,2.539,2.208,1,0.288,0.0818,0.00614,6.793,2,0
S036,10,S036_010.wav,S036_010_mel.npy,"ඇයි හිනා වෙන්නේ, මට රජ වෙන්න බැරිද",ඇයි හිනාවෙන්නෙන් මට රජ වෙන්ලා බැලිද?,0.5714,0.2222,1,2,long,3.989,3.52,0,0.0,0.0719,0.005882,7.955,2,1
S036,11,S036_011.wav,S036_011_mel.npy,දුව සටහන් පොතේ මොනවාද ලියා ගත්තේ,දුව සටහන් ගොතේ මොනවාගලියක්තේ,0.6667,0.1852,1,2,long,3.371,2.955,1,0.192,0.0866,0.003399,9.138,2,1
S036,12,S036_012.wav,S036_012_mel.npy,ඉතින් මෙච්චර පරක්කු වුනේ ඇයි,ඉතින් මෙචර පරක්වුණේ යැයි,0.8,0.25,1,2,short,2.901,2.72,0,0.0,0.0873,0.005738,8.824,2,0
S036,13,S036_013.wav,S036_013_mel.npy,දවසක් අම්මා අශ්ව පැටියාගෙන් උදව්වක් ඉල්ලුවා,දවසා කමා අශ්ව පැටියාගෙන උදව්වක් ඉල්වා,0.6667,0.2105,1,2,long,4.245,3.904,0,0.0,0.0842,0.002992,9.734,2,1
S036,14,S036_014.wav,S036_014_mel.npy,ඔය ගඟ හරි ගැඹුරුයි,ඔය ගග හරි ගැමුරුයි,0.5,0.1333,1,2,short,2.56,2.144,0,0.0,0.0678,0.006306,6.996,2,0
S036,15,S036_015.wav,S036_015_mel.npy,අශ්ව පැටියා ඉක්මනින් ගෙදර එනවා දැකලා අම්මා පුදුම වුනා,අශ්ව පැටියා ඉක්මනින් ගෙදර එනවා දෙකල අම්මා පුදුමුන්නා,0.3333,0.1111,1,1,long,5.035,4.288,0,0.0,0.0725,0.003662,10.494,2,1
S036,16,S036_016.wav,S036_016_mel.npy,"සිටුතුමනි, අපට අනුකම්පා කරනු මැනවි",සිටුතුමනි අපට අනුකම්පා ගරනු මැනවි.,0.2,0.0345,0,1,short,4.373,4.128,0,0.0,0.0851,0.004035,7.267,2,0
S036,17,S036_017.wav,S036_017_mel.npy,බරෙන් වැඩි වන්නේ ගසක මුල කොටසද,භාර්යෙන් වැඩි වන්නේ ගස මුල කොටසද?,0.3333,0.16,1,1,long,5.803,4.939,2,0.192,0.0727,0.002369,5.062,2,1
S036,18,S036_018.wav,S036_018_mel.npy,රයිට් සහෝදරයන්ගේ පියා ඔවුන් පුංචිකාලයේ දී කඩදාසි සහ රබර් පටිවලින් සෙල්ලම් අහස් යානා තනා දුන්නේය,රයිට් සහුදයාගේ පියා ඔවුන් පුංචි කාලේදි කඩදාසි සහ රබර් පටිවලින් සෙල්ලං ආහසි ආනා තනා දුනේය.,0.4667,0.1728,1,2,long,11.435,10.144,4,0.216,0.0906,0.002264,7.985,2,1
S036,19,S036_019.wav,S036_019_mel.npy,පසු කලෙක ඔවුහු බයිසිකල් වැඩ වැඩපොළක් ඇරඹූහ,පසූ කාලෙයි ඔහු ඔහු භයිසිකල් වැඩපුළක් ඇරඹුව,1.0,0.3333,1,2,long,6.784,5.312,4,0.232,0.0866,0.00178,6.777,2,1
S036,20,S036_020.wav,S036_020_mel.npy,දැන් හැමෝම වාඩිවෙන්න,දැන් හැමෝම වාඩිවෙන්න,0.0,0.0,0,0,short,2.155,2.048,0,0.0,0.0709,0.003771,8.789,2,0
S036,21,S036_021.wav,S036_021_mel.npy,අපි ඊළඟ දවසේ තවත් සෙල්ලමක් කරමු,අපි ඊලග දවසේ තවශයෙන්නම කරමු.,0.5,0.3077,1,2,long,3.093,3.093,0,0.0,0.0846,0.004202,8.405,2,1
S036,22,S036_022.wav,S036_022_mel.npy,මේ සිහින අප නින්දේ දී දකින සිහින නම් නොවේ,මේ සිහෙන ආක නින්දේදී දකෙන සිහෙනයනම් නොවේ.,0.7778,0.1818,1,2,long,5.547,5.056,1,0.16,0.0676,0.006644,6.527,2,1
S036,23,S036_023.wav,S036_023_mel.npy,ඇගේ ගම ගිංතොට ය,ඇගේ ගමැල් ගේන්තොටය.,0.75,0.5,2,2,short,3.115,2.72,0,0.0,0.0653,0.005116,4.412,2,0
S036,24,S036_024.wav,S036_024_mel.npy,මේ පුංචි දැරිය ඇගේ ප්‍රියතම වැඩිහිටි නෑදෑයා ගැන පසු කලෙක එසේ කීවාය,මේ පුන්තිදරියා ඇගේ ඊයතම වැඩිහිටි නැදෑයා ගැන් පසුකාලේ එහෙසේ කීවාය.,0.6667,0.3091,1,2,long,9.28,8.224,1,0.352,0.0805,0.002461,6.688,2,1
S036,25,S036_025.wav,S036_025_mel.npy,පින්තූර මගින් කතා කීම ඈත කාලයේ සිට පැවත එන ක්‍රමයකි,පින්දූර මගින් කතා කීම ඈහෙත කාර්ලේ සිට පැවාත් එන්න ප්‍රමයකි.,0.6,0.2619,1,2,long,6.72,5.888,2,0.304,0.0761,0.002919,7.133,2,1
S036,26,S036_026.wav,S036_026_mel.npy,මකුළුවා තණ බිස්සේ හැංගුනා,මකුලුවා තනබි සේ හැංගුණා.,0.5,0.0909,0,2,short,3.008,2.912,0,0.0,0.0883,0.004209,7.555,2,0
S036,27,S036_027.wav,S036_027_mel.npy,එළියේ ලස්සන ගැහැණු ළමයෙක් හිටගෙන හිටියා,එල්යේ ලස්සන ගෑල්ලමයේ හිටගෙන හිටියා,0.5,0.2647,1,2,long,5.611,4.672,1,0.256,0.0691,0.005899,7.277,2,1
S036,28,S036_028.wav,S036_028_mel.npy,අතරමගදී ඉතාම භයානක දෙයක් සිදුවුණා,අතර වගදී හිතා භයානක දෙයා සිදුවුණා,0.8,0.2069,1,2,short,5.12,4.416,1,0.384,0.0788,0.002603,6.567,2,0
S036,29,S036_029.wav,S036_029_mel.npy,සර්පයා මහා විශාලෙට කට ඇරියා,සර්පයා මහ විශා ලෙට කට ඇරියා,0.6,0.0435,0,2,short,5.76,4.832,1,0.608,0.0938,0.005015,4.76,2,0
S036,30,S036_030.wav,S036_030_mel.npy,ටිකක් හිතලා බලන්නකෝ,ටික්කක් හිතලා බලන්නකෝ.,0.3333,0.1176,1,1,short,3.584,2.816,2,0.208,0.0805,0.006305,6.037,2,0
S036,31,S036_031.wav,S036_031_mel.npy,තනියෙන් ලියන්න,තනියෙන් ලියන්ඩ,0.5,0.0769,0,2,short,2.453,1.888,0,0.0,0.0703,0.003085,6.886,2,0
S036,32,S036_032.wav,S036_032_mel.npy,පස්වැනි ගුණාංගය,පාස්වැනි කුරාගෙ,1.0,0.3571,2,2,short,2.603,2.027,0,0.0,0.0832,0.004225,6.908,2,0
S036,33,S036_033.wav,S036_033_mel.npy,බරණැස් නුවර සිටුවරයෙක් වාසය කළේය,බරණැස් නොව සිපුවල් යෙක් වාසය කළාය,0.8,0.2143,1,2,short,4.459,4.064,1,0.224,0.0867,0.003346,6.89,2,0
S036,34,S036_034.wav,S036_034_mel.npy,නායකතුමා මෙසේ පිළිතුරු දුන්නේය,නායක සිතුතුමා මෙනෙක් මෙසේ පිළිතුරු දුන්නේය.,0.75,0.3704,2,2,short,4.053,3.936,0,0.0,0.0817,0.002606,6.86,2,0
S036,35,S036_035.wav,S036_035_mel.npy,තේරවිලි වර්ග කිහිපයක් තිබේ,තෙහෙර විලි වර්ග කීපයත් තිබේ.,0.75,0.3043,1,2,short,2.795,2.528,1,0.192,0.0692,0.004792,9.098,2,0
S036,36,S036_036.wav,S036_036_mel.npy,අපේ සීයා කතන්දර කීමට සමතෙකි,අපේ සීයා කතන්දර කීමට සමතකි.,0.2,0.0435,0,1,short,3.307,3.04,0,0.0,0.075,0.003408,7.566,2,0
S036,37,S036_037.wav,S036_037_mel.npy,මේ අය අතරමගදී අම්බලමක නතර වුණා,මේ අය අතර මගදි අම්බලමක් නතර වුණා,0.5,0.08,0,2,long,6.699,5.28,3,0.267,0.0746,0.006212,4.735,2,1
S036,38,S036_038.wav,S036_038_mel.npy,හරි අපූරු කතාවක්,හරි අපූරු කතාවා,0.3333,0.1429,1,1,short,2.56,1.792,0,0.0,0.0855,0.003291,7.812,2,0
S036,39,S036_039.wav,S036_039_mel.npy,කටුස්සාගේ කරේ රත්තරන් බැන්දා වගෙයි,කටුසාගේ කරේ රතරම් බැඳා වගේ,0.8,0.3667,2,2,short,3.755,3.328,1,0.192,0.0894,0.005233,9.014,2,0
S036,40,S036_040.wav,S036_040_mel.npy,මුල් ගුරුතුමා කීවේය,මුල් ගූස් උතුමා කීවේය.,0.6667,0.2353,1,2,short,2.645,2.4,0,0.0,0.0732,0.00849,7.083,2,0
S036,41,S036_041.wav,S036_041_mel.npy,අද පුස්තකාල පන්තියක් කරමු,අද පුස්තකාලෙ පුස්තකාල පන්තියා කරමු,0.5,0.5,2,2,short,5.12,4.32,3,0.224,0.09,0.0051,5.093,2,0
S036,42,S036_042.wav,S036_042_mel.npy,මම ගල්පරයක ඇලී ජීවත් වුනෙමි,මම ගල් පරය පාරයක ඇලී ජීවත් වුනෙමි.,0.6,0.1739,1,2,short,6.891,5.728,3,0.309,0.087,0.003415,4.015,2,0
S036,43,S036_043.wav,S036_043_mel.npy,බෙලි කටුව කතා කරයි,මෙලි කටුව කත්සා කරයි.,0.5,0.2,1,2,short,3.499,3.2,0,0.0,0.078,0.005735,4.688,2,0
S036,44,S036_044.wav,S036_044_mel.npy,සති අන්තේ නිවාඩුවට බිංදුලා ගමේ ගියා,සතියි අන්තෙනි වාඩුව බින්තුලා ගමේ ගියා,0.6667,0.2333,1,2,long,5.291,4.896,1,0.256,0.0771,0.001907,6.127,2,1
S036,45,S036_045.wav,S036_045_mel.npy,මොනවාද ඒවායේ නම්,මොනවද ඒවා ඒ නමෙනක්,1.0,0.4286,2,2,short,3.307,2.923,0,0.0,0.0715,0.006004,4.79,2,0
S036,46,S036_046.wav,S036_046_mel.npy,නංගි උත්තර දුන්නා,නමේ ඔත්තර දුන්නා.,0.6667,0.2667,1,2,short,2.411,2.208,1,0.16,0.0682,0.005372,6.793,2,0
S036,47,S036_047.wav,S036_047_mel.npy,පාර කියන අත්තම්මා,පාර කියන අත්තම්ම,0.3333,0.0667,0,1,short,2.091,1.824,0,0.0,0.0777,0.005054,8.224,2,0
S036,48,S036_048.wav,S036_048_mel.npy,ඇයගේ කැපවීම පුදුමාකාරය,එයගේ කැපවීම පුතු මාකාරය,1.0,0.1,0,2,short,5.589,4.544,3,0.256,0.079,0.004924,4.401,2,0
S036,49,S036_049.wav,S036_049_mel.npy,මිනිසාගේ පරම යුතුකම මිනිසාට සේවය කිරීම,මිනිසාගේ පරම යුත්‍රුකන්ම මිනිසාට සේවය කිරීම,0.1667,0.1515,1,1,long,5.525,4.981,1,0.192,0.0786,0.003841,6.625,2,1
S036,50,S036_050.wav,S036_050_mel.npy,අපි මේ වන විට පැය දොළහක් වැඩ කර පැය දොළහක් විවේක ගත්තා,අපි මේ වලකිට පැය දොළ හා වැඩ කරන පැහි දොළ හා පිවේක ගන්නා,0.8333,0.2791,1,2,long,7.637,6.368,3,0.352,0.0799,0.00373,6.753,2,1
S036,52,S036_052.wav,S036_052_mel.npy,සුගන්ධවත් පුෂ්පයෝ අපගේ සොහොයුරියෝය,සුගන්ධවත් උස්පයෝ උෂ්පයෝ අකගෙන් සුකොයි සුකොයුරියෝය.,1.0,0.5484,2,2,short,9.429,7.488,4,0.368,0.0847,0.005516,4.14,2,0
S036,54,S036_054.wav,S036_054_mel.npy,නංගී මට නොදී කිසිවක් නොකනවා ඇතැයි මට සිතේ,නගී මට නොදී කිසිවක් නොකරානවා ඇතැයි මට සිතේ,0.25,0.0882,0,1,long,5.867,5.259,1,0.256,0.0737,0.003383,6.465,2,1
S036,55,S036_055.wav,S036_055_mel.npy,නංගි උදේ පාන්දරින්ම නැගිටියි,නංගේ උදෙලින්ම නැගිටි,1.0,0.4,2,2,short,3.712,2.944,2,0.256,0.063,0.007752,8.492,2,0
S036,56,S036_056.wav,S036_056_mel.npy,ඈ මා ගෙදර යන විට අසනු ඇත,එය මා ගෙදර කියනවිට අසුනු ඇත.,0.5714,0.2778,1,2,long,5.035,4.576,2,0.224,0.0873,0.003184,3.934,2,1
S036,57,S036_057.wav,S036_057_mel.npy,ගොවිතැන සඳහා භාවිත වන උපකරණ එකින් එක විස්තර කරද්දී ළමයි සාවධානව අසා සිටියහ,ගොවිතැන හදහා භාවිත ගනුක ගන එකින් එක විස්තර කරද්දිලන්නයි සවංශව ශාවදානය අසා සිටියහ.,0.4615,0.2581,1,2,long,14.251,12.096,6,0.32,0.0887,0.004318,5.126,2,1
S036,58,S036_058.wav,S036_058_mel.npy,ළමයි පොල්තෙල් හිඳීමට භාවිත කරන සෙක්කුව අසලට රැස් වූහ,ළමයි පොල්තෙන් හිදීමට භාවිත කරන සේපුව අසලට රැසූහ.,0.5556,0.1818,1,2,long,7.893,6.709,2,0.544,0.086,0.002604,6.558,2,1
S036,59,S036_059.wav,S036_059_mel.npy,ඒ ගොල්ලන්ට අලුත් ක්‍රමයක් හොයා ගන්න වෙනවා,ඒ ගොල්ලන්ඩ අලු ත්‍රමයක් ඔයගන්ඩ වෙනවා.,0.7143,0.2,1,2,long,5.824,4.736,2,0.224,0.0729,0.006379,7.39,2,1
S036,60,S036_060.wav,S036_060_mel.npy,බොහෝ දෙනෙක් මම එනතුරු බලා ගෙන හිටියා,බොහෝ දෙනෙක්මය එනක්තුරු බලාගෙන හිටියා,0.7143,0.1,0,2,long,4.501,4.288,0,0.0,0.0755,0.002679,6.996,2,1
S036,61,S036_061.wav,S036_061_mel.npy,මට ආරංචි වුණා රජතුමාගේ ගුහාව ළඟ අනතුරක් කියලා,මට ආරංචිව් උනාරජතුවා පුහාව ලගා අනතුරක් කියලා,0.625,0.2105,1,2,long,7.552,6.528,2,0.32,0.083,0.002635,5.821,2,1
S036,62,S036_062.wav,S036_062_mel.npy,පැය අටකට පසු ඔවුන්ට පියාපත් සලන හඬක් ඇසිණි,පැය අට කරප්තු ඔවට පියාපත් අසන අහට හඩක් එසිණි.,0.875,0.3714,2,2,long,10.475,8.619,4,0.288,0.0923,0.005936,4.061,2,1
S036,63,S036_063.wav,S036_063_mel.npy,මිනිසුන් ගැන විස්තර දැනගන්න බොහෝ ක්‍රම තියෙනවා,මිනිසූන් ගැන විස්තල දැනගන්ඩ බොහෝ ක්‍රම තියෙනවා.,0.4286,0.075,0,2,long,4.757,4.416,0,0.0,0.079,0.00387,9.058,2,1
S036,64,S036_064.wav,S036_064_mel.npy,ඔබට දින හතරක් දෙමි,ඔබට දින හතරක් දෙමි,0.0,0.0,0,0,short,2.432,2.304,0,0.0,0.0728,0.004343,6.51,2,0
S036,65,S036_065.wav,S036_065_mel.npy,ඇදුරුතුමා බෙහෙවින් සතුටට පත් විය,එදූරුතුමා බෙහෙවින් සතුට්ටත් අතිය,0.8,0.2143,1,2,short,5.227,4.32,2,0.256,0.0889,0.002033,6.481,2,0
S036,66,S036_066.wav,S036_066_mel.npy,ඔබට පේන්නේ කුමක්දැයි මම ඇසුවෙමි,ඔබට පේර්නේ කුමත් දැයි මම ඇස්තූවෙමිත්,0.8,0.2593,1,2,short,4.715,4.288,1,0.256,0.0718,0.004925,6.297,2,0
S036,67,S036_067.wav,S036_067_mel.npy,මෙතැන තමයි හොඳම තැන,මෙතන තමයි හුදමතන,0.75,0.25,1,2,short,2.432,2.176,0,0.0,0.0612,0.003969,7.353,2,0
S036,68,S036_068.wav,S036_068_mel.npy,ඇය කාචය සකස් කර නැවත බැලූවාය,ඇයි කාචය සාකාස් කර නැවත බැලුවා.,0.5,0.2174,1,2,long,5.973,4.917,2,0.288,0.0812,0.004381,4.677,2,1
S037,1,S037_001.wav,S037_001_mel.npy,යාළුවෝ හැමදෙනාම නිදහස් උත්සවය බැලුවා,අලූ හැම දෙනාම නිදක් උසවය බැලූවා,1.0,0.3125,1,2,short,3.2,2.976,0,0.0,0.1082,0.003701,10.753,2,0
S037,2,S037_002.wav,S037_002_mel.npy,කවිඳු යාළුවොත් එක්ක මිදුලේ සෙල්ලම් කරමින් සිටියා,කරිදු යහලුවත් එක්ක මිදුලේ සෙල්ලම් කරමින් සිටියක්.,0.4286,0.1429,1,2,long,3.541,3.456,0,0.0,0.1097,0.002291,12.153,2,1
S037,3,S037_003.wav,S037_003_mel.npy,අපේ රටේ නිදහස් උත්සවය,අපේ රටේ නිදහත් උත්සවය,0.25,0.0556,0,1,short,2.496,2.272,0,0.0,0.1083,0.005474,7.923,2,0
S037,4,S037_004.wav,S037_004_mel.npy,මම කෝෂය ඇතුලේ සති දෙකක් විතර හිටියා,මමං කෝෂය ඇතුළේ සති දෙකක් විතරසේ හිටියා.,0.2857,0.1034,1,1,long,4.309,3.989,0,0.0,0.1295,0.004935,7.269,2,1
S037,5,S037_005.wav,S037_005_mel.npy,පොත් කියවීමෙන් මිනිසා සම්පූර්ණ වේ,බොත් කියවීමෙන් මිනිසා සම්පූර්ණ වේ.,0.2,0.0345,0,1,short,2.88,2.72,0,0.0,0.137,0.00286,10.662,2,0
S037,6,S037_006.wav,S037_006_mel.npy,මුහුද හරිම ලස්සනයි,මූද හරිම ලස්න ලසනයි,1.0,0.3125,1,2,short,2.411,2.24,0,0.0,0.1448,0.003189,7.143,2,0
S037,7,S037_007.wav,S037_007_mel.npy,හැමෝම එකට අත් අල්ලා ගන්න,හැමෝම එකට අත්තර්ලා ගන්නා,0.6,0.15,1,2,short,2.347,2.123,0,0.0,0.0918,0.002204,9.422,2,0
S037,8,S037_008.wav,S037_008_mel.npy,මම එහෙනම් නාගෙන එන්නම්,මම එහෙනම් නාගෙන එන්නම්,0.0,0.0,0,0,short,3.755,2.816,1,0.832,0.0931,0.00575,6.747,2,0
S037,9,S037_009.wav,S037_009_mel.npy,අපි අද පොල් කැඩුවා,අපි අද පොල් කැඩුව,0.25,0.0667,0,1,short,1.557,1.557,0,0.0,0.0848,0.003365,9.632,2,0
S037,10,S037_010.wav,S037_010_mel.npy,"ඇයි හිනා වෙන්නේ, මට රජ වෙන්න බැරිද",ඇයි හැයි හිනාවෙන්නේ මට රජු වෙන්න වැරිද?,0.5714,0.2222,1,2,long,4.16,3.712,1,0.16,0.0783,0.005469,7.543,2,1
S037,11,S037_011.wav,S037_011_mel.npy,දුව සටහන් පොතේ මොනවාද ලියා ගත්තේ,දුව සටහන් පොතේ මනවාද රියාගත්තෙ,0.5,0.1111,1,2,long,3.115,2.944,0,0.0,0.0923,0.005475,9.171,2,1
S037,12,S037_012.wav,S037_012_mel.npy,ඉතින් මෙච්චර පරක්කු වුනේ ඇයි,ඉතින් මෙච්චර පරක්කු වුණේ,0.2,0.125,1,1,short,2.261,2.165,0,0.0,0.0953,0.004722,11.084,2,0
S037,13,S037_013.wav,S037_013_mel.npy,දවසක් අම්මා අශ්ව පැටියාගෙන් උදව්වක් ඉල්ලුවා,දවසක් අම්මා දවසක් අම්මා අශ්‍ය පැටියාගෙන් උදව් ඉල්ලුවක්.,0.8333,0.4474,2,2,long,5.12,4.8,1,0.16,0.1199,0.002521,7.917,2,1
S037,14,S037_014.wav,S037_014_mel.npy,ඔය ගඟ හරි ගැඹුරුයි,ඔය ගඟ හරිම කැම්පුරු,0.5,0.4667,2,2,short,1.813,1.632,0,0.0,0.0696,0.005621,9.191,2,0
S037,15,S037_015.wav,S037_015_mel.npy,අශ්ව පැටියා ඉක්මනින් ගෙදර එනවා දැකලා අම්මා පුදුම වුනා,අශ්‍ර පැටියා එක්මෙන් ගෙතර එනවා දැකල අම්මා පුදුමුණා,0.6667,0.1778,1,2,long,4.224,3.904,1,0.224,0.1007,0.001475,11.527,2,1
S037,16,S037_016.wav,S037_016_mel.npy,"සිටුතුමනි, අපට අනුකම්පා කරනු මැනවි",සිට තුමනිමට අනුකම්පා කරනු මැනවි.,0.4,0.1034,1,1,short,4.565,3.904,2,0.208,0.106,0.004984,7.684,2,0
S037,17,S037_017.wav,S037_017_mel.npy,බරෙන් වැඩි වන්නේ ගසක මුල කොටසද,පරෙන් වැඩි වෙන්නේ කසක මුල කොටසද,0.5,0.12,1,2,long,3.008,2.592,0,0.0,0.0841,0.002272,9.645,2,1
S037,18,S037_018.wav,S037_018_mel.npy,රයිට් සහෝදරයන්ගේ පියා ඔවුන් පුංචිකාලයේ දී කඩදාසි සහ රබර් පටිවලින් සෙල්ලම් අහස් යානා තනා දුන්නේය,ත්‍රයිට් සහෝදයන්ගේ පෙහා ඔහුන් පුදුත්ස කාලයේ දී කඩ්‍රදාස සහ රබර් පටවෙලින් සෙල්ලක් මහස්වයන්න තනා දුන්නේය.,0.7333,0.2963,1,2,long,8.469,7.584,1,0.224,0.1074,0.001328,10.68,2,1
S037,19,S037_019.wav,S037_019_mel.npy,පසු කලෙක ඔවුහු බයිසිකල් වැඩ වැඩපොළක් ඇරඹූහ,පසු කාලේ ඔහු භයසිකල් භයසිකල් වැඩපොළක් ඇරඹුව,0.7143,0.4167,2,2,long,5.099,4.768,0,0.0,0.1211,0.005293,7.55,2,1
S037,20,S037_020.wav,S037_020_mel.npy,දැන් හැමෝම වාඩිවෙන්න,දැන් හැමෝම වාඩිවෙන් අත්,0.6667,0.1667,1,2,short,1.813,1.813,0,0.0,0.0979,0.001993,9.926,2,0
S037,21,S037_021.wav,S037_021_mel.npy,අපි ඊළඟ දවසේ තවත් සෙල්ලමක් කරමු,අපි ඊලග දවසේ තවත් සෙල්ලමක් කරමු.,0.1667,0.0385,0,1,long,3.307,3.136,0,0.0,0.1366,0.003747,8.291,2,1
S037,22,S037_022.wav,S037_022_mel.npy,මේ සිහින අප නින්දේ දී දකින සිහින නම් නොවේ,මේ සිහින අප නිත්තේ තියේ දකින සිහින නම් නොවේ,0.2222,0.1818,1,1,long,5.227,4.64,1,0.16,0.1008,0.00421,7.112,2,1
S037,23,S037_023.wav,S037_023_mel.npy,ඇගේ ගම ගිංතොට ය,ඇගේර් ගම ගින්සොටය,0.75,0.4167,2,2,short,4.011,2.944,1,0.768,0.0734,0.00788,4.076,2,0
S037,24,S037_024.wav,S037_024_mel.npy,මේ පුංචි දැරිය ඇගේ ප්‍රියතම වැඩිහිටි නෑදෑයා ගැන පසු කලෙක එසේ කීවාය,මේ පුංචි දැරි ඇගේ ප්‍රියතුන වැඩිහිට නැදායා ගැන පස් කාලෙක කාලෙක එසේ කීවාය පිත්,0.6667,0.3091,1,2,long,7.851,7.371,0,0.0,0.1002,0.002863,7.462,2,1
S037,25,S037_025.wav,S037_025_mel.npy,පින්තූර මගින් කතා කීම ඈත කාලයේ සිට පැවත එන ක්‍රමයකි,නුතුර මනින් කතා කීම ඇත කාලේ සිට පැවත එකම ක්‍රමයකි.,0.5,0.2143,1,2,long,5.205,5.045,0,0.0,0.0982,0.005279,8.324,2,1
S037,26,S037_026.wav,S037_026_mel.npy,මකුළුවා තණ බිස්සේ හැංගුනා,මකුළුවා තන පිස්සේ හැඟ්ගොන්,0.5,0.2273,1,2,short,2.304,2.048,0,0.0,0.1038,0.005226,10.742,2,0
S037,27,S037_027.wav,S037_027_mel.npy,එළියේ ලස්සන ගැහැණු ළමයෙක් හිටගෙන හිටියා,එළියේ එළියේ රස්න ගැහැන්නමෙන් හිටගෙන හිටි,0.6667,0.3529,2,2,long,3.733,3.477,1,0.16,0.1019,0.008137,9.777,2,1
S037,28,S037_028.wav,S037_028_mel.npy,අතරමගදී ඉතාම භයානක දෙයක් සිදුවුණා,අතර මගදී ඉතාං භයානෙක දෙයක්සි තුන්,1.0,0.2069,1,2,short,2.795,2.752,0,0.0,0.1046,0.004807,10.538,2,0
S037,29,S037_029.wav,S037_029_mel.npy,සර්පයා මහා විශාලෙට කට ඇරියා,සර්පයා මහ විශාලට කට ඇරිය,0.6,0.1304,1,2,short,3.499,3.136,1,0.288,0.1205,0.004098,7.334,2,0
S037,30,S037_030.wav,S037_030_mel.npy,ටිකක් හිතලා බලන්නකෝ,ටිකක් හිතලා බලන්නුක,0.3333,0.1176,1,1,short,1.877,1.664,0,0.0,0.0876,0.003032,10.216,2,0
S037,31,S037_031.wav,S037_031_mel.npy,තනියෙන් ලියන්න,තනියෙන් ලියන්න,0.0,0.0,0,0,short,1.536,1.28,0,0.0,0.062,0.002174,10.156,2,0
S037,32,S037_032.wav,S037_032_mel.npy,පස්වැනි ගුණාංගය,පස්සන ගොනනාංගේ,1.0,0.4286,2,2,short,1.813,1.536,0,0.0,0.1038,0.007421,9.115,2,0
S037,33,S037_033.wav,S037_033_mel.npy,බරණැස් නුවර සිටුවරයෙක් වාසය කළේය,බරණස් නුවරස් සිටුවරයෙක් වාසය කළේ ය.,0.8,0.1071,1,2,short,4.907,4.032,2,0.304,0.2197,0.005254,6.944,2,0
S037,34,S037_034.wav,S037_034_mel.npy,නායකතුමා මෙසේ පිළිතුරු දුන්නේය,නායක ස්මසේ පිලතර දුන්නේය.,0.75,0.2963,1,2,short,2.88,2.816,0,0.0,0.1018,0.005189,9.588,2,0
S037,35,S037_035.wav,S037_035_mel.npy,තේරවිලි වර්ග කිහිපයක් තිබේ,තේලවිර වර්ග කිහිපයක් තිබෙයි.,0.5,0.2609,1,2,short,2.155,1.963,0,0.0,0.0718,0.005256,11.719,2,0
S037,36,S037_036.wav,S037_036_mel.npy,අපේ සීයා කතන්දර කීමට සමතෙකි,අපේ සියා කතන්ද්‍ර කීමට සමතෙක්,0.6,0.1739,1,2,short,2.304,2.304,0,0.0,0.1249,0.004135,9.983,2,0
S037,37,S037_037.wav,S037_037_mel.npy,මේ අය අතරමගදී අම්බලමක නතර වුණා,මේ අය අතරමගති අම්බලමකන අතර උනා.,0.6667,0.2,1,2,long,2.965,2.848,0,0.0,0.0726,0.006231,8.778,2,1
S037,38,S037_038.wav,S037_038_mel.npy,හරි අපූරු කතාවක්,හරිය අපූරු කතාවක්,0.3333,0.0714,0,1,short,1.536,1.312,0,0.0,0.0883,0.003436,10.671,2,0
S037,39,S037_039.wav,S037_039_mel.npy,කටුස්සාගේ කරේ රත්තරන් බැන්දා වගෙයි,අකටුසාගෙ කරිය තත්තරම් මැඳාවක,1.0,0.5333,2,2,short,2.453,2.432,0,0.0,0.1108,0.004596,12.336,2,0
S037,40,S037_040.wav,S037_040_mel.npy,මුල් ගුරුතුමා කීවේය,මොල්ගුරු තුමා කීවේය,0.6667,0.0588,0,2,short,1.941,1.792,0,0.0,0.0781,0.004856,9.487,2,0
S037,41,S037_041.wav,S037_041_mel.npy,අද පුස්තකාල පන්තියක් කරමු,අද පුස්ත කාලය පන්තියක් කරම්,0.75,0.0909,0,2,short,2.667,2.496,0,0.0,0.0916,0.006184,8.814,2,0
S037,42,S037_042.wav,S037_042_mel.npy,මම ගල්පරයක ඇලී ජීවත් වුනෙමි,මම ගල් පරයක ඇලී ජීවත්තනමි.,0.8,0.1304,1,2,short,5.44,4.384,3,0.32,0.0856,0.004522,5.246,2,0
S037,43,S037_043.wav,S037_043_mel.npy,බෙලි කටුව කතා කරයි,වෙරිකටුව කතා කරයි.,0.5,0.1333,1,2,short,1.536,1.504,0,0.0,0.0755,0.005137,9.973,2,0
S037,44,S037_044.wav,S037_044_mel.npy,සති අන්තේ නිවාඩුවට බිංදුලා ගමේ ගියා,සති අන්සේ නිවාට මින්දුලා ගමේ කියක්,0.6667,0.3333,1,2,long,3.797,3.424,0,0.0,0.0942,0.002833,8.762,2,1
S037,45,S037_045.wav,S037_045_mel.npy,මොනවාද ඒවායේ නම්,මොනවාද ඒවා ඒවා යෙනක්,1.0,0.3571,2,2,short,2.667,2.528,0,0.0,0.0684,0.007849,5.538,2,0
S037,46,S037_046.wav,S037_046_mel.npy,නංගි උත්තර දුන්නා,නංගී ඔත්තර දුන්නක්,1.0,0.2667,1,2,short,1.429,1.333,0,0.0,0.0723,0.00486,11.25,2,0
S037,47,S037_047.wav,S037_047_mel.npy,පාර කියන අත්තම්මා,පාරෙ කියන අතම්ම,0.6667,0.2667,1,2,short,1.707,1.536,0,0.0,0.0777,0.006746,9.766,2,0
S037,48,S037_048.wav,S037_048_mel.npy,ඇයගේ කැපවීම පුදුමාකාරය,ඇයගේ කපවීම පුදුමා කාරය,1.0,0.05,0,2,short,2.773,2.56,0,0.0,0.078,0.005381,7.812,2,0
S037,49,S037_049.wav,S037_049_mel.npy,මිනිසාගේ පරම යුතුකම මිනිසාට සේවය කිරීම,මිනිසාගේ පරම යුතුකම මිනිසාට සේවය කිරීම,0.0,0.0,0,0,long,3.264,3.2,0,0.0,0.1006,0.003113,10.312,2,1
S037,50,S037_050.wav,S037_050_mel.npy,අපි මේ වන විට පැය දොළහක් වැඩ කර පැය දොළහක් විවේක ගත්තා,අපි මේ වෙනවිට පැය තොලහක් වැඩ කර පැය තොලහක් විවේක ගත්තා.,0.3333,0.0698,0,1,long,5.675,5.099,0,0.0,0.0818,0.004203,8.434,2,1
S037,51,S037_051.wav,S037_051_mel.npy,අප කවුරුත් පුදුමයට පත්කරමින් ඈට පණ ආවා,අපි කවුරුත් පුදුමයට පත් කරමින් ඇටපෙන ආවා,0.5714,0.0938,0,2,long,4.288,4.16,0,0.0,0.0875,0.002649,7.692,2,1
S037,52,S037_052.wav,S037_052_mel.npy,සුගන්ධවත් පුෂ්පයෝ අපගේ සොහොයුරියෝය,සණ්දත්පය පුෂ්පයයෝ අපගේ සොහෝ සහෝ යුරුයෝ ය.,1.0,0.3548,2,2,short,7.915,6.72,2,0.272,0.1302,0.00352,4.613,2,0
S037,53,S037_053.wav,S037_053_mel.npy,ගංගාවෝ අපගේ සොහොයුරෝ වෙති,ගංගාවේ අපගේ සහොල්ව වැදි,0.75,0.3636,2,2,short,3.072,2.72,0,0.0,0.09,0.00282,8.088,2,0
S037,54,S037_054.wav,S037_054_mel.npy,නංගී මට නොදී කිසිවක් නොකනවා ඇතැයි මට සිතේ,නඟී අපට නොදී කිසිරෙක් නොකනවා ඇතැයිමට සිටේ,0.75,0.2059,1,2,long,5.248,4.864,1,0.16,0.0949,0.003076,6.99,2,1
S037,55,S037_055.wav,S037_055_mel.npy,නංගි උදේ පාන්දරින්ම නැගිටියි,නගී උදේ පාතරෙන්ම නැගිටි,0.75,0.32,1,2,short,2.304,2.208,0,0.0,0.0782,0.003944,11.322,2,0
S037,56,S037_056.wav,S037_056_mel.npy,ඈ මා ගෙදර යන විට අසනු ඇත,එය මා ගෙදර යනවිට හසුන් ඔසුනු ඇත.,0.5714,0.5,2,2,long,4.715,4.192,1,0.32,0.1169,0.004083,4.294,2,1
S037,57,S037_057.wav,S037_057_mel.npy,ගොවිතැන සඳහා භාවිත වන උපකරණ එකින් එක විස්තර කරද්දී ළමයි සාවධානව අසා සිටියහ,ගොවිතන් සදහා භාවතාගෙන්න උපකරන එකින් එක විස්තර කරත්දි ළමයි සාවන්දන සොන්දන අසා සිටිය.,0.6154,0.3226,1,2,long,10.048,8.928,4,0.24,0.1361,0.001716,6.944,2,1
S037,58,S037_058.wav,S037_058_mel.npy,ළමයි පොල්තෙල් හිඳීමට භාවිත කරන සෙක්කුව අසලට රැස් වූහ,ළමයි පොල්ටෙල්ස් හිදීමට භාව්තාකන සෙක්කුව අසනට රැස්වූහ.,0.7778,0.1818,1,2,long,5.824,5.408,1,0.192,0.1575,0.002607,8.136,2,1
S037,59,S037_059.wav,S037_059_mel.npy,ඒ ගොල්ලන්ට අලුත් ක්‍රමයක් හොයා ගන්න වෙනවා,එය ගොන්නට අලු ත්‍රමයක් ස්වගන්න වෙනවා,0.8571,0.3143,1,2,long,3.093,3.008,0,0.0,0.0932,0.003267,11.636,2,1
S037,60,S037_060.wav,S037_060_mel.npy,බොහෝ දෙනෙක් මම එනතුරු බලා ගෙන හිටියා,බොහොම දෙනෙක් මම එනතුරු බලා ගෙන හිටිය.,0.2857,0.1,0,1,long,4.224,4.0,1,0.192,0.0719,0.002374,7.5,2,1
S037,61,S037_061.wav,S037_061_mel.npy,මට ආරංචි වුණා රජතුමාගේ ගුහාව ළඟ අනතුරක් කියලා,මට ආරංචි වුණා රජුරුම් ආගේ ගුහාවැලංග අනතුරක්යි,0.625,0.2895,1,2,long,4.395,4.064,0,0.0,0.0881,0.002669,9.35,2,1
S037,62,S037_062.wav,S037_062_mel.npy,පැය අටකට පසු ඔවුන්ට පියාපත් සලන හඬක් ඇසිණි,පැයි අටකට පසු ඔහොන්ට පියාපත් පියාපත් සලන හඬක් ඇසිනි.,0.375,0.2857,1,1,long,5.312,4.704,1,0.512,0.1133,0.004098,7.44,2,1
S037,63,S037_063.wav,S037_063_mel.npy,මිනිසුන් ගැන විස්තර දැනගන්න බොහෝ ක්‍රම තියෙනවා,මිනිස්සු ගැන විස්තර දැනකත් බොහෝ කමි තියනවා.,0.5714,0.275,1,2,long,3.349,3.253,0,0.0,0.1172,0.003388,12.295,2,1
S037,64,S037_064.wav,S037_064_mel.npy,ඔබට දින හතරක් දෙමි,අපට දින හතරක්ටේ හතරක්දෙමි,0.75,0.6,2,2,short,3.477,2.784,1,0.384,0.0775,0.003091,5.388,2,0
S037,65,S037_065.wav,S037_065_mel.npy,ඇදුරුතුමා බෙහෙවින් සතුටට පත් විය,ඇඳුර තුමා මෙහෙමෙහෙමෙහෙවින් සතුටට පත්තිය,1.0,0.4286,2,2,short,4.651,4.16,1,0.224,0.0731,0.003419,6.731,2,0
S037,66,S037_066.wav,S037_066_mel.npy,ඔබට පේන්නේ කුමක්දැයි මම ඇසුවෙමි,ඔහ් ඔබට පෙන්පෙන්නේ කුමන්දයි මම සුවෙම්,0.8,0.4444,2,2,short,4.437,4.032,0,0.0,0.0953,0.002995,6.696,2,0
S037,67,S037_067.wav,S037_067_mel.npy,මෙතැන තමයි හොඳම තැන,මෙතෙන සමයි හොඳම තැන,0.5,0.125,1,2,short,2.005,1.845,0,0.0,0.0662,0.002158,8.67,2,0
S037,68,S037_068.wav,S037_068_mel.npy,ඇය කාචය සකස් කර නැවත බැලූවාය,ඇය කාත්සයේ සකස් කර නැවත බැනුවාය.,0.3333,0.2609,1,1,long,3.669,3.541,0,0.0,0.1096,0.00571,6.495,2,1
S038,1,S038_001.wav,S038_001_mel.npy,යාළුවෝ හැමදෙනාම නිදහස් උත්සවය බැලුවා,යාළුවෝ හැමදෙනාම නිදහල් සුසුවේ බැලුවා,0.4,0.1875,1,1,short,3.285,3.136,0,0.0,0.1148,0.003741,10.204,2,0
S038,2,S038_002.wav,S038_002_mel.npy,කවිඳු යාළුවොත් එක්ක මිදුලේ සෙල්ලම් කරමින් සිටියා,කවිදු යාලුවොත් එක්ක මිදුලේ සෙල්ලම් කරිමින් සිටිය,0.4286,0.0714,0,2,long,3.328,2.944,0,0.0,0.0982,0.001339,14.266,2,1
S038,3,S038_003.wav,S038_003_mel.npy,අපේ රටේ නිදහස් උත්සවය,අපි රටේ නිදහසුසුවේ,0.75,0.3889,2,2,short,1.792,1.6,0,0.0,0.1059,0.005717,11.25,2,0
S038,4,S038_004.wav,S038_004_mel.npy,මම කෝෂය ඇතුලේ සති දෙකක් විතර හිටියා,මම කෝෂ ඇතුළේ සති දෙකක් විතෙර හිටියක්,0.4286,0.1379,1,2,long,2.859,2.688,0,0.0,0.1065,0.002808,10.789,2,1
S038,5,S038_005.wav,S038_005_mel.npy,පොත් කියවීමෙන් මිනිසා සම්පූර්ණ වේ,පොත් කියවීමෙන් මින්සා සම්පූර්ණුවෙ,0.6,0.1034,1,2,short,2.475,2.336,0,0.0,0.0899,0.002545,12.414,2,0
S038,6,S038_006.wav,S038_006_mel.npy,මුහුද හරිම ලස්සනයි,උහුද හරිම ලස් වැවැයි,1.0,0.375,2,2,short,1.856,1.696,0,0.0,0.0932,0.002831,9.434,2,0
S038,7,S038_007.wav,S038_007_mel.npy,හැමෝම එකට අත් අල්ලා ගන්න,මමුම එකට අත්තල්ලා ගන්න,0.6,0.2,1,2,short,2.389,2.016,0,0.0,0.0669,0.005481,9.921,2,0
S038,8,S038_008.wav,S038_008_mel.npy,මම එහෙනම් නාගෙන එන්නම්,මම එහෙනම් නාගෙන ඉන්නම්,0.25,0.0526,0,1,short,1.856,1.664,0,0.0,0.0665,0.004834,11.418,2,0
S038,9,S038_009.wav,S038_009_mel.npy,අපි අද පොල් කැඩුවා,අපි අද පොල් කැඩුවා,0.0,0.0,0,0,short,1.899,1.44,0,0.0,0.0829,0.003848,10.417,2,0
S038,10,S038_010.wav,S038_010_mel.npy,"ඇයි හිනා වෙන්නේ, මට රජ වෙන්න බැරිද",ඇයි හිනාවෙන්නෙ මට රජ වෙන්න බැරි ද?,0.5714,0.037,0,2,long,3.477,3.104,0,0.0,0.0778,0.003267,9.021,2,1
S038,11,S038_011.wav,S038_011_mel.npy,දුව සටහන් පොතේ මොනවාද ලියා ගත්තේ,දුව සටහන්පොතේ මොනවාද ලියාගත්තෙ,0.6667,0.037,0,2,long,2.496,2.368,0,0.0,0.08,0.003933,11.402,2,1
S038,12,S038_012.wav,S038_012_mel.npy,ඉතින් මෙච්චර පරක්කු වුනේ ඇයි,ඉදින් මෙචන පරක්වුණේ ඇයක්,1.0,0.3333,1,2,short,1.728,1.632,0,0.0,0.0824,0.006845,14.706,2,0
S038,13,S038_013.wav,S038_013_mel.npy,දවසක් අම්මා අශ්ව පැටියාගෙන් උදව්වක් ඉල්ලුවා,දවසකම්මා අශපැටියාගෙන් උදව්වක් ඉල්ලුවක්,0.8333,0.1579,1,2,long,3.051,2.816,0,0.0,0.0936,0.003021,13.494,2,1
S038,14,S038_014.wav,S038_014_mel.npy,ඔය ගඟ හරි ගැඹුරුයි,ඔය ගග හරි ගැබුරුයි.,0.5,0.1333,1,2,short,1.835,1.568,0,0.0,0.0655,0.006067,9.566,2,0
S038,15,S038_015.wav,S038_015_mel.npy,අශ්ව පැටියා ඉක්මනින් ගෙදර එනවා දැකලා අම්මා පුදුම වුනා,අශ්‍ය පැටියා ඉක්මණින් ගෙදර එනවා දැකළ අම්ම පුදුම වුණා.,0.3333,0.0889,0,1,long,4.373,3.893,1,0.16,0.0938,0.005015,11.558,2,1
S038,16,S038_016.wav,S038_016_mel.npy,"සිටුතුමනි, අපට අනුකම්පා කරනු මැනවි",සිට තුමනි අපට අනුකම්පා කරනු මැනවි.,0.4,0.0345,0,1,short,3.968,3.488,1,0.288,0.095,0.003355,8.601,2,0
S038,17,S038_017.wav,S038_017_mel.npy,බරෙන් වැඩි වන්නේ ගසක මුල කොටසද,බරෙන් වැඩි වන්නේ කසක මුල කොටස ද,0.5,0.04,0,2,long,2.944,2.72,0,0.0,0.0976,0.002366,9.191,2,1
S038,18,S038_018.wav,S038_018_mel.npy,රයිට් සහෝදරයන්ගේ පියා ඔවුන් පුංචිකාලයේ දී කඩදාසි සහ රබර් පටිවලින් සෙල්ලම් අහස් යානා තනා දුන්නේය,රෛට් සහෝදරයගේ පියා ඔවුන් පුංචි කාලයේදී කඩිදාස සහ රබන් පටිවැලින් සෙල්ලම් මහස් ව්‍යානා තනා දුන්නේය.,0.6,0.1481,1,2,long,8.213,7.52,1,0.256,0.0912,0.001698,10.771,2,1
S038,19,S038_019.wav,S038_019_mel.npy,පසු කලෙක ඔවුහු බයිසිකල් වැඩ වැඩපොළක් ඇරඹූහ,පසු කළේක් අවුහු භයිසි කළයක් වැඩපොළක ඇරඹූහ.,0.7143,0.2222,1,2,long,6.037,4.576,3,0.363,0.0968,0.00256,7.867,2,1
S038,20,S038_020.wav,S038_020_mel.npy,දැන් හැමෝම වාඩිවෙන්න,දැන් හැමෝම වාඩියෙන්,0.3333,0.1111,1,1,short,1.643,1.344,0,0.0,0.0775,0.004156,13.393,2,0
S038,21,S038_021.wav,S038_021_mel.npy,අපි ඊළඟ දවසේ තවත් සෙල්ලමක් කරමු,අපීලග දවසේ තවස් එලඹකරු,0.8333,0.4615,2,2,long,2.219,2.08,0,0.0,0.0958,0.003322,12.5,2,1
S038,22,S038_022.wav,S038_022_mel.npy,මේ සිහින අප නින්දේ දී දකින සිහින නම් නොවේ,මේ සිහින අප නින්නේදී දකින සිහින නම් නොවේ.,0.2222,0.0303,0,1,long,4.843,4.0,1,0.384,0.0799,0.003162,8.25,2,1
S038,23,S038_023.wav,S038_023_mel.npy,ඇගේ ගම ගිංතොට ය,ඇගේ ගම ගින්තොටය,0.5,0.1667,1,2,short,2.795,2.048,1,0.32,0.0725,0.006478,5.859,2,0
S038,24,S038_024.wav,S038_024_mel.npy,මේ පුංචි දැරිය ඇගේ ප්‍රියතම වැඩිහිටි නෑදෑයා ගැන පසු කලෙක එසේ කීවාය,මේ පුංචි දැරි ඇගේ ප්‍රියතම වැඩිහිටි නෑදෑයෝ ගැන පසුකාලක එසේ කීවා එප්,0.5,0.1273,1,2,long,6.933,6.037,2,0.192,0.094,0.002267,9.11,2,1
S038,25,S038_025.wav,S038_025_mel.npy,පින්තූර මගින් කතා කීම ඈත කාලයේ සිට පැවත එන ක්‍රමයකි,පින්තූට මගින් කතා කීම ඇත කාලක කාලයේ සිට පැවත එන ක්‍රමයකි.,0.3,0.1429,1,1,long,6.08,5.312,1,0.512,0.0958,0.003887,7.907,2,1
S038,26,S038_026.wav,S038_026_mel.npy,මකුළුවා තණ බිස්සේ හැංගුනා,මකුලුවා තර බිස්සේ හැඟුණා.,0.5,0.1364,1,2,short,2.368,2.048,0,0.0,0.0966,0.006336,10.742,2,0
S038,27,S038_027.wav,S038_027_mel.npy,එළියේ ලස්සන ගැහැණු ළමයෙක් හිටගෙන හිටියා,එළියේ ලස්සන ගැන්ලමේ හිටගෙන හිටියා,0.3333,0.2059,1,1,long,3.584,3.296,0,0.0,0.0845,0.002324,10.316,2,1
S038,28,S038_028.wav,S038_028_mel.npy,අතරමගදී ඉතාම භයානක දෙයක් සිදුවුණා,අතර මගෙදී ඉතාම් භාණයක දෙයා සිදුවුණක්,1.0,0.2759,1,2,short,2.56,2.4,0,0.0,0.086,0.004148,12.083,2,0
S038,29,S038_029.wav,S038_029_mel.npy,සර්පයා මහා විශාලෙට කට ඇරියා,සර්පයා මහ විශාලෙට කට ඇරියක්,0.4,0.1304,1,1,short,5.653,4.704,1,0.384,0.1016,0.002259,4.889,2,0
S038,30,S038_030.wav,S038_030_mel.npy,ටිකක් හිතලා බලන්නකෝ,ටිකක් හිතලා බලනට්නකෝ,0.3333,0.0588,0,1,short,1.984,1.888,0,0.0,0.0898,0.005338,9.004,2,0
S038,31,S038_031.wav,S038_031_mel.npy,තනියෙන් ලියන්න,සනියෙන් ලියන්න,0.5,0.0769,0,2,short,1.301,1.152,0,0.0,0.0625,0.00497,11.285,2,0
S038,32,S038_032.wav,S038_032_mel.npy,පස්වැනි ගුණාංගය,පස්සනෙ උන්ගේ,1.0,0.5714,2,2,short,1.707,1.483,0,0.0,0.0762,0.006195,9.442,2,0
S038,33,S038_033.wav,S038_033_mel.npy,බරණැස් නුවර සිටුවරයෙක් වාසය කළේය,බණ නැස් නුවර සිටුවරයෙක් වසකළේ,0.8,0.1429,1,2,short,3.093,2.944,0,0.0,0.0981,0.005696,9.511,2,0
S038,34,S038_034.wav,S038_034_mel.npy,නායකතුමා මෙසේ පිළිතුරු දුන්නේය,නයක සිතුවා මෙසේ පිළිතුර දුන්නේය.,0.75,0.1852,1,2,short,3.371,2.987,1,0.256,0.1029,0.006251,9.04,2,0
S038,35,S038_035.wav,S038_035_mel.npy,තේරවිලි වර්ග කිහිපයක් තිබේ,තේරවිලි වලග කිහිපයක් තිබේ අප්,0.5,0.2174,1,2,short,1.771,1.771,0,0.0,0.0739,0.004341,12.989,2,0
S038,36,S038_036.wav,S038_036_mel.npy,අපේ සීයා කතන්දර කීමට සමතෙකි,අපේ සීයා කතන්දර කීමට සමතෙකි.,0.0,0.0,0,0,short,2.795,2.528,1,0.224,0.0898,0.002776,9.098,2,0
S038,37,S038_037.wav,S038_037_mel.npy,මේ අය අතරමගදී අම්බලමක නතර වුණා,මේ අය අතර මඟදි අම්බැලම කනත්‍රවුණා,0.6667,0.2,1,2,long,5.013,4.309,2,0.352,0.0816,0.00506,5.801,2,1
S038,38,S038_038.wav,S038_038_mel.npy,හරි අපූරු කතාවක්,හලි අපූර් කතාවක්,0.6667,0.1429,1,2,short,1.216,1.216,0,0.0,0.0817,0.00397,11.513,2,0
S038,39,S038_039.wav,S038_039_mel.npy,කටුස්සාගේ කරේ රත්තරන් බැන්දා වගෙයි,කටුස්සයාගේ කරේ රතටම් මැඳා වගේ,0.8,0.4,2,2,short,2.347,2.112,0,0.0,0.0956,0.00244,14.205,2,0
S038,40,S038_040.wav,S038_040_mel.npy,මුල් ගුරුතුමා කීවේය,මුල් ගුරුතුමා කීවෙම්,0.3333,0.1765,1,1,short,2.133,1.76,0,0.0,0.0808,0.005895,9.659,2,0
S038,41,S038_041.wav,S038_041_mel.npy,අද පුස්තකාල පන්තියක් කරමු,අද පුෂ්තකාල පන්තිය කරමු,0.5,0.1364,1,2,short,3.264,2.656,2,0.192,0.091,0.003777,8.283,2,0
S038,42,S038_042.wav,S038_042_mel.npy,මම ගල්පරයක ඇලී ජීවත් වුනෙමි,මම ගල් පරයක ඇලී ජීවත් තුනෙමි.,0.6,0.0435,0,2,short,3.605,2.88,2,0.272,0.0789,0.001294,7.986,2,0
S038,43,S038_043.wav,S038_043_mel.npy,බෙලි කටුව කතා කරයි,බෙලි කටුව කතා කරයි.,0.0,0.0,0,0,short,2.453,2.069,1,0.16,0.0841,0.00831,7.249,2,0
S038,44,S038_044.wav,S038_044_mel.npy,සති අන්තේ නිවාඩුවට බිංදුලා ගමේ ගියා,සතියන්තේ නිවාඩුවට බින්දුලා ගමේ ගියා,0.5,0.1,0,2,long,4.949,4.512,1,0.16,0.0915,0.002033,6.649,2,1
S038,45,S038_045.wav,S038_045_mel.npy,මොනවාද ඒවායේ නම්,මුණවාද ඒවා ඒ නම්,1.0,0.2143,1,2,short,2.048,1.792,0,0.0,0.0741,0.004135,7.812,2,0
S038,46,S038_046.wav,S038_046_mel.npy,නංගි උත්තර දුන්නා,නංගේ උත්තර දුන්නක්,0.6667,0.2,1,2,short,1.536,1.44,0,0.0,0.0741,0.004241,10.417,2,0
S038,47,S038_047.wav,S038_047_mel.npy,පාර කියන අත්තම්මා,පාර කියනත් තම්මයි.,0.6667,0.2,1,2,short,1.259,1.227,0,0.0,0.0856,0.003495,12.228,2,0
S038,48,S038_048.wav,S038_048_mel.npy,ඇයගේ කැපවීම පුදුමාකාරය,අයගෙ කපවීමත් පුදුම්මාකාරය,1.0,0.35,1,2,short,3.904,3.264,2,0.32,0.0831,0.003723,6.127,2,0
S038,49,S038_049.wav,S038_049_mel.npy,මිනිසාගේ පරම යුතුකම මිනිසාට සේවය කිරීම,මිනිසාගේ පරම යුතුකම මිනිසාට සේවය කිරීම,0.0,0.0,0,0,long,5.077,4.032,2,0.336,0.0934,0.003919,8.185,2,1
S038,50,S038_050.wav,S038_050_mel.npy,අපි මේ වන විට පැය දොළහක් වැඩ කර පැය දොළහක් විවේක ගත්තා,අප මේ වන විට පැය දොළහක් වැඩ කර පැය දොළහක් විවේක ගත්තා,0.0833,0.0233,0,1,long,6.443,5.419,2,0.416,0.0867,0.002667,7.936,2,1
S038,51,S038_051.wav,S038_051_mel.npy,අප කවුරුත් පුදුමයට පත්කරමින් ඈට පණ ආවා,අප කවුරුත් පුදුමයට පත් කරමින් ඈටු පනාවා,0.5714,0.0625,0,2,long,4.117,3.616,1,0.256,0.0806,0.003937,8.85,2,1
S038,52,S038_052.wav,S038_052_mel.npy,සුගන්ධවත් පුෂ්පයෝ අපගේ සොහොයුරියෝය,සුගන්දවත් පුෂ්පයෝ අකගේ සොහොයුරොයු ඇය.,0.75,0.129,1,2,short,6.869,4.64,5,0.39,0.1022,0.003688,6.681,2,0
S038,53,S038_053.wav,S038_053_mel.npy,ගංගාවෝ අපගේ සොහොයුරෝ වෙති,ගංගාවෝ අපගේ සොහොරයා ඔවැති,0.5,0.2273,1,2,short,3.392,2.944,1,0.16,0.0862,0.003538,7.473,2,0
S038,54,S038_054.wav,S038_054_mel.npy,නංගී මට නොදී කිසිවක් නොකනවා ඇතැයි මට සිතේ,නංගී මට නොදී කිසිවක් නොකනවා ඇතැයි මට සිතෙන්,0.125,0.0882,0,1,long,5.141,4.181,2,0.368,0.0983,0.001845,8.131,2,1
S038,55,S038_055.wav,S038_055_mel.npy,නංගි උදේ පාන්දරින්ම නැගිටියි,අංගී උදේ පාන්දරින්ම එගිටින්,0.5,0.24,1,2,short,2.667,2.432,1,0.224,0.0685,0.005432,10.28,2,0
S038,56,S038_056.wav,S038_056_mel.npy,ඈ මා ගෙදර යන විට අසනු ඇත,ඈමා ගෙදර යනවිට අසනු ඇත.,0.5714,0.0,0,2,long,4.032,3.04,1,0.448,0.0912,0.002363,5.921,2,1
S038,57,S038_057.wav,S038_057_mel.npy,ගොවිතැන සඳහා භාවිත වන උපකරණ එකින් එක විස්තර කරද්දී ළමයි සාවධානව අසා සිටියහ,ගොවිතන සදහා භාවිත වන උපකරණ එකින් එක විස්තර කරද්දි ළමයි සාවදානය ව අසා සිටියහ.,0.3846,0.0645,0,1,long,8.768,7.744,2,0.176,0.103,0.001981,8.006,2,1
S038,58,S038_058.wav,S038_058_mel.npy,ළමයි පොල්තෙල් හිඳීමට භාවිත කරන සෙක්කුව අසලට රැස් වූහ,මමයි පොල් තේලි හිදීමට භාවිත කරන සෙක්කුව අසලට රස්සුහ.,0.6667,0.1591,1,2,long,6.4,5.44,2,0.288,0.1036,0.002018,8.088,2,1
S038,59,S038_059.wav,S038_059_mel.npy,ඒ ගොල්ලන්ට අලුත් ක්‍රමයක් හොයා ගන්න වෙනවා,ඒ ගොල්ලන්ට අලුක්මයක් හොයාගන්න වෙනවා.,0.5714,0.1143,1,2,long,3.861,3.488,1,0.224,0.0778,0.004028,10.034,2,1
S038,60,S038_060.wav,S038_060_mel.npy,බොහෝ දෙනෙක් මම එනතුරු බලා ගෙන හිටියා,බොහෝ දෙනෙක් මම එනතුරු බලාගෙන හිටිය.,0.4286,0.0333,0,2,long,3.84,3.136,1,0.576,0.081,0.002393,9.566,2,1
S038,61,S038_061.wav,S038_061_mel.npy,මට ආරංචි වුණා රජතුමාගේ ගුහාව ළඟ අනතුරක් කියලා,මට ආඩංචි වුණා නජතුමාගේ ගොහාවලග අනතුරක් කියලාක්,0.625,0.1579,1,2,long,4.779,4.363,0,0.0,0.0912,0.001733,8.71,2,1
S038,62,S038_062.wav,S038_062_mel.npy,පැය අටකට පසු ඔවුන්ට පියාපත් සලන හඬක් ඇසිණි,බෑ ආටකට පසු ඔවුන්ට පියාපත් සලන අඩක් ඇසිණි.,0.375,0.1714,1,1,long,5.333,4.917,1,0.32,0.1021,0.003387,7.118,2,1
S038,63,S038_063.wav,S038_063_mel.npy,මිනිසුන් ගැන විස්තර දැනගන්න බොහෝ ක්‍රම තියෙනවා,මිනිසුරුන් ගැන විස්තර දැනගන්න බොහෝ ක්‍රම තියනවා.,0.2857,0.075,0,1,long,4.907,4.48,1,0.192,0.0926,0.004224,8.929,2,1
S038,64,S038_064.wav,S038_064_mel.npy,ඔබට දින හතරක් දෙමි,ඔබට දින හතරක් දෙමිත්,0.25,0.1333,1,1,short,2.048,1.888,0,0.0,0.0681,0.003443,7.945,2,0
S038,65,S038_065.wav,S038_065_mel.npy,ඇදුරුතුමා බෙහෙවින් සතුටට පත් විය,ඇදුරුතුමා බෙහෙවීන් සතුටට පත් වියක්,0.4,0.1071,1,1,short,3.669,3.008,1,0.32,0.1051,0.003977,9.309,2,0
S038,66,S038_066.wav,S038_066_mel.npy,ඔබට පේන්නේ කුමක්දැයි මම ඇසුවෙමි,ඔබට පේන්නේ කොමක් දැයි මම ඇසුවෙමි.,0.4,0.037,0,1,short,3.797,3.36,0,0.0,0.0906,0.004533,8.036,2,0
S038,67,S038_067.wav,S038_067_mel.npy,මෙතැන තමයි හොඳම තැන,මෙතැන තමයි හොදුම තැන,0.25,0.125,1,1,short,2.091,1.728,0,0.0,0.0747,0.004932,9.259,2,0
S038,68,S038_068.wav,S038_068_mel.npy,ඇය කාචය සකස් කර නැවත බැලූවාය,ඇය කාචය කාචය සකස් කරැ නැවත බැලුවාය.,0.5,0.2609,1,2,long,4.736,3.744,1,0.608,0.1254,0.003304,6.143,2,1
S039,1,S039_001.wav,S039_001_mel.npy,යාළුවෝ හැමදෙනාම නිදහස් උත්සවය බැලුවා,එයාළු හැමු දෙනාම නිදහත් සුසරෙ බැලුවා,1.0,0.3125,1,2,short,3.2,2.976,0,0.0,0.0736,0.003254,10.753,2,0
S039,2,S039_002.wav,S039_002_mel.npy,කවිඳු යාළුවොත් එක්ක මිදුලේ සෙල්ලම් කරමින් සිටියා,කවිඳු යාළුවොත් එක මිදුලේ සෙල්ලම් කරමින් සිටියක්,0.2857,0.0952,0,1,long,3.776,3.36,0,0.0,0.0789,0.003229,12.5,2,1
S039,3,S039_003.wav,S039_003_mel.npy,අපේ රටේ නිදහස් උත්සවය,අපේ රටේ නිදහන්සුසුවේ,0.5,0.3333,1,2,short,2.475,2.304,0,0.0,0.084,0.002955,7.813,2,0
S039,4,S039_004.wav,S039_004_mel.npy,මම කෝෂය ඇතුලේ සති දෙකක් විතර හිටියා,මම කෝෂයේ තුළේ සති දෙකක් ඉතෙර හිඩියා.,0.5714,0.1724,1,2,long,3.221,3.008,0,0.0,0.0823,0.004828,9.641,2,1
S039,5,S039_005.wav,S039_005_mel.npy,පොත් කියවීමෙන් මිනිසා සම්පූර්ණ වේ,පොකියීමෙන් මිනිසා සම්පූර්ණ වේ.,0.4,0.1034,1,1,short,3.285,3.221,0,0.0,0.071,0.003446,9.002,2,0
S039,6,S039_006.wav,S039_006_mel.npy,මුහුද හරිම ලස්සනයි,මුහුද හැරිම ලක්සනයි,0.6667,0.125,1,2,short,2.133,1.952,0,0.0,0.0676,0.004918,8.197,2,0
S039,7,S039_007.wav,S039_007_mel.npy,හැමෝම එකට අත් අල්ලා ගන්න,හැමෝම් එකට අත්තර්ලා ගන්නෙ,0.8,0.2,1,2,short,2.581,2.368,0,0.0,0.0766,0.007752,8.446,2,0
S039,8,S039_008.wav,S039_008_mel.npy,මම එහෙනම් නාගෙන එන්නම්,මම එනම් නාගෙන එන්න.,0.5,0.2105,1,2,short,2.624,2.208,0,0.0,0.0682,0.005895,8.605,2,0
S039,9,S039_009.wav,S039_009_mel.npy,අපි අද පොල් කැඩුවා,අපි අද පුල කැඩුව,0.5,0.2,1,2,short,2.453,1.92,0,0.0,0.0699,0.002936,7.812,2,0
S039,10,S039_010.wav,S039_010_mel.npy,"ඇයි හිනා වෙන්නේ, මට රජ වෙන්න බැරිද",ඇයි හිනාවෙන්නේ මට රාජ වෙන්න වැයිව,0.5714,0.1481,1,2,long,3.413,2.848,0,0.0,0.0711,0.004834,9.831,2,1
S039,11,S039_011.wav,S039_011_mel.npy,දුව සටහන් පොතේ මොනවාද ලියා ගත්තේ,දුව සටහන් පොතේ වුනාද ලියාගත්තේ,0.5,0.1111,1,2,long,3.605,3.264,0,0.0,0.0816,0.00238,8.272,2,1
S039,12,S039_012.wav,S039_012_mel.npy,ඉතින් මෙච්චර පරක්කු වුනේ ඇයි,ඉතින් මෙත්තර පරක්වුණේයි,0.8,0.2083,1,2,short,2.88,2.4,0,0.0,0.0769,0.00225,10.0,2,0
S039,13,S039_013.wav,S039_013_mel.npy,දවසක් අම්මා අශ්ව පැටියාගෙන් උදව්වක් ඉල්ලුවා,දවසක් අමා අශ්‍රපැටියගෙන් උදවුරක් එළුවා.,0.8333,0.2632,1,2,long,4.288,3.488,0,0.0,0.0915,0.00194,10.894,2,1
S039,14,S039_014.wav,S039_014_mel.npy,ඔය ගඟ හරි ගැඹුරුයි,ඔය දොඟ හරි නැඹුරුයි,0.5,0.2,1,2,short,2.304,1.92,0,0.0,0.0728,0.004958,7.812,2,0
S039,15,S039_015.wav,S039_015_mel.npy,අශ්ව පැටියා ඉක්මනින් ගෙදර එනවා දැකලා අම්මා පුදුම වුනා,වශ්ව පැටියා ඉක්මනින් ගෙතර නොද කළා අමා පුදුම වුණා.,0.5556,0.1778,1,2,long,4.949,4.416,1,0.192,0.0862,0.002325,10.19,2,1
S039,16,S039_016.wav,S039_016_mel.npy,"සිටුතුමනි, අපට අනුකම්පා කරනු මැනවි",සිටුතුමනි ඇපිට අනුකම්පා කරනු මෙනවා.,0.4,0.1379,1,1,short,4.843,3.872,1,0.192,0.0823,0.003467,7.748,2,0
S039,17,S039_017.wav,S039_017_mel.npy,බරෙන් වැඩි වන්නේ ගසක මුල කොටසද,බරින් අඩි ඔන්නේ ගසක මුලකොටසද,0.8333,0.16,1,2,long,3.413,2.72,0,0.0,0.0806,0.002149,9.191,2,1
S039,18,S039_018.wav,S039_018_mel.npy,රයිට් සහෝදරයන්ගේ පියා ඔවුන් පුංචිකාලයේ දී කඩදාසි සහ රබර් පටිවලින් සෙල්ලම් අහස් යානා තනා දුන්නේය,රයිට් සහෝදර්යයන්ගේ පියා ඔවුන් පුචිකාලයේති කටස ශිර්සා රබර් පටිවළින් සෙල්ලම අස්යනා තනා දුනේය.,0.6,0.2099,1,2,long,11.008,9.632,2,0.32,0.0897,0.002099,8.409,2,1
S039,19,S039_019.wav,S039_019_mel.npy,පසු කලෙක ඔවුහු බයිසිකල් වැඩ වැඩපොළක් ඇරඹූහ,පසු කාලෙකෝ හු බයිසික ලොඩ පොලක් යනවූහ.,0.8571,0.3611,2,2,long,4.651,3.776,0,0.0,0.088,0.002923,9.534,2,1
S039,20,S039_020.wav,S039_020_mel.npy,දැන් හැමෝම වාඩිවෙන්න,දන් හැමෝ අඩි වෙන,1.0,0.3333,1,2,short,1.792,1.664,0,0.0,0.0734,0.002952,10.817,2,0
S039,21,S039_021.wav,S039_021_mel.npy,අපි ඊළඟ දවසේ තවත් සෙල්ලමක් කරමු,අපි ඊලගතාසේ තවත් හෙල්ලමක් කරමු.,0.5,0.1538,1,2,long,2.667,2.464,0,0.0,0.0822,0.002242,10.552,2,1
S039,22,S039_022.wav,S039_022_mel.npy,මේ සිහින අප නින්දේ දී දකින සිහින නම් නොවේ,මේ සිහින අප නින්දීරී දහකින සිහින නොවේ,0.4444,0.1818,1,2,long,3.883,3.296,0,0.0,0.0791,0.005651,10.012,2,1
S039,23,S039_023.wav,S039_023_mel.npy,ඇගේ ගම ගිංතොට ය,ඇගේ ළමගින් දොටය.,0.75,0.3333,1,2,short,2.027,1.739,0,0.0,0.0732,0.00581,6.902,2,0
S039,24,S039_024.wav,S039_024_mel.npy,මේ පුංචි දැරිය ඇගේ ප්‍රියතම වැඩිහිටි නෑදෑයා ගැන පසු කලෙක එසේ කීවාය,මේ පුජිදරිය අයකේ ප්‍රිරම වැඩිටි නෙව්ගය යොගෙන පසුහලිගෙසේ කී යාය.,0.9167,0.4,2,2,long,5.845,5.408,0,0.0,0.0786,0.003408,10.17,2,1
S039,25,S039_025.wav,S039_025_mel.npy,පින්තූර මගින් කතා කීම ඈත කාලයේ සිට පැවත එන ක්‍රමයකි,ඉන්දූර මගින් කතා කීම ඇතකා ලේ සිත පැවිතෙන ක්‍රමයකි.,0.6,0.1905,1,2,long,4.885,4.256,0,0.0,0.0814,0.003187,9.868,2,1
S039,26,S039_026.wav,S039_026_mel.npy,මකුළුවා තණ බිස්සේ හැංගුනා,මොකුළුවා තැන්වී සේ හැඟුණා.,1.0,0.3636,2,2,short,2.56,2.208,0,0.0,0.0793,0.003824,9.964,2,0
S039,27,S039_027.wav,S039_027_mel.npy,එළියේ ලස්සන ගැහැණු ළමයෙක් හිටගෙන හිටියා,එළිය ලසන ජැල්ල මේ කිටරින හිටියා,0.8333,0.4118,2,2,long,3.221,2.784,0,0.0,0.0751,0.004504,12.213,2,1
S039,28,S039_028.wav,S039_028_mel.npy,අතරමගදී ඉතාම භයානක දෙයක් සිදුවුණා,අතන මගදී ඉතාම භයානකදයස් විදු වුණා.,1.0,0.1379,1,2,short,3.563,3.179,0,0.0,0.0802,0.004159,9.123,2,0
S039,29,S039_029.wav,S039_029_mel.npy,සර්පයා මහා විශාලෙට කට ඇරියා,සර්පයා මහා විශාලයට කටරියා,0.6,0.087,0,2,short,2.923,2.592,1,0.224,0.0992,0.002403,8.873,2,0
S039,30,S039_030.wav,S039_030_mel.npy,ටිකක් හිතලා බලන්නකෝ,ටිකා කිතලා වලන්නකෝ,1.0,0.2353,1,2,short,2.261,1.888,0,0.0,0.075,0.004443,9.004,2,0
S039,31,S039_031.wav,S039_031_mel.npy,තනියෙන් ලියන්න,තනියෙන් එයන,0.5,0.3077,1,2,short,1.728,1.44,1,0.16,0.0644,0.003728,9.028,2,0
S039,32,S039_032.wav,S039_032_mel.npy,පස්වැනි ගුණාංගය,පසැනි ගුණංගය,1.0,0.2143,1,2,short,2.069,1.76,0,0.0,0.0744,0.002842,7.955,2,0
S039,33,S039_033.wav,S039_033_mel.npy,බරණැස් නුවර සිටුවරයෙක් වාසය කළේය,වරණ ස්ණුවර සිටුරේ කරසය කරියි.,1.0,0.3929,2,2,short,3.157,3.136,0,0.0,0.0792,0.004259,8.929,2,0
S039,34,S039_034.wav,S039_034_mel.npy,නායකතුමා මෙසේ පිළිතුරු දුන්නේය,මායක සිටුත්තුමා මෙසේ ප්‍රිතුර දුන්නේය.,0.75,0.4074,2,2,short,4.864,4.32,0,0.0,0.087,0.004856,6.25,2,0
S039,35,S039_035.wav,S039_035_mel.npy,තේරවිලි වර්ග කිහිපයක් තිබේ,තේරවිලි වර්ග කිහිවයක් තිබේ.,0.25,0.0435,0,1,short,2.731,2.24,0,0.0,0.0664,0.005418,10.268,2,0
S039,36,S039_036.wav,S039_036_mel.npy,අපේ සීයා කතන්දර කීමට සමතෙකි,අපේ සියා සකත්දර කීමට සමතිකි.,0.6,0.1739,1,2,short,3.883,3.488,0,0.0,0.098,0.005176,6.594,2,0
S039,37,S039_037.wav,S039_037_mel.npy,මේ අය අතරමගදී අම්බලමක නතර වුණා,මේ අය අතර මංගදී අම්බලමග නතරුණා,0.6667,0.12,1,2,long,3.584,3.296,0,0.0,0.0749,0.003479,7.585,2,1
S039,38,S039_038.wav,S039_038_mel.npy,හරි අපූරු කතාවක්,හරි අපූරු හතා ආයි.,0.6667,0.2857,1,2,short,1.792,1.504,0,0.0,0.072,0.010332,9.309,2,0
S039,39,S039_039.wav,S039_039_mel.npy,කටුස්සාගේ කරේ රත්තරන් බැන්දා වගෙයි,අටුසාගේ කාර්ණය රතන් මෙන්දා වගෙයි,0.8,0.3667,2,2,short,3.584,3.296,0,0.0,0.0902,0.001661,9.102,2,0
S039,40,S039_040.wav,S039_040_mel.npy,මුල් ගුරුතුමා කීවේය,මුල් ගුරුතුමා කියේය.,0.3333,0.1176,1,1,short,2.219,1.824,0,0.0,0.0707,0.006429,9.32,2,0
S039,41,S039_041.wav,S039_041_mel.npy,අද පුස්තකාල පන්තියක් කරමු,අබ්ද පුස්තකාල පන්තියක් කරුමු,0.5,0.1364,1,2,short,2.731,2.208,0,0.0,0.0787,0.00245,9.964,2,0
S039,42,S039_042.wav,S039_042_mel.npy,මම ගල්පරයක ඇලී ජීවත් වුනෙමි,මම ගල් පරේක ඇල්ලිය ගිවතුනෙමි.,0.8,0.3478,1,2,short,4.245,3.232,2,0.4,0.0672,0.007946,7.116,2,0
S039,43,S039_043.wav,S039_043_mel.npy,බෙලි කටුව කතා කරයි,බිලිකටුව කතා කරයි.,0.5,0.0667,0,2,short,1.92,1.664,0,0.0,0.0731,0.005845,9.014,2,0
S039,44,S039_044.wav,S039_044_mel.npy,සති අන්තේ නිවාඩුවට බිංදුලා ගමේ ගියා,සතිය අන්තේ නිවාඬුවට විඳුලා ගමේියා,0.8333,0.2,1,2,long,3.221,2.976,0,0.0,0.0776,0.001402,10.081,2,1
S039,45,S039_045.wav,S039_045_mel.npy,මොනවාද ඒවායේ නම්,මොනාද ඒයගෙනම්,1.0,0.3571,2,2,short,2.56,2.048,0,0.0,0.0732,0.0064,6.836,2,0
S039,46,S039_046.wav,S039_046_mel.npy,නංගි උත්තර දුන්නා,නංගි යුත්තර හුන්නා.,0.6667,0.2,1,2,short,1.984,1.408,0,0.0,0.07,0.004382,10.653,2,0
S039,47,S039_047.wav,S039_047_mel.npy,පාර කියන අත්තම්මා,පාර කියන අතමා,0.3333,0.2667,1,1,short,2.027,1.739,0,0.0,0.0751,0.006689,8.627,2,0
S039,48,S039_048.wav,S039_048_mel.npy,ඇයගේ කැපවීම පුදුමාකාරය,ඇයගේ කපුරීම පුදුමාකාරයේ,0.6667,0.2,1,2,short,2.837,2.72,0,0.0,0.0734,0.002932,7.353,2,0
S039,49,S039_049.wav,S039_049_mel.npy,මිනිසාගේ පරම යුතුකම මිනිසාට සේවය කිරීම,මිනිසාගේ පරමි උතුකම් මිනිසාට සේවය කිරිමු.,0.5,0.1515,1,2,long,3.947,3.627,0,0.0,0.078,0.004114,9.099,2,1
S039,50,S039_050.wav,S039_050_mel.npy,අපි මේ වන විට පැය දොළහක් වැඩ කර පැය දොළහක් විවේක ගත්තා,අග්සි මේ වන විට පැය දුළහක් කඩකර පැය දුළහක් ඉවයක ගත්තා,0.5,0.2326,1,2,long,4.373,4.032,0,0.0,0.0759,0.003441,10.665,2,1
S039,51,S039_051.wav,S039_051_mel.npy,අප කවුරුත් පුදුමයට පත්කරමින් ඈට පණ ආවා,අප අවුණුත් පුත්මයට පත්ත්තිරිවින්නාට පනාවක්,0.8571,0.4688,2,2,long,4.416,3.872,0,0.0,0.0791,0.0044,8.264,2,1
S039,52,S039_052.wav,S039_052_mel.npy,සුගන්ධවත් පුෂ්පයෝ අපගේ සොහොයුරියෝය,දුගන්දවත් කුෂ්පයෝ අපගේ සූයිරියෝ ය.,1.0,0.1935,1,2,short,3.733,3.104,0,0.0,0.079,0.004504,9.987,2,0
S039,53,S039_053.wav,S039_053_mel.npy,ගංගාවෝ අපගේ සොහොයුරෝ වෙති,ගංගාව අපගේ සොහිරිවෝ වෙති,0.5,0.2273,1,2,short,3.136,2.752,0,0.0,0.0804,0.007435,7.994,2,0
S039,54,S039_054.wav,S039_054_mel.npy,නංගී මට නොදී කිසිවක් නොකනවා ඇතැයි මට සිතේ,නංගේ මට නොදී කිසිවක් නොකනවැතැයි මට සිතේ,0.375,0.0882,0,1,long,3.925,3.392,0,0.0,0.0838,0.002696,10.024,2,1
S039,55,S039_055.wav,S039_055_mel.npy,නංගි උදේ පාන්දරින්ම නැගිටියි,නංගී උදේ පාන්දිරයෙවි නැගිටි,0.75,0.32,1,2,short,2.56,2.4,0,0.0,0.0674,0.005092,10.417,2,0
S039,56,S039_056.wav,S039_056_mel.npy,ඈ මා ගෙදර යන විට අසනු ඇත,ඇය මාගේ දෙයනුවිට පසනු ඇත,0.8571,0.3333,1,2,long,3.371,2.784,1,0.288,0.0853,0.006087,6.466,2,1
S039,57,S039_057.wav,S039_057_mel.npy,ගොවිතැන සඳහා භාවිත වන උපකරණ එකින් එක විස්තර කරද්දී ළමයි සාවධානව අසා සිටියහ,ගොවිතන සදහා භාවිත කරන උපකරන ඉකින්නක විස්තර කරද්දී ළමයි සහා ගොදානව ආසා සිටියා,0.6923,0.1774,1,2,long,7.787,6.944,1,0.416,0.082,0.003182,8.929,2,1
S039,58,S039_058.wav,S039_058_mel.npy,ළමයි පොල්තෙල් හිඳීමට භාවිත කරන සෙක්කුව අසලට රැස් වූහ,ලමයි පොල්ටල්ලි හිදීමට භාවිත කරන්න සෙක්කුව අසලට රැසූහ.,0.5556,0.2045,1,2,long,5.995,4.928,1,0.32,0.0914,0.004487,8.929,2,1
S039,59,S039_059.wav,S039_059_mel.npy,ඒ ගොල්ලන්ට අලුත් ක්‍රමයක් හොයා ගන්න වෙනවා,ඒ ගොල්ලට අලු ක්‍රමය හොයලන්න වෙනහ.,0.8571,0.2857,1,2,long,3.627,3.232,0,0.0,0.0718,0.004712,10.829,2,1
S039,60,S039_060.wav,S039_060_mel.npy,බොහෝ දෙනෙක් මම එනතුරු බලා ගෙන හිටියා,බොහෝ දෙනෙක් මම එන්න තුරු වලන්න ඉටියා,0.5714,0.2667,1,2,long,3.392,3.2,0,0.0,0.0661,0.003017,9.375,2,1
S039,61,S039_061.wav,S039_061_mel.npy,මට ආරංචි වුණා රජතුමාගේ ගුහාව ළඟ අනතුරක් කියලා,මට ආරංචිවුණා ලැතුමගේ ගුහා වලගා නිතුරක් කියලා.,0.75,0.1579,1,2,long,4.523,3.904,0,0.0,0.0884,0.002501,9.734,2,1
S039,62,S039_062.wav,S039_062_mel.npy,පැය අටකට පසු ඔවුන්ට පියාපත් සලන හඬක් ඇසිණි,අය අටකට පසු ඔවුන්ට කියා ප්‍රළණ අඩක් ඇසිනි,0.5,0.2286,1,2,long,4.629,4.0,2,0.208,0.0854,0.00307,8.75,2,1
S039,63,S039_063.wav,S039_063_mel.npy,මිනිසුන් ගැන විස්තර දැනගන්න බොහෝ ක්‍රම තියෙනවා,මිනිසුන් ගැන විස්තර දැනගන්න පොහව ක්‍රමතියනවා,0.4286,0.075,0,2,long,3.883,3.616,0,0.0,0.0769,0.004633,11.062,2,1
S039,64,S039_064.wav,S039_064_mel.npy,ඔබට දින හතරක් දෙමි,ඔපට වින හතර දෙමින්,1.0,0.4,2,2,short,2.048,1.728,0,0.0,0.0607,0.003699,8.681,2,0
S039,65,S039_065.wav,S039_065_mel.npy,ඇදුරුතුමා බෙහෙවින් සතුටට පත් විය,ඇදුළුතුමා භේවීන් සඳුටට පතිය,1.0,0.2857,1,2,short,2.688,2.496,0,0.0,0.0687,0.003232,11.218,2,0
S039,66,S039_066.wav,S039_066_mel.npy,ඔබට පේන්නේ කුමක්දැයි මම ඇසුවෙමි,ඔබල්ට පේරෙන්නෙකුමක්දැයි මම අසුවමි,0.8,0.2593,1,2,short,3.477,2.944,1,0.16,0.0801,0.002183,9.171,2,0
S039,67,S039_067.wav,S039_067_mel.npy,මෙතැන තමයි හොඳම තැන,වෙසන තමයි හොඳවන්සන,0.75,0.4375,2,2,short,2.133,1.877,0,0.0,0.0701,0.00354,8.523,2,0
S039,68,S039_068.wav,S039_068_mel.npy,ඇය කාචය සකස් කර නැවත බැලූවාය,ඇයි කාචේ සකස් කරට නැවසබැලුවාය.,0.8333,0.2174,1,2,long,2.859,2.656,0,0.0,0.08,0.003313,8.66,2,1
S040,1,S040_001.wav,S040_001_mel.npy,යාළුවෝ හැමදෙනාම නිදහස් උත්සවය බැලුවා,අළුව හැමුදෙනාම නිදා කොස්සවේ බැලුව,1.0,0.3438,1,2,short,4.48,4.096,0,0.0,0.0966,0.002208,7.812,2,0
S040,2,S040_002.wav,S040_002_mel.npy,කවිඳු යාළුවොත් එක්ක මිදුලේ සෙල්ලම් කරමින් සිටියා,හල්දුයානුවත් එක මෙජුලේ සෙල්ලම්කර් සිටියා,0.8571,0.3095,1,2,long,4.437,3.829,1,0.448,0.0773,0.004395,10.968,2,1
S040,3,S040_003.wav,S040_003_mel.npy,අපේ රටේ නිදහස් උත්සවය,අපෙන් රටේ නිදහස් උස්සවයම,0.5,0.2778,1,2,short,3.008,2.656,1,0.352,0.1163,0.003764,6.777,2,0
S040,4,S040_004.wav,S040_004_mel.npy,මම කෝෂය ඇතුලේ සති දෙකක් විතර හිටියා,මුනුකෝෂයේ ඇතුළේ සති දෙකා විතර හිටි යාප්,0.7143,0.2759,1,2,long,3.456,3.232,1,0.224,0.0964,0.00446,8.973,2,1
S040,5,S040_005.wav,S040_005_mel.npy,පොත් කියවීමෙන් මිනිසා සම්පූර්ණ වේ,පොචියමේත් සා සම්පූර්ණවේ,1.0,0.3793,2,2,short,2.944,2.816,0,0.0,0.0822,0.005966,10.298,2,0
S040,6,S040_006.wav,S040_006_mel.npy,මුහුද හරිම ලස්සනයි,මී දහත් රසන,1.0,0.6875,2,2,short,1.963,1.856,0,0.0,0.1031,0.00583,8.621,2,0
S040,7,S040_007.wav,S040_007_mel.npy,හැමෝම එකට අත් අල්ලා ගන්න,අපි හැමෝමා එකට අචල්ලා ගන්නස්,1.0,0.45,2,2,short,3.797,3.509,1,0.16,0.0696,0.009526,5.699,2,0
S040,8,S040_008.wav,S040_008_mel.npy,මම එහෙනම් නාගෙන එන්නම්,මම එසෙනම් නාගෙර එන්නක්,0.75,0.1579,1,2,short,2.475,2.272,0,0.0,0.0495,0.005048,8.363,2,0
S040,9,S040_009.wav,S040_009_mel.npy,අපි අද පොල් කැඩුවා,අපි අද පොල්ක් හැඩුවල්,0.5,0.2667,1,2,short,1.92,1.696,0,0.0,0.0671,0.003761,8.844,2,0
S040,10,S040_010.wav,S040_010_mel.npy,"ඇයි හිනා වෙන්නේ, මට රජ වෙන්න බැරිද",ඇයි හිනා රෙන්නේ මට රජ බැරිද,0.2857,0.2222,1,1,long,3.392,3.168,1,0.16,0.0717,0.003573,8.838,2,1
S040,11,S040_011.wav,S040_011_mel.npy,දුව සටහන් පොතේ මොනවාද ලියා ගත්තේ,දුව සටහන් පොතේ මොනවාද ලියාගත්තෙ,0.3333,0.037,0,1,long,3.883,3.648,0,0.0,0.075,0.005275,7.401,2,1
S040,12,S040_012.wav,S040_012_mel.npy,ඉතින් මෙච්චර පරක්කු වුනේ ඇයි,එතින්නේ චර පරාකූනේ ඇයි,0.8,0.4167,2,2,short,2.517,2.421,0,0.0,0.067,0.00359,9.912,2,0
S040,13,S040_013.wav,S040_013_mel.npy,දවසක් අම්මා අශ්ව පැටියාගෙන් උදව්වක් ඉල්ලුවා,දවසක්ස් මා අශ්‍ය පැටියක්ගෙන් උදව්වක් කිල්වා.,0.8333,0.2632,1,2,long,4.011,3.936,0,0.0,0.09,0.004875,9.654,2,1
S040,14,S040_014.wav,S040_014_mel.npy,ඔය ගඟ හරි ගැඹුරුයි,ඔය ගම්ග හරි ලැපුතුයි.,0.5,0.4,2,2,short,2.069,1.792,0,0.0,0.0801,0.007662,8.371,2,0
S040,15,S040_015.wav,S040_015_mel.npy,අශ්ව පැටියා ඉක්මනින් ගෙදර එනවා දැකලා අම්මා පුදුම වුනා,අශ්ව පැටියා එක්ක්න් ගෙදර එනවා දැකල අම්බා පුත්ව්නා,0.5556,0.2222,1,2,long,5.397,4.693,1,0.16,0.0957,0.002585,9.588,2,1
S040,16,S040_016.wav,S040_016_mel.npy,"සිටුතුමනි, අපට අනුකම්පා කරනු මැනවි",සිටුතුමනි අප අනුකම්පා කර්නවේ,0.6,0.2069,1,2,short,3.435,3.243,1,0.16,0.0817,0.003631,9.252,2,0
S040,17,S040_017.wav,S040_017_mel.npy,බරෙන් වැඩි වන්නේ ගසක මුල කොටසද,බරෙන් වැඩි වන්නේ කසෙක මුල කොටසද,0.1667,0.08,0,1,long,3.499,3.36,0,0.0,0.075,0.003661,7.44,2,1
S040,18,S040_018.wav,S040_018_mel.npy,රයිට් සහෝදරයන්ගේ පියා ඔවුන් පුංචිකාලයේ දී කඩදාසි සහ රබර් පටිවලින් සෙල්ලම් අහස් යානා තනා දුන්නේය,රයිට් සයෝදරයා පිය උන් කාලයේදී කඩගා සිසහ රබට් පටිවලිල් සෙළියන් අහස්යක් මතනාදුන් නේ.,0.9333,0.2963,1,2,long,9.664,8.832,2,0.16,0.0901,0.00157,9.171,2,1
S040,19,S040_019.wav,S040_019_mel.npy,පසු කලෙක ඔවුහු බයිසිකල් වැඩ වැඩපොළක් ඇරඹූහ,පසුකාට් ඔහු බ්‍රිසිකල් වැඩපොළ කැත්ස් පුහො,1.0,0.5,2,2,long,4.523,4.192,1,0.192,0.1025,0.002597,8.588,2,1
S040,20,S040_020.wav,S040_020_mel.npy,දැන් හැමෝම වාඩිවෙන්න,දැන් වාඩි වෙන්න,0.6667,0.2778,1,2,short,1.899,1.824,0,0.0,0.057,0.00312,9.868,2,0
S040,21,S040_021.wav,S040_021_mel.npy,අපි ඊළඟ දවසේ තවත් සෙල්ලමක් කරමු,අපි ඊලගද අවශේ සෙල්ලමක් කරමු.,0.5,0.2692,1,2,long,2.795,2.656,0,0.0,0.0894,0.00342,9.789,2,1
S040,22,S040_022.wav,S040_022_mel.npy,මේ සිහින අප නින්දේ දී දකින සිහින නම් නොවේ,නේ සිහින අප නින්දෙන්දී දකෙන සිහින නම් නෝවේ.,0.5556,0.1818,1,2,long,6.016,5.248,2,0.224,0.0788,0.005741,6.288,2,1
S040,23,S040_023.wav,S040_023_mel.npy,ඇගේ ගම ගිංතොට ය,ඇදේ ගම ගින් තොටය.,0.75,0.25,1,2,short,2.944,2.656,1,0.192,0.0831,0.004123,4.518,2,0
S040,24,S040_024.wav,S040_024_mel.npy,මේ පුංචි දැරිය ඇගේ ප්‍රියතම වැඩිහිටි නෑදෑයා ගැන පසු කලෙක එසේ කීවාය,මේ පුංචි දැරිය ඇගෙ ප්‍රිතුම වැඩිහිට් නෑද යා ගැන පසු කාලක ඇසේ කියාය.,0.6667,0.1818,1,2,long,7.851,7.115,1,0.256,0.0761,0.003135,7.73,2,1
S040,25,S040_025.wav,S040_025_mel.npy,පින්තූර මගින් කතා කීම ඈත කාලයේ සිට පැවත එන ක්‍රමයකි,"පින්තූර මගින් කතා කීම, ඈත කාලයේ සිට පැවැත එන ක්‍රමයකින්",0.2,0.0714,0,1,long,6.08,5.6,1,0.448,0.0775,0.004575,7.5,2,1
S040,26,S040_026.wav,S040_026_mel.npy,මකුළුවා තණ බිස්සේ හැංගුනා,මකුළුවා තම බිසේ හැක්ට්,0.75,0.3636,2,2,short,2.368,2.24,0,0.0,0.1087,0.007398,9.821,2,0
S040,27,S040_027.wav,S040_027_mel.npy,එළියේ ලස්සන ගැහැණු ළමයෙක් හිටගෙන හිටියා,එළියෙලස්සන ගෑනු ලමේක් හිටගෙන හිටියා,0.6667,0.1765,1,2,long,3.371,3.307,0,0.0,0.0752,0.007112,10.282,2,1
S040,28,S040_028.wav,S040_028_mel.npy,අතරමගදී ඉතාම භයානක දෙයක් සිදුවුණා,අතර මග ඉතා භයානක දෙයක් සිදු,0.8,0.2414,1,2,short,3.371,3.232,0,0.0,0.1001,0.001878,8.973,2,0
S040,29,S040_029.wav,S040_029_mel.npy,සර්පයා මහා විශාලෙට කට ඇරියා,සත්පේයා මහා විශාල ලෙට කට ඇරියාට,0.8,0.1739,1,2,short,4.117,3.701,1,0.256,0.1069,0.007696,6.214,2,0
S040,30,S040_030.wav,S040_030_mel.npy,ටිකක් හිතලා බලන්නකෝ,ටිකක් කිතයා බලන්නකො,0.6667,0.1765,1,2,short,1.984,1.952,0,0.0,0.0699,0.002575,8.709,2,0
S040,31,S040_031.wav,S040_031_mel.npy,තනියෙන් ලියන්න,තනේ තනිඑංගෙ යන්න ප්‍රන්න ප්‍රන්න ප්‍රන්න ප්‍රන්න ප්‍රන්න ප්‍රන්න ප්‍රන්න ප්‍රන්න ප්‍රන්න ප්‍රන්න ප්‍රන්න ප්‍රන්න,1.0,1.0,2,2,short,2.176,1.792,1,0.256,0.0562,0.004428,7.254,2,0
S040,32,S040_032.wav,S040_032_mel.npy,පස්වැනි ගුණාංගය,පස්සන ගුණා,1.0,0.4286,2,2,short,1.216,1.184,0,0.0,0.0611,0.00338,11.824,2,0
S040,34,S040_034.wav,S040_034_mel.npy,නායකතුමා මෙසේ පිළිතුරු දුන්නේය,නායික සිටුතුමා මෙසේ පිළිසර දුන්නේ,1.0,0.3333,1,2,short,3.499,3.392,0,0.0,0.096,0.005158,7.96,2,0
S040,35,S040_035.wav,S040_035_mel.npy,තේරවිලි වර්ග කිහිපයක් තිබේ,තෙනර වෙරුවර්ක කීපයක් තිබේ.,0.75,0.3913,2,2,short,2.603,2.4,0,0.0,0.0691,0.003047,9.583,2,0
S040,36,S040_036.wav,S040_036_mel.npy,අපේ සීයා කතන්දර කීමට සමතෙකි,අපේ සිෂ් කතන්දර කීමර සමතකි.,0.6,0.2174,1,2,short,2.923,2.795,0,0.0,0.1262,0.002274,8.23,2,0
S040,37,S040_037.wav,S040_037_mel.npy,මේ අය අතරමගදී අම්බලමක නතර වුණා,ඒ මේ අය අතරමාදී අම්බලා නතර උනා.,0.6667,0.24,1,2,long,3.968,3.648,0,0.0,0.0668,0.004719,6.853,2,1
S040,38,S040_038.wav,S040_038_mel.npy,හරි අපූරු කතාවක්,හරි අපෝරු කතා,0.6667,0.2857,1,2,short,1.835,1.664,0,0.0,0.1026,0.004383,8.413,2,0
S040,39,S040_039.wav,S040_039_mel.npy,කටුස්සාගේ කරේ රත්තරන් බැන්දා වගෙයි,කටුස්සාගේ කරේ රත්තරම් බැන්දාවාගේ,0.6,0.1667,1,2,short,3.477,3.328,0,0.0,0.1023,0.003667,9.014,2,0
S040,40,S040_040.wav,S040_040_mel.npy,මුල් ගුරුතුමා කීවේය,මුල් ගුරුතුමා කීවේය.,0.0,0.0,0,0,short,2.731,2.304,0,0.0,0.0689,0.002402,7.378,2,0
S040,41,S040_041.wav,S040_041_mel.npy,අද පුස්තකාල පන්තියක් කරමු,බද පුස්තකාල පන්තේහක් කරමුත්,0.75,0.2273,1,2,short,2.773,2.688,0,0.0,0.0761,0.005583,8.185,2,0
S040,42,S040_042.wav,S040_042_mel.npy,මම ගල්පරයක ඇලී ජීවත් වුනෙමි,මම ගල් පරයක ඇලී ජීවල් තුනෙමෙන්,0.8,0.2174,1,2,short,4.757,4.213,1,0.288,0.0703,0.00383,5.459,2,0
S040,43,S040_043.wav,S040_043_mel.npy,බෙලි කටුව කතා කරයි,බෙල් කටවල් කතා කරයි.,0.5,0.2667,1,2,short,2.24,2.048,0,0.0,0.0725,0.005512,7.324,2,0
S040,44,S040_044.wav,S040_044_mel.npy,සති අන්තේ නිවාඩුවට බිංදුලා ගමේ ගියා,සතිය අන්තය නියාඩුව බෙන්දූලා ගමේ ගියායම,0.8333,0.3333,1,2,long,5.312,4.832,1,0.48,0.0885,0.002247,6.209,2,1
S040,45,S040_045.wav,S040_045_mel.npy,මොනවාද ඒවායේ නම්,මන වචේ ඒවායේ නම්,0.6667,0.2143,1,2,short,3.349,2.752,1,0.544,0.0684,0.00507,5.087,2,0
S040,46,S040_046.wav,S040_046_mel.npy,නංගි උත්තර දුන්නා,නංගේ උත්තර දුර්ණා,0.6667,0.1333,1,2,short,2.091,1.963,0,0.0,0.0844,0.008183,7.643,2,0
S040,47,S040_047.wav,S040_047_mel.npy,පාර කියන අත්තම්මා,බාර කියන අත්තම්මා,0.3333,0.0667,0,1,short,1.877,1.813,0,0.0,0.0688,0.005175,8.272,2,0
S040,48,S040_048.wav,S040_048_mel.npy,ඇයගේ කැපවීම පුදුමාකාරය,ඇයගේ තැපවීම පුත්කාරයේ,0.6667,0.3,1,2,short,2.56,2.368,1,0.16,0.1016,0.005631,8.446,2,0
S040,49,S040_049.wav,S040_049_mel.npy,මිනිසාගේ පරම යුතුකම මිනිසාට සේවය කිරීම,මිනිසා පරම යුතු.මිනිසාට සේවය සේවය තිරීමා.,0.6667,0.303,1,2,long,6.443,5.483,1,0.8,0.1237,0.002843,6.019,2,1
S040,50,S040_050.wav,S040_050_mel.npy,අපි මේ වන විට පැය දොළහක් වැඩ කර පැය දොළහක් විවේක ගත්තා,අපි මේවනවිට පෑ දොළහක් වැඩකර පෑ දොළහ විවේක ගන්ටා,0.75,0.186,1,2,long,6.507,5.824,2,0.208,0.0835,0.003624,7.383,2,1
S040,51,S040_051.wav,S040_051_mel.npy,අප කවුරුත් පුදුමයට පත්කරමින් ඈට පණ ආවා,අප කවුරු පුදුමයට පත්කටමින් ඈට පන ආව,0.4286,0.125,1,2,long,7.275,5.792,1,0.576,0.0786,0.002905,5.525,2,1
S040,52,S040_052.wav,S040_052_mel.npy,සුගන්ධවත් පුෂ්පයෝ අපගේ සොහොයුරියෝය,සුගත්වත් පුෂ්පයෝ අපගේ සහෝදරියෝ ය.,0.75,0.1935,1,2,short,5.504,4.96,2,0.256,0.1221,0.004939,6.25,2,0
S040,53,S040_053.wav,S040_053_mel.npy,ගංගාවෝ අපගේ සොහොයුරෝ වෙති,ගන්ගා හෝ අපගේ සො නොමැති,1.0,0.4545,2,2,short,3.904,3.328,1,0.32,0.0876,0.005038,6.611,2,0
S040,54,S040_054.wav,S040_054_mel.npy,නංගී මට නොදී කිසිවක් නොකනවා ඇතැයි මට සිතේ,නම්ගිට මට නොදී කිසිවා නොකෙනවා ඇතැයි මට සිතේන්,0.5,0.2647,1,2,long,4.992,4.672,1,0.288,0.0796,0.003565,7.277,2,1
S040,55,S040_055.wav,S040_055_mel.npy,නංගි උදේ පාන්දරින්ම නැගිටියි,උදේ පාන්දරෙන්ම නොටියි,0.75,0.32,1,2,short,3.029,2.592,1,0.16,0.0952,0.005722,9.645,2,0
S040,56,S040_056.wav,S040_056_mel.npy,ඈ මා ගෙදර යන විට අසනු ඇත,ඈම ආගගර යන්සිට අසනුන්නත,1.0,0.4444,2,2,long,3.307,2.752,0,0.0,0.0897,0.004821,6.541,2,1
S040,57,S040_057.wav,S040_057_mel.npy,ගොවිතැන සඳහා භාවිත වන උපකරණ එකින් එක විස්තර කරද්දී ළමයි සාවධානව අසා සිටියහ,ගොවිතන සදහා භාගිතා වන උපකරන එකින් එක විස්තර කර්දේ ළමාස සාවදානව අසාටිය.,0.5385,0.1774,1,2,long,9.067,7.968,2,0.384,0.0941,0.004131,7.781,2,1
S040,58,S040_058.wav,S040_058_mel.npy,ළමයි පොල්තෙල් හිඳීමට භාවිත කරන සෙක්කුව අසලට රැස් වූහ,ළමයි පොල්ථයල් මට භාවිතා කරන සෙක්වූහ අසල ප්‍රැස්වූහ,0.7778,0.2727,1,2,long,6.123,5.323,2,0.224,0.0931,0.004273,8.267,2,1
S040,59,S040_059.wav,S040_059_mel.npy,ඒ ගොල්ලන්ට අලුත් ක්‍රමයක් හොයා ගන්න වෙනවා,ඒ ගොල්ලොන්ට අලූත් ක්‍රමයා කොයා ගන්න වෙනවා.,0.5714,0.1429,1,2,long,4.139,3.755,1,0.256,0.0765,0.004077,9.322,2,1
S040,60,S040_060.wav,S040_060_mel.npy,බොහෝ දෙනෙක් මම එනතුරු බලා ගෙන හිටියා,බොහෝ දෙනෙක් මම එනතුර බලා සිගෙන හිටියාම,0.4286,0.1333,1,2,long,4.032,3.776,1,0.224,0.0848,0.002107,7.945,2,1
S040,61,S040_061.wav,S040_061_mel.npy,මට ආරංචි වුණා රජතුමාගේ ගුහාව ළඟ අනතුරක් කියලා,මම ආරත් වුණා රජතුමාගේ ගුහාව අතුරක් අනුතුර කියලා.,0.5,0.3421,1,2,long,5.739,5.195,1,0.448,0.0849,0.003418,7.315,2,1
S040,62,S040_062.wav,S040_062_mel.npy,පැය අටකට පසු ඔවුන්ට පියාපත් සලන හඬක් ඇසිණි,බෑය අටකට පසු ඔවුන්ට පියාපත් සලන හඬක් ඇසිනීම්,0.25,0.1429,1,1,long,4.651,4.363,1,0.224,0.0879,0.003166,8.023,2,1
S040,63,S040_063.wav,S040_063_mel.npy,මිනිසුන් ගැන විස්තර දැනගන්න බොහෝ ක්‍රම තියෙනවා,මෙනිසුම් ගැන විස්තර දක්න බොහෝ කරමතියෙනවා.,0.5714,0.2,1,2,long,4.48,3.52,1,0.448,0.0844,0.001902,11.364,2,1
S040,64,S040_064.wav,S040_064_mel.npy,ඔබට දින හතරක් දෙමි,ඔබට දින හතරද්දෙමීත්,0.5,0.2667,1,2,short,2.645,2.24,0,0.0,0.0609,0.006942,6.696,2,0
S040,65,S040_065.wav,S040_065_mel.npy,ඇදුරුතුමා බෙහෙවින් සතුටට පත් විය,අදුරුතුමා බෙහෙවියෙන් සතුටු සතුටට පත්විය ඔබ්,1.0,0.3929,2,2,short,5.803,4.619,2,0.32,0.0935,0.003346,6.062,2,0
S040,66,S040_066.wav,S040_066_mel.npy,ඔබට පේන්නේ කුමක්දැයි මම ඇසුවෙමි,ඔබට පේන්නේ කුමක් දැයි මම් ඇසු,0.8,0.1852,1,2,short,2.923,2.891,0,0.0,0.096,0.005766,9.34,2,0
S040,67,S040_067.wav,S040_067_mel.npy,මෙතැන තමයි හොඳම තැන,මෙතැනුන් තමය හොදමතැන,1.0,0.3125,1,2,short,2.368,2.144,0,0.0,0.0707,0.004708,7.463,2,0
S040,68,S040_068.wav,S040_068_mel.npy,ඇය කාචය සකස් කර නැවත බැලූවාය,ඇය කාශනේ සකස් කරනාත බැලුවේ.,0.6667,0.3478,1,2,long,3.477,3.221,0,0.0,0.1028,0.002366,7.14,2,1
S041,1,S041_001.wav,S041_001_mel.npy,යාළුවෝ හැමදෙනාම නිදහස් උත්සවය බැලුවා,එල්වා හැමන්න දෙනාම නිදහත් උස්සවය බැලු,1.0,0.3438,1,2,short,2.688,2.592,0,0.0,0.0829,0.004117,12.346,2,0
S041,2,S041_002.wav,S041_002_mel.npy,කවිඳු යාළුවොත් එක්ක මිදුලේ සෙල්ලම් කරමින් සිටියා,කවිදිය ආලුවත් එක්ක මිදුලේ සැල්ලං කරමින් සිටිය,0.5714,0.1905,1,2,long,3.115,2.923,0,0.0,0.0826,0.004162,14.37,2,1
S041,3,S041_003.wav,S041_003_mel.npy,අපේ රටේ නිදහස් උත්සවය,අපේ රටේ නිදහස් වසැවයම්,0.25,0.3333,1,1,short,1.899,1.867,0,0.0,0.0793,0.00632,9.643,2,0
S041,4,S041_004.wav,S041_004_mel.npy,මම කෝෂය ඇතුලේ සති දෙකක් විතර හිටියා,මම කෝෂයෙත් ඇතුළිය සති දෙකක් විතර හිටියා.,0.2857,0.1724,1,1,long,4.096,3.616,1,0.224,0.0853,0.003142,8.02,2,1
S041,5,S041_005.wav,S041_005_mel.npy,පොත් කියවීමෙන් මිනිසා සම්පූර්ණ වේ,පොත් කියවීමෙන් මිනිසා සම්පුර්ණවේ.,0.4,0.0345,0,1,short,2.453,2.293,0,0.0,0.0778,0.003454,12.645,2,0
S041,6,S041_006.wav,S041_006_mel.npy,මුහුද හරිම ලස්සනයි,මුහද හරිම ලස්සනයි.,0.3333,0.0625,0,1,short,1.749,1.621,0,0.0,0.0716,0.005575,9.868,2,0
S041,7,S041_007.wav,S041_007_mel.npy,හැමෝම එකට අත් අල්ලා ගන්න,එහැ මාම එකට අත්තල්ලා ගන්න,0.8,0.15,1,2,short,2.56,2.304,1,0.256,0.0721,0.003713,8.681,2,0
S041,8,S041_008.wav,S041_008_mel.npy,මම එහෙනම් නාගෙන එන්නම්,මමේ හෙනම් නාගෙන එන්නක්.,0.75,0.1053,1,2,short,2.304,2.144,0,0.0,0.0655,0.003644,8.862,2,0
S041,9,S041_009.wav,S041_009_mel.npy,අපි අද පොල් කැඩුවා,අපි අද හොල් කැඩුව,0.5,0.1333,1,2,short,2.197,2.016,0,0.0,0.0809,0.003888,7.44,2,0
S041,10,S041_010.wav,S041_010_mel.npy,"ඇයි හිනා වෙන්නේ, මට රජ වෙන්න බැරිද",ඇයි හිනාවෙන්නෙ මට රජ වෙන්න බැරිද,0.2857,0.037,0,1,long,3.712,3.264,1,0.224,0.0722,0.004333,8.578,2,1
S041,11,S041_011.wav,S041_011_mel.npy,දුව සටහන් පොතේ මොනවාද ලියා ගත්තේ,දුට සටහන් පොතේ මොනවාදලියා ගත්තේ,0.5,0.037,0,2,long,3.989,3.424,0,0.0,0.0788,0.002812,7.886,2,1
S041,12,S041_012.wav,S041_012_mel.npy,ඉතින් මෙච්චර පරක්කු වුනේ ඇයි,ඉතින් මෙච්චර පරක් වුණේ ඇයි,0.2,0.0833,0,1,short,2.603,2.315,1,0.288,0.0854,0.002694,10.369,2,0
S041,13,S041_013.wav,S041_013_mel.npy,දවසක් අම්මා අශ්ව පැටියාගෙන් උදව්වක් ඉල්ලුවා,දවසක් කම්මා අශ්‍ර පැටියාගෙන් උදව්වක් ඉල්ලුව,0.5,0.1053,1,2,long,3.413,3.232,0,0.0,0.0844,0.006038,11.757,2,1
S041,14,S041_014.wav,S041_014_mel.npy,ඔය ගඟ හරි ගැඹුරුයි,ඔය ගග හරිගෙපුරුයි,0.75,0.2,1,2,short,1.749,1.472,0,0.0,0.0644,0.005778,10.19,2,0
S041,15,S041_015.wav,S041_015_mel.npy,අශ්ව පැටියා ඉක්මනින් ගෙදර එනවා දැකලා අම්මා පුදුම වුනා,ර්පැටියා ඉමනින් ගෙදර එනවා දකල අංව පුදුම වුණා,0.5556,0.2444,1,2,long,4.757,4.224,0,0.0,0.0797,0.003378,10.653,2,1
S041,16,S041_016.wav,S041_016_mel.npy,"සිටුතුමනි, අපට අනුකම්පා කරනු මැනවි",සිටුතුමණි අපට අනුකම්පා කරනු මැනවි.,0.0,0.0,0,0,short,4.267,3.691,0,0.0,0.0775,0.002694,8.129,2,0
S041,17,S041_017.wav,S041_017_mel.npy,බරෙන් වැඩි වන්නේ ගසක මුල කොටසද,බරින් වැඩිවන් මෙන් ගසකු හොදකොටසිද?,1.0,0.36,2,2,long,4.032,3.648,1,0.352,0.0726,0.004113,6.853,2,1
S041,18,S041_018.wav,S041_018_mel.npy,රයිට් සහෝදරයන්ගේ පියා ඔවුන් පුංචිකාලයේ දී කඩදාසි සහ රබර් පටිවලින් සෙල්ලම් අහස් යානා තනා දුන්නේය,වැයට් සහදුරියන්ගේ පියාවන් පුංචි කාලයේදී කඩිදාස් හරබර පටිබලින් සෙල්ලාම් යානයන් තනාදුන්නේ,1.0,0.2593,1,2,long,9.515,8.395,4,0.248,0.0754,0.004934,9.649,2,1
S041,19,S041_019.wav,S041_019_mel.npy,පසු කලෙක ඔවුහු බයිසිකල් වැඩ වැඩපොළක් ඇරඹූහ,ප්‍රශු කානයක වූ වූ බය්සි කලක් ප්‍රලාක් දිබූ,1.0,0.7222,2,2,long,3.221,3.029,0,0.0,0.0727,0.0042,11.884,2,1
S041,20,S041_020.wav,S041_020_mel.npy,දැන් හැමෝම වාඩිවෙන්න,දැන් හොමගාඩුවෙන්,0.6667,0.3333,1,2,short,1.749,1.6,0,0.0,0.058,0.006904,11.25,2,0
S041,21,S041_021.wav,S041_021_mel.npy,අපි ඊළඟ දවසේ තවත් සෙල්ලමක් කරමු,අපි එලතෙ දවසේ තවසර්ලනක්කරමු,0.6667,0.3077,1,2,long,2.496,2.272,0,0.0,0.079,0.003871,11.444,2,1
S041,22,S041_022.wav,S041_022_mel.npy,මේ සිහින අප නින්දේ දී දකින සිහින නම් නොවේ,මේ සීන අපේ නින්දේති දකින සීන නම් නොවේ.,0.5556,0.2727,1,2,long,4.053,3.744,0,0.0,0.0734,0.002618,8.814,2,1
S041,23,S041_023.wav,S041_023_mel.npy,ඇගේ ගම ගිංතොට ය,අපේ ගමා ගින්තටය,1.0,0.5,2,2,short,1.685,1.632,0,0.0,0.0778,0.004454,7.353,2,0
S041,24,S041_024.wav,S041_024_mel.npy,මේ පුංචි දැරිය ඇගේ ප්‍රියතම වැඩිහිටි නෑදෑයා ගැන පසු කලෙක එසේ කීවාය,මේ පුංචි දරි අවගේ ප්‍රිවතමා වැඩිහිටි නැදෑයා ගැනෑ පසුකාලික එසේ කීවන්නේ,0.6667,0.2364,1,2,long,6.677,6.048,0,0.0,0.0884,0.004634,9.094,2,1
S041,25,S041_025.wav,S041_025_mel.npy,පින්තූර මගින් කතා කීම ඈත කාලයේ සිට පැවත එන ක්‍රමයකි,පින්දුර මගින් කතා කීම ඇත කාලයේ සිටම් පවත එන ප්‍රමයෙකි.,0.5,0.1905,1,2,long,5.056,4.608,0,0.0,0.0737,0.003494,9.115,2,1
S041,26,S041_026.wav,S041_026_mel.npy,මකුළුවා තණ බිස්සේ හැංගුනා,මකුළුවා තනබිස් තනබිස්සේ හැංගුණා,0.5,0.2727,1,2,short,3.968,3.424,1,0.16,0.0736,0.006343,6.425,2,0
S041,27,S041_027.wav,S041_027_mel.npy,එළියේ ලස්සන ගැහැණු ළමයෙක් හිටගෙන හිටියා,එළියේ ලස්සන ගිහන්ක් හිටදෙන හිටියා,0.5,0.2353,1,2,long,3.029,2.741,1,0.224,0.086,0.004227,12.403,2,1
S041,28,S041_028.wav,S041_028_mel.npy,අතරමගදී ඉතාම භයානක දෙයක් සිදුවුණා,අතර මගදී ඉතා ම බයල් නැකදෙයක් සිදු හුනා,1.0,0.1379,1,2,short,4.224,3.616,2,0.272,0.0718,0.00386,8.02,2,0
S041,29,S041_029.wav,S041_029_mel.npy,සර්පයා මහා විශාලෙට කට ඇරියා,සර්පයා මහවිශාලනට කටරියා,0.8,0.1304,1,2,short,3.691,3.147,2,0.176,0.0882,0.002765,7.309,2,0
S041,30,S041_030.wav,S041_030_mel.npy,ටිකක් හිතලා බලන්නකෝ,ටිකක් හිතලා බලන්නක.,0.3333,0.0588,0,1,short,2.453,1.813,0,0.0,0.0756,0.002692,9.375,2,0
S041,31,S041_031.wav,S041_031_mel.npy,තනියෙන් ලියන්න,තන් ලියන්න,0.5,0.3077,1,2,short,1.152,1.056,0,0.0,0.055,0.008707,12.311,2,0
S041,32,S041_032.wav,S041_032_mel.npy,පස්වැනි ගුණාංගය,පස්තිනි ගුණන්වය,1.0,0.3571,2,2,short,2.304,2.144,0,0.0,0.0654,0.009641,6.53,2,0
S041,33,S041_033.wav,S041_033_mel.npy,බරණැස් නුවර සිටුවරයෙක් වාසය කළේය,බරණස් නාන සිටුවරයෙක් වාස එකලේය.,0.8,0.1786,1,2,short,2.987,2.816,0,0.0,0.0868,0.003363,9.943,2,0
S041,34,S041_034.wav,S041_034_mel.npy,නායකතුමා මෙසේ පිළිතුරු දුන්නේය,නයක සිටිතුමම් නැසෑ පිහිතර ජුන්නෑ.,1.0,0.5926,2,2,short,3.307,2.731,1,0.576,0.0797,0.004571,9.888,2,0
S041,35,S041_035.wav,S041_035_mel.npy,තේරවිලි වර්ග කිහිපයක් තිබේ,තේ රැවලි පර්ක කේපයි අතීමේ,1.0,0.4783,2,2,short,2.069,1.92,0,0.0,0.0692,0.004072,11.979,2,0
S041,36,S041_036.wav,S041_036_mel.npy,අපේ සීයා කතන්දර කීමට සමතෙකි,අපේ සේයා කතන්දරි කෙන්කටම සමතකි.,0.8,0.3478,1,2,short,2.88,2.656,0,0.0,0.0823,0.004029,8.66,2,0
S041,37,S041_037.wav,S041_037_mel.npy,මේ අය අතරමගදී අම්බලමක නතර වුණා,මෙයා නේ අය අතරමක් අම්බලමකන අතරගුනා,1.0,0.36,2,2,long,4.096,3.808,1,0.192,0.0731,0.005932,6.565,2,1
S041,38,S041_038.wav,S041_038_mel.npy,හරි අපූරු කතාවක්,හරියපෝරු කතාව,1.0,0.2857,1,2,short,1.707,1.611,0,0.0,0.0753,0.00557,8.692,2,0
S041,39,S041_039.wav,S041_039_mel.npy,කටුස්සාගේ කරේ රත්තරන් බැන්දා වගෙයි,පටසගේ කරයට අතරම් බැන්දා වගේ,0.8,0.4333,2,2,short,2.859,2.656,0,0.0,0.0805,0.005536,11.295,2,0
S041,40,S041_040.wav,S041_040_mel.npy,මුල් ගුරුතුමා කීවේය,මොයුගුරු තුනා කීවේය.,0.6667,0.2353,1,2,short,2.048,1.728,0,0.0,0.0676,0.003408,9.838,2,0
S041,41,S041_041.wav,S041_041_mel.npy,අද පුස්තකාල පන්තියක් කරමු,අද පුස්තකාලය පන්තියක් කරනු,0.5,0.0909,0,2,short,2.88,2.624,1,0.16,0.0758,0.003399,8.384,2,0
S041,42,S041_042.wav,S041_042_mel.npy,මම ගල්පරයක ඇලී ජීවත් වුනෙමි,මම ගල්පරය කැලී ජීවත් වෙනෙමි.,0.6,0.087,0,2,short,2.773,2.517,1,0.256,0.0674,0.004446,9.137,2,0
S041,43,S041_043.wav,S041_043_mel.npy,බෙලි කටුව කතා කරයි,මෙලි කටුවක මෙලි කටුවක කතා කරන්,1.0,0.8667,2,2,short,3.733,3.552,1,0.16,0.0738,0.004332,4.223,2,0
S041,44,S041_044.wav,S041_044_mel.npy,සති අන්තේ නිවාඩුවට බිංදුලා ගමේ ගියා,සතියන්තය නිවාඩු බින්තුලා ගමහැගියක්,1.0,0.3667,2,2,long,4.245,3.925,0,0.0,0.0716,0.004724,7.643,2,1
S041,45,S041_045.wav,S041_045_mel.npy,මොනවාද ඒවායේ නම්,මනවද ඒවයේ නම්,0.6667,0.2143,1,2,short,2.027,1.728,0,0.0,0.0684,0.004388,8.102,2,0
S041,46,S041_046.wav,S041_046_mel.npy,නංගි උත්තර දුන්නා,නංගි උතරින්,0.6667,0.4,2,2,short,1.6,1.568,0,0.0,0.0555,0.008022,9.566,2,0
S041,47,S041_047.wav,S041_047_mel.npy,පාර කියන අත්තම්මා,පාරෙකිනත් තම්,1.0,0.3333,1,2,short,1.643,1.611,0,0.0,0.0734,0.003374,9.313,2,0
S041,48,S041_048.wav,S041_048_mel.npy,ඇයගේ කැපවීම පුදුමාකාරය,ඇයකේ කැතැදීමක්තු දිබ්කාරය,1.0,0.5,2,2,short,2.432,2.24,1,0.16,0.0677,0.004151,8.929,2,0
S041,49,S041_049.wav,S041_049_mel.npy,මිනිසාගේ පරම යුතුකම මිනිසාට සේවය කිරීම,මිනිසා පරම එතකම මිනිසාට සැවය කිරීම,0.5,0.1818,1,2,long,4.907,4.128,1,0.48,0.071,0.004958,7.994,2,1
S041,50,S041_050.wav,S041_050_mel.npy,අපි මේ වන විට පැය දොළහක් වැඩ කර පැය දොළහක් විවේක ගත්තා,අපේ මෙය මම විට පැය ගොළහක් දැටිකර පැය ගොළහක් විනේට ගත්ත,0.75,0.3023,1,2,long,5.888,5.728,0,0.0,0.0749,0.002451,7.507,2,1
S041,51,S041_051.wav,S041_051_mel.npy,අප කවුරුත් පුදුමයට පත්කරමින් ඈට පණ ආවා,අප කවුරහරි පුදුමහට පත්කරමින් ඇර්ථ තන්නාවක්,0.7143,0.4375,2,2,long,4.373,4.128,1,0.192,0.0726,0.003117,7.752,2,1
S041,52,S041_052.wav,S041_052_mel.npy,සුගන්ධවත් පුෂ්පයෝ අපගේ සොහොයුරියෝය,ස්ගන්ධව ක්ෂ්පය අප ගේ සහොදරියොය.,1.0,0.2903,1,2,short,3.797,3.605,0,0.0,0.0834,0.005683,8.598,2,0
S041,53,S041_053.wav,S041_053_mel.npy,ගංගාවෝ අපගේ සොහොයුරෝ වෙති,ගඟාවෝ අපගේ සහෝදොරයෝ වෙති,0.5,0.3182,1,2,short,3.328,3.04,0,0.0,0.0821,0.004839,7.237,2,0
S041,54,S041_054.wav,S041_054_mel.npy,නංගී මට නොදී කිසිවක් නොකනවා ඇතැයි මට සිතේ,නංගි මට නොගී කිසිවක් නොකනවා ඇතැම් මට සිතේ,0.375,0.1176,1,1,long,5.227,4.608,1,0.256,0.1174,0.003686,7.378,2,1
S041,55,S041_055.wav,S041_055_mel.npy,නංගි උදේ පාන්දරින්ම නැගිටියි,නම් ගිය උදේ පාතරින් නැඟිටි,1.0,0.4,2,2,short,2.581,2.144,0,0.0,0.0845,0.002853,11.66,2,0
S041,56,S041_056.wav,S041_056_mel.npy,ඈ මා ගෙදර යන විට අසනු ඇත,අමා ඇගෙතින් යින් යිනවසුන් හැත්,1.0,0.8889,2,2,long,2.923,2.464,0,0.0,0.072,0.00416,7.305,2,1
S041,57,S041_057.wav,S041_057_mel.npy,ගොවිතැන සඳහා භාවිත වන උපකරණ එකින් එක විස්තර කරද්දී ළමයි සාවධානව අසා සිටියහ,ගවිතන සදහා භාවිත වෙන උපකරණ එංයක විස්තකරද්ධිය ළමයින් සාවදානවා සාසිටියහ.,0.8462,0.2419,1,2,long,7.573,6.624,2,0.368,0.0768,0.003163,9.36,2,1
S041,58,S041_058.wav,S041_058_mel.npy,ළමයි පොල්තෙල් හිඳීමට භාවිත කරන සෙක්කුව අසලට රැස් වූහ,ළමයි පොල්තල් විදවීමට භවිතාව කළින සෙක්කෝ අසුරට රැත්වූහයි.,0.8889,0.3636,2,2,long,5.739,5.451,0,0.0,0.0684,0.003588,8.072,2,1
S041,59,S041_059.wav,S041_059_mel.npy,ඒ ගොල්ලන්ට අලුත් ක්‍රමයක් හොයා ගන්න වෙනවා,ඒ ගොල්ලුන්ට අලු ක්‍රමයා කොයාගන්න වෙනවා.,0.7143,0.1714,1,2,long,4.501,3.84,2,0.256,0.0741,0.003094,9.115,2,1
S041,60,S041_060.wav,S041_060_mel.npy,බොහෝ දෙනෙක් මම එනතුරු බලා ගෙන හිටියා,බොහොන් වෙනෙක් මහ ඇත්තුරු බලාසිටියා,1.0,0.4,2,2,long,3.541,3.317,0,0.0,0.0683,0.005287,9.043,2,1
S041,61,S041_061.wav,S041_061_mel.npy,මට ආරංචි වුණා රජතුමාගේ ගුහාව ළඟ අනතුරක් කියලා,මට ආරංචිවෙනාට ජිතුමාගේ ගුහාවලග අනතරක් කියලා.,0.75,0.1316,1,2,long,4.821,4.597,1,0.224,0.0817,0.004598,8.266,2,1
S041,62,S041_062.wav,S041_062_mel.npy,පැය අටකට පසු ඔවුන්ට පියාපත් සලන හඬක් ඇසිණි,පැය අටකට පසු අවන් පෙයපත් සලන හඩක් යසනි.,0.5,0.2286,1,2,long,4.331,3.915,1,0.352,0.0866,0.003485,8.941,2,1
S041,63,S041_063.wav,S041_063_mel.npy,මිනිසුන් ගැන විස්තර දැනගන්න බොහෝ ක්‍රම තියෙනවා,මිනිසුන් ගැන වුස්තරය ගෙන්න බොහෝ ක්‍රමතියනා.,0.5714,0.175,1,2,long,4.203,3.691,2,0.256,0.0682,0.004277,10.838,2,1
S041,64,S041_064.wav,S041_064_mel.npy,ඔබට දින හතරක් දෙමි,ඔබට දින හතරද්දෙමි.,0.5,0.0667,0,2,short,2.005,1.717,1,0.16,0.0675,0.003699,8.734,2,0
S041,65,S041_065.wav,S041_065_mel.npy,ඇදුරුතුමා බෙහෙවින් සතුටට පත් විය,අදුටුතුමා බැහෙමි සත්තෙන පත්විය,1.0,0.3571,2,2,short,3.051,2.688,0,0.0,0.0693,0.005982,10.417,2,0
S041,66,S041_066.wav,S041_066_mel.npy,ඔබට පේන්නේ කුමක්දැයි මම ඇසුවෙමි,ඔබට පෙනෙනෙක් මත්දැයි මම ඇසිවෙන,0.6,0.2963,1,2,short,3.925,3.541,0,0.0,0.076,0.002418,7.624,2,0
S041,67,S041_067.wav,S041_067_mel.npy,මෙතැන තමයි හොඳම තැන,මෙතැන්නෙ තමයි හදෙම තැන,0.5,0.3125,1,2,short,2.688,2.592,0,0.0,0.0672,0.004298,6.173,2,0
S041,68,S041_068.wav,S041_068_mel.npy,ඇය කාචය සකස් කර නැවත බැලූවාය,ඇය කාචය සකස් කර නැවත බලුවාය,0.1667,0.087,0,1,long,4.267,3.659,2,0.224,0.0804,0.003481,6.286,2,1
S042,1,S042_001.wav,S042_001_mel.npy,යාළුවෝ හැමදෙනාම නිදහස් උත්සවය බැලුවා,යාළුවෝ ඇම දෙනාම නිදාසොත්ෂයේ බැලුවා,0.6,0.25,1,2,short,3.733,3.104,1,0.448,0.0918,0.004068,10.309,0,0
S042,2,S042_002.wav,S042_002_mel.npy,කවිඳු යාළුවොත් එක්ක මිදුලේ සෙල්ලම් කරමින් සිටියා,කවිදු යාලෝ තෙක්ක මෙදුලේ සෙල්ලන් කරමෙන් සිටියා,0.8571,0.2143,1,2,long,3.541,3.168,0,0.0,0.0763,0.003799,13.258,0,1
S042,3,S042_003.wav,S042_003_mel.npy,අපේ රටේ නිදහස් උත්සවය,අපේ රටේ නිදහා සුත්සවය,0.5,0.1667,1,2,short,2.56,2.112,0,0.0,0.0992,0.008045,8.523,0,0
S042,4,S042_004.wav,S042_004_mel.npy,මම කෝෂය ඇතුලේ සති දෙකක් විතර හිටියා,මම කෝෂය ඇතුළේ සති දෙකක් ප්‍රතර හිටියක්,0.2857,0.2069,1,1,long,4.117,3.2,1,0.256,0.0837,0.007042,9.062,0,1
S042,5,S042_005.wav,S042_005_mel.npy,පොත් කියවීමෙන් මිනිසා සම්පූර්ණ වේ,ඔත් ක්‍රීමෙන් මිනිසා සංපූර්ණ වේ,0.6,0.2414,1,2,short,2.944,2.496,0,0.0,0.0803,0.004407,11.619,0,0
S042,6,S042_006.wav,S042_006_mel.npy,මුහුද හරිම ලස්සනයි,මූද හරිම ලස්සනයි.,0.3333,0.1875,1,1,short,1.749,1.44,0,0.0,0.0864,0.007214,11.111,0,0
S042,7,S042_007.wav,S042_007_mel.npy,හැමෝම එකට අත් අල්ලා ගන්න,හැමෝ මෙකට ආත්අල්ලා ගන්න,0.8,0.1,0,2,short,2.368,2.048,0,0.0,0.0621,0.005855,9.766,0,0
S042,8,S042_008.wav,S042_008_mel.npy,මම එහෙනම් නාගෙන එන්නම්,මම එහෙම නං නාගෙන එන්නම්,0.5,0.1579,1,2,short,2.219,1.696,1,0.16,0.0492,0.008725,11.203,0,0
S042,9,S042_009.wav,S042_009_mel.npy,අපි අද පොල් කැඩුවා,අපි ඇත පොල් කැඩුව,0.5,0.2,1,2,short,1.771,1.44,0,0.0,0.066,0.008435,10.417,0,0
S042,10,S042_010.wav,S042_010_mel.npy,"ඇයි හිනා වෙන්නේ, මට රජ වෙන්න බැරිද",හැයි හිනා වෙන්නේ මට රජ වෙන්න පැරිද?,0.2857,0.1111,1,1,long,3.627,3.04,1,0.288,0.0635,0.004405,9.211,0,1
S042,11,S042_011.wav,S042_011_mel.npy,දුව සටහන් පොතේ මොනවාද ලියා ගත්තේ,දුව සටහන් පොතේ මොනවද ලියා ගතේ,0.3333,0.1111,1,1,long,2.816,2.624,0,0.0,0.0609,0.004637,10.29,0,1
S042,12,S042_012.wav,S042_012_mel.npy,ඉතින් මෙච්චර පරක්කු වුනේ ඇයි,ඉදින් මෙල්චර පරක්වූ නේයයි,1.0,0.25,1,2,short,4.032,2.752,1,0.64,0.063,0.009847,8.721,0,0
S042,13,S042_013.wav,S042_013_mel.npy,දවසක් අම්මා අශ්ව පැටියාගෙන් උදව්වක් ඉල්ලුවා,දවසක් අම්මා අශ්ව පැටියෙන්ගෙන් දොවක් උලුවා,0.5,0.2368,1,2,long,4.608,3.904,2,0.192,0.071,0.00587,9.734,0,1
S042,14,S042_014.wav,S042_014_mel.npy,ඔය ගඟ හරි ගැඹුරුයි,ඔය ගග හරි කැඹුරුයි,0.5,0.1333,1,2,short,1.835,1.44,0,0.0,0.0566,0.004502,10.417,0,0
S042,15,S042_015.wav,S042_015_mel.npy,අශ්ව පැටියා ඉක්මනින් ගෙදර එනවා දැකලා අම්මා පුදුම වුනා,අශ්ව පැටියා ඉක්මනින් ගෙතර එනවා දැකල අම්මා පුතම වුණා.,0.3333,0.0889,0,1,long,5.248,4.512,0,0.0,0.0641,0.009868,9.973,0,1
S042,16,S042_016.wav,S042_016_mel.npy,"සිටුතුමනි, අපට අනුකම්පා කරනු මැනවි",සියටු තුමනි අපට අමකම්පා කරම මැනැවි,1.0,0.2069,1,2,short,3.968,3.2,0,0.0,0.0738,0.004538,9.375,0,0
S042,17,S042_017.wav,S042_017_mel.npy,බරෙන් වැඩි වන්නේ ගසක මුල කොටසද,බරෙන් වැඩි වන්නේ ගසක මුල කොටසද,0.0,0.0,0,0,long,5.312,4.128,2,0.288,0.0617,0.003738,6.056,0,1
S042,18,S042_018.wav,S042_018_mel.npy,රයිට් සහෝදරයන්ගේ පියා ඔවුන් පුංචිකාලයේ දී කඩදාසි සහ රබර් පටිවලින් සෙල්ලම් අහස් යානා තනා දුන්නේය,රයිට් සහෝදරයාගේ වියා ඔවුන් පුංචි කාලයකි කඩදාසේ සහ රබර් පටිවරින් සෙල්ලන් යානා තමා දුන්නේ,0.6667,0.1852,1,2,long,12.16,10.016,4,0.432,0.0712,0.004496,8.087,0,1
S042,19,S042_019.wav,S042_019_mel.npy,පසු කලෙක ඔවුහු බයිසිකල් වැඩ වැඩපොළක් ඇරඹූහ,පසු කලෙක ඔවූ පයිසිකලේ වැඩපොළක හෑරඹූව,0.7143,0.3056,1,2,long,5.141,4.384,1,0.32,0.0796,0.004304,8.212,0,1
S042,20,S042_020.wav,S042_020_mel.npy,දැන් හැමෝම වාඩිවෙන්න,දැනැමුහුණු වාඩි වෙන්න,1.0,0.3889,2,2,short,2.069,1.664,0,0.0,0.0453,0.00461,10.817,0,0
S042,21,S042_021.wav,S042_021_mel.npy,අපි ඊළඟ දවසේ තවත් සෙල්ලමක් කරමු,ඇපීලගෙ තවස තවත් සැල්ලම් කරමු.,0.6667,0.3462,1,2,long,2.987,2.432,0,0.0,0.068,0.008887,10.691,0,1
S042,22,S042_022.wav,S042_022_mel.npy,මේ සිහින අප නින්දේ දී දකින සිහින නම් නොවේ,මේ සින අපන් නෙන්දේදී දපින සින්නන් නොවේ,0.7778,0.2727,1,2,long,7.04,5.632,4,0.296,0.0608,0.004081,5.859,0,1
S042,23,S042_023.wav,S042_023_mel.npy,ඇගේ ගම ගිංතොට ය,ඇගේ ගම ඉන් තොටේ,0.5,0.3333,1,2,short,2.496,2.048,1,0.288,0.0583,0.00785,5.859,0,0
S042,24,S042_024.wav,S042_024_mel.npy,මේ පුංචි දැරිය ඇගේ ප්‍රියතම වැඩිහිටි නෑදෑයා ගැන පසු කලෙක එසේ කීවාය,මේ පුංචි දැරි ඇගේ ප්‍රතම වැඩිහිටි නැදෑයා ගැන පසුකළොන්ක දෙසේ කීවාය.,0.5,0.1636,1,2,long,7.68,6.656,3,0.309,0.0653,0.005514,8.263,0,1
S042,25,S042_025.wav,S042_025_mel.npy,පින්තූර මගින් කතා කීම ඈත කාලයේ සිට පැවත එන ක්‍රමයකි,ඉන්තූර මගෙන් කතා කීම ඈත පාලේ සික පවතේන ප්‍රමයකි.,0.7,0.2143,1,2,long,6.464,5.408,3,0.299,0.063,0.005022,7.766,0,1
S042,26,S042_026.wav,S042_026_mel.npy,මකුළුවා තණ බිස්සේ හැංගුනා,මකුළුවා තනම් දිස්තේ ඇන්ගුණා,0.75,0.3182,1,2,short,2.987,2.432,1,0.224,0.0635,0.005486,9.046,0,0
S042,27,S042_027.wav,S042_027_mel.npy,එළියේ ලස්සන ගැහැණු ළමයෙක් හිටගෙන හිටියා,එළියේ ලස්සන ගැනු ළමැක් ඉඩ වෙන ඉටියා,0.8333,0.2941,1,2,long,3.989,3.2,1,0.512,0.0638,0.007408,10.625,0,1
S042,28,S042_028.wav,S042_028_mel.npy,අතරමගදී ඉතාම භයානක දෙයක් සිදුවුණා,අතර මඟදී ඉතාම බයානක දෙයක් සිටුවමා,0.6,0.1379,1,2,short,3.285,2.997,0,0.0,0.0609,0.004687,9.675,0,0
S042,29,S042_029.wav,S042_029_mel.npy,සර්පයා මහා විශාලෙට කට ඇරියා,සර්පයා මා විශාල එකට කටයැරියා,0.8,0.2174,1,2,short,3.904,2.944,1,0.896,0.0659,0.0053,7.812,0,0
S042,30,S042_030.wav,S042_030_mel.npy,ටිකක් හිතලා බලන්නකෝ,ටිකක් හිතලා බරන්නකෝ,0.3333,0.0588,0,1,short,2.411,2.016,0,0.0,0.0616,0.006596,8.433,0,0
S042,31,S042_031.wav,S042_031_mel.npy,තනියෙන් ලියන්න,අනේ ලියන්න,0.5,0.4615,2,2,short,1.621,1.248,0,0.0,0.0448,0.014482,10.417,0,0
S042,32,S042_032.wav,S042_032_mel.npy,පස්වැනි ගුණාංගය,අස්සැනි මුණංගය,1.0,0.2857,1,2,short,2.517,2.08,0,0.0,0.0778,0.012811,6.731,0,0
S042,33,S042_033.wav,S042_033_mel.npy,බරණැස් නුවර සිටුවරයෙක් වාසය කළේය,බරණැස් නුවර සුටුවේවරයෙත් වාසය කළේ ය.,0.6,0.1429,1,2,short,4.971,3.712,2,0.208,0.0804,0.006427,7.543,0,0
S042,34,S042_034.wav,S042_034_mel.npy,නායකතුමා මෙසේ පිළිතුරු දුන්නේය,මෑයක සිරු කුමා මෙසේ ප්ලුතුර දුන්නේ,1.0,0.4074,2,2,short,2.795,2.688,0,0.0,0.0661,0.003773,10.045,0,0
S042,35,S042_035.wav,S042_035_mel.npy,තේරවිලි වර්ග කිහිපයක් තිබේ,තේලි විරි පරක කීපයා තිබේ.,1.0,0.4783,2,2,short,2.88,2.304,2,0.24,0.0614,0.004942,9.983,0,0
S042,36,S042_036.wav,S042_036_mel.npy,අපේ සීයා කතන්දර කීමට සමතෙකි,අපේ සීයා කතර් කන්කතන්දර කීමට සමතෙකි.,0.4,0.3043,1,1,short,5.44,4.576,3,0.256,0.0676,0.007137,5.026,0,0
S042,37,S042_037.wav,S042_037_mel.npy,මේ අය අතරමගදී අම්බලමක නතර වුණා,මේ අය අතර මඟදි හම්බලමක නතර වූහ.,0.6667,0.24,1,2,long,4.651,3.68,2,0.464,0.0571,0.008574,6.793,0,1
S042,38,S042_038.wav,S042_038_mel.npy,හරි අපූරු කතාවක්,හරි අපූරු කතාව,0.3333,0.1429,1,1,short,1.707,1.579,0,0.0,0.0709,0.005902,8.868,0,0
S042,39,S042_039.wav,S042_039_mel.npy,කටුස්සාගේ කරේ රත්තරන් බැන්දා වගෙයි,කටුසාගේ කරේ රත්තරම් මැඳා වගේ,0.8,0.3333,1,2,short,2.709,2.464,0,0.0,0.0654,0.005048,12.175,0,0
S042,40,S042_040.wav,S042_040_mel.npy,මුල් ගුරුතුමා කීවේය,මුල් කුරුතුමා කීවේය.,0.3333,0.0588,0,1,short,2.155,1.792,0,0.0,0.0542,0.010859,9.487,0,0
S042,41,S042_041.wav,S042_041_mel.npy,අද පුස්තකාල පන්තියක් කරමු,අද පුස්තකාල පහන්තියක් කරමු,0.25,0.0455,0,1,short,2.283,2.123,0,0.0,0.0726,0.003344,10.364,0,0
S042,42,S042_042.wav,S042_042_mel.npy,මම ගල්පරයක ඇලී ජීවත් වුනෙමි,මම ගල් පරයක ඇලිය ජීවත් උනුමේ,0.8,0.2609,1,2,short,4.267,3.083,2,0.592,0.0669,0.010574,7.461,0,0
S042,43,S042_043.wav,S042_043_mel.npy,බෙලි කටුව කතා කරයි,බෙරි කටුව කතා කරයි.,0.25,0.0667,0,1,short,1.877,1.6,1,0.16,0.0729,0.002304,9.375,0,0
S042,44,S042_044.wav,S042_044_mel.npy,සති අන්තේ නිවාඩුවට බිංදුලා ගමේ ගියා,සතිය අන්තේ නිවාටුවකට මින්දුලා ගමෙහැ ගියා,0.6667,0.3,1,2,long,4.139,3.499,2,0.208,0.0618,0.004989,8.575,0,1
S042,45,S042_045.wav,S042_045_mel.npy,මොනවාද ඒවායේ නම්,මොනවාද ව්‍යවයේ මක්,0.6667,0.5,2,2,short,1.941,1.536,0,0.0,0.0533,0.009282,9.115,0,0
S042,46,S042_046.wav,S042_046_mel.npy,නංගි උත්තර දුන්නා,නංගේ උත්තර දුන්නං,0.6667,0.1333,1,2,short,1.792,1.44,0,0.0,0.0488,0.005568,10.417,0,0
S042,47,S042_047.wav,S042_047_mel.npy,පාර කියන අත්තම්මා,පාරගේන අත්තම්ම,1.0,0.2667,1,2,short,1.643,1.547,0,0.0,0.0574,0.007068,9.698,0,0
S042,48,S042_048.wav,S042_048_mel.npy,ඇයගේ කැපවීම පුදුමාකාරය,ඇයගේ කැපවීම බුදුමා තර බුදුමා කාරය,1.0,0.45,2,2,short,5.44,4.608,2,0.336,0.0624,0.008944,4.34,0,0
S042,49,S042_049.wav,S042_049_mel.npy,මිනිසාගේ පරම යුතුකම මිනිසාට සේවය කිරීම,මිනිසාගේ පරම ඉතුකම මිනිසාට සේවය කිරීම,0.1667,0.0606,0,1,long,4.416,3.68,1,0.32,0.0688,0.006017,8.967,0,1
S042,50,S042_050.wav,S042_050_mel.npy,අපි මේ වන විට පැය දොළහක් වැඩ කර පැය දොළහක් විවේක ගත්තා,අප මේ වනවිට පැය දොලාක වඩ කරයි කරයි පැය දොලාක වේක ගත්තා,0.75,0.3256,1,2,long,5.952,4.96,3,0.299,0.0636,0.006197,8.669,0,1
S042,51,S042_051.wav,S042_051_mel.npy,අප කවුරුත් පුදුමයට පත්කරමින් ඈට පණ ආවා,අප කවුරුත් බුදුමයට පත්කරමින් හැට අනාවත්,0.5714,0.2188,1,2,long,4.736,3.36,1,1.024,0.062,0.00409,9.524,0,1
S042,52,S042_052.wav,S042_052_mel.npy,සුගන්ධවත් පුෂ්පයෝ අපගේ සොහොයුරියෝය,සුන්නම් දවත් උෂ්පයෝ අරෙ අපගේ සහෝයුරියෝය.,1.0,0.3226,1,2,short,6.528,5.056,2,0.448,0.0827,0.008043,6.131,0,0
S042,53,S042_053.wav,S042_053_mel.npy,ගංගාවෝ අපගේ සොහොයුරෝ වෙති,ගංගාවෝ අපගේ සයුරහු රෙති,0.5,0.2727,1,2,short,3.968,3.264,2,0.288,0.0794,0.008961,6.74,0,0
S042,54,S042_054.wav,S042_054_mel.npy,නංගී මට නොදී කිසිවක් නොකනවා ඇතැයි මට සිතේ,ගංගී මට නොඳී කේසිවක් නොක්ය නොකනවා ඇතැයි මට සිතේ,0.5,0.2353,1,2,long,9.088,6.72,3,0.619,0.0696,0.003418,5.06,0,1
S042,55,S042_055.wav,S042_055_mel.npy,නංගි උදේ පාන්දරින්ම නැගිටියි,නංවී උතේ පහන්දරින්ම නගැටී,1.0,0.36,2,2,short,2.923,2.56,1,0.16,0.0469,0.009593,9.766,0,0
S042,56,S042_056.wav,S042_056_mel.npy,ඈ මා ගෙදර යන විට අසනු ඇත,ඇය මාගෙද යනවිට අසනුවත,1.0,0.2222,1,2,long,4.245,3.232,1,0.736,0.0796,0.001166,5.569,0,1
S042,57,S042_057.wav,S042_057_mel.npy,ගොවිතැන සඳහා භාවිත වන උපකරණ එකින් එක විස්තර කරද්දී ළමයි සාවධානව අසා සිටියහ,ගොවිතන්නි සඳහා භාවිත වන උපකරණ එකින එක විෂ්තර කරත්ව ලමයි ස්ථාධාන අසා සිටිය ලම්,0.5385,0.2419,1,2,long,10.027,8.171,4,0.36,0.0732,0.003318,7.588,0,1
S042,58,S042_058.wav,S042_058_mel.npy,ළමයි පොල්තෙල් හිඳීමට භාවිත කරන සෙක්කුව අසලට රැස් වූහ,අමයි පොර්තයෙත් මෙදීමට භාව්තා කරන සෙක්සෙක් වූ අසරට රැස්වූහ.,0.8889,0.3182,1,2,long,6.613,5.216,2,0.592,0.0784,0.005236,8.436,0,1
S042,59,S042_059.wav,S042_059_mel.npy,ඒ ගොල්ලන්ට අලුත් ක්‍රමයක් හොයා ගන්න වෙනවා,ඒගොල්ලන්ට අලූ ක්‍රමයක් වූගාගන්න වෙනවා,0.7143,0.1714,1,2,long,3.712,3.008,1,0.288,0.0547,0.003336,11.636,0,1
S042,60,S042_060.wav,S042_060_mel.npy,බොහෝ දෙනෙක් මම එනතුරු බලා ගෙන හිටියා,බොහෝ දෙනෙක් මම එම තුරු බලාගෙන දිටියා,0.5714,0.0667,0,2,long,3.904,3.488,2,0.208,0.0572,0.005603,8.601,0,1
S042,61,S042_061.wav,S042_061_mel.npy,මට ආරංචි වුණා රජතුමාගේ ගුහාව ළඟ අනතුරක් කියලා,මට ආරංජී වූර්ණා රජතුමාගේ ගුණා වුහා ගරග අනපුරක් කියලා,0.75,0.3421,1,2,long,6.464,5.184,2,0.448,0.0636,0.005375,7.33,0,1
S042,62,S042_062.wav,S042_062_mel.npy,පැය අටකට පසු ඔවුන්ට පියාපත් සලන හඬක් ඇසිණි,අය අත්කට පසුත් කුමුන්ට පියාපසරණ අඩක් ඇසුනි.,1.0,0.4286,2,2,long,5.248,4.16,3,0.267,0.0756,0.006461,8.413,0,1
S042,63,S042_063.wav,S042_063_mel.npy,මිනිසුන් ගැන විස්තර දැනගන්න බොහෝ ක්‍රම තියෙනවා,මිනිසුන් ගැන විස්තර දැනගන්න බොහෝ ක්‍රම තියෙනවා,0.0,0.0,0,0,long,3.435,3.072,0,0.0,0.0554,0.00394,13.021,0,1
S042,64,S042_064.wav,S042_064_mel.npy,ඔබට දින හතරක් දෙමි,ඔබට දින හතරක් දෙමෙන්,0.25,0.2,1,1,short,3.115,2.336,1,0.288,0.0654,0.008902,6.421,0,0
S042,65,S042_065.wav,S042_065_mel.npy,ඇදුරුතුමා බෙහෙවින් සතුටට පත් විය,ඇදුරුම්තුමා මේවින් සත්පත් පත් විය.,0.6,0.3571,2,2,short,4.245,3.477,0,0.0,0.059,0.004005,8.052,0,0
S042,66,S042_066.wav,S042_066_mel.npy,ඔබට පේන්නේ කුමක්දැයි මම ඇසුවෙමි,ඔබට පෙනෙන්නේ කුමිදැයි මම ඇසුවෙමි,0.4,0.1852,1,1,short,3.157,2.848,0,0.0,0.0517,0.003906,9.48,0,0
S042,67,S042_067.wav,S042_067_mel.npy,මෙතැන තමයි හොඳම තැන,මෙතැන් තමයි උදමු තැන,0.5,0.3125,1,2,short,2.368,1.984,0,0.0,0.0447,0.008451,8.065,0,0
S042,68,S042_068.wav,S042_068_mel.npy,ඇය කාචය සකස් කර නැවත බැලූවාය,ඇයෙක් කාචර ශාකාස් කර නැවත බැලුවාය,0.6667,0.3478,1,2,long,5.035,3.584,1,0.48,0.0896,0.005483,6.417,0,1
S043,1,S043_001.wav,S043_001_mel.npy,යාළුවෝ හැමදෙනාම නිදහස් උත්සවය බැලුවා,අලුවා හැමදෙ නැමිණිතා සුස් හැමද්වක්,1.0,0.5938,2,2,short,2.923,2.816,0,0.0,0.0919,0.004758,11.364,1,0
S043,2,S043_002.wav,S043_002_mel.npy,කවිඳු යාළුවොත් එක්ක මිදුලේ සෙල්ලම් කරමින් සිටියා,කවිදුලි ආරුවක් එක්ක මිදුලේ සෙල්ලං කරමින් හිසිටිය.,0.5714,0.2857,1,2,long,4.224,3.904,1,0.256,0.0739,0.005503,10.758,1,1
S043,3,S043_003.wav,S043_003_mel.npy,අපේ රටේ නිදහස් උත්සවය,අපේ නිසරටේ නිදහා ශෘෂ්ථවය,0.75,0.4444,2,2,short,2.475,2.432,0,0.0,0.0753,0.007387,7.401,1,0
S043,4,S043_004.wav,S043_004_mel.npy,මම කෝෂය ඇතුලේ සති දෙකක් විතර හිටියා,මම ගෝෂයේ ඇතුළේ සති ලෙකක් මිස් මිතර හිටියක්,0.7143,0.3448,1,2,long,5.504,4.576,1,0.256,0.1125,0.004632,6.337,1,1
S043,5,S043_005.wav,S043_005_mel.npy,පොත් කියවීමෙන් මිනිසා සම්පූර්ණ වේ,පොත් කියවීමෙන් මිනිසා සම්පූර්ණවේ,0.4,0.0,0,1,short,4.309,3.253,2,0.208,0.0764,0.005261,8.914,1,0
S043,6,S043_006.wav,S043_006_mel.npy,මුහුද හරිම ලස්සනයි,මුහුද හරි මනස්සනයි,0.6667,0.0625,0,2,short,1.899,1.44,0,0.0,0.0793,0.007132,11.111,1,0
S043,7,S043_007.wav,S043_007_mel.npy,හැමෝම එකට අත් අල්ලා ගන්න,හැමෝ මේකට අත්තල්ලා ගන්න,0.8,0.1,0,2,short,2.496,2.208,0,0.0,0.0707,0.006612,9.058,1,0
S043,8,S043_008.wav,S043_008_mel.npy,මම එහෙනම් නාගෙන එන්නම්,මම හෙනම් නාගෙනෙන්නම්,0.75,0.1053,1,2,short,2.795,2.368,0,0.0,0.0704,0.006822,8.024,1,0
S043,9,S043_009.wav,S043_009_mel.npy,අපි අද පොල් කැඩුවා,අපි අද පොල් කැඩුවා,0.0,0.0,0,0,short,1.984,1.632,1,0.352,0.0696,0.005032,9.191,1,0
S043,10,S043_010.wav,S043_010_mel.npy,"ඇයි හිනා වෙන්නේ, මට රජ වෙන්න බැරිද",ඇයි හිනා වෙන්නේ මට ජය වෙන්න බැරිද?,0.1429,0.0741,0,1,long,4.395,3.691,1,0.48,0.0662,0.004251,7.587,1,1
S043,11,S043_011.wav,S043_011_mel.npy,දුව සටහන් පොතේ මොනවාද ලියා ගත්තේ,ධිව සටහන් පොතේ මනවාද ලියා ගත්තේ,0.3333,0.0741,0,1,long,3.968,3.616,1,0.192,0.0721,0.004341,7.467,1,1
S043,12,S043_012.wav,S043_012_mel.npy,ඉතින් මෙච්චර පරක්කු වුනේ ඇයි,එතින් මෙචර පරක්වුණයයි.,1.0,0.2917,1,2,short,4.032,3.424,0,0.0,0.0647,0.005187,7.009,1,0
S043,13,S043_013.wav,S043_013_mel.npy,දවසක් අම්මා අශ්ව පැටියාගෙන් උදව්වක් ඉල්ලුවා,උදවසක්කමා විශ්ව පැටියාගෙන් උදව්ව කිරුව,0.8333,0.3158,1,2,long,4.928,4.256,1,0.288,0.0804,0.005842,8.929,1,1
S043,14,S043_014.wav,S043_014_mel.npy,ඔය ගඟ හරි ගැඹුරුයි,ඔය ගඟ හරි ගැඹූ,0.25,0.3333,1,1,short,2.091,1.792,0,0.0,0.0638,0.006465,8.371,1,0
S043,15,S043_015.wav,S043_015_mel.npy,අශ්ව පැටියා ඉක්මනින් ගෙදර එනවා දැකලා අම්මා පුදුම වුනා,මිශ්ව වැටිය අයික් බණින් ගෙදරෙනවා දකළ අම්මා පුදු මොමා,0.8889,0.2889,1,2,long,5.205,4.576,1,0.16,0.07,0.005715,9.834,1,1
S043,16,S043_016.wav,S043_016_mel.npy,"සිටුතුමනි, අපට අනුකම්පා කරනු මැනවි",සිටුතුමනි අප්පොට අනුකම්පා කරනු නැනවි.,0.4,0.1379,1,1,short,4.309,3.84,1,0.16,0.063,0.008024,7.812,1,0
S043,17,S043_017.wav,S043_017_mel.npy,බරෙන් වැඩි වන්නේ ගසක මුල කොටසද,බරෙන් වැඩිවන් එක්සක මුල්ල කොටසද?,0.6667,0.2,1,2,long,4.971,4.224,0,0.0,0.0593,0.004858,5.919,1,1
S043,18,S043_018.wav,S043_018_mel.npy,රයිට් සහෝදරයන්ගේ පියා ඔවුන් පුංචිකාලයේ දී කඩදාසි සහ රබර් පටිවලින් සෙල්ලම් අහස් යානා තනා දුන්නේය,රයි සහෝදරයන්ගේ පිහා උන් දුන්චි කාලයේ දික් පටදා සිසා රබ පටිවරින්සල්ලන් අහස් යානා උතනා දුන්නෙහි,0.8,0.284,1,2,long,12.309,10.4,3,0.416,0.0695,0.003148,7.788,1,1
S043,19,S043_019.wav,S043_019_mel.npy,පසු කලෙක ඔවුහු බයිසිකල් වැඩ වැඩපොළක් ඇරඹූහ,පසු කාලෙක ඔවු හු භයිසි ගණ භිසික කල්කු වැඩ පොලක් අරගුහ.,1.0,0.3889,2,2,long,8.021,7.093,2,0.304,0.068,0.005906,5.075,1,1
S043,20,S043_020.wav,S043_020_mel.npy,දැන් හැමෝම වාඩිවෙන්න,දැන්න මාමා මාඩිවෙන්න,1.0,0.2778,1,2,short,2.091,1.888,0,0.0,0.0581,0.004252,9.534,1,0
S043,21,S043_021.wav,S043_021_mel.npy,අපි ඊළඟ දවසේ තවත් සෙල්ලමක් කරමු,අපි ළඟ දවශතා වත්ස් එල්ලමක් කරම,0.8333,0.2692,1,2,long,3.456,3.136,1,0.224,0.0775,0.004689,8.291,1,1
S043,22,S043_022.wav,S043_022_mel.npy,මේ සිහින අප නින්දේ දී දකින සිහින නම් නොවේ,මේ සිහින අප නිචිඳේදී ගත්න සිහින මන් නොවේ.,0.4444,0.2424,1,2,long,5.483,4.875,2,0.24,0.0595,0.005433,6.77,1,1
S043,23,S043_023.wav,S043_023_mel.npy,ඇගේ ගම ගිංතොට ය,අපේ ගම ගින් තොටය.,0.75,0.3333,1,2,short,4.565,3.477,2,0.496,0.0765,0.005146,3.451,1,0
S043,24,S043_024.wav,S043_024_mel.npy,මේ පුංචි දැරිය ඇගේ ප්‍රියතම වැඩිහිටි නෑදෑයා ගැන පසු කලෙක එසේ කීවාය,මේ පුංචි දරිය ඇගේපි තම වැඩ වැඩි ෂිටින් නැදෑ යාර්ජන පසු කාලකේෂය කීවා.,0.9167,0.3818,2,2,long,8.853,7.68,3,0.245,0.0662,0.005063,7.161,1,1
S043,25,S043_025.wav,S043_025_mel.npy,පින්තූර මගින් කතා කීම ඈත කාලයේ සිට පැවත එන ක්‍රමයකි,පිනුතූර මගී කටා කීමෑත කාලේ සිට පැවැතෙම ඉඳනෙක් ප්‍රමයිකුත්,0.9,0.4524,2,2,long,6.507,5.824,2,0.224,0.0636,0.004526,7.212,1,1
S043,26,S043_026.wav,S043_026_mel.npy,මකුළුවා තණ බිස්සේ හැංගුනා,මොහස් ප්පුවා තන දිශ්‍යෙ හැයුණා.,1.0,0.6364,2,2,short,3.52,2.976,1,0.288,0.0735,0.007481,7.392,1,0
S043,27,S043_027.wav,S043_027_mel.npy,එළියේ ලස්සන ගැහැණු ළමයෙක් හිටගෙන හිටියා,එලියේ රස්සන ගැනු ලොනෙක් හිට ගෙන සිටියා,1.0,0.1765,1,2,long,3.883,3.552,1,0.256,0.0658,0.006439,9.572,1,1
S043,28,S043_028.wav,S043_028_mel.npy,අතරමගදී ඉතාම භයානක දෙයක් සිදුවුණා,අතර මගදී ඉතාම බයා නැතිලයක් සිදුරුණ,1.0,0.2069,1,2,short,3.648,3.424,0,0.0,0.0629,0.003061,8.47,1,0
S043,29,S043_029.wav,S043_029_mel.npy,සර්පයා මහා විශාලෙට කට ඇරියා,සර්පයා මහර්ෂාලට අටෑයක්,0.8,0.4348,2,2,short,3.499,2.923,1,0.352,0.0978,0.004474,7.869,1,0
S043,30,S043_030.wav,S043_030_mel.npy,ටිකක් හිතලා බලන්නකෝ,ටික පිතලා බලන්මකො,1.0,0.2941,1,2,short,1.984,1.888,0,0.0,0.0594,0.007732,9.004,1,0
S043,31,S043_031.wav,S043_031_mel.npy,තනියෙන් ලියන්න,තන් ඉයන් ලියන්න,1.0,0.2308,1,2,short,2.069,1.728,0,0.0,0.051,0.006941,7.523,1,0
S043,32,S043_032.wav,S043_032_mel.npy,පස්වැනි ගුණාංගය,කශ්‍යනි බුණාන් දේය.,1.0,0.6429,2,2,short,2.283,1.984,0,0.0,0.0684,0.005844,7.056,1,0
S043,33,S043_033.wav,S043_033_mel.npy,බරණැස් නුවර සිටුවරයෙක් වාසය කළේය,බරණැස් මුර සිටුවරයකු වාසේ කළේ ය.,1.0,0.1786,1,2,short,4.096,3.584,1,0.32,0.079,0.004866,7.812,1,0
S043,34,S043_034.wav,S043_034_mel.npy,නායකතුමා මෙසේ පිළිතුරු දුන්නේය,මා එක සිටුදු මා මැසේ පිළිතුරු දුන්නේය.,1.0,0.2963,1,2,short,3.115,2.816,0,0.0,0.0733,0.006949,9.588,1,0
S043,35,S043_035.wav,S043_035_mel.npy,තේරවිලි වර්ග කිහිපයක් තිබේ,තේමිර් අයක කිහිසයක් තුබේ.,1.0,0.4348,2,2,short,2.368,2.048,0,0.0,0.0624,0.005955,11.23,1,0
S043,36,S043_036.wav,S043_036_mel.npy,අපේ සීයා කතන්දර කීමට සමතෙකි,අපේ සියා කතන්දර කීමට සිසමතකි.,0.4,0.1739,1,1,short,4.8,3.872,2,0.336,0.093,0.005495,5.94,1,0
S043,37,S043_037.wav,S043_037_mel.npy,මේ අය අතරමගදී අම්බලමක නතර වුණා,මේ අය අතර මඟදි අම්බලන්සන් අතර වුණා,0.6667,0.28,1,2,long,3.456,3.136,1,0.16,0.0621,0.005374,7.972,1,1
S043,38,S043_038.wav,S043_038_mel.npy,හරි අපූරු කතාවක්,හරි අපාරු පතාව,0.6667,0.2857,1,2,short,1.792,1.6,0,0.0,0.0706,0.00776,8.75,1,0
S043,39,S043_039.wav,S043_039_mel.npy,කටුස්සාගේ කරේ රත්තරන් බැන්දා වගෙයි,කටුස්සාගේ කරේ රක්තරම් නැන්දාවගේ,0.6,0.2,1,2,short,3.349,2.976,0,0.0,0.0678,0.005844,10.081,1,0
S043,40,S043_040.wav,S043_040_mel.npy,මුල් ගුරුතුමා කීවේය,මුන්ස් ගුරුතුමා කීවෙයින්,0.6667,0.4118,2,2,short,2.389,2.048,1,0.288,0.0557,0.01292,8.301,1,0
S043,41,S043_041.wav,S043_041_mel.npy,අද පුස්තකාල පන්තියක් කරමු,අද පුෂ්තකල පන්තියක් කරමු,0.25,0.0909,0,1,short,2.411,2.208,0,0.0,0.0667,0.005181,9.964,1,0
S043,42,S043_042.wav,S043_042_mel.npy,මම ගල්පරයක ඇලී ජීවත් වුනෙමි,මම ගල් පරලක ඇලී ජීවත්වනෙමි.,0.8,0.087,0,2,short,3.755,3.328,1,0.32,0.0626,0.009074,6.911,1,0
S043,43,S043_043.wav,S043_043_mel.npy,බෙලි කටුව කතා කරයි,බැලිකටුව කතාකරයි.,1.0,0.0667,0,2,short,2.091,1.728,0,0.0,0.0628,0.005678,8.681,1,0
S043,44,S043_044.wav,S043_044_mel.npy,සති අන්තේ නිවාඩුවට බිංදුලා ගමේ ගියා,සතියා අන්නන්තේ නිවාඩුවක් බින්දුලා ගමැගියා,1.0,0.3333,1,2,long,6.016,4.992,2,0.416,0.0761,0.004314,6.01,1,1
S043,45,S043_045.wav,S043_045_mel.npy,මොනවාද ඒවායේ නම්,මොනවාද ඒ වායේ නම්,0.6667,0.0,0,2,short,2.752,2.432,0,0.0,0.0712,0.008029,5.757,1,0
S043,46,S043_046.wav,S043_046_mel.npy,නංගි උත්තර දුන්නා,නංගි උත්තර දුන්නා,0.0,0.0,0,0,short,1.856,1.44,1,0.256,0.056,0.012475,10.417,1,0
S043,47,S043_047.wav,S043_047_mel.npy,පාර කියන අත්තම්මා,පාර කියන අත්තම්මා,0.0,0.0,0,0,short,1.899,1.579,0,0.0,0.061,0.008005,9.502,1,0
S043,48,S043_048.wav,S043_048_mel.npy,ඇයගේ කැපවීම පුදුමාකාරය,ඇයගේ කැපවීම කුදුමාකාරය,0.3333,0.05,0,1,short,3.349,2.976,1,0.16,0.0668,0.006659,6.72,1,0
S043,49,S043_049.wav,S043_049_mel.npy,මිනිසාගේ පරම යුතුකම මිනිසාට සේවය කිරීම,මිනිසාගේ පරම යුතුකම මිනිසාට සේවය කිරීම,0.0,0.0,0,0,long,4.843,4.16,1,0.16,0.0701,0.003242,7.933,1,1
S043,50,S043_050.wav,S043_050_mel.npy,අපි මේ වන විට පැය දොළහක් වැඩ කර පැය දොළහක් විවේක ගත්තා,අප බැහෙවන විට පැය දොළහක් පැඩ දොරවැපැය දොළහක් වේග ගත්තා,0.5833,0.2791,1,2,long,5.355,4.832,1,0.352,0.0654,0.005555,8.899,1,1
S043,51,S043_051.wav,S043_051_mel.npy,අප කවුරුත් පුදුමයට පත්කරමින් ඈට පණ ආවා,අප කවුරුක් බුදු මෑට පත් කරමි.ඈෂ ඈට පනාවක්.,1.0,0.25,1,2,long,5.525,4.32,2,0.208,0.0811,0.004269,7.407,1,1
S043,52,S043_052.wav,S043_052_mel.npy,සුගන්ධවත් පුෂ්පයෝ අපගේ සොහොයුරියෝය,සුගන්ගවත් ප්‍රයෝ අපගේ සහෝදරියෝ යක්,1.0,0.3548,2,2,short,6.4,5.408,3,0.203,0.0812,0.005726,5.732,1,0
S043,53,S043_053.wav,S043_053_mel.npy,ගංගාවෝ අපගේ සොහොයුරෝ වෙති,ගංගාහෝ අපගේ සහෝදරියෝ මැතෙ,0.75,0.4545,2,2,short,2.965,2.752,0,0.0,0.0724,0.007587,7.994,1,0
S043,54,S043_054.wav,S043_054_mel.npy,නංගී මට නොදී කිසිවක් නොකනවා ඇතැයි මට සිතේ,නමිගේ මර්තන මොක්දී කිසිවත් මොක් මොක්නවා ඇතැයි මට සිටේ,0.875,0.4706,2,2,long,6.976,5.792,2,0.512,0.0702,0.006352,5.87,1,1
S043,55,S043_055.wav,S043_055_mel.npy,නංගි උදේ පාන්දරින්ම නැගිටියි,මංගි විදේ පාන්දරින් මැද්දිටී,1.0,0.36,2,2,short,3.499,3.072,1,0.192,0.0485,0.006375,8.138,1,0
S043,56,S043_056.wav,S043_056_mel.npy,ඈ මා ගෙදර යන විට අසනු ඇත,ඇය අම්මා ගෙද යනවිට අස්වනුවැත.,1.0,0.5556,2,2,long,3.712,3.04,0,0.0,0.0848,0.006773,5.921,1,1
S043,57,S043_057.wav,S043_057_mel.npy,ගොවිතැන සඳහා භාවිත වන උපකරණ එකින් එක විස්තර කරද්දී ළමයි සාවධානව අසා සිටියහ,ගොවා තැන සඳහා බෞල්ලටා උනුකුගෙන් එක ගින් එක විස්තර කරත්දී ළමයි සා වදානව අසැසිටියහ.,0.7692,0.2581,1,2,long,10.987,9.483,3,0.32,0.0782,0.004645,6.538,1,1
S043,58,S043_058.wav,S043_058_mel.npy,ළමයි පොල්තෙල් හිඳීමට භාවිත කරන සෙක්කුව අසලට රැස් වූහ,ළමයි පොල්ථයි හිදීමට භාවිතා කරන සේව සේත් සෙක්කුව අසලට රැසූහ.,0.7778,0.3182,1,2,long,8.043,6.635,4,0.296,0.0873,0.002954,6.632,1,1
S043,59,S043_059.wav,S043_059_mel.npy,ඒ ගොල්ලන්ට අලුත් ක්‍රමයක් හොයා ගන්න වෙනවා,ඒක් ගුලු ලන්ටාලු ක්සමයන් කියා ගමුන වෙනවා.,0.8571,0.4,2,2,long,4.544,3.904,1,0.288,0.0853,0.00468,8.965,1,1
S043,60,S043_060.wav,S043_060_mel.npy,බොහෝ දෙනෙක් මම එනතුරු බලා ගෙන හිටියා,බොහෝ දෙදෙනෙක් මම ඇන්න පූ බලා ගෙන සිටිය,0.5714,0.3,1,2,long,3.627,3.328,0,0.0,0.0605,0.005624,9.014,1,1
S043,61,S043_061.wav,S043_061_mel.npy,මට ආරංචි වුණා රජතුමාගේ ගුහාව ළඟ අනතුරක් කියලා,මම ආරංචි වුණා.රජතුමාගය ගුහෝව ළඟන් ඇනතුරු කියලා.,0.75,0.2105,1,2,long,7.957,6.432,2,0.4,0.0787,0.007471,5.908,1,1
S043,62,S043_062.wav,S043_062_mel.npy,පැය අටකට පසු ඔවුන්ට පියාපත් සලන හඬක් ඇසිණි,අපය අටකට බසු ඔවුන්ට පියා පස්සලනහඩක් ඇසුනු,0.75,0.2,1,2,long,4.693,4.256,1,0.288,0.0753,0.004458,8.224,1,1
S043,63,S043_063.wav,S043_063_mel.npy,මිනිසුන් ගැන විස්තර දැනගන්න බොහෝ ක්‍රම තියෙනවා,මේසුන් දැන ස්තර දැනගන්නක් බොහෝ ප්‍රමතියනවා.,0.8571,0.25,1,2,long,3.733,3.445,0,0.0,0.067,0.005066,11.61,1,1
S043,64,S043_064.wav,S043_064_mel.npy,ඔබට දින හතරක් දෙමි,ඔබ ඔබට දින හතරක් දෙමි.,0.25,0.1333,1,1,short,3.477,2.837,1,0.224,0.0616,0.007528,5.287,1,0
S043,65,S043_065.wav,S043_065_mel.npy,ඇදුරුතුමා බෙහෙවින් සතුටට පත් විය,ඇදුරු දුමා බෙහෙවින් සතුටට පත්‍රිය,0.8,0.1071,1,2,short,4.437,3.733,3,0.235,0.072,0.005143,7.5,1,0
S043,66,S043_066.wav,S043_066_mel.npy,ඔබට පේන්නේ කුමක්දැයි මම ඇසුවෙමි,ඔබත්ත පැණෙන්නේ උමක් දෙය මම ඇසිවෙනුව,1.0,0.5185,2,2,short,3.627,3.243,1,0.16,0.0622,0.008716,8.326,1,0
S043,67,S043_067.wav,S043_067_mel.npy,මෙතැන තමයි හොඳම තැන,මෙතෙන තොමයි හොදු මෙතෙන,1.0,0.375,2,2,short,2.261,2.048,0,0.0,0.0494,0.005155,7.812,1,0
S043,68,S043_068.wav,S043_068_mel.npy,ඇය කාචය සකස් කර නැවත බැලූවාය,ඒකා කා තේ සකස් කරනවත බැල්වයි.,1.0,0.3913,2,2,long,4.373,3.797,2,0.272,0.0857,0.007818,6.057,1,1
S044,1,S044_001.wav,S044_001_mel.npy,යාළුවෝ හැමදෙනාම නිදහස් උත්සවය බැලුවා,ඒහාලුවා හැමතුනාම නිත්ත්සය ශ්‍රය බැලුව,1.0,0.4375,2,2,short,3.2,2.72,1,0.192,0.0759,0.00696,11.765,1,0
S044,2,S044_002.wav,S044_002_mel.npy,කවිඳු යාළුවොත් එක්ක මිදුලේ සෙල්ලම් කරමින් සිටියා,කවිදි ආරෝතෙක මිදුලිහි සිර්ලන් කරන්නේ සිටිය.,1.0,0.5238,2,2,long,3.712,3.296,0,0.0,0.075,0.003301,12.743,1,1
S044,3,S044_003.wav,S044_003_mel.npy,අපේ රටේ නිදහස් උත්සවය,අපේ රටේ විදහසු සුසුවය.,0.5,0.3333,1,2,short,2.944,2.432,1,0.192,0.1092,0.004207,7.401,1,0
S044,4,S044_004.wav,S044_004_mel.npy,මම කෝෂය ඇතුලේ සති දෙකක් විතර හිටියා,මමු කෝෂයක් ඇතුරු සති ලෙකක් වෙදා හුටිය.,0.8571,0.3793,2,2,long,4.203,3.659,0,0.0,0.081,0.006384,7.926,1,1
S044,5,S044_005.wav,S044_005_mel.npy,පොත් කියවීමෙන් මිනිසා සම්පූර්ණ වේ,බොත් කිය වේර්ණන් මිනිසා සම්පූර්ණ වේ.,0.6,0.1724,1,2,short,3.691,2.987,1,0.704,0.0706,0.003767,9.71,1,0
S044,6,S044_006.wav,S044_006_mel.npy,මුහුද හරිම ලස්සනයි,බූදු ලරිමින් සොමේ,1.0,0.625,2,2,short,2.304,1.76,1,0.384,0.0913,0.009624,9.091,1,0
S044,7,S044_007.wav,S044_007_mel.npy,හැමෝම එකට අත් අල්ලා ගන්න,හැවැමැමැමැමැමැමැමැමැමැමැමැමැමැමැමැමැමැමැමැමැමැමැමැමැමැමැමැමැමැමැමැමැමැමැමැමැමැමැමැමැමැමැමැමැමැමැමැමැමැමැමැමැමැමැමැමැමැමැමැමැමැමැමැමැමැමැමැමැමැමැමැමැමැමැමැමැමැමැම?,1.0,1.0,2,2,short,3.307,2.763,0,0.0,0.0633,0.005978,7.239,1,0
S044,8,S044_008.wav,S044_008_mel.npy,මම එහෙනම් නාගෙන එන්නම්,මම ශැනම් මා යොමෙන්ව,0.75,0.5789,2,2,short,4.245,2.72,2,0.304,0.059,0.008403,6.985,1,0
S044,9,S044_009.wav,S044_009_mel.npy,අපි අද පොල් කැඩුවා,අපි අත පුළ්ස්ලෙටුව,0.75,0.5333,2,2,short,2.283,1.707,0,0.0,0.0714,0.005018,8.789,1,0
S044,10,S044_010.wav,S044_010_mel.npy,"ඇයි හිනා වෙන්නේ, මට රජ වෙන්න බැරිද",ඇයි එමා වෙන්න මට රජ මිබිල පැරිත,0.5714,0.4074,2,2,long,3.264,3.04,1,0.16,0.0658,0.003357,9.211,1,1
S044,11,S044_011.wav,S044_011_mel.npy,දුව සටහන් පොතේ මොනවාද ලියා ගත්තේ,දුන සටහන් පුතේ මුණවත ලියාකත්තේ,0.8333,0.2222,1,2,long,4.203,3.808,1,0.16,0.0651,0.002742,7.09,1,1
S044,12,S044_012.wav,S044_012_mel.npy,ඉතින් මෙච්චර පරක්කු වුනේ ඇයි,එතුනු එතෙර පරක්වනේයැයි,1.0,0.5417,2,2,short,2.901,2.624,0,0.0,0.0633,0.004043,9.146,1,0
S044,13,S044_013.wav,S044_013_mel.npy,දවසක් අම්මා අශ්ව පැටියාගෙන් උදව්වක් ඉල්ලුවා,දාසක් කම්මා අශ්‍ර පැඩියාකෙන් උදව්වක් ඉලූව,0.8333,0.2632,1,2,long,5.568,4.864,1,0.64,0.0856,0.002852,7.812,1,1
S044,14,S044_014.wav,S044_014_mel.npy,ඔය ගඟ හරි ගැඹුරුයි,ඔය ගොග හරීම කෙන්පුරුයි.,0.75,0.6,2,2,short,3.029,2.56,1,0.224,0.0677,0.003681,5.859,1,0
S044,15,S044_015.wav,S044_015_mel.npy,අශ්ව පැටියා ඉක්මනින් ගෙදර එනවා දැකලා අම්මා පුදුම වුනා,ග්‍රශ්න පැටියා උමුහුන් ගෙකර නවා දැකල අමා පුදුමුනා,0.8889,0.3778,2,2,long,4.928,4.48,0,0.0,0.0751,0.001288,10.045,1,1
S044,16,S044_016.wav,S044_016_mel.npy,"සිටුතුමනි, අපට අනුකම්පා කරනු මැනවි",ශිට තොමනි අපට අනුපන් පා කරනු මැනවි,0.8,0.1724,1,2,short,4.48,4.16,1,0.224,0.0757,0.005756,7.212,1,0
S044,17,S044_017.wav,S044_017_mel.npy,බරෙන් වැඩි වන්නේ ගසක මුල කොටසද,බරෙනු වැඩිම වන්නේ ග්‍ෂව මුලකොටසද,0.8333,0.24,1,2,long,4.139,3.456,0,0.0,0.0835,0.004458,7.234,1,1
S044,18,S044_018.wav,S044_018_mel.npy,රයිට් සහෝදරයන්ගේ පියා ඔවුන් පුංචිකාලයේ දී කඩදාසි සහ රබර් පටිවලින් සෙල්ලම් අහස් යානා තනා දුන්නේය,රැට් සහෝදරයන්ගේ පියා ඔවුන් කොච්චි කාන එති පඩතාස සහක් ප්‍රප්ටිවර්ය සෙල්ලන් මහස්‍යයානා තනා දුන්නේ,0.7333,0.358,2,2,long,10.56,9.888,1,0.224,0.0785,0.003898,8.192,1,1
S044,19,S044_019.wav,S044_019_mel.npy,පසු කලෙක ඔවුහු බයිසිකල් වැඩ වැඩපොළක් ඇරඹූහ,පසු කාලෙක ඔවුම් බැසිකලයේ බැසිකල් වැඩපොළක,0.8571,0.5278,2,2,long,6.997,6.325,3,0.203,0.083,0.005489,5.691,1,1
S044,20,S044_020.wav,S044_020_mel.npy,දැන් හැමෝම වාඩිවෙන්න,දැන් හෙමෝම වාඩි වෙන්න,1.0,0.0556,0,2,short,2.411,2.048,0,0.0,0.0633,0.006297,8.789,1,0
S044,21,S044_021.wav,S044_021_mel.npy,අපි ඊළඟ දවසේ තවත් සෙල්ලමක් කරමු,පීලක දාපය තව සෙල්ලමක් කරන්න.,0.8333,0.4615,2,2,long,3.307,2.976,0,0.0,0.0757,0.00475,8.737,1,1
S044,22,S044_022.wav,S044_022_mel.npy,මේ සිහින අප නින්දේ දී දකින සිහින නම් නොවේ,මේ සිහෙන අප නින්දේතී දකෙන සිහෙන නොන්නුවේ.,0.7778,0.2121,1,2,long,4.629,4.224,1,0.224,0.0808,0.003798,7.812,1,1
S044,23,S044_023.wav,S044_023_mel.npy,ඇගේ ගම ගිංතොට ය,ඇතේ උමගින්දට,1.0,0.5,2,2,short,1.792,1.632,1,0.16,0.0687,0.008172,7.353,1,0
S044,24,S044_024.wav,S044_024_mel.npy,මේ පුංචි දැරිය ඇගේ ප්‍රියතම වැඩිහිටි නෑදෑයා ගැන පසු කලෙක එසේ කීවාය,බේ පුන්සි දරි ඇගේ ප්‍රියතු වැඩිහිට නැදැයෝ ගණ පසු කාලෙක එසේ කීව,0.75,0.2727,1,2,long,6.123,5.792,0,0.0,0.0838,0.00527,9.496,1,1
S044,25,S044_025.wav,S044_025_mel.npy,පින්තූර මගින් කතා කීම ඈත කාලයේ සිට පැවත එන ක්‍රමයකි,මිතුරම් වගේ කතා කිරීම ඈත කාලයේතී සිට පැවැති පැවැත එම ක්‍රමයකි.,0.7,0.4762,2,2,long,7.189,6.965,0,0.0,0.0842,0.005153,6.03,1,1
S044,26,S044_026.wav,S044_026_mel.npy,මකුළුවා තණ බිස්සේ හැංගුනා,මකුලුවා තන බිස්සේ හැඟුණ,0.25,0.1364,1,1,short,2.667,2.496,0,0.0,0.104,0.004918,8.814,1,0
S044,27,S044_027.wav,S044_027_mel.npy,එළියේ ලස්සන ගැහැණු ළමයෙක් හිටගෙන හිටියා,එළියේ ලස්සන කෑර්ලමය කිරිටවෙන හිටියා,0.5,0.2941,1,2,long,3.947,3.552,1,0.192,0.0897,0.002396,9.572,1,1
S044,28,S044_028.wav,S044_028_mel.npy,අතරමගදී ඉතාම භයානක දෙයක් සිදුවුණා,අතර මගදී ඉතාම බයනක දෙයක් සිදුනා,0.8,0.1034,1,2,short,4.992,4.352,0,0.0,0.0771,0.005529,6.664,1,0
S044,29,S044_029.wav,S044_029_mel.npy,සර්පයා මහා විශාලෙට කට ඇරියා,සර්පයා මහ විශාල්යට කටයිරියා,0.8,0.2174,1,2,short,3.264,2.912,0,0.0,0.1078,0.002477,7.898,1,0
S044,30,S044_030.wav,S044_030_mel.npy,ටිකක් හිතලා බලන්නකෝ,ටිකක් හිතලා බලන්නකෝ,0.0,0.0,0,0,short,2.261,1.973,0,0.0,0.0735,0.004436,8.615,1,0
S044,31,S044_031.wav,S044_031_mel.npy,තනියෙන් ලියන්න,තනින් ලියන්න,0.5,0.1538,1,2,short,1.835,1.28,0,0.0,0.0727,0.005882,10.156,1,0
S044,32,S044_032.wav,S044_032_mel.npy,පස්වැනි ගුණාංගය,පස්සෙනි ගුණන්ගේ,1.0,0.3571,2,2,short,1.941,1.685,1,0.256,0.1012,0.007725,8.307,1,0
S044,33,S044_033.wav,S044_033_mel.npy,බරණැස් නුවර සිටුවරයෙක් වාසය කළේය,පරමැස් නූර සිටුවරයෙක් වශයෙක් කළේ.,0.8,0.3571,2,2,short,3.413,3.168,0,0.0,0.0973,0.004739,8.838,1,0
S044,34,S044_034.wav,S044_034_mel.npy,නායකතුමා මෙසේ පිළිතුරු දුන්නේය,නාහික සුතුමා නැසේ ප්‍රතුදුන්මේ,1.0,0.4815,2,2,short,3.541,3.456,0,0.0,0.0808,0.004319,7.812,1,0
S044,35,S044_035.wav,S044_035_mel.npy,තේරවිලි වර්ග කිහිපයක් තිබේ,ජේරවිලිවයොතු කිසිපෙයා තෙබේ.,1.0,0.4348,2,2,short,2.731,2.592,0,0.0,0.0723,0.005507,8.873,1,0
S044,36,S044_036.wav,S044_036_mel.npy,අපේ සීයා කතන්දර කීමට සමතෙකි,අපේ සහයා කතන්දර කොමින් සමතෙක්,0.6,0.2609,1,2,short,3.563,3.104,0,0.0,0.0762,0.005191,7.41,1,0
S044,37,S044_037.wav,S044_037_mel.npy,මේ අය අතරමගදී අම්බලමක නතර වුණා,මේ අය අතර හගල්ති අබලම්පන අතර වුලා,0.8333,0.4,2,2,long,4.544,4.0,0,0.0,0.0736,0.002705,6.25,1,1
S044,38,S044_038.wav,S044_038_mel.npy,හරි අපූරු කතාවක්,හරි අකුරු කතාවක්,0.3333,0.1429,1,1,short,2.56,2.208,0,0.0,0.0724,0.007355,6.341,1,0
S044,39,S044_039.wav,S044_039_mel.npy,කටුස්සාගේ කරේ රත්තරන් බැන්දා වගෙයි,කටිස්සාගේ කරේ රක්තා බැඳා වගේ,0.8,0.3667,2,2,short,3.904,3.296,1,0.224,0.0848,0.002562,9.102,1,0
S044,40,S044_040.wav,S044_040_mel.npy,මුල් ගුරුතුමා කීවේය,මුල් හුරුතුමා කීවෙයි,0.6667,0.1765,1,2,short,2.304,2.144,0,0.0,0.0661,0.007728,7.929,1,0
S044,41,S044_041.wav,S044_041_mel.npy,අද පුස්තකාල පන්තියක් කරමු,අද පිෂ්ත කලය පන්තියක් කරමු.,0.5,0.1818,1,2,short,2.581,2.528,0,0.0,0.0723,0.006584,8.703,1,0
S044,42,S044_042.wav,S044_042_mel.npy,මම ගල්පරයක ඇලී ජීවත් වුනෙමි,අම ගල් පරේක ඇල්මි ජීවත් තුනැමි,1.0,0.3043,1,2,short,3.307,2.784,0,0.0,0.0695,0.003523,8.261,1,0
S044,43,S044_043.wav,S044_043_mel.npy,බෙලි කටුව කතා කරයි,බෙලි කටුව කතා කරයි.,0.0,0.0,0,0,short,2.005,1.941,0,0.0,0.0849,0.006032,7.726,1,0
S044,44,S044_044.wav,S044_044_mel.npy,සති අන්තේ නිවාඩුවට බිංදුලා ගමේ ගියා,සතිය අන්පැනි මාඩුවට දිබුලා ගමේ ගියා,0.6667,0.2333,1,2,long,3.435,3.104,0,0.0,0.0791,0.002033,9.665,1,1
S044,45,S044_045.wav,S044_045_mel.npy,මොනවාද ඒවායේ නම්,මොළවද ඒවා යෙන,1.0,0.3571,2,2,short,2.347,1.856,1,0.16,0.0745,0.004536,7.543,1,0
S044,46,S044_046.wav,S044_046_mel.npy,නංගි උත්තර දුන්නා,නංගේ උත්තර දවා,0.6667,0.3333,1,2,short,2.005,1.568,0,0.0,0.0659,0.007067,9.566,1,0
S044,47,S044_047.wav,S044_047_mel.npy,පාර කියන අත්තම්මා,පාර කියල අතම්මා,0.6667,0.2,1,2,short,2.283,1.888,0,0.0,0.0785,0.003302,7.945,1,0
S044,48,S044_048.wav,S044_048_mel.npy,ඇයගේ කැපවීම පුදුමාකාරය,ඇගේ කැපවීම පුදුමා කාරය,1.0,0.05,0,2,short,2.88,2.656,0,0.0,0.0701,0.005681,7.53,1,0
S044,49,S044_049.wav,S044_049_mel.npy,මිනිසාගේ පරම යුතුකම මිනිසාට සේවය කිරීම,නිසා පරම යුතු මිනිසාට සේවය කිරීම,0.3333,0.1818,1,1,long,4.096,3.616,0,0.0,0.0909,0.005458,9.126,1,1
S044,50,S044_050.wav,S044_050_mel.npy,අපි මේ වන විට පැය දොළහක් වැඩ කර පැය දොළහක් විවේක ගත්තා,අපි මේ වනොස් මිට පැය දොළාක් වැඩකර පැය දොළාක් කගත්තා.,0.6667,0.2326,1,2,long,5.483,4.875,2,0.272,0.0747,0.003064,8.821,1,1
S044,51,S044_051.wav,S044_051_mel.npy,අප කවුරුත් පුදුමයට පත්කරමින් ඈට පණ ආවා,ඔබ කව්ව පුදුමයට ප්‍රස් කරෙමේ ඈට පනාල,0.8571,0.5625,2,2,long,3.925,3.488,1,0.32,0.0849,0.003892,9.174,1,1
S044,52,S044_052.wav,S044_052_mel.npy,සුගන්ධවත් පුෂ්පයෝ අපගේ සොහොයුරියෝය,සුභන්නවත් පුෂ්පය අපගේ සීරාය,0.75,0.3548,2,2,short,3.776,3.168,0,0.0,0.081,0.002933,9.785,1,0
S044,53,S044_053.wav,S044_053_mel.npy,ගංගාවෝ අපගේ සොහොයුරෝ වෙති,ගංගා වූ අපතේ සහිරෝ වෙති,1.0,0.2727,1,2,short,3.477,2.848,1,0.256,0.0765,0.002962,7.725,1,0
S044,54,S044_054.wav,S044_054_mel.npy,නංගී මට නොදී කිසිවක් නොකනවා ඇතැයි මට සිතේ,මංගී මට නොදී කිසිවල් නොකවාන්තය මට සිතේ,0.5,0.2059,1,2,long,4.053,3.776,0,0.0,0.0784,0.00323,9.004,1,1
S044,55,S044_055.wav,S044_055_mel.npy,නංගි උදේ පාන්දරින්ම නැගිටියි,නගී උදේ පාන්ධනම නැගිටියි,0.5,0.2,1,2,short,2.709,2.208,0,0.0,0.0628,0.004128,11.322,1,0
S044,56,S044_056.wav,S044_056_mel.npy,ඈ මා ගෙදර යන විට අසනු ඇත,එය මාම් එතුරුවේ 8 හා සරුවෙත,1.0,0.8889,2,2,long,3.179,2.731,1,0.32,0.0878,0.006068,6.592,1,1
S044,57,S044_057.wav,S044_057_mel.npy,ගොවිතැන සඳහා භාවිත වන උපකරණ එකින් එක විස්තර කරද්දී ළමයි සාවධානව අසා සිටියහ,ගොවිතන සදහා භාවිතාවන උපකරණ එපකින් එක විස්තරය කරදි රබ ශවදානව අසා සිටියහ.,0.6923,0.2258,1,2,long,9.408,8.256,3,0.32,0.0788,0.003053,7.51,1,1
S044,58,S044_058.wav,S044_058_mel.npy,ළමයි පොල්තෙල් හිඳීමට භාවිත කරන සෙක්කුව අසලට රැස් වූහ,ග්‍රමයි පුල්තර සුහිකට භායුතා කරනයා සෙප්පු අසාට රස්වූහ.,1.0,0.4773,2,2,long,5.952,5.536,0,0.0,0.0908,0.003492,7.948,1,1
S044,59,S044_059.wav,S044_059_mel.npy,ඒ ගොල්ලන්ට අලුත් ක්‍රමයක් හොයා ගන්න වෙනවා,ඒය බොල්ලන්ට අමස් හොමය කොයා ගන්න වෙනවා.,0.7143,0.3143,1,2,long,3.648,3.232,0,0.0,0.0699,0.004391,10.829,1,1
S044,60,S044_060.wav,S044_060_mel.npy,බොහෝ දෙනෙක් මම එනතුරු බලා ගෙන හිටියා,බොහෝ දෙනික් මම යනතුරු බලාගෙන හිටියා,0.5714,0.0667,0,2,long,3.136,3.04,0,0.0,0.0677,0.002947,9.868,1,1
S044,61,S044_061.wav,S044_061_mel.npy,මට ආරංචි වුණා රජතුමාගේ ගුහාව ළඟ අනතුරක් කියලා,මට ආරංචුරුණා රජතුනාගේ ගුහාග ළග අනචුර කියල.,0.875,0.2368,1,2,long,5.205,4.736,1,0.224,0.0669,0.005711,8.024,1,1
S044,62,S044_062.wav,S044_062_mel.npy,පැය අටකට පසු ඔවුන්ට පියාපත් සලන හඬක් ඇසිණි,ඇය අටකුට පසු ඔවුන් බියාබත් සල් ඔවුන්ට බියාබත් සලන හඩක් ඇසුනි.,1.0,0.6286,2,2,long,6.592,5.472,2,0.368,0.0962,0.002758,6.396,1,1
S044,63,S044_063.wav,S044_063_mel.npy,මිනිසුන් ගැන විස්තර දැනගන්න බොහෝ ක්‍රම තියෙනවා,මිනිසුන් ගැන විස්තර දැනකන්න බුරුහෝ ක්මතිය නව,0.5714,0.2,1,2,long,3.733,3.616,0,0.0,0.0744,0.005588,11.062,1,1
S044,64,S044_064.wav,S044_064_mel.npy,ඔබට දින හතරක් දෙමි,ඔබට දින කතරත්වෙනු,0.5,0.3333,1,2,short,2.091,1.92,0,0.0,0.0676,0.003709,7.812,1,0
S044,65,S044_065.wav,S044_065_mel.npy,ඇදුරුතුමා බෙහෙවින් සතුටට පත් විය,ඉදුරුදුනා විය සතුබුට පත්වය,1.0,0.4286,2,2,short,3.413,2.624,1,0.352,0.0805,0.00422,10.671,1,0
S044,66,S044_066.wav,S044_066_mel.npy,ඔබට පේන්නේ කුමක්දැයි මම ඇසුවෙමි,ඔබට වෙනෙන්නේ කුමක් දැයි මට මම ඇසෝමේ,1.0,0.3704,2,2,short,3.712,3.424,0,0.0,0.0745,0.00363,7.886,1,0
S044,67,S044_067.wav,S044_067_mel.npy,මෙතැන තමයි හොඳම තැන,මෙතැන තමනුයි හුල්ද තැන,0.5,0.375,2,2,short,2.24,1.824,0,0.0,0.0769,0.002842,8.772,1,0
S044,68,S044_068.wav,S044_068_mel.npy,ඇය කාචය සකස් කර නැවත බැලූවාය,ඇය කාචේ සකස් කර මෙවෙත බැලුව,0.5,0.3043,1,2,long,3.349,2.976,0,0.0,0.0885,0.003503,7.728,1,1
S045,1,S045_001.wav,S045_001_mel.npy,යාළුවෝ හැමදෙනාම නිදහස් උත්සවය බැලුවා,යහළුවා සැමදෙනාම නිදහා සුත්සවය බැලූවා බැලූවා,1.0,0.4062,2,2,short,6.848,5.568,3,0.32,0.0991,0.002549,5.747,0,0
S045,2,S045_002.wav,S045_002_mel.npy,කවිඳු යාළුවොත් එක්ක මිදුලේ සෙල්ලම් කරමින් සිටියා,කල්දු යාළුවොත් එක මිදුලේ සෙල්ලම් කරමින් එටියා.,0.4286,0.1667,1,2,long,5.035,4.704,1,0.224,0.0727,0.00214,8.929,0,1
S045,3,S045_003.wav,S045_003_mel.npy,අපේ රටේ නිදහස් උත්සවය,අපේ රටේ නිදහත් සුත්සවය,0.5,0.1667,1,2,short,2.517,2.304,0,0.0,0.0707,0.006932,7.813,0,0
S045,4,S045_004.wav,S045_004_mel.npy,මම කෝෂය ඇතුලේ සති දෙකක් විතර හිටියා,මම කෝෂය අතුලෙ සති දෙකක් පිතර හිටියා.,0.2857,0.1034,1,1,long,4.139,3.808,0,0.0,0.0752,0.00436,7.616,0,1
S045,5,S045_005.wav,S045_005_mel.npy,පොත් කියවීමෙන් මිනිසා සම්පූර්ණ වේ,පොත්කිය වීමේ මිනිසා සම්පූර්ණවේ,0.8,0.1034,1,2,short,3.968,3.136,1,0.224,0.0818,0.0035,9.247,0,0
S045,6,S045_006.wav,S045_006_mel.npy,මුහුද හරිම ලස්සනයි,මොහුද හරිම ලස්සනයි.,0.3333,0.0625,0,1,short,2.517,1.845,2,0.336,0.1043,0.004596,8.67,0,0
S045,7,S045_007.wav,S045_007_mel.npy,හැමෝම එකට අත් අල්ලා ගන්න,හැමෝම එක හතල්ලා ගන්නා,0.8,0.25,1,2,short,3.499,3.211,0,0.0,0.082,0.00574,6.229,0,0
S045,8,S045_008.wav,S045_008_mel.npy,මම එහෙනම් නාගෙන එන්නම්,මම එහෙනා මුකායි නාගෙන එන්නම්,0.5,0.3158,1,2,short,5.056,4.224,2,0.288,0.0656,0.007316,4.498,0,0
S045,9,S045_009.wav,S045_009_mel.npy,අපි අද පොල් කැඩුවා,අපි අද පොල් ඇඩුවා,0.25,0.1333,1,1,short,3.328,2.848,0,0.0,0.0677,0.004491,5.267,0,0
S045,10,S045_010.wav,S045_010_mel.npy,"ඇයි හිනා වෙන්නේ, මට රජ වෙන්න බැරිද",ඇයිහිනා වෙන්නෙ මටචය මෙර්පජ,1.0,0.4074,2,2,long,5.653,5.024,1,0.288,0.0697,0.005366,5.573,0,1
S045,11,S045_011.wav,S045_011_mel.npy,දුව සටහන් පොතේ මොනවාද ලියා ගත්තේ,එදුවේ සටහන් පෙරණයන් උලියනවා බත්ත්,0.8333,0.5185,2,2,long,5.035,4.544,1,0.192,0.0706,0.003969,5.942,0,1
S045,12,S045_012.wav,S045_012_mel.npy,ඉතින් මෙච්චර පරක්කු වුනේ ඇයි,ඉතින් මෙච්චර පොරක්ක වූලියයි,0.6,0.25,1,2,short,3.051,2.816,0,0.0,0.0751,0.005743,8.523,0,0
S045,13,S045_013.wav,S045_013_mel.npy,දවසක් අම්මා අශ්ව පැටියාගෙන් උදව්වක් ඉල්ලුවා,දවසක් කම්මා අශ්ව පැටියන් එය උදව්වා කින්ඩුව,0.8333,0.3158,1,2,long,6.763,5.888,2,0.256,0.0879,0.002788,6.454,0,1
S045,14,S045_014.wav,S045_014_mel.npy,ඔය ගඟ හරි ගැඹුරුයි,ඔය ගඟ හරිමක් ගැඹුරුයි,0.25,0.2,1,1,short,2.56,2.24,0,0.0,0.0782,0.002576,6.696,0,0
S045,15,S045_015.wav,S045_015_mel.npy,අශ්ව පැටියා ඉක්මනින් ගෙදර එනවා දැකලා අම්මා පුදුම වුනා,අශ්ව කටියා ඉක්මඩින් ගෙතර එන ආදකලා අම්මා බූදුම වුනා.,0.6667,0.2,1,2,long,5.611,5.28,0,0.0,0.0831,0.00264,8.523,0,1
S045,16,S045_016.wav,S045_016_mel.npy,"සිටුතුමනි, අපට අනුකම්පා කරනු මැනවි",සිටුතුමනි අපට ආර්කණිම් කා කරනු මෙනවී,0.6,0.2759,1,2,short,6.293,5.28,2,0.464,0.0761,0.004846,5.682,0,0
S045,17,S045_017.wav,S045_017_mel.npy,බරෙන් වැඩි වන්නේ ගසක මුල කොටසද,බරෙන් වැඩි වන්නේ ගසක මුල කොටැසේද,0.1667,0.08,0,1,long,5.419,4.96,0,0.0,0.0781,0.002037,5.04,0,1
S045,18,S045_018.wav,S045_018_mel.npy,රයිට් සහෝදරයන්ගේ පියා ඔවුන් පුංචිකාලයේ දී කඩදාසි සහ රබර් පටිවලින් සෙල්ලම් අහස් යානා තනා දුන්නේය,රයිට් සහෝදරයන් ගේ්පියා ඔවුන් උජි කාලයේදී කඩදාස්ති සහරබර් පටිවලින් සෙල්ලම් අමසේ ආනා දුන්නේය.,0.6667,0.1728,1,2,long,16.597,14.453,6,0.325,0.0818,0.003028,5.604,0,1
S045,19,S045_019.wav,S045_019_mel.npy,පසු කලෙක ඔවුහු බයිසිකල් වැඩ වැඩපොළක් ඇරඹූහ,පසුම් කාලේ ඔනුම් බයිසි කල වැඩබොලක් ඇරඹූව,1.0,0.3889,2,2,long,6.251,5.579,2,0.224,0.0805,0.003796,6.453,0,1
S045,20,S045_020.wav,S045_020_mel.npy,දැන් හැමෝම වාඩිවෙන්න,දැන් හැමෝන වාජි වර්ණ,1.0,0.2222,1,2,short,2.389,2.112,0,0.0,0.0684,0.002691,8.523,0,0
S045,21,S045_021.wav,S045_021_mel.npy,අපි ඊළඟ දවසේ තවත් සෙල්ලමක් කරමු,අපි ඉයුළඟ දවසය තවත් සැල්ලමක් කරමු,0.5,0.1923,1,2,long,3.243,3.168,0,0.0,0.0764,0.004144,8.207,0,1
S045,22,S045_022.wav,S045_022_mel.npy,මේ සිහින අප නින්දේ දී දකින සිහින නම් නොවේ,මේ ශිහින අපනින් දින්දේදී දකින සිහින නොවේ.,0.5556,0.2424,1,2,long,10.923,9.184,3,0.459,0.0868,0.005319,3.593,0,1
S045,23,S045_023.wav,S045_023_mel.npy,ඇගේ ගම ගිංතොට ය,ඇගේ ගම ගින් තොටය.,0.5,0.1667,1,2,short,3.925,3.328,1,0.256,0.0792,0.00275,3.606,0,0
S045,24,S045_024.wav,S045_024_mel.npy,මේ පුංචි දැරිය ඇගේ ප්‍රියතම වැඩිහිටි නෑදෑයා ගැන පසු කලෙක එසේ කීවාය,මේ පුංචි දරිය ඇගේ ප්‍රියතම වැඩි හිටි නැදැයා ගැන පසුකාල එසැක් ඊවාය.,0.6667,0.1636,1,2,long,13.163,11.168,4,0.2,0.0838,0.005918,4.925,0,1
S045,25,S045_025.wav,S045_025_mel.npy,පින්තූර මගින් කතා කීම ඈත කාලයේ සිට පැවත එන ක්‍රමයකි,පින්තූර මගින් කතා කිම ඈත කාලයේ සිට පැවත එනෑ ප්‍රමෑකි.,0.3,0.0952,0,1,long,9.088,7.648,2,0.56,0.0851,0.004538,5.492,0,1
S045,26,S045_026.wav,S045_026_mel.npy,මකුළුවා තණ බිස්සේ හැංගුනා,මකුලුවා තම බිසේ ඇන්යුන,0.75,0.3636,2,2,short,4.309,3.584,1,0.32,0.1093,0.004048,6.138,0,0
S045,27,S045_027.wav,S045_027_mel.npy,එළියේ ලස්සන ගැහැණු ළමයෙක් හිටගෙන හිටියා,එළියේ ගස්තැම ගැමු ළමයෙක් හිට ඔයන හිටියා,0.6667,0.2647,1,2,long,6.592,5.248,3,0.341,0.0785,0.001803,6.479,0,1
S045,28,S045_028.wav,S045_028_mel.npy,අතරමගදී ඉතාම භයානක දෙයක් සිදුවුණා,අතර මගතිය ඉතාම්ව භයානක දෙයක් සිදුනා,0.8,0.2414,1,2,short,5.696,4.992,1,0.192,0.082,0.003723,5.809,0,0
S045,29,S045_029.wav,S045_029_mel.npy,සර්පයා මහා විශාලෙට කට ඇරියා,සම්මපයා මහා විශ්වාලට කටයරියා,0.8,0.2609,1,2,short,7.189,6.016,2,0.272,0.1014,0.005327,3.823,0,0
S045,30,S045_030.wav,S045_030_mel.npy,ටිකක් හිතලා බලන්නකෝ,එක හිතලා බලනකොට,0.6667,0.4706,2,2,short,4.032,3.488,0,0.0,0.0795,0.003696,4.874,0,0
S045,31,S045_031.wav,S045_031_mel.npy,තනියෙන් ලියන්න,තනයෙන් දියෙන්නෙ,1.0,0.3077,1,2,short,1.493,1.333,0,0.0,0.0714,0.004624,9.75,0,0
S045,32,S045_032.wav,S045_032_mel.npy,පස්වැනි ගුණාංගය,ප්‍රශ්වෙනී ගුණා ගුණාරය,1.0,0.7857,2,2,short,4.416,3.936,0,0.0,0.0878,0.002835,3.557,0,0
S045,33,S045_033.wav,S045_033_mel.npy,බරණැස් නුවර සිටුවරයෙක් වාසය කළේය,බැරාස්වර සිටුවරයෙක් වාසේ කළේය.,0.6,0.2143,1,2,short,7.381,5.728,4,0.272,0.1,0.004453,4.888,0,0
S045,34,S045_034.wav,S045_034_mel.npy,නායකතුමා මෙසේ පිළිතුරු දුන්නේය,මවික සිටිතුමා මෙසේ පිළ තුර දුන්නේ ය.,1.0,0.3333,1,2,short,4.821,4.32,1,0.288,0.091,0.003498,6.25,0,0
S045,35,S045_035.wav,S045_035_mel.npy,තේරවිලි වර්ග කිහිපයක් තිබේ,තේරවෙලු වන්ග කිහිපයක් තිබේ.,0.5,0.1304,1,2,short,2.475,2.219,0,0.0,0.0741,0.005037,10.366,0,0
S045,36,S045_036.wav,S045_036_mel.npy,අපේ සීයා කතන්දර කීමට සමතෙකි,අපේ සියා කතන්දර කීමට සමතකි.,0.4,0.087,0,1,short,4.352,3.904,1,0.256,0.096,0.003868,5.891,0,0
S045,37,S045_037.wav,S045_037_mel.npy,මේ අය අතරමගදී අම්බලමක නතර වුණා,මේ අය අතර මගදී හම්බලමක නතර වුණා,0.5,0.04,0,2,long,7.467,5.888,4,0.368,0.0803,0.002067,4.246,0,1
S045,38,S045_038.wav,S045_038_mel.npy,හරි අපූරු කතාවක්,හරේ අපූරු කතාවක්,0.3333,0.0714,0,1,short,2.155,1.92,0,0.0,0.0777,0.005435,7.292,0,0
S045,39,S045_039.wav,S045_039_mel.npy,කටුස්සාගේ කරේ රත්තරන් බැන්දා වගෙයි,කටසාගේ කරේ රත්තරන් බැඳවගේ,0.6,0.3333,1,2,short,3.093,2.784,0,0.0,0.0823,0.005027,10.776,0,0
S045,40,S045_040.wav,S045_040_mel.npy,මුල් ගුරුතුමා කීවේය,මුන්දුරුතමා කීවේ ය.,1.0,0.1765,1,2,short,2.368,2.048,0,0.0,0.0729,0.006876,8.301,0,0
S045,41,S045_041.wav,S045_041_mel.npy,අද පුස්තකාල පන්තියක් කරමු,අද පුස්ත කාලය පමුතියක් කරමු,0.75,0.1364,1,2,short,3.776,3.648,0,0.0,0.0791,0.004615,6.031,0,0
S045,42,S045_042.wav,S045_042_mel.npy,මම ගල්පරයක ඇලී ජීවත් වුනෙමි,මම කරු කරේක ඇඳී ජීවත් තුනෙමි.,0.8,0.3043,1,2,short,5.995,5.355,1,0.192,0.0776,0.002431,4.295,0,0
S045,43,S045_043.wav,S045_043_mel.npy,බෙලි කටුව කතා කරයි,මෙලිට් කටුව කතා කරයි.,0.25,0.2,1,1,short,5.013,4.352,1,0.256,0.0836,0.003543,3.447,0,0
S045,44,S045_044.wav,S045_044_mel.npy,සති අන්තේ නිවාඩුවට බිංදුලා ගමේ ගියා,සතිය අන්තයේ නිවාඩු ඉන්දුලා ගමේගියා,1.0,0.2333,1,2,long,5.077,4.277,1,0.672,0.0898,0.00333,7.014,0,1
S045,45,S045_045.wav,S045_045_mel.npy,මොනවාද ඒවායේ නම්,මොනවද පෙවායේ නම්,0.6667,0.2143,1,2,short,3.029,2.709,1,0.32,0.0838,0.00611,5.167,0,0
S045,46,S045_046.wav,S045_046_mel.npy,නංගි උත්තර දුන්නා,නම්ගේ උත්තර දුන්නා.,0.3333,0.2,1,1,short,1.856,1.728,0,0.0,0.0673,0.0056,8.681,0,0
S045,47,S045_047.wav,S045_047_mel.npy,පාර කියන අත්තම්මා,පාරැයි කියන අත්තම්මා.,0.3333,0.2,1,1,short,2.603,2.283,0,0.0,0.0804,0.006743,6.571,0,0
S045,48,S045_048.wav,S045_048_mel.npy,ඇයගේ කැපවීම පුදුමාකාරය,ඇයගේ ඇපවීම පුදුමා කාරයි.,1.0,0.15,1,2,short,6.635,4.992,5,0.314,0.078,0.00146,4.006,0,0
S045,49,S045_049.wav,S045_049_mel.npy,මිනිසාගේ පරම යුතුකම මිනිසාට සේවය කිරීම,පර්ය මිනිසාගේ පර්ම යුතු කරන මිනිසා සේවය කිරීම,0.8333,0.2424,1,2,long,7.893,6.613,2,0.528,0.0827,0.00318,4.99,0,1
S045,50,S045_050.wav,S045_050_mel.npy,අපි මේ වන විට පැය දොළහක් වැඩ කර පැය දොළහක් විවේක ගත්තා,අප මේ වනවිට පැය දොළහක් වැඩි කර පැය දොළහක් විවේක ගත්තා,0.3333,0.0465,0,1,long,9.771,8.107,3,0.512,0.0792,0.003425,5.304,0,1
S045,51,S045_051.wav,S045_051_mel.npy,අප කවුරුත් පුදුමයට පත්කරමින් ඈට පණ ආවා,අප කවුරොත් බුදුමයට පත් කරමින් ඈ පනවා,0.8571,0.125,1,2,long,6.4,5.344,2,0.288,0.0724,0.00303,5.988,0,1
S045,52,S045_052.wav,S045_052_mel.npy,සුගන්ධවත් පුෂ්පයෝ අපගේ සොහොයුරියෝය,සුගාණුන් ද්‍රයාත් පුෂ්පයෝ අපගෙ සපූද යෝය,1.0,0.5161,2,2,short,6.293,5.376,1,0.416,0.0938,0.004967,5.766,0,0
S045,53,S045_053.wav,S045_053_mel.npy,ගංගාවෝ අපගේ සොහොයුරෝ වෙති,ගංගාව අපගේ සංහොත් යුරො වෙති,0.75,0.2273,1,2,short,5.397,4.128,2,0.512,0.073,0.006211,5.329,0,0
S045,54,S045_054.wav,S045_054_mel.npy,නංගී මට නොදී කිසිවක් නොකනවා ඇතැයි මට සිතේ,නංගේ මට නොදී සිවන නොකරනවා ඇතැයි මම සිතෙන්,0.625,0.2941,1,2,long,7.744,6.464,1,0.32,0.078,0.003744,5.26,0,1
S045,55,S045_055.wav,S045_055_mel.npy,නංගි උදේ පාන්දරින්ම නැගිටියි,නගී උතේ පාන්තරින්ව නැගිටි,1.0,0.28,1,2,short,5.312,4.64,2,0.288,0.0783,0.006035,5.388,0,0
S045,56,S045_056.wav,S045_056_mel.npy,ඈ මා ගෙදර යන විට අසනු ඇත,ඈ මා ගිතර යනවිට ඇසු අසරුත,0.7143,0.3889,2,2,long,7.317,4.981,2,1.168,0.0916,0.00237,3.613,0,1
S045,57,S045_057.wav,S045_057_mel.npy,ගොවිතැන සඳහා භාවිත වන උපකරණ එකින් එක විස්තර කරද්දී ළමයි සාවධානව අසා සිටියහ,ගොවී තැම සදහා භවිතා වන උපකරම එකෙන් එක විෂ්තර කරදී ළමයි සවාදානය අසා සිටියහ.,0.6923,0.2097,1,2,long,14.528,13.088,3,0.448,0.0822,0.002353,4.737,0,1
S045,58,S045_058.wav,S045_058_mel.npy,ළමයි පොල්තෙල් හිඳීමට භාවිත කරන සෙක්කුව අසලට රැස් වූහ,අමයි පොයින් සේල්ක් සඳීම භාජ්න හේත ඕක අසලා රජී වුනප,1.0,0.6364,2,2,long,5.952,5.472,1,0.384,0.0756,0.002797,8.041,0,1
S045,59,S045_059.wav,S045_059_mel.npy,ඒ ගොල්ලන්ට අලුත් ක්‍රමයක් හොයා ගන්න වෙනවා,එයේ ගොයින් ආලුත් කමයා හොයා ගන්න ගොයි.,0.7143,0.5143,2,2,long,8.043,6.304,3,0.405,0.0789,0.003531,5.552,0,1
S045,60,S045_060.wav,S045_060_mel.npy,බොහෝ දෙනෙක් මම එනතුරු බලා ගෙන හිටියා,බොහෝ දෙයත්ම එය තුරු බලාගෙන සිකියා,0.8571,0.2333,1,2,long,6.208,4.928,1,0.8,0.0834,0.005751,6.088,0,1
S045,61,S045_061.wav,S045_061_mel.npy,මට ආරංචි වුණා රජතුමාගේ ගුහාව ළඟ අනතුරක් කියලා,මම අපන්කි උණ රජතු මගේ ගුවා ගුපාව ලඟර් අනතුරා කියලා.,1.0,0.5,2,2,long,9.515,8.619,2,0.192,0.0672,0.001946,4.409,0,1
S045,62,S045_062.wav,S045_062_mel.npy,පැය අටකට පසු ඔවුන්ට පියාපත් සලන හඬක් ඇසිණි,පැය අටකට පසු ඔවුන් ප්‍රියාඥල ප්‍රඥල හඬක් ඇසිමි.,0.5,0.3429,1,2,long,9.493,7.808,3,0.459,0.0893,0.002607,4.483,0,1
S045,63,S045_063.wav,S045_063_mel.npy,මිනිසුන් ගැන විස්තර දැනගන්න බොහෝ ක්‍රම තියෙනවා,මිනිස්තුම් ගෙන ස්තර දැනග වොහෝ කම තියෙනවා.,0.8571,0.325,1,2,long,4.971,4.619,0,0.0,0.0724,0.002364,8.66,0,1
S045,64,S045_064.wav,S045_064_mel.npy,ඔබට දින හතරක් දෙමි,ඔබ දින හතලත් දෙයි,0.75,0.2667,1,2,short,2.731,2.56,0,0.0,0.0671,0.003632,5.859,0,0
S045,65,S045_065.wav,S045_065_mel.npy,ඇදුරුතුමා බෙහෙවින් සතුටට පත් විය,ඇදූස් ප්‍රමාභේ ඇවියන් සතුරක පත්විය,1.0,0.4643,2,2,short,5.248,4.8,1,0.16,0.068,0.002813,5.833,0,0
S045,66,S045_066.wav,S045_066_mel.npy,ඔබට පේන්නේ කුමක්දැයි මම ඇසුවෙමි,පොත් එමෙන් ඒ කොමක්දැයි මම අසුයෙමි,1.0,0.4444,2,2,short,4.885,4.288,1,0.16,0.0683,0.003043,6.297,0,0
S045,67,S045_067.wav,S045_067_mel.npy,මෙතැන තමයි හොඳම තැන,මෙතෙන තමයි හොදම තැන,0.5,0.125,1,2,short,3.008,2.688,0,0.0,0.0689,0.003216,5.952,0,0
S045,68,S045_068.wav,S045_068_mel.npy,ඇය කාචය සකස් කර නැවත බැලූවාය,ඇය කාවා කාචය සකස් කර නෙවත බැලුවේය.,0.5,0.3043,1,2,long,7.915,6.571,2,0.544,0.0938,0.003028,3.5,0,1
S046,1,S046_001.wav,S046_001_mel.npy,යාළුවෝ හැමදෙනාම නිදහස් උත්සවය බැලුවා,යාළු ඕහැමසේ නාමනි දහස් විච්සුව බැලුව,1.0,0.3125,1,2,short,3.371,3.136,0,0.0,0.0799,0.002823,10.204,2,0
S046,2,S046_002.wav,S046_002_mel.npy,කවිඳු යාළුවොත් එක්ක මිදුලේ සෙල්ලම් කරමින් සිටියා,කංදුරාලුවොත් එකමු දිලේසෙල්ලං කරමින් සිටියා.,0.7143,0.2381,1,2,long,3.925,3.765,0,0.0,0.0877,0.005173,11.154,2,1
S046,3,S046_003.wav,S046_003_mel.npy,අපේ රටේ නිදහස් උත්සවය,අපේ රටේ නිදහත් ඉස්සුයි.,0.5,0.2778,1,2,short,2.475,2.208,0,0.0,0.0895,0.005729,8.152,2,0
S046,4,S046_004.wav,S046_004_mel.npy,මම කෝෂය ඇතුලේ සති දෙකක් විතර හිටියා,මම කෝෂයේ අතුලේ සති ලෙකක් ඉතර හිටිය.,0.7143,0.2069,1,2,long,3.264,2.944,0,0.0,0.0868,0.004011,9.851,2,1
S046,5,S046_005.wav,S046_005_mel.npy,පොත් කියවීමෙන් මිනිසා සම්පූර්ණ වේ,ගොච්ගේ වීමෙන් මිදිසාසංපූත් නොවෙයි.,1.0,0.4483,2,2,short,3.179,2.656,0,0.0,0.083,0.003842,10.919,2,0
S046,6,S046_006.wav,S046_006_mel.npy,මුහුද හරිම ලස්සනයි,ඔමුද හරිම ලස්සනයි,0.3333,0.1875,1,1,short,1.792,1.44,0,0.0,0.0711,0.005563,11.111,2,0
S046,7,S046_007.wav,S046_007_mel.npy,හැමෝම එකට අත් අල්ලා ගන්න,ඇමෝම එකට අත්තර්ලා කරිය.,0.8,0.4,2,2,short,2.496,2.24,0,0.0,0.0732,0.00289,8.929,2,0
S046,8,S046_008.wav,S046_008_mel.npy,මම එහෙනම් නාගෙන එන්නම්,මම එහෙනම් නාගෙන් පැන්නක්,0.5,0.2105,1,2,short,2.517,1.984,0,0.0,0.0605,0.003885,9.577,2,0
S046,9,S046_009.wav,S046_009_mel.npy,අපි අද පොල් කැඩුවා,අපි අද පොල් කැඩුව,0.25,0.0667,0,1,short,2.027,1.568,0,0.0,0.0765,0.003941,9.566,2,0
S046,10,S046_010.wav,S046_010_mel.npy,"ඇයි හිනා වෙන්නේ, මට රජ වෙන්න බැරිද",ඇය කිනාවෙන්නේ,1.0,0.5926,2,2,long,2.176,1.536,0,0.0,0.0741,0.004541,18.229,2,1
S046,11,S046_011.wav,S046_011_mel.npy,දුව සටහන් පොතේ මොනවාද ලියා ගත්තේ,ඩුව සටහන් පොකේ මොනවද ලියා ගත්තේ,0.5,0.1111,1,2,long,3.349,3.072,0,0.0,0.0747,0.005436,8.789,2,1
S046,12,S046_012.wav,S046_012_mel.npy,ඉතින් මෙච්චර පරක්කු වුනේ ඇයි,ඉතින් මෙච්චර පරක්කො වුමේ ඇයි,0.4,0.0833,0,1,short,2.688,2.4,0,0.0,0.0735,0.00287,10.0,2,0
S046,13,S046_013.wav,S046_013_mel.npy,දවසක් අම්මා අශ්ව පැටියාගෙන් උදව්වක් ඉල්ලුවා,දවසක් කම්මාශ්‍ර පැතියක්ගෙ උදවුව කිල්ලු,0.8333,0.3684,2,2,long,4.032,3.456,0,0.0,0.0963,0.001931,10.995,2,1
S046,14,S046_014.wav,S046_014_mel.npy,ඔය ගඟ හරි ගැඹුරුයි,ඔයේ ගග හරිම ගැඹුරුයි,0.75,0.2,1,2,short,2.944,2.432,1,0.288,0.0639,0.008368,6.168,2,0
S046,15,S046_015.wav,S046_015_mel.npy,අශ්ව පැටියා ඉක්මනින් ගෙදර එනවා දැකලා අම්මා පුදුම වුනා,අශ්ව පැටියා ඉක්මයින් ගෙදර එනවා දැකල අම්මා පුදුම උන,0.3333,0.1111,1,1,long,4.608,4.48,0,0.0,0.0846,0.002687,10.045,2,1
S046,16,S046_016.wav,S046_016_mel.npy,"සිටුතුමනි, අපට අනුකම්පා කරනු මැනවි",සිටුතුමන්නේ අපට අනුකම්පා කරනු නැවරි.,0.4,0.2069,1,1,short,3.733,3.04,1,0.192,0.0779,0.003605,9.868,2,0
S046,17,S046_017.wav,S046_017_mel.npy,බරෙන් වැඩි වන්නේ ගසක මුල කොටසද,බරෙන් වැඩි පන්නේ ගසක මුලකොටසද,0.5,0.04,0,2,long,4.16,3.264,2,0.304,0.0761,0.00155,7.659,2,1
S046,18,S046_018.wav,S046_018_mel.npy,රයිට් සහෝදරයන්ගේ පියා ඔවුන් පුංචිකාලයේ දී කඩදාසි සහ රබර් පටිවලින් සෙල්ලම් අහස් යානා තනා දුන්නේය,රයිට් සහෝදරයන්ඩිය ක්‍රියා ඔවුල් කෘචිකාල් දී කඩදාසි සහ රබප්ප්පටිවැලින් සෙල්ලම් ආශයනා තනා දුන්නේ.,0.6,0.284,1,2,long,10.027,8.768,3,0.256,0.0859,0.001102,9.238,2,1
S046,19,S046_019.wav,S046_019_mel.npy,පසු කලෙක ඔවුහු බයිසිකල් වැඩ වැඩපොළක් ඇරඹූහ,පසු කාලෙක ඔව්හු බයිසිකල් වැඩ පොලක් ඇරඹූහ,0.4286,0.1389,1,2,long,4.373,3.552,0,0.0,0.0819,0.001572,10.135,2,1
S046,20,S046_020.wav,S046_020_mel.npy,දැන් හැමෝම වාඩිවෙන්න,දැන් මැමෝමවාඩි වෙන්න,0.6667,0.0556,0,2,short,2.069,1.824,0,0.0,0.0654,0.003099,9.868,2,0
S046,21,S046_021.wav,S046_021_mel.npy,අපි ඊළඟ දවසේ තවත් සෙල්ලමක් කරමු,අපි ඊළඟ දවශය තවර්ශයල්ලමක් කරමු,0.5,0.1923,1,2,long,3.136,2.784,0,0.0,0.0845,0.003127,9.339,2,1
S046,22,S046_022.wav,S046_022_mel.npy,මේ සිහින අප නින්දේ දී දකින සිහින නම් නොවේ,මේ සිහින අප නින් දේදි දකින සිහින නම්නවේ,0.4444,0.0606,0,2,long,6.123,4.832,2,0.224,0.0767,0.005529,6.829,2,1
S046,23,S046_023.wav,S046_023_mel.npy,ඇගේ ගම ගිංතොට ය,ඇගේ ගමක් ගින්තොටය,0.75,0.3333,1,2,short,2.688,2.208,0,0.0,0.0627,0.005788,5.435,2,0
S046,24,S046_024.wav,S046_024_mel.npy,මේ පුංචි දැරිය ඇගේ ප්‍රියතම වැඩිහිටි නෑදෑයා ගැන පසු කලෙක එසේ කීවාය,මේ පුද්ගි දැරිය ඇගේ තිබිය තුම වැඩිහිටි නැහැද දැන පසු කාලක ශ්‍රිකීවාල,0.6667,0.4,2,2,long,6.485,5.685,1,0.64,0.0817,0.002987,9.674,2,1
S046,25,S046_025.wav,S046_025_mel.npy,පින්තූර මගින් කතා කීම ඈත කාලයේ සිට පැවත එන ක්‍රමයකි,මින්දූර මංක් කතා කීම හෑත කයි සිට පැවතියෙ පැවත එන ක්‍රමය කිමක්,0.7,0.4762,2,2,long,5.739,5.483,0,0.0,0.0745,0.003127,7.66,2,1
S046,26,S046_026.wav,S046_026_mel.npy,මකුළුවා තණ බිස්සේ හැංගුනා,එම කුළුවා තන මිෂ්‍ය එහැඟුණා,1.0,0.3636,2,2,short,2.112,1.984,0,0.0,0.0708,0.004206,11.089,2,0
S046,27,S046_027.wav,S046_027_mel.npy,එළියේ ලස්සන ගැහැණු ළමයෙක් හිටගෙන හිටියා,එලියේ ලස්සන ගැහනු ළමයෙක් විත විනෙහි තියා,0.6667,0.2059,1,2,long,3.52,3.296,0,0.0,0.0723,0.003727,10.316,2,1
S046,28,S046_028.wav,S046_028_mel.npy,අතරමගදී ඉතාම භයානක දෙයක් සිදුවුණා,අතර මගදී ඉතාම භයානත දෙයක්සිදුවුණ,1.0,0.069,0,2,short,3.669,3.232,0,0.0,0.0741,0.001512,8.973,2,0
S046,29,S046_029.wav,S046_029_mel.npy,සර්පයා මහා විශාලෙට කට ඇරියා,සර්පයා මහ විශ්වා ලෙට කට ඇරියන්,0.8,0.2174,1,2,short,3.392,2.752,1,0.384,0.1052,0.002321,8.358,2,0
S046,30,S046_030.wav,S046_030_mel.npy,ටිකක් හිතලා බලන්නකෝ,ටිකක් සැලා බලන්නකෝ,0.3333,0.1765,1,1,short,1.899,1.696,0,0.0,0.08,0.004979,10.024,2,0
S046,31,S046_031.wav,S046_031_mel.npy,තනියෙන් ලියන්න,තනයෙන් ලියන්න.,0.5,0.0769,0,2,short,1.259,1.099,0,0.0,0.0593,0.002974,11.832,2,0
S046,32,S046_032.wav,S046_032_mel.npy,පස්වැනි ගුණාංගය,ප්‍රශ්චනිකුණ ඒය අංගය,1.0,0.7143,2,2,short,2.496,2.016,1,0.288,0.0682,0.002948,6.944,2,0
S046,33,S046_033.wav,S046_033_mel.npy,බරණැස් නුවර සිටුවරයෙක් වාසය කළේය,බරණෙස් මුවර සිටුවලයෙක් පාෂය කළේ,1.0,0.2143,1,2,short,3.285,2.944,0,0.0,0.0847,0.002095,9.511,2,0
S046,34,S046_034.wav,S046_034_mel.npy,නායකතුමා මෙසේ පිළිතුරු දුන්නේය,නා එක සිටික්මා මේ සේපිළිතුරු කොන්නේවේ.,1.0,0.4444,2,2,short,3.115,2.848,0,0.0,0.0791,0.003067,9.48,2,0
S046,35,S046_035.wav,S046_035_mel.npy,තේරවිලි වර්ග කිහිපයක් තිබේ,තේරවිලි වර්ග කීපයක් කිබේ.,0.5,0.1739,1,2,short,2.325,2.112,0,0.0,0.0679,0.003834,10.89,2,0
S046,36,S046_036.wav,S046_036_mel.npy,අපේ සීයා කතන්දර කීමට සමතෙකි,අපේ සිහියා කතද්දර කීමට සමතකි.,0.6,0.2174,1,2,short,2.987,2.699,0,0.0,0.0818,0.002209,8.523,2,0
S046,37,S046_037.wav,S046_037_mel.npy,මේ අය අතරමගදී අම්බලමක නතර වුණා,මේ අය අතර මගදී අම්බලනුක නතර වුනයි.,0.6667,0.16,1,2,long,4.288,3.712,1,0.16,0.0742,0.004356,6.735,2,1
S046,38,S046_038.wav,S046_038_mel.npy,හරි අපූරු කතාවක්,හරි අපූරු කතාවක්,0.0,0.0,0,0,short,2.112,1.568,0,0.0,0.083,0.006439,8.929,2,0
S046,39,S046_039.wav,S046_039_mel.npy,කටුස්සාගේ කරේ රත්තරන් බැන්දා වගෙයි,කටුස්සකගෙ කරේ රතරම් බැද්ධවගෙ,0.8,0.3,1,2,short,2.795,2.528,0,0.0,0.0852,0.003705,11.867,2,0
S046,40,S046_040.wav,S046_040_mel.npy,මුල් ගුරුතුමා කීවේය,මොල් ගොතුමා කියි.,1.0,0.4706,2,2,short,2.069,1.696,0,0.0,0.0592,0.004613,10.024,2,0
S046,41,S046_041.wav,S046_041_mel.npy,අද පුස්තකාල පන්තියක් කරමු,අද කෘෂ්ට කාලවන්තිය කරම්,0.75,0.3636,2,2,short,2.901,2.688,0,0.0,0.0725,0.002499,8.185,2,0
S046,42,S046_042.wav,S046_042_mel.npy,මම ගල්පරයක ඇලී ජීවත් වුනෙමි,මම ගල් පරයක ඇලී ජීවතු නෙම,0.8,0.1304,1,2,short,2.901,2.624,0,0.0,0.0644,0.001725,8.765,2,0
S046,43,S046_043.wav,S046_043_mel.npy,බෙලි කටුව කතා කරයි,මෙලිකටුව කතා කරයි.,0.5,0.0667,0,2,short,2.005,1.792,0,0.0,0.0766,0.003218,8.371,2,0
S046,44,S046_044.wav,S046_044_mel.npy,සති අන්තේ නිවාඩුවට බිංදුලා ගමේ ගියා,තතියන්තයේ නිවාඩුවට බිදුරාගමේදිය,0.8333,0.2333,1,2,long,3.605,3.264,0,0.0,0.063,0.003428,9.191,2,1
S046,45,S046_045.wav,S046_045_mel.npy,මොනවාද ඒවායේ නම්,මොනවද ඒ වාගේ නම්,1.0,0.1429,1,2,short,1.856,1.568,0,0.0,0.0721,0.003198,8.929,2,0
S046,46,S046_046.wav,S046_046_mel.npy,නංගි උත්තර දුන්නා,නඟි උත්තර දුන්නා,0.3333,0.1333,1,1,short,1.579,1.44,0,0.0,0.056,0.004434,10.417,2,0
S046,47,S046_047.wav,S046_047_mel.npy,පාර කියන අත්තම්මා,පරකේ නම් තම්හක්,1.0,0.5333,2,2,short,1.579,1.227,0,0.0,0.0825,0.004383,12.228,2,0
S046,48,S046_048.wav,S046_048_mel.npy,ඇයගේ කැපවීම පුදුමාකාරය,ඇයිගෙක් කැපවීම පුදුවාකාරය,0.6667,0.25,1,2,short,2.603,2.336,0,0.0,0.0732,0.003372,8.562,2,0
S046,49,S046_049.wav,S046_049_mel.npy,මිනිසාගේ පරම යුතුකම මිනිසාට සේවය කිරීම,මිනිසාගේ පරම පරම යුතුකම් මිඩිචාට සේඹය කිරින්,0.8333,0.303,1,2,long,4.779,4.224,0,0.0,0.0759,0.002607,7.812,2,1
S046,50,S046_050.wav,S046_050_mel.npy,අපි මේ වන විට පැය දොළහක් වැඩ කර පැය දොළහක් විවේක ගත්තා,අපි මේ වෙන විකිය පැය දොළහක් කඩ කර පැය දොළහක් ගියෙන්වර්තය.,0.4167,0.3256,1,2,long,5.163,4.64,0,0.0,0.0773,0.002663,9.267,2,1
S046,51,S046_051.wav,S046_051_mel.npy,අප කවුරුත් පුදුමයට පත්කරමින් ඈට පණ ආවා,එබ කවුරුත් උන්යට පචරෙමින් ඈට පන ආව,0.5714,0.375,2,2,long,3.392,3.104,0,0.0,0.0729,0.003537,10.309,2,1
S046,52,S046_052.wav,S046_052_mel.npy,සුගන්ධවත් පුෂ්පයෝ අපගේ සොහොයුරියෝය,ඉගණ්ගත් ක්ස්පයෝ අපකේ සොහුරින්,1.0,0.4194,2,2,short,3.093,2.528,0,0.0,0.0739,0.004127,12.263,2,0
S046,53,S046_053.wav,S046_053_mel.npy,ගංගාවෝ අපගේ සොහොයුරෝ වෙති,ගන්ගාවෝ අපි දේශනේ ඔවැති,1.0,0.5909,2,2,short,3.179,2.624,1,0.16,0.0817,0.00316,8.384,2,0
S046,54,S046_054.wav,S046_054_mel.npy,නංගී මට නොදී කිසිවක් නොකනවා ඇතැයි මට සිතේ,නදී මට නොදී කිසිවා නොකනවා ඇතැයි මම සිතෙන්,0.5,0.2353,1,2,long,4.672,4.128,1,0.416,0.0768,0.003615,8.236,2,1
S046,55,S046_055.wav,S046_055_mel.npy,නංගි උදේ පාන්දරින්ම නැගිටියි,ඇන්දුහි උඩය බාකරිත්මණට එදි,1.0,0.68,2,2,short,2.261,2.016,0,0.0,0.067,0.00217,12.401,2,0
S046,56,S046_056.wav,S046_056_mel.npy,ඈ මා ගෙදර යන විට අසනු ඇත,එය මා ගෙදර් කියගුතා සුනුවත්,0.8571,0.7222,2,2,long,3.328,2.688,1,0.64,0.0699,0.004145,6.696,2,1
S046,57,S046_057.wav,S046_057_mel.npy,ගොවිතැන සඳහා භාවිත වන උපකරණ එකින් එක විස්තර කරද්දී ළමයි සාවධානව අසා සිටියහ,ගුල්තන සගහා භාවිත වන ඔපකරන එකින්නක විස්තල කරදී ළමයි ශාගදානයෙන් හැතස්ට්,0.7692,0.371,2,2,long,8.0,7.232,2,0.288,0.073,0.003065,8.573,2,1
S046,58,S046_058.wav,S046_058_mel.npy,ළමයි පොල්තෙල් හිඳීමට භාවිත කරන සෙක්කුව අසලට රැස් වූහ,ලමයි පොල් තෙහින් ඉදීමට බාල්ග කරන තෙක්ව අසරග්‍රැසු,0.8889,0.4545,2,2,long,5.653,4.96,1,0.32,0.0793,0.003516,8.871,2,1
S046,59,S046_059.wav,S046_059_mel.npy,ඒ ගොල්ලන්ට අලුත් ක්‍රමයක් හොයා ගන්න වෙනවා,ඒ ගොල්ලෝ අලුත්තමයක් හොයා ගන්න වෙනවා.,0.4286,0.2,1,2,long,4.565,3.957,1,0.416,0.0625,0.004735,8.844,2,1
S046,60,S046_060.wav,S046_060_mel.npy,බොහෝ දෙනෙක් මම එනතුරු බලා ගෙන හිටියා,බොහෝ දෙනෙක් මම එනතුරු බලාහි කිය,0.4286,0.1667,1,2,long,3.328,3.04,0,0.0,0.0676,0.005166,9.868,2,1
S046,61,S046_061.wav,S046_061_mel.npy,මට ආරංචි වුණා රජතුමාගේ ගුහාව ළඟ අනතුරක් කියලා,මට ආරජ යුණාරග්මමාදෙ ගුබාව ලග අඬතුරක් කියවා.,0.875,0.3421,1,2,long,4.992,4.448,1,0.192,0.0697,0.003483,8.543,2,1
S046,62,S046_062.wav,S046_062_mel.npy,පැය අටකට පසු ඔවුන්ට පියාපත් සලන හඬක් ඇසිණි,පැය අටකට පසු ඔවුන්ට පියාපත් සලුන්න හලක් ඇසිඳින්,0.375,0.2,1,1,long,4.096,3.584,1,0.288,0.0835,0.00376,9.766,2,1
S046,63,S046_063.wav,S046_063_mel.npy,මිනිසුන් ගැන විස්තර දැනගන්න බොහෝ ක්‍රම තියෙනවා,මෙදිසින් ජන ස්තර ජයක් ගන්න බොහෝ කර තියෙනවා.,0.8571,0.35,1,2,long,3.605,3.317,0,0.0,0.0701,0.00574,12.058,2,1
S046,64,S046_064.wav,S046_064_mel.npy,ඔබට දින හතරක් දෙමි,උදට ඉනරා අතරක් දෙන්,1.0,0.6,2,2,short,1.813,1.568,0,0.0,0.0685,0.006515,9.566,2,0
S046,65,S046_065.wav,S046_065_mel.npy,ඇදුරුතුමා බෙහෙවින් සතුටට පත් විය,ඇජුතුමා බෙහේ සල්ය පත් පත්තේ,0.8,0.5357,2,2,short,3.371,2.763,1,0.256,0.0652,0.005094,10.135,2,0
S046,66,S046_066.wav,S046_066_mel.npy,ඔබට පේන්නේ කුමක්දැයි මම ඇසුවෙමි,ඔබට වෙන්නේ කුමක් දැයි මම ඇකීමිත්,0.8,0.2963,1,2,short,3.328,2.784,1,0.512,0.0608,0.004061,9.698,2,0
S046,67,S046_067.wav,S046_067_mel.npy,මෙතැන තමයි හොඳම තැන,එතනතා කරනේ මොන් දෙක්න තෙන,1.0,1.0,2,2,short,2.069,1.792,0,0.0,0.0582,0.002216,8.929,2,0
S046,68,S046_068.wav,S046_068_mel.npy,ඇය කාචය සකස් කර නැවත බැලූවාය,ඇය කාචේ සකස් කර මැවත මළුවයි.,0.5,0.3043,1,2,long,3.093,2.88,0,0.0,0.0718,0.004875,7.986,2,1
S047,1,S047_001.wav,S047_001_mel.npy,යාළුවෝ හැමදෙනාම නිදහස් උත්සවය බැලුවා,යාළු ඔහැමදෙනාවනි දා සොත්සවය බැලුවා,0.8,0.1875,1,2,short,3.712,3.552,0,0.0,0.0806,0.006101,9.009,2,0
S047,2,S047_002.wav,S047_002_mel.npy,කවිඳු යාළුවොත් එක්ක මිදුලේ සෙල්ලම් කරමින් සිටියා,කවිදු යාළුවොත් එක මිදුලේ සෙල්ලම් කරමින් සිටියා.,0.2857,0.0714,0,1,long,4.821,4.224,0,0.0,0.0769,0.003039,9.943,2,1
S047,3,S047_003.wav,S047_003_mel.npy,අපේ රටේ නිදහස් උත්සවය,අපේ රටේ රිදහස් උත්සවය,0.25,0.0556,0,1,short,2.411,2.091,0,0.0,0.1009,0.005186,8.61,2,0
S047,4,S047_004.wav,S047_004_mel.npy,මම කෝෂය ඇතුලේ සති දෙකක් විතර හිටියා,මම කෝෂයේ ඇතුළේ සති දෙකක් හිතර හිටියක්,0.4286,0.1379,1,2,long,3.691,3.563,0,0.0,0.0863,0.004537,8.14,2,1
S047,5,S047_005.wav,S047_005_mel.npy,පොත් කියවීමෙන් මිනිසා සම්පූර්ණ වේ,කක් කියවීමුන් මිනිසා සම්පූනවෙන්,0.8,0.3103,1,2,short,3.627,3.243,1,0.256,0.074,0.005071,8.943,2,0
S047,6,S047_006.wav,S047_006_mel.npy,මුහුද හරිම ලස්සනයි,මුහුද හරි හලසනයි.,0.6667,0.1875,1,2,short,1.835,1.803,0,0.0,0.0685,0.004764,8.876,2,0
S047,7,S047_007.wav,S047_007_mel.npy,හැමෝම එකට අත් අල්ලා ගන්න,හැමෝම එකට අත්තල්ලා ගන්න,0.4,0.05,0,1,short,2.752,2.528,0,0.0,0.0766,0.004131,7.911,2,0
S047,8,S047_008.wav,S047_008_mel.npy,මම එහෙනම් නාගෙන එන්නම්,මම එහෙනම් නාගෙන එන්නක්.,0.25,0.0526,0,1,short,2.624,2.208,0,0.0,0.0612,0.003686,8.605,2,0
S047,9,S047_009.wav,S047_009_mel.npy,අපි අද පොල් කැඩුවා,අපි අද පොල් කඩුවා,0.25,0.0667,0,1,short,1.835,1.643,0,0.0,0.0704,0.006727,9.131,2,0
S047,10,S047_010.wav,S047_010_mel.npy,"ඇයි හිනා වෙන්නේ, මට රජ වෙන්න බැරිද",ඇයි හිනා වෙන්නේ මට ගජ වෙන්න බැරිද,0.1429,0.037,0,1,long,3.968,3.616,1,0.352,0.0645,0.003916,7.743,2,1
S047,11,S047_011.wav,S047_011_mel.npy,දුව සටහන් පොතේ මොනවාද ලියා ගත්තේ,දුව සටහන් පොතේ මොනවාද ලියා ගන්නේ,0.1667,0.0741,0,1,long,3.499,3.392,0,0.0,0.0685,0.005617,7.96,2,1
S047,12,S047_012.wav,S047_012_mel.npy,ඉතින් මෙච්චර පරක්කු වුනේ ඇයි,ඉදින් මෙච්චර පරක්වුණේ ඇයි,0.6,0.125,1,2,short,2.88,2.656,0,0.0,0.0718,0.005934,9.036,2,0
S047,13,S047_013.wav,S047_013_mel.npy,දවසක් අම්මා අශ්ව පැටියාගෙන් උදව්වක් ඉල්ලුවා,දවසක් කම්මා අශ්ව පැටියාගෙන් උදව්වක් ඉල්ලුවා,0.1667,0.0263,0,1,long,5.888,4.928,2,0.432,0.0922,0.004999,7.711,2,1
S047,14,S047_014.wav,S047_014_mel.npy,ඔය ගඟ හරි ගැඹුරුයි,ඔය ගග හරි ගැබුළුයි,0.5,0.2,1,2,short,2.688,2.4,0,0.0,0.0739,0.006004,6.25,2,0
S047,15,S047_015.wav,S047_015_mel.npy,අශ්ව පැටියා ඉක්මනින් ගෙදර එනවා දැකලා අම්මා පුදුම වුනා,ප්‍රශ්ව පැටියා හික්මනින් දෙදර එනවා දැකල අම්මා පුදුන වුනා,0.5556,0.2,1,2,long,6.485,5.557,2,0.448,0.0699,0.003394,8.097,2,1
S047,16,S047_016.wav,S047_016_mel.npy,"සිටුතුමනි, අපට අනුකම්පා කරනු මැනවි",සිටුතුමනි.අප අනුකම්පා කරනු මෑනවි.,0.6,0.069,0,2,short,4.16,3.84,1,0.224,0.0654,0.005942,7.812,2,0
S047,17,S047_017.wav,S047_017_mel.npy,බරෙන් වැඩි වන්නේ ගසක මුල කොටසද,බරෙන් වැඩි යන්නේ ගසක මූල කොටසද,0.3333,0.08,0,1,long,4.011,3.648,1,0.288,0.0693,0.001887,6.853,2,1
S047,18,S047_018.wav,S047_018_mel.npy,රයිට් සහෝදරයන්ගේ පියා ඔවුන් පුංචිකාලයේ දී කඩදාසි සහ රබර් පටිවලින් සෙල්ලම් අහස් යානා තනා දුන්නේය,රාහිත සහෝදරයන්ගේ පියා අවුර් පුංචි කාලයේදී කඩදාස්වී සහ රබර් පටිවලුන් සෙල්ලමහ ශ්‍යානා තානා දුන්නේය.,0.6667,0.1852,1,2,long,11.605,10.592,4,0.224,0.0717,0.001499,7.647,2,1
S047,19,S047_019.wav,S047_019_mel.npy,පසු කලෙක ඔවුහු බයිසිකල් වැඩ වැඩපොළක් ඇරඹූහ,පසු කලෙන් නොහු බයිසිකල් වැඩපොලක් ඇරඹූහ.,0.4286,0.1944,1,2,long,5.397,4.8,1,0.224,0.0706,0.005098,7.5,2,1
S047,20,S047_020.wav,S047_020_mel.npy,දැන් හැමෝම වාඩිවෙන්න,දැන් හැමෝම වාඩිවෙන්න,0.0,0.0,0,0,short,2.069,1.888,0,0.0,0.0583,0.003547,9.534,2,0
S047,21,S047_021.wav,S047_021_mel.npy,අපි ඊළඟ දවසේ තවත් සෙල්ලමක් කරමු,අපි ඊලග දවසේ තවත්සෙන්ලමක් කරමු,0.5,0.0769,0,2,long,4.011,3.616,1,0.192,0.0708,0.005496,7.19,2,1
S047,22,S047_022.wav,S047_022_mel.npy,මේ සිහින අප නින්දේ දී දකින සිහින නම් නොවේ,මේ සිහින අත නින් දේදී දකින සිහින නම් නොවේ.,0.3333,0.0303,0,1,long,5.461,4.629,1,0.288,0.0602,0.00332,7.128,2,1
S047,23,S047_023.wav,S047_023_mel.npy,ඇගේ ගම ගිංතොට ය,ඇගෙ ගම ගිල් තොටය,0.75,0.25,1,2,short,2.965,2.485,1,0.48,0.0635,0.005352,4.828,2,0
S047,24,S047_024.wav,S047_024_mel.npy,මේ පුංචි දැරිය ඇගේ ප්‍රියතම වැඩිහිටි නෑදෑයා ගැන පසු කලෙක එසේ කීවාය,මේ පුංචි දොරිය ඇගේ පියතම වැඩිහිටි නෑ දෑ යා දෙන පසු කලය. කලයෙක එසේ කීවාය.,0.6667,0.1818,1,2,long,9.643,8.811,4,0.192,0.0746,0.004133,6.242,2,1
S047,25,S047_025.wav,S047_025_mel.npy,පින්තූර මගින් කතා කීම ඈත කාලයේ සිට පැවත එන ක්‍රමයකි,ඉන්දූව මගින් කතා කීම ඈත කාලයේ සිට පැවත එන ක්‍රමයකි.,0.1,0.0952,0,1,long,6.699,6.016,2,0.176,0.0769,0.005192,6.981,2,1
S047,26,S047_026.wav,S047_026_mel.npy,මකුළුවා තණ බිස්සේ හැංගුනා,මකුලුවා තන බිස්සේ හැංගුණා.,0.0,0.0,0,0,short,3.179,2.656,0,0.0,0.0711,0.007326,8.283,2,0
S047,27,S047_027.wav,S047_027_mel.npy,එළියේ ලස්සන ගැහැණු ළමයෙක් හිටගෙන හිටියා,එළියේ ලස්ටන ගැහැනු ළමයේ හෙටගෙන හිටියා,0.5,0.1471,1,2,long,4.885,3.989,1,0.352,0.0721,0.003299,8.523,2,1
S047,28,S047_028.wav,S047_028_mel.npy,අතරමගදී ඉතාම භයානක දෙයක් සිදුවුණා,අතර මගදී ඉතාම භයානක දෙයක් සිතුනා,0.6,0.1034,1,2,short,4.587,4.192,1,0.288,0.076,0.003784,6.918,2,0
S047,29,S047_029.wav,S047_029_mel.npy,සර්පයා මහා විශාලෙට කට ඇරියා,සල්පයා මහන්ස් විශාලට කටරියා,1.0,0.3043,1,2,short,4.288,3.584,1,0.352,0.0887,0.005512,6.417,2,0
S047,30,S047_030.wav,S047_030_mel.npy,ටිකක් හිතලා බලන්නකෝ,එකකිකලා බලන්නකෝ,0.6667,0.2941,1,2,short,2.432,1.856,0,0.0,0.0645,0.004929,9.159,2,0
S047,31,S047_031.wav,S047_031_mel.npy,තනියෙන් ලියන්න,තනිමෙන් ලියන්න,0.5,0.0769,0,2,short,2.133,1.824,1,0.192,0.0648,0.006108,7.127,2,0
S047,32,S047_032.wav,S047_032_mel.npy,පස්වැනි ගුණාංගය,පස්සැනි ගුණාදුයි.,1.0,0.2857,1,2,short,1.92,1.824,0,0.0,0.0663,0.008739,7.675,2,0
S047,33,S047_033.wav,S047_033_mel.npy,බරණැස් නුවර සිටුවරයෙක් වාසය කළේය,බර නැස් නිවර සිටුවර් වශය කළේන,1.0,0.25,1,2,short,4.672,4.128,2,0.176,0.0767,0.006208,6.783,2,0
S047,34,S047_034.wav,S047_034_mel.npy,නායකතුමා මෙසේ පිළිතුරු දුන්නේය,නායක සිටුතුමා මෙසේ පිළිතුතුන්නැයි,1.0,0.3333,1,2,short,3.328,3.072,0,0.0,0.0682,0.003784,8.789,2,0
S047,35,S047_035.wav,S047_035_mel.npy,තේරවිලි වර්ග කිහිපයක් තිබේ,තේර විලිව අරුගු කීපයක් තිබේ.,1.0,0.2609,1,2,short,2.411,2.144,0,0.0,0.0656,0.004001,10.728,2,0
S047,36,S047_036.wav,S047_036_mel.npy,අපේ සීයා කතන්දර කීමට සමතෙකි,අපේ සීයා කතන්දර කීමට සමතකිනි.,0.2,0.1304,1,1,short,3.307,3.019,1,0.16,0.0723,0.004143,7.619,2,0
S047,37,S047_037.wav,S047_037_mel.npy,මේ අය අතරමගදී අම්බලමක නතර වුණා,මේ අය අතන මගදී අම්බලමකන අතර වුණා,0.6667,0.08,0,2,long,4.757,3.989,1,0.768,0.0679,0.002527,6.267,2,1
S047,38,S047_038.wav,S047_038_mel.npy,හරි අපූරු කතාවක්,හරි අකූරු කතාවක්,0.3333,0.0714,0,1,short,1.963,1.728,0,0.0,0.0714,0.004869,8.102,2,0
S047,39,S047_039.wav,S047_039_mel.npy,කටුස්සාගේ කරේ රත්තරන් බැන්දා වගෙයි,කටුසාගේ කරේ රතරම් බැන්දා වගේ,0.6,0.2667,1,2,short,3.221,2.976,0,0.0,0.0734,0.00505,10.081,2,0
S047,40,S047_040.wav,S047_040_mel.npy,මුල් ගුරුතුමා කීවේය,මුයුරුතුමා කීවේ.,1.0,0.2353,1,2,short,1.92,1.824,0,0.0,0.0594,0.005595,9.32,2,0
S047,41,S047_041.wav,S047_041_mel.npy,අද පුස්තකාල පන්තියක් කරමු,අද ප්ස්ථකාල පන්තියා කරමු,0.5,0.1364,1,2,short,2.709,2.517,0,0.0,0.0746,0.005406,8.739,2,0
S047,42,S047_042.wav,S047_042_mel.npy,මම ගල්පරයක ඇලී ජීවත් වුනෙමි,මම ගල් පරයක ඇලි ජීවත් තුනෙනි.,0.8,0.1304,1,2,short,4.096,3.616,0,0.0,0.0754,0.004454,6.361,2,0
S047,43,S047_043.wav,S047_043_mel.npy,බෙලි කටුව කතා කරයි,බෙනි කටුව කතාකරයි,0.75,0.0667,0,2,short,3.072,2.496,1,0.448,0.074,0.010014,6.01,2,0
S047,44,S047_044.wav,S047_044_mel.npy,සති අන්තේ නිවාඩුවට බිංදුලා ගමේ ගියා,සතිය අන්තේ මිය දුවට බිඹුලාගමේ ගිය,0.8333,0.2667,1,2,long,3.349,3.2,0,0.0,0.0595,0.003229,9.375,2,1
S047,45,S047_045.wav,S047_045_mel.npy,මොනවාද ඒවායේ නම්,මොනවාදේ ඒ වාරේ නම්,1.0,0.1429,1,2,short,2.048,1.888,0,0.0,0.0574,0.008019,7.415,2,0
S047,46,S047_046.wav,S047_046_mel.npy,නංගි උත්තර දුන්නා,නංගී උත්තර දුන්නා,0.3333,0.0667,0,1,short,1.749,1.557,0,0.0,0.0607,0.007029,9.632,2,0
S047,47,S047_047.wav,S047_047_mel.npy,පාර කියන අත්තම්මා,පාර කියන අත්අම්මක්,0.3333,0.2,1,1,short,1.92,1.76,0,0.0,0.0693,0.008266,8.523,2,0
S047,48,S047_048.wav,S047_048_mel.npy,ඇයගේ කැපවීම පුදුමාකාරය,ඇයගේ තැපවීම පුදුමාකාරය,0.3333,0.05,0,1,short,3.2,2.88,0,0.0,0.0648,0.005205,6.944,2,0
S047,49,S047_049.wav,S047_049_mel.npy,මිනිසාගේ පරම යුතුකම මිනිසාට සේවය කිරීම,මිනිසාගේ පණම යුතුකොම මිනිසාට සේවය කිරීම,0.3333,0.0606,0,1,long,4.693,4.48,0,0.0,0.0688,0.004669,7.366,2,1
S047,50,S047_050.wav,S047_050_mel.npy,අපි මේ වන විට පැය දොළහක් වැඩ කර පැය දොළහක් විවේක ගත්තා,ආපි මේන් වුන විට පැය දොළහක් වැඩ කර පැය දොළහක් විවේක ගන්තක්,0.3333,0.1628,1,1,long,7.531,6.592,3,0.235,0.0718,0.004146,6.523,2,1
S047,51,S047_051.wav,S047_051_mel.npy,අප කවුරුත් පුදුමයට පත්කරමින් ඈට පණ ආවා,අප කවුලුත් පුදුමයට පත් කරමින් ඈ ඈට පමණ ඈට පණ ආවා,0.8571,0.2188,1,2,long,7.275,6.176,2,0.336,0.0769,0.002982,5.181,2,1
S047,52,S047_052.wav,S047_052_mel.npy,සුගන්ධවත් පුෂ්පයෝ අපගේ සොහොයුරියෝය,ස්ගන්ධවත් කුෂ්පයෝ අපගේ සහෝ දරියෝය,1.0,0.1935,1,2,short,4.715,3.904,1,0.192,0.0747,0.006765,7.941,2,0
S047,53,S047_053.wav,S047_053_mel.npy,ගංගාවෝ අපගේ සොහොයුරෝ වෙති,ගංගාවෝ අතගේ සහෝදර යුරෝ වෙතින්,1.0,0.3182,1,2,short,4.288,3.936,0,0.0,0.066,0.0053,5.589,2,0
S047,54,S047_054.wav,S047_054_mel.npy,නංගී මට නොදී කිසිවක් නොකනවා ඇතැයි මට සිතේ,නංගී මට නොදී කිසිවක් නොකෙනවා ඇතැයි මනස්තිතේ,0.375,0.1176,1,1,long,5.696,5.056,2,0.224,0.0624,0.004196,6.725,2,1
S047,55,S047_055.wav,S047_055_mel.npy,නංගි උදේ පාන්දරින්ම නැගිටියි,නගී උදේ පාද්ධලින්ම නැගිටියු,0.75,0.2,1,2,short,3.413,3.029,1,0.288,0.0613,0.003988,8.253,2,0
S047,56,S047_056.wav,S047_056_mel.npy,ඈ මා ගෙදර යන විට අසනු ඇත,ඇය මාව් ගෙදර යනවිට අසනු ඇත.,0.5714,0.2222,1,2,long,4.075,3.296,2,0.272,0.0725,0.004996,5.461,2,1
S047,57,S047_057.wav,S047_057_mel.npy,ගොවිතැන සඳහා භාවිත වන උපකරණ එකින් එක විස්තර කරද්දී ළමයි සාවධානව අසා සිටියහ,ගොවිටන සඩහා භාළිතා බෙන උපකරනයකින් නෙකුස්තර කරද්දී ළමයි සාවධානවයි අස්සිටියෝහ.,0.8462,0.2581,1,2,long,9.877,8.533,4,0.208,0.0743,0.003338,7.266,2,1
S047,58,S047_058.wav,S047_058_mel.npy,ළමයි පොල්තෙල් හිඳීමට භාවිත කරන සෙක්කුව අසලට රැස් වූහ,ළමයි පොල් තෙල් ඇදීමට භාවිතා කර සෙකු අසලට රැස්වූය.,0.8889,0.2045,1,2,long,7.168,6.176,2,0.4,0.0793,0.005255,7.124,2,1
S047,59,S047_059.wav,S047_059_mel.npy,ඒ ගොල්ලන්ට අලුත් ක්‍රමයක් හොයා ගන්න වෙනවා,ඒ ගොල්ලන්ට අලු කොමයක් පොයා ගන්නා ගනා වෙනා,0.8571,0.3143,1,2,long,5.952,5.12,2,0.24,0.0714,0.004665,6.836,2,1
S047,60,S047_060.wav,S047_060_mel.npy,බොහෝ දෙනෙක් මම එනතුරු බලා ගෙන හිටියා,බොහෝ දෙනෙක් මම එන තුරු බලා ගෙන හිටියා,0.2857,0.0,0,1,long,4.011,3.627,1,0.288,0.0657,0.004735,8.272,2,1
S047,61,S047_061.wav,S047_061_mel.npy,මට ආරංචි වුණා රජතුමාගේ ගුහාව ළඟ අනතුරක් කියලා,මට ආරංචි මුණා ගෘතුමාගේ බුහාවලග අනතූරා කියලා,0.625,0.2105,1,2,long,6.08,5.312,1,0.384,0.0747,0.002756,7.154,2,1
S047,62,S047_062.wav,S047_062_mel.npy,පැය අටකට පසු ඔවුන්ට පියාපත් සලන හඬක් ඇසිණි,පැට්ටහය අටකොට පසු ඔවුන්ට පියාපත් සලනු හඩක් ඇසුලි,0.625,0.2571,1,2,long,7.445,6.592,1,0.16,0.0839,0.004921,5.309,2,1
S047,63,S047_063.wav,S047_063_mel.npy,මිනිසුන් ගැන විස්තර දැනගන්න බොහෝ ක්‍රම තියෙනවා,මිනිසුන් ජැනවිස්තර දැනගන්න බොහෝ ක්‍රම තියනවා.,0.4286,0.05,0,2,long,4.907,4.256,1,0.16,0.0719,0.004856,9.398,2,1
S047,64,S047_064.wav,S047_064_mel.npy,ඔබට දින හතරක් දෙමි,ඔබට දින හතරක් දෙමින්,0.25,0.1333,1,1,short,2.496,2.304,0,0.0,0.0717,0.006401,6.51,2,0
S047,65,S047_065.wav,S047_065_mel.npy,ඇදුරුතුමා බෙහෙවින් සතුටට පත් විය,ඇදුරුතුමා බෙහෙරින් සතුටට පත් වූය.,0.4,0.0714,0,1,short,3.627,3.115,2,0.224,0.0809,0.003411,8.99,2,0
S047,66,S047_066.wav,S047_066_mel.npy,ඔබට පේන්නේ කුමක්දැයි මම ඇසුවෙමි,ඔබට පේර්ණේ කුමක්දැයි මම ඇසුවෙමු,0.4,0.0741,0,1,short,4.608,3.872,1,0.672,0.0847,0.003132,6.973,2,0
S047,67,S047_067.wav,S047_067_mel.npy,මෙතැන තමයි හොඳම තැන,මෙතෑන් තමයි හොදම තන,0.75,0.25,1,2,short,3.051,2.688,1,0.256,0.0643,0.005138,5.952,2,0
S047,68,S047_068.wav,S047_068_mel.npy,ඇය කාචය සකස් කර නැවත බැලූවාය,ඇය කාචේ සකස්කරු නැවත බැලුවාල,0.6667,0.1739,1,2,long,5.675,4.768,2,0.224,0.0837,0.005167,4.824,2,1
S048,1,S048_001.wav,S048_001_mel.npy,යාළුවෝ හැමදෙනාම නිදහස් උත්සවය බැලුවා,යළුවා හැමදෙනාම නිදහස් උත්සය බැලුවා,0.4,0.0938,0,1,short,2.752,2.592,0,0.0,0.0874,0.004656,12.346,2,0
S048,2,S048_002.wav,S048_002_mel.npy,කවිඳු යාළුවොත් එක්ක මිදුලේ සෙල්ලම් කරමින් සිටියා,කවදේ ආලුවත් ඇතුමි ඉදරේ සෙල්ලම් කරමේ සිටියි.,0.8571,0.4048,2,2,long,3.072,2.848,0,0.0,0.0919,0.001471,14.747,2,1
S048,3,S048_003.wav,S048_003_mel.npy,අපේ රටේ නිදහස් උත්සවය,අපේ රටේරි න්දහත් වෙචෝ,0.75,0.5556,2,2,short,1.92,1.856,0,0.0,0.0919,0.004239,9.698,2,0
S048,4,S048_004.wav,S048_004_mel.npy,මම කෝෂය ඇතුලේ සති දෙකක් විතර හිටියා,මම කෝෂය ඇතුළේ සත්තෙකක් වෙතර හිතියක්,0.5714,0.2069,1,2,long,3.328,3.104,0,0.0,0.1155,0.002187,9.343,2,1
S048,5,S048_005.wav,S048_005_mel.npy,පොත් කියවීමෙන් මිනිසා සම්පූර්ණ වේ,පොත් කිය වීමෙන් මන්සා සකුවර්ණ වෙයි.,1.0,0.3103,1,2,short,2.475,2.24,0,0.0,0.0808,0.005458,12.946,2,0
S048,6,S048_006.wav,S048_006_mel.npy,මුහුද හරිම ලස්සනයි,මූඳ හරිම ලස්සම,0.6667,0.4375,2,2,short,1.685,1.312,0,0.0,0.0826,0.003308,12.195,2,0
S048,7,S048_007.wav,S048_007_mel.npy,හැමෝම එකට අත් අල්ලා ගන්න,හැමෝම එකට අත්කල්ලා මන්න,0.6,0.1,0,2,short,2.432,2.208,0,0.0,0.087,0.003687,9.058,2,0
S048,8,S048_008.wav,S048_008_mel.npy,මම එහෙනම් නාගෙන එන්නම්,මම හෙනම් නාගෙන එන්ම,0.5,0.1579,1,2,short,1.963,1.728,0,0.0,0.0774,0.00327,10.995,2,0
S048,9,S048_009.wav,S048_009_mel.npy,අපි අද පොල් කැඩුවා,අපි අද පොල් කැඩුව,0.25,0.0667,0,1,short,1.664,1.376,0,0.0,0.0781,0.006072,10.901,2,0
S048,10,S048_010.wav,S048_010_mel.npy,"ඇයි හිනා වෙන්නේ, මට රජ වෙන්න බැරිද",ඇයි ඉනා වෙන්නේ මමර එන්න බැයි ද?,0.7143,0.2593,1,2,long,3.477,3.093,1,0.256,0.0763,0.002878,9.052,2,1
S048,11,S048_011.wav,S048_011_mel.npy,දුව සටහන් පොතේ මොනවාද ලියා ගත්තේ,දුව සටන් පොතේ නොනවද ලියාගත්වේ.,0.6667,0.1481,1,2,long,2.816,2.688,0,0.0,0.0881,0.005272,10.045,2,1
S048,12,S048_012.wav,S048_012_mel.npy,ඉතින් මෙච්චර පරක්කු වුනේ ඇයි,ඉතින් මෙචර පරක් වුණේ,0.6,0.2917,1,2,short,2.24,2.144,0,0.0,0.0966,0.005582,11.194,2,0
S048,13,S048_013.wav,S048_013_mel.npy,දවසක් අම්මා අශ්ව පැටියාගෙන් උදව්වක් ඉල්ලුවා,දවසකාම්මා අශ්වපැටයාට උදව්වක් ඉල්වා,0.8333,0.2368,1,2,long,3.968,3.68,1,0.192,0.1039,0.002126,10.326,2,1
S048,14,S048_014.wav,S048_014_mel.npy,ඔය ගඟ හරි ගැඹුරුයි,ඔයාතුන්ගහ ගැඹුරුයි,0.75,0.4667,2,2,short,1.749,1.536,0,0.0,0.0737,0.007967,9.766,2,0
S048,15,S048_015.wav,S048_015_mel.npy,අශ්ව පැටියා ඉක්මනින් ගෙදර එනවා දැකලා අම්මා පුදුම වුනා,අශ්ව පැටියා ඉක්මැනින් ගෙත්ට අම්මා දැකල අම්මා පුද්ම වුණා.,0.5556,0.2222,1,2,long,4.693,3.989,2,0.304,0.1036,0.004009,11.28,2,1
S048,16,S048_016.wav,S048_016_mel.npy,"සිටුතුමනි, අපට අනුකම්පා කරනු මැනවි",සිටතුම නිමම අනුකම් මට අනුකම්පා කරලා කරනු මැනවි.,1.0,0.4483,2,2,short,5.141,4.608,0,0.0,0.0943,0.004566,6.51,2,0
S048,17,S048_017.wav,S048_017_mel.npy,බරෙන් වැඩි වන්නේ ගසක මුල කොටසද,බර් බරරෙන් අයිටිම එන්නෙ ගසක් මුල කොටස ද,1.0,0.48,2,2,long,4.117,3.477,1,0.64,0.1038,0.00278,7.189,2,1
S048,18,S048_018.wav,S048_018_mel.npy,රයිට් සහෝදරයන්ගේ පියා ඔවුන් පුංචිකාලයේ දී කඩදාසි සහ රබර් පටිවලින් සෙල්ලම් අහස් යානා තනා දුන්නේය,රයිත් සහෝතරයන්ගේ පියා ඔවුන් පුංචි කලයගේ කටදා සිහා රබර් පටිවලින් සෙල්ලම් හග්‍යානයක් තලාග දුන්නේය.,0.6,0.2099,1,2,long,10.219,9.344,2,0.256,0.0908,0.002106,8.669,2,1
S048,19,S048_019.wav,S048_019_mel.npy,පසු කලෙක ඔවුහු බයිසිකල් වැඩ වැඩපොළක් ඇරඹූහ,පසු කාලයේදී ඔහු ඔහු භයිසි කලෙන් වැටපොලක් වැටපුලක් කරන්පුවේය.,1.0,0.6944,2,2,long,5.696,5.184,0,0.0,0.0961,0.00242,6.944,2,1
S048,20,S048_020.wav,S048_020_mel.npy,දැන් හැමෝම වාඩිවෙන්න,දැන් හැම්ම වාදිවෙන,0.6667,0.2222,1,2,short,1.856,1.536,1,0.16,0.0863,0.00262,11.719,2,0
S048,21,S048_021.wav,S048_021_mel.npy,අපි ඊළඟ දවසේ තවත් සෙල්ලමක් කරමු,ඒල අපි එල්ලක දම්සේ තවත් යළනක්කමු,0.8333,0.5385,2,2,long,2.944,2.752,0,0.0,0.088,0.001509,9.448,2,1
S048,22,S048_022.wav,S048_022_mel.npy,මේ සිහින අප නින්දේ දී දකින සිහින නම් නොවේ,මේ මේ හිනෙන අපි ඉඳදකින සිහින මෙයි නම් නොවේ,0.6667,0.4545,2,2,long,5.483,4.651,2,0.32,0.1075,0.00143,7.096,2,1
S048,23,S048_023.wav,S048_023_mel.npy,ඇගේ ගම ගිංතොට ය,ඇරගේ ගමකින්තට,1.0,0.5,2,2,short,1.707,1.547,0,0.0,0.084,0.002834,7.759,2,0
S048,24,S048_024.wav,S048_024_mel.npy,මේ පුංචි දැරිය ඇගේ ප්‍රියතම වැඩිහිටි නෑදෑයා ගැන පසු කලෙක එසේ කීවාය,මේ පුන්ත්සි දැරියා අපේ ප්‍රියතම පැටිටියන් නැදෑයන් ගැන පසු කළන එසේ කීවයි.,0.5833,0.3818,2,2,long,6.592,5.888,2,0.176,0.092,0.002322,9.341,2,1
S048,25,S048_025.wav,S048_025_mel.npy,පින්තූර මගින් කතා කීම ඈත කාලයේ සිට පැවත එන ක්‍රමයකි,පින්තූරමගෙන් කතා කිරීම ඈත කත්ෂේ ගාලේ සිට පැවැති එය ප්‍රියතන්,0.8,0.4048,2,2,long,5.995,5.035,3,0.181,0.0967,0.005793,8.342,2,1
S048,26,S048_026.wav,S048_026_mel.npy,මකුළුවා තණ බිස්සේ හැංගුනා,මමකුළුවත් අනුවිස්ස එහෙංගුණ,1.0,0.4091,2,2,short,1.792,1.792,0,0.0,0.1396,0.004017,12.277,2,0
S048,27,S048_027.wav,S048_027_mel.npy,එළියේ ලස්සන ගැහැණු ළමයෙක් හිටගෙන හිටියා,එළියේ සිලම් ලසනන ලැනු ලමේ සිටගෙන සිටියා,1.0,0.3824,2,2,long,5.355,4.619,2,0.32,0.1038,0.004706,7.361,2,1
S048,28,S048_028.wav,S048_028_mel.npy,අතරමගදී ඉතාම භයානක දෙයක් සිදුවුණා,අතර මැගිතියේ තාම භයානික දෙයක්සිත වුණා,1.0,0.3103,1,2,short,2.816,2.688,0,0.0,0.079,0.001816,10.789,2,0
S048,29,S048_029.wav,S048_029_mel.npy,සර්පයා මහා විශාලෙට කට ඇරියා,සර්පයෙක් මහා විශාලයෙන් කටාරියක්,0.8,0.3913,2,2,short,2.411,2.272,0,0.0,0.0878,0.003649,10.123,2,0
S048,30,S048_030.wav,S048_030_mel.npy,ටිකක් හිතලා බලන්නකෝ,ටිකක් ඉතරා බලන්නකෝ තම්,0.6667,0.3529,2,2,short,1.749,1.589,0,0.0,0.0812,0.002225,10.696,2,0
S048,31,S048_031.wav,S048_031_mel.npy,තනියෙන් ලියන්න,අන්යම රියන්න,1.0,0.4615,2,2,short,1.195,0.992,0,0.0,0.0579,0.004574,13.105,2,0
S048,32,S048_032.wav,S048_032_mel.npy,පස්වැනි ගුණාංගය,පස් එනි ගුළාංක,1.0,0.3571,2,2,short,1.451,1.28,0,0.0,0.0832,0.004059,10.938,2,0
S048,33,S048_033.wav,S048_033_mel.npy,බරණැස් නුවර සිටුවරයෙක් වාසය කළේය,බරණැස් නොවර තුරේ පහසේ කළා.,0.8,0.5,2,2,short,2.901,2.496,1,0.192,0.0989,0.003843,11.218,2,0
S048,34,S048_034.wav,S048_034_mel.npy,නායකතුමා මෙසේ පිළිතුරු දුන්නේය,නායක සිටුතුමනි මෙය මෙසේ පිළිතුර දුන්නත්,1.0,0.4444,2,2,short,4.139,3.659,2,0.208,0.1035,0.002277,7.38,2,0
S048,35,S048_035.wav,S048_035_mel.npy,තේරවිලි වර්ග කිහිපයක් තිබේ,තේරවිලි පර්කකි හිපයක් තිබේ.,0.5,0.087,0,2,short,2.261,1.973,1,0.256,0.0771,0.003947,11.655,2,0
S048,36,S048_036.wav,S048_036_mel.npy,අපේ සීයා කතන්දර කීමට සමතෙකි,අපේ සිහියා කතන්දර කීමට සමැතෙකි.,0.4,0.1739,1,1,short,2.496,2.432,0,0.0,0.1035,0.002444,9.457,2,0
S048,37,S048_037.wav,S048_037_mel.npy,මේ අය අතරමගදී අම්බලමක නතර වුණා,අපි මේ අය අතරමකදී අම්බලමක නතර වුනා,0.3333,0.16,1,1,long,4.075,3.787,1,0.288,0.0992,0.001134,6.602,2,1
S048,38,S048_038.wav,S048_038_mel.npy,හරි අපූරු කතාවක්,හරි අපූරු කතාව,0.3333,0.1429,1,1,short,1.152,1.152,0,0.0,0.069,0.003878,12.153,2,0
S048,39,S048_039.wav,S048_039_mel.npy,කටුස්සාගේ කරේ රත්තරන් බැන්දා වගෙයි,කට්සාගේක රෙරහතර දංවගේ,1.0,0.5,2,2,short,2.517,2.336,0,0.0,0.1033,0.003348,12.842,2,0
S048,40,S048_040.wav,S048_040_mel.npy,මුල් ගුරුතුමා කීවේය,මොල් ගරතමා කීවේය.,0.6667,0.2353,1,2,short,2.005,1.888,0,0.0,0.0916,0.00701,9.004,2,0
S048,41,S048_041.wav,S048_041_mel.npy,අද පුස්තකාල පන්තියක් කරමු,අද පුස්ත කාලය පන්තියක් කරුම,0.75,0.1364,1,2,short,2.091,1.952,0,0.0,0.0836,0.003764,11.27,2,0
S048,42,S048_042.wav,S048_042_mel.npy,මම ගල්පරයක ඇලී ජීවත් වුනෙමි,ගමම ගල්පල් එයක් ඇලී ජීවත් වුනෙමි.,0.6,0.2174,1,2,short,3.733,3.616,0,0.0,0.0996,0.004381,6.361,2,0
S048,43,S048_043.wav,S048_043_mel.npy,බෙලි කටුව කතා කරයි,බේද්කටව තතා කැකෙන්නේ,1.0,0.8,2,2,short,1.792,1.6,0,0.0,0.0995,0.005234,9.375,2,0
S048,44,S048_044.wav,S048_044_mel.npy,සති අන්තේ නිවාඩුවට බිංදුලා ගමේ ගියා,සතියන්තයෙන් නිමාඩවෙබින් ගෙදර ගියා,0.8333,0.5333,2,2,long,3.008,2.496,1,0.192,0.0937,0.003404,12.019,2,1
S048,45,S048_045.wav,S048_045_mel.npy,මොනවාද ඒවායේ නම්,මොනවද ඒ වායේ නම්,1.0,0.0714,0,2,short,2.176,2.048,0,0.0,0.0948,0.004024,6.836,2,0
S048,46,S048_046.wav,S048_046_mel.npy,නංගි උත්තර දුන්නා,නංගේ උතර දොන්නා,1.0,0.2667,1,2,short,1.429,1.28,0,0.0,0.0717,0.004008,11.719,2,0
S048,47,S048_047.wav,S048_047_mel.npy,පාර කියන අත්තම්මා,පාර කියන අතම්ම.,0.3333,0.2,1,1,short,1.749,1.376,0,0.0,0.0986,0.003059,10.901,2,0
S048,48,S048_048.wav,S048_048_mel.npy,ඇයගේ කැපවීම පුදුමාකාරය,ඇයගේ කැපෙයෙන් පුදුමා කාරක්,1.0,0.35,1,2,short,1.941,1.813,0,0.0,0.0806,0.001693,11.029,2,0
S048,49,S048_049.wav,S048_049_mel.npy,මිනිසාගේ පරම යුතුකම මිනිසාට සේවය කිරීම,මිනිසාගේ පරම යුතුකම මිනිසාට සේවය කිරිම,0.1667,0.0303,0,1,long,4.864,4.32,2,0.24,0.0995,0.002057,7.639,2,1
S048,50,S048_050.wav,S048_050_mel.npy,අපි මේ වන විට පැය දොළහක් වැඩ කර පැය දොළහක් විවේක ගත්තා,අපි අපි මේ වන විට අපැය දුළහක වැඩ කරන පැය දුළහක් විවේකයක් අත්තා,0.5833,0.2791,1,2,long,7.104,6.048,2,0.432,0.092,0.001744,7.11,2,1
S048,51,S048_051.wav,S048_051_mel.npy,අප කවුරුත් පුදුමයට පත්කරමින් ඈට පණ ආවා,අපි කවුරුත් පුතමයම් උපත් කරමින් ඈට පනාවක්,0.8571,0.2812,1,2,long,5.269,4.192,1,0.8,0.106,0.002078,7.634,2,1
S048,52,S048_052.wav,S048_052_mel.npy,සුගන්ධවත් පුෂ්පයෝ අපගේ සොහොයුරියෝය,සුගන්ද ඇන්පු පුෂ්පයෝ අපගේ මිතුරෝය ගැහි,1.0,0.4516,2,2,short,4.629,3.797,2,0.416,0.0906,0.003625,8.164,2,0
S048,53,S048_053.wav,S048_053_mel.npy,ගංගාවෝ අපගේ සොහොයුරෝ වෙති,ගංගාවේ අපකේ ස්වයුරවාය තිබ්,1.0,0.4545,2,2,short,2.539,2.368,0,0.0,0.0919,0.004548,9.291,2,0
S048,54,S048_054.wav,S048_054_mel.npy,නංගී මට නොදී කිසිවක් නොකනවා ඇතැයි මට සිතේ,නගී මට නොද කිසිම දෙයක් නොකියා ඇය සිත් ඇයට් ස්ථා ගත්තේය.,1.0,0.6765,2,2,long,5.888,4.864,4,0.208,0.1043,0.002438,6.99,2,1
S048,55,S048_055.wav,S048_055_mel.npy,නංගි උදේ පාන්දරින්ම නැගිටියි,මානන්ගේ උදෙන්ම නැගින්ටේය,1.0,0.64,2,2,short,3.029,2.613,1,0.288,0.0959,0.003445,9.566,2,0
S048,56,S048_056.wav,S048_056_mel.npy,ඈ මා ගෙදර යන විට අසනු ඇත,එය මතකෙතර යන විට අසනුවත,0.7143,0.3333,1,2,long,3.819,3.296,1,0.352,0.1247,0.004904,5.461,2,1
S048,57,S048_057.wav,S048_057_mel.npy,ගොවිතැන සඳහා භාවිත වන උපකරණ එකින් එක විස්තර කරද්දී ළමයි සාවධානව අසා සිටියහ,දෝවිතාන්න සඳහාග් වාවිතාවන උපකරන එකෙනෙකට එක විස්තර කරනත්ති ළමයි සක්‍රතානයක අසා සිටියහ.,0.5385,0.3871,2,2,long,8.832,8.192,3,0.181,0.0955,0.003218,7.568,2,1
S048,58,S048_058.wav,S048_058_mel.npy,ළමයි පොල්තෙල් හිඳීමට භාවිත කරන සෙක්කුව අසලට රැස් වූහ,ළමයි පොල් තෙල් ඊදීමට භාවිතා කරන සෙක්ව අසලක රැස්වූව,0.8889,0.1818,1,2,long,6.144,5.184,3,0.309,0.0882,0.002691,8.488,2,1
S048,59,S048_059.wav,S048_059_mel.npy,ඒ ගොල්ලන්ට අලුත් ක්‍රමයක් හොයා ගන්න වෙනවා,ඒ ගොල්ලන්ට අමිතු ක්‍රමයක් කොයා ගලන වෙනවා.,0.4286,0.1714,1,2,long,3.712,3.296,1,0.224,0.0881,0.005311,10.619,2,1
S048,60,S048_060.wav,S048_060_mel.npy,බොහෝ දෙනෙක් මම එනතුරු බලා ගෙන හිටියා,බොහෝ දෙනෙක් මම නැතුරු බලාසිටිය,0.5714,0.2333,1,2,long,2.347,2.112,0,0.0,0.0846,0.002277,14.205,2,1
S048,61,S048_061.wav,S048_061_mel.npy,මට ආරංචි වුණා රජතුමාගේ ගුහාව ළඟ අනතුරක් කියලා,මම ආරණය.මට ආරණන්චි වුණා රජටුමාගේ ගුහාව ලගානතුරක් කියල.,0.875,0.3421,1,2,long,4.8,4.416,1,0.224,0.0916,0.002762,8.605,2,1
S048,62,S048_062.wav,S048_062_mel.npy,පැය අටකට පසු ඔවුන්ට පියාපත් සලන හඬක් ඇසිණි,පැය අටගට පසු ඔහුන්ගේ පියාපත් සලන් හඬක් ඇසි,0.5,0.2,1,2,long,4.565,3.808,1,0.256,0.1196,0.003722,9.191,2,1
S048,63,S048_063.wav,S048_063_mel.npy,මිනිසුන් ගැන විස්තර දැනගන්න බොහෝ ක්‍රම තියෙනවා,මිනසින් ගැන විස්තර කරන ගනැ ගන්න බොහෝ ක්‍රමතියනව.,0.8571,0.225,1,2,long,5.781,5.088,2,0.224,0.0941,0.002755,7.862,2,1
S048,64,S048_064.wav,S048_064_mel.npy,ඔබට දින හතරක් දෙමි,මම් ඔබට දින හතරක් දෙමි,0.25,0.2,1,1,short,2.347,2.112,0,0.0,0.0812,0.003252,7.102,2,0
S048,65,S048_065.wav,S048_065_mel.npy,ඇදුරුතුමා බෙහෙවින් සතුටට පත් විය,ගොව ඇතුරු තුමාම් විප්‍යෙහෙවින් සතුටට පත් විය.,0.8,0.4286,2,2,short,3.627,3.264,0,0.0,0.0865,0.003079,8.578,2,0
S048,66,S048_066.wav,S048_066_mel.npy,ඔබට පේන්නේ කුමක්දැයි මම ඇසුවෙමි,ඔවුන් පෙනෙන්නේ කුමක්දැයි මම සිත් ඇසුවෙමි,0.6,0.4074,2,2,short,3.413,3.029,1,0.288,0.0973,0.003614,8.913,2,0
S048,67,S048_067.wav,S048_067_mel.npy,මෙතැන තමයි හොඳම තැන,එතැන විතැන සිට තමන් හොඳම තැන,1.0,0.6875,2,2,short,4.416,4.064,1,0.224,0.0972,0.003279,3.937,2,0
S048,68,S048_068.wav,S048_068_mel.npy,ඇය කාචය සකස් කර නැවත බැලූවාය,එය කාචෙය සකස් කර නැමත බැලුවාය,0.6667,0.1739,1,2,long,5.909,4.896,1,0.672,0.1022,0.003039,4.698,2,1
S049,1,S049_001.wav,S049_001_mel.npy,යාළුවෝ හැමදෙනාම නිදහස් උත්සවය බැලුවා,යාළුවෝ හැමුදෙනාම නිදක් පැර්වා,0.8,0.375,2,2,short,3.413,2.272,2,0.496,0.0758,0.005128,14.085,2,0
S049,2,S049_002.wav,S049_002_mel.npy,කවිඳු යාළුවොත් එක්ක මිදුලේ සෙල්ලම් කරමින් සිටියා,කවිදු ආළුවොත් එක් මිදොළෙක් ලක් ප්‍රමින් සිටියා,0.8571,0.2857,1,2,long,3.712,2.816,1,0.192,0.0788,0.007361,14.915,2,1
S049,3,S049_003.wav,S049_003_mel.npy,අපේ රටේ නිදහස් උත්සවය,අපේ එයට නිදාත්‍ය එනවේ,0.75,0.5556,2,2,short,2.197,1.696,0,0.0,0.0755,0.004366,10.613,2,0
S049,4,S049_004.wav,S049_004_mel.npy,මම කෝෂය ඇතුලේ සති දෙකක් විතර හිටියා,මම කෝට්‍රයේ තුයේ සති දෙකක්තර ඉඩියා,0.7143,0.3793,2,2,long,3.285,2.592,1,0.16,0.0854,0.003445,11.188,2,1
S049,5,S049_005.wav,S049_005_mel.npy,පොත් කියවීමෙන් මිනිසා සම්පූර්ණ වේ,පොත් කියවීමෙන් මේසා තක්න්වේ,0.6,0.3103,1,2,short,2.645,2.24,0,0.0,0.0883,0.00435,12.946,2,0
S049,6,S049_006.wav,S049_006_mel.npy,මුහුද හරිම ලස්සනයි,මුහුදහටිම ලක්සනයි,1.0,0.125,1,2,short,1.771,1.312,0,0.0,0.072,0.00306,12.195,2,0
S049,7,S049_007.wav,S049_007_mel.npy,හැමෝම එකට අත් අල්ලා ගන්න,ඇමෝම එකටත් තල්ලා ගන්න,0.8,0.2,1,2,short,2.347,1.856,0,0.0,0.0887,0.005738,10.776,2,0
S049,8,S049_008.wav,S049_008_mel.npy,මම එහෙනම් නාගෙන එන්නම්,මම එනම් නම් ගෙන එන්නම්,0.75,0.2105,1,2,short,2.112,1.632,0,0.0,0.0694,0.004705,11.642,2,0
S049,9,S049_009.wav,S049_009_mel.npy,අපි අද පොල් කැඩුවා,අපි අද පොල් ඇඩුව,0.25,0.2,1,1,short,1.984,1.44,0,0.0,0.0912,0.00744,10.417,2,0
S049,10,S049_010.wav,S049_010_mel.npy,"ඇයි හිනා වෙන්නේ, මට රජ වෙන්න බැරිද",ඇයි හිනාවෙන්නෙ මට රජ වෙන්න බැරිද?,0.2857,0.037,0,1,long,3.136,2.56,0,0.0,0.0998,0.004961,10.938,2,1
S049,11,S049_011.wav,S049_011_mel.npy,දුව සටහන් පොතේ මොනවාද ලියා ගත්තේ,දුව සඩහන්පොතේ මොනොවේ දියාගත්තේ,0.8333,0.1481,1,2,long,3.072,2.592,0,0.0,0.0855,0.003617,10.417,2,1
S049,12,S049_012.wav,S049_012_mel.npy,ඉතින් මෙච්චර පරක්කු වුනේ ඇයි,තිබ් එත්චර පරක්මු නේයැයි,1.0,0.4167,2,2,short,2.475,1.792,0,0.0,0.0929,0.006343,13.393,2,0
S049,13,S049_013.wav,S049_013_mel.npy,දවසක් අම්මා අශ්ව පැටියාගෙන් උදව්වක් ඉල්ලුවා,දවසකම් ආශ්‍රකයිනු දවවා කිලුවා,1.0,0.5526,2,2,long,3.605,2.912,1,0.32,0.1069,0.004452,13.049,2,1
S049,14,S049_014.wav,S049_014_mel.npy,ඔය ගඟ හරි ගැඹුරුයි,වේගංග හරි ගැඹුරුයි,0.5,0.2667,1,2,short,1.963,1.504,0,0.0,0.0795,0.004355,9.973,2,0
S049,15,S049_015.wav,S049_015_mel.npy,අශ්ව පැටියා ඉක්මනින් ගෙදර එනවා දැකලා අම්මා පුදුම වුනා,ප්‍රශ්‍ර පැටියා ඉග්‍රයින් කෙදරෙන්න දැක්සා ප්‍රමවුණා,0.8889,0.4889,2,2,long,4.309,3.04,1,0.416,0.0738,0.003265,14.803,2,1
S049,16,S049_016.wav,S049_016_mel.npy,"සිටුතුමනි, අපට අනුකම්පා කරනු මැනවි",සිතුතුරණිය ඔබ අපට අනුකම්පා කරනු මැනවි.,0.4,0.1724,1,1,short,4.224,3.488,1,0.352,0.0909,0.004268,8.601,2,0
S049,17,S049_017.wav,S049_017_mel.npy,බරෙන් වැඩි වන්නේ ගසක මුල කොටසද,බරින් වැඩි වන්නේ ගස්ත මුලකොට සද,0.6667,0.12,1,2,long,2.795,2.4,0,0.0,0.0872,0.008221,10.417,2,1
S049,18,S049_018.wav,S049_018_mel.npy,රයිට් සහෝදරයන්ගේ පියා ඔවුන් පුංචිකාලයේ දී කඩදාසි සහ රබර් පටිවලින් සෙල්ලම් අහස් යානා තනා දුන්නේය,රයිට් සහෝදරයන්ගේම් පියා ඔවුන් උන්සාලයේදී පඩදාත් සහ රබල් පටිවරි ප්‍යක්තනා දුන්නේය.,0.6667,0.3457,1,2,long,9.835,6.411,7,0.398,0.0966,0.00304,12.635,2,1
S049,20,S049_020.wav,S049_020_mel.npy,දැන් හැමෝම වාඩිවෙන්න,නැමම වාඩි වෙන්න,1.0,0.2778,1,2,short,1.856,1.44,0,0.0,0.0744,0.003483,12.5,2,0
S049,21,S049_021.wav,S049_021_mel.npy,අපි ඊළඟ දවසේ තවත් සෙල්ලමක් කරමු,අපි රඟදවස තවත්ස එළමක්‌කරමු.,0.8333,0.2692,1,2,long,2.795,2.336,0,0.0,0.0938,0.006521,11.13,2,1
S049,22,S049_022.wav,S049_022_mel.npy,මේ සිහින අප නින්දේ දී දකින සිහින නම් නොවේ,මේ සිහින පෙයි නින්දේදීය දකින සිහින නම් නොවේ.,0.3333,0.1515,1,1,long,3.52,3.2,0,0.0,0.0928,0.006389,10.312,2,1
S049,23,S049_023.wav,S049_023_mel.npy,ඇගේ ගම ගිංතොට ය,ඇගේ ගම ගින් ගින් තොටය.,0.75,0.5,2,2,short,3.051,2.624,0,0.0,0.0866,0.0065,4.573,2,0
S049,24,S049_024.wav,S049_024_mel.npy,මේ පුංචි දැරිය ඇගේ ප්‍රියතම වැඩිහිටි නෑදෑයා ගැන පසු කලෙක එසේ කීවාය,මේ පුණ්චිදරිය ඇගී ප්‍රියතුනු වැඩියටි නෑදා යාගෙනුන් පස් කලක එසේ කීවාය.,0.75,0.2909,1,2,long,5.419,4.96,0,0.0,0.0872,0.002204,11.089,2,1
S049,25,S049_025.wav,S049_025_mel.npy,පින්තූර මගින් කතා කීම ඈත කාලයේ සිට පැවත එන ක්‍රමයකි,පින්තූර මගින්සා කීමෙන් හෑත කාලයේ ත්ට ප්‍රවෙත්ත එන ප්‍රමයෙකී,0.7,0.4286,2,2,long,6.229,4.245,5,0.288,0.0894,0.006661,9.893,2,1
S049,26,S049_026.wav,S049_026_mel.npy,මකුළුවා තණ බිස්සේ හැංගුනා,ඉමකුවා තන පිස්සේ හෙංගුණ,0.75,0.2727,1,2,short,2.304,2.08,0,0.0,0.0758,0.005675,10.577,2,0
S049,27,S049_027.wav,S049_027_mel.npy,එළියේ ලස්සන ගැහැණු ළමයෙක් හිටගෙන හිටියා,එදිය රස්තනි ඇනුරම් එක්ටගෙන ඉයා,1.0,0.5,2,2,long,3.008,2.336,1,0.16,0.0779,0.007513,14.555,2,1
S049,28,S049_028.wav,S049_028_mel.npy,අතරමගදී ඉතාම භයානක දෙයක් සිදුවුණා,තර මගති තම් භයානක දෙයක් දුදු වුණා,1.0,0.2759,1,2,short,3.712,2.592,1,0.384,0.098,0.005375,11.188,2,0
S049,29,S049_029.wav,S049_029_mel.npy,සර්පයා මහා විශාලෙට කට ඇරියා,සල්පය මග විශාලෙට කටැරියා,0.8,0.2174,1,2,short,4.224,2.752,2,0.464,0.1086,0.005008,8.358,2,0
S049,30,S049_030.wav,S049_030_mel.npy,ටිකක් හිතලා බලන්නකෝ,ටිකක් ඉතල බලන්නකො,0.6667,0.2353,1,2,short,2.069,1.728,0,0.0,0.0852,0.008223,9.838,2,0
S049,31,S049_031.wav,S049_031_mel.npy,තනියෙන් ලියන්න,සනියෙන් දියන්න,1.0,0.1538,1,2,short,1.813,1.44,0,0.0,0.0728,0.005945,9.028,2,0
S049,32,S049_032.wav,S049_032_mel.npy,පස්වැනි ගුණාංගය,පස්තෙනි ගුණාන්ගේ,1.0,0.3571,2,2,short,2.517,1.664,0,0.0,0.0771,0.006305,8.413,2,0
S049,33,S049_033.wav,S049_033_mel.npy,බරණැස් නුවර සිටුවරයෙක් වාසය කළේය,පරණ්නස් නොන්ටුවරේ ග්‍රවසය කද්ය,1.0,0.5714,2,2,short,3.307,2.464,2,0.176,0.0843,0.005553,11.364,2,0
S049,34,S049_034.wav,S049_034_mel.npy,නායකතුමා මෙසේ පිළිතුරු දුන්නේය,නායක සිටුදු දුමා මෙසේ ප්‍රිසුලු දුන්නේය.,1.0,0.4444,2,2,short,3.072,2.752,0,0.0,0.1378,0.005543,9.811,2,0
S049,35,S049_035.wav,S049_035_mel.npy,තේරවිලි වර්ග කිහිපයක් තිබේ,තෙරවින් වර්ය කිහෙපයක් තිබේ.,0.75,0.2174,1,2,short,2.496,2.08,0,0.0,0.0862,0.005077,11.058,2,0
S049,36,S049_036.wav,S049_036_mel.npy,අපේ සීයා කතන්දර කීමට සමතෙකි,අපේ සියක් තන්දර කීමිට සමතෙකි.,0.6,0.1739,1,2,short,3.285,2.624,1,0.448,0.0961,0.002966,8.765,2,0
S049,37,S049_037.wav,S049_037_mel.npy,මේ අය අතරමගදී අම්බලමක නතර වුණා,මේ අය අතර මඟදී අම්බයුමක නතර වුණා.,0.5,0.12,1,2,long,4.523,3.936,0,0.0,0.0867,0.002872,6.352,2,1
S049,38,S049_038.wav,S049_038_mel.npy,හරි අපූරු කතාවක්,පරිය පූරු කතාවක්.,0.6667,0.1429,1,2,short,1.835,1.44,0,0.0,0.1052,0.005256,9.722,2,0
S049,39,S049_039.wav,S049_039_mel.npy,කටුස්සාගේ කරේ රත්තරන් බැන්දා වගෙයි,කටුස්සාගෙ කරේ රත්තරම් බැන්ද වගේ,0.8,0.2,1,2,short,3.008,2.4,0,0.0,0.1011,0.003388,12.5,2,0
S049,40,S049_040.wav,S049_040_mel.npy,මුල් ගුරුතුමා කීවේය,මොගුරුත්මා කීවේය,0.6667,0.2353,1,2,short,2.176,1.792,0,0.0,0.0823,0.003747,9.487,2,0
S049,41,S049_041.wav,S049_041_mel.npy,අද පුස්තකාල පන්තියක් කරමු,අද පුස්ථකාල පංතියක් කරමු,0.25,0.0909,0,1,short,2.88,2.144,0,0.0,0.0827,0.008449,10.261,2,0
S049,42,S049_042.wav,S049_042_mel.npy,මම ගල්පරයක ඇලී ජීවත් වුනෙමි,මම ගල් පරයක ඇගේ ඇලී ජීවත්තුනෙමි.,1.0,0.1739,1,2,short,3.541,3.008,1,0.16,0.0796,0.006156,7.646,2,0
S049,43,S049_043.wav,S049_043_mel.npy,බෙලි කටුව කතා කරයි,බෙරි කටුව කතාකරයි,0.75,0.0667,0,2,short,1.877,1.568,0,0.0,0.0967,0.004883,9.566,2,0
S049,44,S049_044.wav,S049_044_mel.npy,සති අන්තේ නිවාඩුවට බිංදුලා ගමේ ගියා,සතියන්තේ නිවාඩුවට බිංදුලා ගමේ ගියා,0.3333,0.0333,0,1,long,3.605,3.264,0,0.0,0.0821,0.004005,9.191,2,1
S049,45,S049_045.wav,S049_045_mel.npy,මොනවාද ඒවායේ නම්,මොනවාදේව ඒ නම්,0.6667,0.2857,1,2,short,1.856,1.6,0,0.0,0.0727,0.005563,8.75,2,0
S049,46,S049_046.wav,S049_046_mel.npy,නංගි උත්තර දුන්නා,නංයි යුත්තර තුන්නා.,1.0,0.2667,1,2,short,1.749,1.312,0,0.0,0.0782,0.00565,11.433,2,0
S049,47,S049_047.wav,S049_047_mel.npy,පාර කියන අත්තම්මා,පහර කියන තම්ම,0.6667,0.3333,1,2,short,1.6,1.408,0,0.0,0.0829,0.009387,10.653,2,0
S049,48,S049_048.wav,S049_048_mel.npy,ඇයගේ කැපවීම පුදුමාකාරය,ඇයගේ තැපවීම පුතුමාකාරය,0.6667,0.1,0,2,short,2.709,2.389,0,0.0,0.0918,0.003478,8.37,2,0
S049,49,S049_049.wav,S049_049_mel.npy,මිනිසාගේ පරම යුතුකම මිනිසාට සේවය කිරීම,මිනිසාගේ ප්‍රමූර් මේ සහට් සේවයක් තින්න,0.8333,0.5455,2,2,long,3.819,2.912,0,0.0,0.0812,0.007789,11.332,2,1
S049,50,S049_050.wav,S049_050_mel.npy,අපි මේ වන විට පැය දොළහක් වැඩ කර පැය දොළහක් විවේක ගත්තා,විමේවන විට පේදුරහක් කඩ කර පැය දුළ විවේක ගොත්තා,0.6667,0.3023,1,2,long,4.864,3.744,1,0.16,0.0785,0.008257,11.485,2,1
S049,51,S049_051.wav,S049_051_mel.npy,අප කවුරුත් පුදුමයට පත්කරමින් ඈට පණ ආවා,අප කවුට පුදුමයට පත්වරමින් නෑට පොනලව,0.7143,0.3125,1,2,long,3.925,3.136,0,0.0,0.0722,0.009644,10.204,2,1
S049,52,S049_052.wav,S049_052_mel.npy,සුගන්ධවත් පුෂ්පයෝ අපගේ සොහොයුරියෝය,සුගන්දනවත් කුෂ්පයව අපගේ සහොයුත් සහොයුතුරියෝය.,1.0,0.3548,2,2,short,5.333,3.84,2,0.352,0.0934,0.005517,8.073,2,0
S049,53,S049_053.wav,S049_053_mel.npy,ගංගාවෝ අපගේ සොහොයුරෝ වෙති,ගංකාව අපගේ සුරිවිලව වෙති,0.5,0.4091,2,2,short,4.693,3.232,1,0.832,0.0955,0.001662,6.807,2,0
S049,54,S049_054.wav,S049_054_mel.npy,නංගී මට නොදී කිසිවක් නොකනවා ඇතැයි මට සිතේ,නගී මට නොදී කිසිවක් නොකනවා වැතැයි මට සිතේ,0.25,0.0882,0,1,long,5.291,4.512,1,0.384,0.0989,0.005354,7.535,2,1
S049,55,S049_055.wav,S049_055_mel.npy,නංගි උදේ පාන්දරින්ම නැගිටියි,රංගේ යුදේ පාන්දයින්ම නැගිටී,1.0,0.32,1,2,short,2.453,2.016,0,0.0,0.0767,0.007897,12.401,2,0
S049,56,S049_056.wav,S049_056_mel.npy,ඈ මා ගෙදර යන විට අසනු ඇත,එම ආගිදර යනවිට අස්වෙනුව එත,1.0,0.4444,2,2,long,2.624,2.112,0,0.0,0.0972,0.00775,8.523,2,1
S049,57,S049_057.wav,S049_057_mel.npy,ගොවිතැන සඳහා භාවිත වන උපකරණ එකින් එක විස්තර කරද්දී ළමයි සාවධානව අසා සිටියහ,ගොවිතන්න සඳහා භාවිත වලන උපකරණය එකින් එක විස්තර කරද්දියමයි සාවදාවනව දර්ථියහ.,0.6154,0.2097,1,2,long,10.432,7.072,6,0.448,0.101,0.00523,8.767,2,1
S049,58,S049_058.wav,S049_058_mel.npy,ළමයි පොල්තෙල් හිඳීමට භාවිත කරන සෙක්කුව අසලට රැස් වූහ,තමයි පොරිතේ හිඳීමට බැවිට කරන සෙක්පුවසනට රැස්පුව,0.7778,0.3182,1,2,long,4.587,3.904,0,0.0,0.0905,0.003654,11.27,2,1
S049,59,S049_059.wav,S049_059_mel.npy,ඒ ගොල්ලන්ට අලුත් ක්‍රමයක් හොයා ගන්න වෙනවා,ඒ ගෝල්ලන්ට අලුත් ක්‍රමයක් හොයාක්න වෙනවා.,0.4286,0.0857,0,2,long,3.008,2.4,0,0.0,0.0856,0.00617,14.583,2,1
S049,60,S049_060.wav,S049_060_mel.npy,බොහෝ දෙනෙක් මම එනතුරු බලා ගෙන හිටියා,බොහෝ දෙනෙක් මම එනතූරු බලාගෙනෙ යියක්,0.5714,0.2,1,2,long,3.669,2.688,0,0.0,0.0816,0.002445,11.161,2,1
S049,61,S049_061.wav,S049_061_mel.npy,මට ආරංචි වුණා රජතුමාගේ ගුහාව ළඟ අනතුරක් කියලා,මට අරංචි වුණා ර්ථමක් ගිහි හොලංකා නිතුරක් කියලා.,0.625,0.3684,2,2,long,4.16,3.2,2,0.16,0.092,0.004171,11.875,2,1
S049,62,S049_062.wav,S049_062_mel.npy,පැය අටකට පසු ඔවුන්ට පියාපත් සලන හඬක් ඇසිණි,ඇය අටකට පසුවුන්ට පියාපත්සර්ණ හඩක් ඇසිඥ,0.875,0.2286,1,2,long,4.907,3.584,1,0.512,0.0995,0.004101,9.766,2,1
S049,63,S049_063.wav,S049_063_mel.npy,මිනිසුන් ගැන විස්තර දැනගන්න බොහෝ ක්‍රම තියෙනවා,මේසුන් ගැන ස්තර දෙනගන්න බොහෝ ප්‍රම තියෙනවා.,0.5714,0.175,1,2,long,3.925,3.157,0,0.0,0.1037,0.007224,12.669,2,1
S049,64,S049_064.wav,S049_064_mel.npy,ඔබට දින හතරක් දෙමි,ඔපට දින්න හතරක් දෙමි.,0.5,0.2,1,2,short,1.664,1.536,0,0.0,0.0788,0.004828,9.766,2,0
S049,65,S049_065.wav,S049_065_mel.npy,ඇදුරුතුමා බෙහෙවින් සතුටට පත් විය,ඇඳුරුවෘතුමා බෙවින් සල්තට පත්වූ විය.,0.8,0.3571,2,2,short,3.648,2.912,0,0.0,0.0937,0.00279,9.615,2,0
S049,66,S049_066.wav,S049_066_mel.npy,ඔබට පේන්නේ කුමක්දැයි මම ඇසුවෙමි,ඔබට පේන්නෙ කුමක්තැයි මම ඇසුවෙමි.,0.4,0.0741,0,1,short,3.307,2.496,1,0.384,0.0861,0.009583,10.817,2,0
S049,67,S049_067.wav,S049_067_mel.npy,මෙතැන තමයි හොඳම තැන,මෙතෙන සමයි හෝදම තැනෑ.,1.0,0.3125,1,2,short,2.496,1.984,1,0.384,0.0991,0.006767,8.065,2,0
S049,68,S049_068.wav,S049_068_mel.npy,ඇය කාචය සකස් කර නැවත බැලූවාය,ඇය කාසේ සකස් කර නැහත බැලුවාය,0.5,0.1739,1,2,long,3.307,2.624,0,0.0,0.1029,0.004403,8.765,2,1
S050,1,S050_001.wav,S050_001_mel.npy,යාළුවෝ හැමදෙනාම නිදහස් උත්සවය බැලුවා,යොර් ඔ හැමදෙට් රථ්ත් බැරුවක්,1.0,0.625,2,2,short,4.693,1.952,4,0.376,0.0973,0.004718,16.393,1,0
S050,2,S050_002.wav,S050_002_mel.npy,කවිඳු යාළුවොත් එක්ක මිදුලේ සෙල්ලම් කරමින් සිටියා,කබ්දු යාලුවොත් එක්ක මිදුලේ තෙල්ලම් කරප්ත්සිටියා,0.5714,0.1667,1,2,long,4.501,3.424,1,0.224,0.1116,0.004721,12.266,1,1
S050,3,S050_003.wav,S050_003_mel.npy,අපේ රටේ නිදහස් උත්සවය,අපේ රටේනි දහසුත් සවය,0.75,0.1111,1,2,short,2.645,2.144,0,0.0,0.1185,0.005879,8.396,1,0
S050,4,S050_004.wav,S050_004_mel.npy,මම කෝෂය ඇතුලේ සති දෙකක් විතර හිටියා,කෝෂ හෑත්ත්තේ තත්ත් එකක් ඉටියක්,1.0,0.7241,2,2,long,4.373,2.304,3,0.245,0.101,0.003953,12.587,1,1
S050,5,S050_005.wav,S050_005_mel.npy,පොත් කියවීමෙන් මිනිසා සම්පූර්ණ වේ,කොත්කිය වීවෙන් මිනිසා සක්පූත්න වේ.,0.6,0.1379,1,2,short,3.605,2.464,2,0.208,0.0868,0.005486,11.769,1,0
S050,6,S050_006.wav,S050_006_mel.npy,මුහුද හරිම ලස්සනයි,මුහුද හලිත ලත්සන්,0.6667,0.3125,1,2,short,2.539,1.44,0,0.0,0.0803,0.005522,11.111,1,0
S050,7,S050_007.wav,S050_007_mel.npy,හැමෝම එකට අත් අල්ලා ගන්න,එම්! එක අත්තන්ලා කර්!,1.0,0.5,2,2,short,3.264,1.76,2,0.384,0.0896,0.005452,11.364,1,0
S050,8,S050_008.wav,S050_008_mel.npy,මම එහෙනම් නාගෙන එන්නම්,එන් නා ගෙන්,1.0,0.5263,2,2,short,2.752,1.184,0,0.0,0.0606,0.012799,16.047,1,0
S050,9,S050_009.wav,S050_009_mel.npy,අපි අද පොල් කැඩුවා,අපි ඇද පොල් කැඩුව,0.5,0.1333,1,2,short,1.856,1.44,0,0.0,0.0829,0.006066,10.417,1,0
S050,10,S050_010.wav,S050_010_mel.npy,"ඇයි හිනා වෙන්නේ, මට රජ වෙන්න බැරිද",ඇයි වෙන්ට රජමෙරිද,0.8571,0.4815,2,2,long,3.925,2.176,3,0.373,0.0981,0.003089,12.868,1,1
S050,11,S050_011.wav,S050_011_mel.npy,දුව සටහන් පොතේ මොනවාද ලියා ගත්තේ,දුසත් මත් ලියාගත්තෙ,1.0,0.5185,2,2,long,3.968,1.728,2,0.848,0.1229,0.007668,15.625,1,1
S050,12,S050_012.wav,S050_012_mel.npy,ඉතින් මෙච්චර පරක්කු වුනේ ඇයි,ඉතින් මැචර පරක්ක උන්යයි,0.8,0.3333,1,2,short,3.371,2.144,2,0.208,0.0921,0.003638,11.194,1,0
S050,13,S050_013.wav,S050_013_mel.npy,දවසක් අම්මා අශ්ව පැටියාගෙන් උදව්වක් ඉල්ලුවා,දව්සක් කම්ප්ප්පැතියක් කිල්ලුව,1.0,0.5263,2,2,long,4.715,1.888,2,0.976,0.1274,0.002535,20.127,1,1
S050,14,S050_014.wav,S050_014_mel.npy,ඔය ගඟ හරි ගැඹුරුයි,ඔයක ගහට්ගැබුයුයි,1.0,0.4,2,2,short,2.347,1.504,0,0.0,0.0796,0.005416,9.973,1,0
S050,15,S050_015.wav,S050_015_mel.npy,අශ්ව පැටියා ඉක්මනින් ගෙදර එනවා දැකලා අම්මා පුදුම වුනා,අක්ට පැක්තයි ගෙතරෙක් එක්තා පුදුම උනා,0.8889,0.5556,2,2,long,5.483,2.976,5,0.384,0.0757,0.004685,15.121,1,1
S050,16,S050_016.wav,S050_016_mel.npy,"සිටුතුමනි, අපට අනුකම්පා කරනු මැනවි",තිත්තුමන් අපට ආකොරහනෙ,0.8,0.6207,2,2,short,5.12,2.176,4,0.48,0.0804,0.003141,13.787,1,0
S050,17,S050_017.wav,S050_017_mel.npy,බරෙන් වැඩි වන්නේ ගසක මුල කොටසද,පොරෙන් මැඩිවෙන්කත්ත්ත්ත්ත්ත්ත්ත්ත්ත්ත්ත්ත්ත්ත්ත්ත්ත්ත්ත්ත්ත්ත්ත්ත්ත්ත්ත්ත්ත්ත්ත්ත්ත්ත්ත්ත්ත්ත්ත්ත්ත්ත්ත්ත්ත්ත්ත්ත්ත්ත්ත්ත්යි,1.0,1.0,2,2,long,3.883,1.952,3,0.395,0.0714,0.005826,12.807,1,1
S050,18,S050_018.wav,S050_018_mel.npy,රයිට් සහෝදරයන්ගේ පියා ඔවුන් පුංචිකාලයේ දී කඩදාසි සහ රබර් පටිවලින් සෙල්ලම් අහස් යානා තනා දුන්නේය,රොත් පුදරක් ඔන් පුංචි කාර්ති කඩ දක්සේ රඹල් පටිවල්යෙන් සෙල්ලම්යක් සැදුල්ය.,1.0,0.5309,2,2,long,12.843,6.016,11,0.564,0.0855,0.004,13.464,1,1
S050,19,S050_019.wav,S050_019_mel.npy,පසු කලෙක ඔවුහු බයිසිකල් වැඩ වැඩපොළක් ඇරඹූහ,පස් කාල් ඕක් බල්ස් ල් වඩප්,1.0,0.6944,2,2,long,5.611,2.048,5,0.627,0.1165,0.002679,17.578,1,1
S050,20,S050_020.wav,S050_020_mel.npy,දැන් හැමෝම වාඩිවෙන්න,ද හැම්පත් වෙන්න.,1.0,0.5,2,2,short,2.432,1.28,2,0.24,0.0861,0.007809,14.062,1,0
S050,21,S050_021.wav,S050_021_mel.npy,අපි ඊළඟ දවසේ තවත් සෙල්ලමක් කරමු,බීන් දොසෙ සෙන් කරම්,1.0,0.6923,2,2,long,3.669,1.504,2,0.576,0.0728,0.008527,17.287,1,1
S050,22,S050_022.wav,S050_022_mel.npy,මේ සිහින අප නින්දේ දී දකින සිහින නම් නොවේ,මොසෙ මොච්ඩ දේදැදැයි අනවැ,1.0,0.7273,2,2,long,5.099,1.888,6,0.475,0.1152,0.002597,17.479,1,1
S050,23,S050_023.wav,S050_023_mel.npy,ඇගේ ගම ගිංතොට ය,ඇකෙකම කෙත් හොටය.,1.0,0.6667,2,2,short,2.901,1.664,1,0.352,0.1018,0.005543,7.212,1,0
S050,24,S050_024.wav,S050_024_mel.npy,මේ පුංචි දැරිය ඇගේ ප්‍රියතම වැඩිහිටි නෑදෑයා ගැන පසු කලෙක එසේ කීවාය,මිකුත්ද්ද්ද්ද්ද්ද්ද්ද්ද්ද්ද්ද්ද්ද්ද්ද්ද්ද්ද්ද්ද්ද්ද්ද්ද්ද්ද්ද්ද්ද්ද්ද්ද්ද්ද්ද්ද්ද්ද්ද්ද්ද්ද්ද්ද්ද්ද්ද්ද්ද්ද්ද්ද්ද්ද්ද්ද්ද්ද්ද්ද්ද්ද්ද්ද්ද්ද්ද්ද්ද්ද්ද්ද්ද්ද්ද්ද්ද්ද්ද්ද්ද්ද්ද්ද්ද්ද්ද්ද්ද්ද්ද්ද්ය්ය්ය්ය් වව්ය් වව වව වව වව වව වව ව,1.0,1.0,2,2,long,8.299,4.768,7,0.338,0.1031,0.003137,11.535,1,1
S050,25,S050_025.wav,S050_025_mel.npy,පින්තූර මගින් කතා කීම ඈත කාලයේ සිට පැවත එන ක්‍රමයකි,පිදුර මත් කතා කියෙන් කාලය තිට පැව්ත එක්‍රමෙර්,0.9,0.4524,2,2,long,6.379,3.712,5,0.243,0.0844,0.003537,11.315,1,1
S050,26,S050_026.wav,S050_026_mel.npy,මකුළුවා තණ බිස්සේ හැංගුනා,මකුව තත් කිස්සේ අංගුත්,1.0,0.4091,2,2,short,2.987,2.144,0,0.0,0.1359,0.003046,10.261,1,0
S050,27,S050_027.wav,S050_027_mel.npy,එළියේ ලස්සන ගැහැණු ළමයෙක් හිටගෙන හිටියා,එය රක්කන ගෑල්ලක් කෙට හිටියා,0.8333,0.5588,2,2,long,3.925,2.368,4,0.296,0.1216,0.003789,14.358,1,1
S050,28,S050_028.wav,S050_028_mel.npy,අතරමගදී ඉතාම භයානක දෙයක් සිදුවුණා,රමටදේ ඉතා බයක්ද දෙයක් සිදු වුණා.,1.0,0.2759,1,2,short,4.224,2.72,3,0.267,0.1015,0.002549,10.662,1,0
S050,29,S050_029.wav,S050_029_mel.npy,සර්පයා මහා විශාලෙට කට ඇරියා,තර්ථ්වයා අභ්විශ්පත්ත්ත්ත්ත්ත්ත්ත්ත්ත්ත්ත්ත්ත්ත්ත්ත්ත්ත්ත්ත්ත්ත්ත්ත්ත්ත්ත්ත්ත්ත්ත්ත්ත්ත්ත්ත්ත්ත්ත්ත්ත්ත්ත්ත්ත්ත්ත්ත්ත්ත්ත්ත්ත්ත්ත්ත්ත්යියි,1.0,1.0,2,2,short,4.16,1.792,3,0.512,0.1243,0.004727,12.835,1,0
S050,30,S050_030.wav,S050_030_mel.npy,ටිකක් හිතලා බලන්නකෝ,ටිකක් හිතන බලකො,0.6667,0.3529,2,2,short,2.197,1.44,1,0.224,0.0969,0.003635,11.806,1,0
S050,31,S050_031.wav,S050_031_mel.npy,තනියෙන් ලියන්න,that layer,1.0,1.0,2,2,short,1.728,0.736,1,0.256,0.0854,0.010182,17.663,1,0
S050,32,S050_032.wav,S050_032_mel.npy,පස්වැනි ගුණාංගය,පස්සට්ගෙන,1.0,0.6429,2,2,short,2.411,0.896,0,0.0,0.0839,0.003696,15.625,1,0
S050,33,S050_033.wav,S050_033_mel.npy,බරණැස් නුවර සිටුවරයෙක් වාසය කළේය,බර්නස් සිටුවරයෙක් වශකලේය.,0.8,0.3214,1,2,short,4.843,2.848,2,0.528,0.1214,0.005371,9.831,1,0
S050,34,S050_034.wav,S050_034_mel.npy,නායකතුමා මෙසේ පිළිතුරු දුන්නේය,නාන් මෙසේ පිළිතු ගොන්නේ,0.75,0.4074,2,2,short,3.989,1.888,2,0.592,0.1277,0.007563,14.301,1,0
S050,35,S050_035.wav,S050_035_mel.npy,තේරවිලි වර්ග කිහිපයක් තිබේ,තේ විළිවර්ත් හිට්යක් තිබේ.,0.75,0.2609,1,2,short,2.88,1.728,1,0.288,0.0696,0.005557,13.31,1,0
S050,36,S050_036.wav,S050_036_mel.npy,අපේ සීයා කතන්දර කීමට සමතෙකි,අපේ සියකත්දරකි සත්කි,0.8,0.3478,1,2,short,3.648,2.016,3,0.341,0.0947,0.003615,11.409,1,0
S050,37,S050_037.wav,S050_037_mel.npy,මේ අය අතරමගදී අම්බලමක නතර වුණා,නේ අය අත්නව්නවුනා,0.8333,0.56,2,2,long,3.947,1.312,2,1.072,0.0903,0.004547,19.055,1,1
S050,38,S050_038.wav,S050_038_mel.npy,හරි අපූරු කතාවක්,හරියප්වූරු කතාව,1.0,0.3571,2,2,short,2.24,1.504,0,0.0,0.0946,0.001889,9.309,1,0
S050,39,S050_039.wav,S050_039_mel.npy,කටුස්සාගේ කරේ රත්තරන් බැන්දා වගෙයි,කට් රාටි කට් දුර බැස්ව වගේ,1.0,0.6333,2,2,short,3.691,1.952,4,0.336,0.0779,0.004359,15.369,1,0
S050,40,S050_040.wav,S050_040_mel.npy,මුල් ගුරුතුමා කීවේය,ඔකුරුත් කිහුවෙයි,1.0,0.7059,2,2,short,2.304,1.184,1,0.48,0.0858,0.006941,14.358,1,0
S050,41,S050_041.wav,S050_041_mel.npy,අද පුස්තකාල පන්තියක් කරමු,අත පුත්ත කාල පර්යක්කරු,1.0,0.2727,1,2,short,2.859,1.952,2,0.176,0.0915,0.005702,11.27,1,0
S050,42,S050_042.wav,S050_042_mel.npy,මම ගල්පරයක ඇලී ජීවත් වුනෙමි,ගල් පොරෙක්ට ඇල්ක් ජීවත්තුනේ,1.0,0.5652,2,2,short,3.392,1.984,1,0.288,0.1073,0.007336,11.593,1,0
S050,43,S050_043.wav,S050_043_mel.npy,බෙලි කටුව කතා කරයි,බෙරික් කටුව කතා කරයි.,0.25,0.2,1,1,short,2.688,1.6,1,0.224,0.0859,0.002292,9.375,1,0
S050,44,S050_044.wav,S050_044_mel.npy,සති අන්තේ නිවාඩුවට බිංදුලා ගමේ ගියා,එනිවෙත් ගොත් පිබුතා කියක්,1.0,0.8,2,2,long,3.776,1.536,2,0.48,0.0763,0.003481,19.531,1,1
S050,45,S050_045.wav,S050_045_mel.npy,මොනවාද ඒවායේ නම්,මතේ එනක්,1.0,0.7857,2,2,short,2.368,1.184,2,0.352,0.0814,0.005647,11.824,1,0
S050,46,S050_046.wav,S050_046_mel.npy,නංගි උත්තර දුන්නා,නම් ඒය ඔත්කලත උන්නං,1.0,0.6667,2,2,short,1.856,1.216,1,0.16,0.0653,0.014748,12.336,1,0
S050,47,S050_047.wav,S050_047_mel.npy,පාර කියන අත්තම්මා,පාරකේ ආත්නම්,1.0,0.4667,2,2,short,1.536,1.216,0,0.0,0.0793,0.005643,12.336,1,0
S050,48,S050_048.wav,S050_048_mel.npy,ඇයගේ කැපවීම පුදුමාකාරය,ඇයක එක පුදුකාරය,1.0,0.45,2,2,short,3.051,1.536,2,0.432,0.1042,0.003519,13.021,1,0
S050,49,S050_049.wav,S050_049_mel.npy,මිනිසාගේ පරම යුතුකම මිනිසාට සේවය කිරීම,තාත් පට් සේ ඉරින්,1.0,0.8485,2,2,long,4.16,1.216,3,0.715,0.1078,0.005711,27.138,1,1
S050,50,S050_050.wav,S050_050_mel.npy,අපි මේ වන විට පැය දොළහක් වැඩ කර පැය දොළහක් විවේක ගත්තා,අපි මෙනවත් පිට පැයතුල් වඩ කර පැයතුල් වක් විවෙක් ගත්තා,0.75,0.3721,2,2,long,5.504,4.096,2,0.32,0.075,0.003632,10.498,1,1
S050,51,S050_051.wav,S050_051_mel.npy,අප කවුරුත් පුදුමයට පත්කරමින් ඈට පණ ආවා,අප කවුරොත් පුද්බ්ඩප් නැටපනාවක්,0.8571,0.4688,2,2,long,4.373,2.72,2,0.48,0.0926,0.003682,11.765,1,1
S050,52,S050_052.wav,S050_052_mel.npy,සුගන්ධවත් පුෂ්පයෝ අපගේ සොහොයුරියෝය,සුගන්දවත් කුෂ්කයෝ අපගේ සහයුතු ය.,0.75,0.2581,1,2,short,4.245,3.072,1,0.352,0.1229,0.002613,10.091,1,0
S050,53,S050_053.wav,S050_053_mel.npy,ගංගාවෝ අපගේ සොහොයුරෝ වෙති,ගංගාවෝ අප කේසකිලෝ වෙති,0.5,0.3182,1,2,short,3.285,2.624,0,0.0,0.0982,0.003071,8.384,1,0
S050,54,S050_054.wav,S050_054_mel.npy,නංගී මට නොදී කිසිවක් නොකනවා ඇතැයි මට සිතේ,නගේමට නොතී සිවක් මෙක වාතයි සිතෙ,1.0,0.3824,2,2,long,5.547,3.648,2,0.416,0.1163,0.002646,9.32,1,1
S050,55,S050_055.wav,S050_055_mel.npy,නංගි උදේ පාන්දරින්ම නැගිටියි,නගේ දේ පක්ස්ත්‍රීම් නැඟිටී,1.0,0.64,2,2,short,3.2,2.208,2,0.192,0.0975,0.005918,11.322,1,0
S050,56,S050_056.wav,S050_056_mel.npy,ඈ මා ගෙදර යන විට අසනු ඇත,ඈම කෙතර යටත් මත,1.0,0.6111,2,2,long,3.456,2.048,3,0.288,0.1103,0.00531,8.789,1,1
S050,57,S050_057.wav,S050_057_mel.npy,ගොවිතැන සඳහා භාවිත වන උපකරණ එකින් එක විස්තර කරද්දී ළමයි සාවධානව අසා සිටියහ,ගොවිතක් සදුක් වහිතා ක්‍රන උපකර්ත් එකවිල්ද්ද්ද්ද්ද්ද්ද්ද්ද්ද්ද්ද්ද්ද්ද්ද්ද්ද්ද්ද්ද්ද්ද්ද්ද්ද්ද්ද්ද්ද්ද්ද්ද්ද්ද්ද්ද්ද්ද්ද්ද්ද්ද්ද්ද්ද්ද්ද්ද්ද්ද්ද්ද්ත්,1.0,1.0,2,2,long,10.283,4.384,5,0.954,0.0929,0.004165,14.142,1,1
S050,58,S050_058.wav,S050_058_mel.npy,ළමයි පොල්තෙල් හිඳීමට භාවිත කරන සෙක්කුව අසලට රැස් වූහ,ලම් පොල්තෙල් කිතින්ට බක්කර්වට ප්‍රර්රහ,0.8889,0.5682,2,2,long,7.147,2.688,5,0.704,0.0735,0.003237,16.369,1,1
S050,59,S050_059.wav,S050_059_mel.npy,ඒ ගොල්ලන්ට අලුත් ක්‍රමයක් හොයා ගන්න වෙනවා,ගොට අක්‍රප්කොයිගන්වෙන,1.0,0.5143,2,2,long,3.904,1.632,5,0.288,0.0845,0.00244,21.446,1,1
S050,60,S050_060.wav,S050_060_mel.npy,බොහෝ දෙනෙක් මම එනතුරු බලා ගෙන හිටියා,බෝතෙන් යො බලා ගැන සෙටියා,0.8571,0.5333,2,2,long,4.672,2.112,4,0.512,0.0837,0.007134,14.205,1,1
S050,61,S050_061.wav,S050_061_mel.npy,මට ආරංචි වුණා රජතුමාගේ ගුහාව ළඟ අනතුරක් කියලා,මට ආරචුණකච් ගෙකු හවලා තුරක් කියල,0.875,0.4474,2,2,long,5.483,2.944,5,0.397,0.0993,0.00432,12.908,1,1
S050,62,S050_062.wav,S050_062_mel.npy,පැය අටකට පසු ඔවුන්ට පියාපත් සලන හඬක් ඇසිණි,පැයාට්ට පස්ඛෝට පියපත් සත්තන්ඇහට් ඇතුන්,1.0,0.5429,2,2,long,5.845,3.04,7,0.32,0.1314,0.002868,11.513,1,1
S050,63,S050_063.wav,S050_063_mel.npy,මිනිසුන් ගැන විස්තර දැනගන්න බොහෝ ක්‍රම තියෙනවා,ගැට්විස් තොරදක් ගර් ප්‍රන තියන,1.0,0.6,2,2,long,4.864,2.432,3,0.341,0.1087,0.004219,16.447,1,1
S050,64,S050_064.wav,S050_064_mel.npy,ඔබට දින හතරක් දෙමි,ඔබ දින හතරක් දෙනි,0.5,0.1333,1,2,short,2.645,1.6,1,0.192,0.0683,0.006265,9.375,1,0
S050,65,S050_065.wav,S050_065_mel.npy,ඇදුරුතුමා බෙහෙවින් සතුටට පත් විය,ඇදිරුතු මෙබැ පත් විය.,0.6,0.5,2,2,short,3.328,1.504,1,0.992,0.0854,0.003035,18.617,1,0
S050,66,S050_066.wav,S050_066_mel.npy,ඔබට පේන්නේ කුමක්දැයි මම ඇසුවෙමි,ඔබට පෙල්දයි වෙමි,0.8,0.5556,2,2,short,3.499,1.472,2,0.752,0.0667,0.004491,18.342,1,0
S050,67,S050_067.wav,S050_067_mel.npy,මෙතැන තමයි හොඳම තැන,මෙත් තම්මේ හොදප්තන,1.0,0.5625,2,2,short,2.56,1.568,1,0.16,0.0848,0.004005,10.204,1,0
S050,68,S050_068.wav,S050_068_mel.npy,ඇය කාචය සකස් කර නැවත බැලූවාය,අය තාට් එක්ත්ත් හළොවා,1.0,0.6522,2,2,long,4.075,1.632,4,0.488,0.0761,0.005114,14.093,1,1
S051,1,S051_001.wav,S051_001_mel.npy,යාළුවෝ හැමදෙනාම නිදහස් උත්සවය බැලුවා,යාළුවේ හැමත නැනිත යුත්ත් රැපැලුව,1.0,0.4688,2,2,short,4.267,3.232,2,0.32,0.1047,0.005061,9.901,0,0
S051,2,S051_002.wav,S051_002_mel.npy,කවිඳු යාළුවොත් එක්ක මිදුලේ සෙල්ලම් කරමින් සිටියා,කවෙඳු යාරුවොත් එක්ක මිදුලේ තිල්ලන්තර මිටියි.,0.7143,0.2619,1,2,long,5.333,3.584,2,0.336,0.1064,0.009126,11.719,0,1
S051,3,S051_003.wav,S051_003_mel.npy,අපේ රටේ නිදහස් උත්සවය,අපි රටේ නිතහතුස්ස,0.75,0.4444,2,2,short,2.368,1.952,0,0.0,0.1343,0.004865,9.221,0,0
S051,4,S051_004.wav,S051_004_mel.npy,මම කෝෂය ඇතුලේ සති දෙකක් විතර හිටියා,මම කෝසේ තුළේ සතිතෙක ඉතන හිටියා.,0.7143,0.3103,1,2,long,4.245,3.456,1,0.16,0.1259,0.006917,8.391,0,1
S051,5,S051_005.wav,S051_005_mel.npy,පොත් කියවීමෙන් මිනිසා සම්පූර්ණ වේ,පොත් කියැවින් මිනිසා සක්පූරමේ,0.6,0.2759,1,2,short,2.731,2.24,0,0.0,0.0945,0.006729,12.946,0,0
S051,6,S051_006.wav,S051_006_mel.npy,මුහුද හරිම ලස්සනයි,මුහුද හරිබ ලස්සමයි,0.6667,0.125,1,2,short,2.027,1.472,0,0.0,0.0785,0.010361,10.87,0,0
S051,7,S051_007.wav,S051_007_mel.npy,හැමෝම එකට අත් අල්ලා ගන්න,හැමෝම එකට අත්අල්ලා ගන්න,0.4,0.0,0,1,short,3.029,2.304,1,0.192,0.0946,0.005702,8.681,0,0
S051,8,S051_008.wav,S051_008_mel.npy,මම එහෙනම් නාගෙන එන්නම්,මම එනක් නාකරෙනක්,0.75,0.5263,2,2,short,2.731,1.92,1,0.448,0.0892,0.005546,9.896,0,0
S051,9,S051_009.wav,S051_009_mel.npy,අපි අද පොල් කැඩුවා,අපි අද කෝල්කට්වක්,0.5,0.4667,2,2,short,1.429,1.28,0,0.0,0.0715,0.008282,11.719,0,0
S051,10,S051_010.wav,S051_010_mel.npy,"ඇයි හිනා වෙන්නේ, මට රජ වෙන්න බැරිද",ඇයි හිනා වෙනය මට රජවෙන්න පැරෙයි.,0.5714,0.2593,1,2,long,4.16,2.912,2,0.368,0.0807,0.00793,9.615,0,1
S051,11,S051_011.wav,S051_011_mel.npy,දුව සටහන් පොතේ මොනවාද ලියා ගත්තේ,දුව සටහන් පොතේ මුනවද ලියාගත්තෙ,0.5,0.1111,1,2,long,3.925,2.944,1,0.352,0.099,0.004669,9.171,0,1
S051,12,S051_012.wav,S051_012_mel.npy,ඉතින් මෙච්චර පරක්කු වුනේ ඇයි,ඉතින් මෙච්චර පරක්මු නේ ඇයි.,0.4,0.125,1,1,short,2.603,2.08,0,0.0,0.0966,0.003567,11.538,0,0
S051,13,S051_013.wav,S051_013_mel.npy,දවසක් අම්මා අශ්ව පැටියාගෙන් උදව්වක් ඉල්ලුවා,දවසකර්මා හස්ව පැටියේ පැටියාගෙ උදවක් ඉල්වක්,1.0,0.5,2,2,long,5.717,4.352,2,0.448,0.1218,0.00541,8.732,0,1
S051,14,S051_014.wav,S051_014_mel.npy,ඔය ගඟ හරි ගැඹුරුයි,ඔය ගගහ රිම කැම්පුරුයි,0.75,0.4,2,2,short,2.197,1.728,0,0.0,0.0748,0.005692,8.681,0,0
S051,15,S051_015.wav,S051_015_mel.npy,අශ්ව පැටියා ඉක්මනින් ගෙදර එනවා දැකලා අම්මා පුදුම වුනා,අසයා පැටි අයික්මනීම ගෙතර එලමා දැකල පුදුම මා පුදුම පුණා,1.0,0.4,2,2,long,7.829,5.632,3,0.459,0.0975,0.003755,7.99,0,1
S051,16,S051_016.wav,S051_016_mel.npy,"සිටුතුමනි, අපට අනුකම්පා කරනු මැනවි",සිටුත්තුමනි ප්‍රට අනුපම්පා කරනු මැනවි.,0.6,0.2414,1,2,short,4.992,3.968,1,0.448,0.1246,0.005897,7.56,0,0
S051,17,S051_017.wav,S051_017_mel.npy,බරෙන් වැඩි වන්නේ ගසක මුල කොටසද,බරෙන් වැඩි වන්නේ සස්ලක මුලකොටස,0.5,0.16,1,2,long,5.227,3.68,2,0.448,0.0948,0.005152,6.793,0,1
S051,18,S051_018.wav,S051_018_mel.npy,රයිට් සහෝදරයන්ගේ පියා ඔවුන් පුංචිකාලයේ දී කඩදාසි සහ රබර් පටිවලින් සෙල්ලම් අහස් යානා තනා දුන්නේය,රයි ස්වහෝද්වරයාගේ පිය මුන්කුංචිකාරයේදී කටතාසි සත් තබ පටිවැලින් සෙල්ලා සියනම් තනා තුන්ලය.,0.9333,0.3704,2,2,long,11.157,8.256,5,0.448,0.1156,0.006861,9.811,0,1
S051,19,S051_019.wav,S051_019_mel.npy,පසු කලෙක ඔවුහු බයිසිකල් වැඩ වැඩපොළක් ඇරඹූහ,පස්රු කාලයක ඔහෝ පස්ථ වැඩපුල ඇරඹුහ.,1.0,0.5556,2,2,long,6.123,3.68,3,0.661,0.1012,0.006399,9.783,0,1
S051,20,S051_020.wav,S051_020_mel.npy,දැන් හැමෝම වාඩිවෙන්න,එන් හැමෝම වාඩියෙන්න,0.6667,0.1667,1,2,short,2.325,1.728,0,0.0,0.0762,0.007134,10.417,0,0
S051,21,S051_021.wav,S051_021_mel.npy,අපි ඊළඟ දවසේ තවත් සෙල්ලමක් කරමු,අපි ළඟ තාසය තවස් එලල්ල පක්කර්ම,0.8333,0.3846,2,2,long,2.987,2.208,0,0.0,0.0979,0.005947,11.775,0,1
S051,22,S051_022.wav,S051_022_mel.npy,මේ සිහින අප නින්දේ දී දකින සිහින නම් නොවේ,මැසින අපි නින්දේදි තකින තිහෙන නම් නොවේමෙන්,0.8889,0.3636,2,2,long,7.104,4.896,3,0.587,0.0815,0.008912,6.74,0,1
S051,23,S051_023.wav,S051_023_mel.npy,ඇගේ ගම ගිංතොට ය,ඇගේගම කින් තොටය,1.0,0.25,1,2,short,3.52,2.176,2,0.336,0.0875,0.005533,5.515,0,0
S051,24,S051_024.wav,S051_024_mel.npy,මේ පුංචි දැරිය ඇගේ ප්‍රියතම වැඩිහිටි නෑදෑයා ගැන පසු කලෙක එසේ කීවාය,මේ පුංචි දැක් අප ඉපියත බැදිකි නැක්බැ දෙනවස් උකාලයක එසේ කිව්වාය.,0.75,0.5455,2,2,long,7.595,5.611,3,0.331,0.11,0.002812,9.803,0,1
S051,25,S051_025.wav,S051_025_mel.npy,පින්තූර මගින් කතා කීම ඈත කාලයේ සිට පැවත එන ක්‍රමයකි,අපින්තූර මඳුම් කතාකීම ඇත කාලයේ ස්තිට ප්‍රපවත එන කොමෙකි.,0.8,0.3571,2,2,long,8.725,5.824,6,0.475,0.0969,0.005479,7.212,0,1
S051,26,S051_026.wav,S051_026_mel.npy,මකුළුවා තණ බිස්සේ හැංගුනා,බගුනවත් තන බිස්චේ හැඟුවා හැඟුණා,1.0,0.6364,2,2,short,5.76,3.616,3,0.597,0.0995,0.005414,6.084,0,0
S051,27,S051_027.wav,S051_027_mel.npy,එළියේ ලස්සන ගැහැණු ළමයෙක් හිටගෙන හිටියා,එළියේ රස්ථන සෑනු ලබනෙක් ත්‍රගෙනෙ ඉටියක්,0.8333,0.4706,2,2,long,4.395,3.168,2,0.4,0.0963,0.008261,10.732,0,1
S051,28,S051_028.wav,S051_028_mel.npy,අතරමගදී ඉතාම භයානක දෙයක් සිදුවුණා,අත්තර මකති ඉතාම වයානකතෙයක් ස්ටිදුවුණා,1.0,0.3103,1,2,short,5.12,4.032,1,0.352,0.0952,0.004789,7.192,0,0
S051,29,S051_029.wav,S051_029_mel.npy,සර්පයා මහා විශාලෙට කට ඇරියා,සර්පයා මහා විසා විසා ලෙට කාට ඇරිය.,1.0,0.3043,1,2,short,5.952,3.936,3,0.565,0.1289,0.003632,5.843,0,0
S051,30,S051_030.wav,S051_030_mel.npy,ටිකක් හිතලා බලන්නකෝ,ටික කිතැබ් පළන්නකො,1.0,0.4118,2,2,short,3.477,2.528,2,0.368,0.0993,0.005247,6.725,0,0
S051,31,S051_031.wav,S051_031_mel.npy,තනියෙන් ලියන්න,තනියෙන් ලියන්න,0.0,0.0,0,0,short,2.005,1.408,0,0.0,0.0737,0.009134,9.233,0,0
S051,32,S051_032.wav,S051_032_mel.npy,පස්වැනි ගුණාංගය,පස්සනි ගුරාඟය,1.0,0.3571,2,2,short,1.643,1.44,0,0.0,0.1642,0.004433,9.722,0,0
S051,33,S051_033.wav,S051_033_mel.npy,බරණැස් නුවර සිටුවරයෙක් වාසය කළේය,බර් නස් නොවර සිටුවරයෙක් මාසය කළේය.,0.8,0.1429,1,2,short,5.589,3.392,1,1.376,0.1159,0.001845,8.255,0,0
S051,34,S051_034.wav,S051_034_mel.npy,නායකතුමා මෙසේ පිළිතුරු දුන්නේය,මා එක සිතුතුම මෙසෙප් මියුතුරුකුන්නෙ,1.0,0.5556,2,2,short,3.968,3.008,0,0.0,0.1023,0.007328,8.976,0,0
S051,35,S051_035.wav,S051_035_mel.npy,තේරවිලි වර්ග කිහිපයක් තිබේ,දැර විලිවන්ක කීෆයක් තිබේ.,0.75,0.3478,1,2,short,2.773,2.293,0,0.0,0.0869,0.006517,10.029,0,0
S051,36,S051_036.wav,S051_036_mel.npy,අපේ සීයා කතන්දර කීමට සමතෙකි,අප සියා කතක්දර කීමට සාමතයකි.,0.8,0.2174,1,2,short,3.925,3.104,1,0.384,0.0966,0.005224,7.41,0,0
S051,37,S051_037.wav,S051_037_mel.npy,මේ අය අතරමගදී අම්බලමක නතර වුණා,මේ අය අත්තර්මාතෙකි යම් වලම එක තරවුණා,0.8333,0.48,2,2,long,4.011,3.115,1,0.48,0.0764,0.007334,8.026,0,1
S051,38,S051_038.wav,S051_038_mel.npy,හරි අපූරු කතාවක්,අරේ අපූරු ගතක්,0.6667,0.3571,2,2,short,1.387,1.024,0,0.0,0.068,0.008522,13.672,0,0
S051,39,S051_039.wav,S051_039_mel.npy,කටුස්සාගේ කරේ රත්තරන් බැන්දා වගෙයි,ඔටුස්දාගෙ කරේ රත්තරක් පැව්ඳාවකයි.,0.8,0.3,1,2,short,2.965,2.72,0,0.0,0.1101,0.005984,11.029,0,0
S051,40,S051_040.wav,S051_040_mel.npy,මුල් ගුරුතුමා කීවේය,මොල් කුරුතුමා කීවයක්,1.0,0.2941,1,2,short,1.813,1.429,0,0.0,0.0973,0.004291,11.893,0,0
S051,41,S051_041.wav,S051_041_mel.npy,අද පුස්තකාල පන්තියක් කරමු,දපුස්ත් එය පන්තියක් කරමු,0.5,0.1818,1,2,short,2.517,2.133,2,0.192,0.1012,0.008889,10.312,0,0
S051,42,S051_042.wav,S051_042_mel.npy,මම ගල්පරයක ඇලී ජීවත් වුනෙමි,මම කාල් පරේකෙ ඇලී කීවත් වුණුනුමෙන්,0.8,0.4783,2,2,short,3.456,2.784,1,0.448,0.0877,0.005655,8.261,0,0
S051,43,S051_043.wav,S051_043_mel.npy,බෙලි කටුව කතා කරයි,වැලි කටව කකාකරක්,1.0,0.4,2,2,short,1.92,1.44,0,0.0,0.0839,0.008143,10.417,0,0
S051,44,S051_044.wav,S051_044_mel.npy,සති අන්තේ නිවාඩුවට බිංදුලා ගමේ ගියා,සතියි අන්තෙනිමාන් නිමාන්ටුවට පින්දුලා ගමැකියා,1.0,0.6,2,2,long,4.843,3.84,1,0.576,0.1142,0.005955,7.812,0,1
S051,45,S051_045.wav,S051_045_mel.npy,මොනවාද ඒවායේ නම්,මොනවත් වායේවයේ නම්,0.6667,0.4286,2,2,short,3.755,3.008,1,0.288,0.0833,0.010716,4.654,0,0
S051,46,S051_046.wav,S051_046_mel.npy,නංගි උත්තර දුන්නා,නංගී උත්තර තුන්නපත්,0.6667,0.3333,1,2,short,1.664,1.28,0,0.0,0.081,0.006573,11.719,0,0
S051,47,S051_047.wav,S051_047_mel.npy,පාර කියන අත්තම්මා,පරකියන තම්ම,1.0,0.3333,1,2,short,1.579,1.248,1,0.16,0.0847,0.003018,12.019,0,0
S051,48,S051_048.wav,S051_048_mel.npy,ඇයගේ කැපවීම පුදුමාකාරය,ඇයගෙ කැපවීම බූදුමාකාරයේ,0.6667,0.2,1,2,short,3.349,2.656,0,0.0,0.0903,0.004868,7.53,0,0
S051,49,S051_049.wav,S051_049_mel.npy,මිනිසාගේ පරම යුතුකම මිනිසාට සේවය කිරීම,මිනිසාගේ පරමා යුත් මිනිසාට සේවය කිරීම,0.3333,0.1212,1,1,long,5.568,3.36,1,1.312,0.0986,0.005911,9.821,0,1
S051,50,S051_050.wav,S051_050_mel.npy,අපි මේ වන විට පැය දොළහක් වැඩ කර පැය දොළහක් විවේක ගත්තා,අපි මේ වනවික පැයි දොනාක් කට්ත පැයි දොනාක් විවේගවත්ත,0.8333,0.3488,1,2,long,6.741,4.704,3,0.501,0.0709,0.005219,9.141,0,1
S051,51,S051_051.wav,S051_051_mel.npy,අප කවුරුත් පුදුමයට පත්කරමින් ඈට පණ ආවා,අප තරුත් බුදු මෑට පත්ත් ඈට පනවුණා,0.8571,0.4062,2,2,long,5.675,3.68,2,0.496,0.0816,0.003405,8.696,0,1
S051,52,S051_052.wav,S051_052_mel.npy,සුගන්ධවත් පුෂ්පයෝ අපගේ සොහොයුරියෝය,"සුනගාතය, කුස්පයව අපගේ සුහුරියෝ ය.",1.0,0.3548,2,2,short,5.291,3.744,3,0.288,0.0914,0.00534,8.28,0,0
S051,53,S051_053.wav,S051_053_mel.npy,ගංගාවෝ අපගේ සොහොයුරෝ වෙති,ගංටාගො අපදේ සොහලියක්මයති,1.0,0.5,2,2,short,4.139,3.008,1,0.544,0.0977,0.00806,7.314,0,0
S051,54,S051_054.wav,S051_054_mel.npy,නංගී මට නොදී කිසිවක් නොකනවා ඇතැයි මට සිතේ,නංගේ මට ඔහදී නොදී කිසිසිවත් නොක්න ඇතැයි මට සිතුනින්,0.625,0.4706,2,2,long,7.403,5.611,2,0.736,0.0972,0.005296,6.06,0,1
S051,55,S051_055.wav,S051_055_mel.npy,නංගි උදේ පාන්දරින්ම නැගිටියි,ලංගි උතේ පන්දර මැනකිටී,1.0,0.48,2,2,short,3.499,2.656,1,0.768,0.1122,0.003302,9.413,0,0
S051,56,S051_056.wav,S051_056_mel.npy,ඈ මා ගෙදර යන විට අසනු ඇත,ඇය මා ගෙතරේ අනවිත අසනු ඇත.,0.5714,0.3333,1,2,long,3.221,2.581,1,0.48,0.1219,0.003508,6.973,0,1
S051,57,S051_057.wav,S051_057_mel.npy,ගොවිතැන සඳහා භාවිත වන උපකරණ එකින් එක විස්තර කරද්දී ළමයි සාවධානව අසා සිටියහ,ගොමිතාන සක් භාවිතක් වෙන උපකරණ හැකින්වෙක විස්තර තරදි ළමයි සංවා සංසාවද සාවවදාන්න යසත්,0.8462,0.5323,2,2,long,13.995,9.92,8,0.444,0.1298,0.002665,6.25,0,1
S051,58,S051_058.wav,S051_058_mel.npy,ළමයි පොල්තෙල් හිඳීමට භාවිත කරන සෙක්කුව අසලට රැස් වූහ,ලමයි පොල්තය හිඳීමට බෞවිතා ගල සේක්ව සැනට රස්තූව,0.7778,0.3636,2,2,long,7.232,5.12,4,0.456,0.1036,0.007545,8.594,0,1
S051,59,S051_059.wav,S051_059_mel.npy,ඒ ගොල්ලන්ට අලුත් ක්‍රමයක් හොයා ගන්න වෙනවා,ඒ ගොල්ලන්කෙ අලුත්කමය හොරක්මො වෙනවා.,0.7143,0.3714,2,2,long,4.821,3.584,2,0.336,0.0743,0.008012,9.766,0,1
S051,60,S051_060.wav,S051_060_mel.npy,බොහෝ දෙනෙක් මම එනතුරු බලා ගෙන හිටියා,මොහෝ දෙන කෙන තුරු බලා කෙන සිටියක්,0.8571,0.3333,1,2,long,6.165,3.744,1,1.568,0.129,0.005537,8.013,0,1
S051,61,S051_061.wav,S051_061_mel.npy,මට ආරංචි වුණා රජතුමාගේ ගුහාව ළඟ අනතුරක් කියලා,අම ආරණ්ටි වුණා රචිතුමාතෙ ගුවාව ලං අනතුර කියලා,0.75,0.3421,1,2,long,8.341,5.344,6,0.405,0.1084,0.006519,7.111,0,1
S051,62,S051_062.wav,S051_062_mel.npy,පැය අටකට පසු ඔවුන්ට පියාපත් සලන හඬක් ඇසිණි,බැය අටකට පසු ඔවුන්ට පියාපත් සලන හඬක් යැස්ති ඇසිනීම,0.375,0.2571,1,1,long,8.021,5.685,5,0.416,0.1248,0.005909,6.156,0,1
S051,63,S051_063.wav,S051_063_mel.npy,මිනිසුන් ගැන විස්තර දැනගන්න බොහෝ ක්‍රම තියෙනවා,ඉස්තුන් පිස්තර දත්හන්න බෝහෝකම තියෙනවා,0.8571,0.4,2,2,long,4.075,3.552,0,0.0,0.1454,0.005963,11.261,0,1
S051,64,S051_064.wav,S051_064_mel.npy,ඔබට දින හතරක් දෙමි,බට දෙනහක්තරත් දැමියි,1.0,0.5333,2,2,short,1.792,1.472,0,0.0,0.084,0.007532,10.19,0,0
S051,65,S051_065.wav,S051_065_mel.npy,ඇදුරුතුමා බෙහෙවින් සතුටට පත් විය,ඇදුරුතුමා දොහෝ විරි සතුර පත්තිය,0.8,0.2857,1,2,short,5.675,3.008,1,1.6,0.1219,0.004677,9.309,0,0
S051,66,S051_066.wav,S051_066_mel.npy,ඔබට පේන්නේ කුමක්දැයි මම ඇසුවෙමි,ඔපට පෙන්පෙන්නේ පොමක් දැයි මට ස්තුරෙමි,1.0,0.4815,2,2,short,6.443,3.968,3,0.501,0.0984,0.004188,6.804,0,0
S051,67,S051_067.wav,S051_067_mel.npy,මෙතැන තමයි හොඳම තැන,මෙත මෙතක තමයි හොඳ තනත,1.0,0.4375,2,2,short,5.312,3.296,3,0.459,0.0824,0.004813,4.854,0,0
S051,68,S051_068.wav,S051_068_mel.npy,ඇය කාචය සකස් කර නැවත බැලූවාය,ඇය කාස්ටය සකස් කරෙ ද බැලුවා ය.,0.8333,0.3478,1,2,long,4.672,3.424,1,0.544,0.12,0.006318,6.717,0,1
S052,1,S052_001.wav,S052_001_mel.npy,යාළුවෝ හැමදෙනාම නිදහස් උත්සවය බැලුවා,යාළුවෝ හැම දෙනාම නිදහස් ස්බේ ස්බේ වැලුවා,1.0,0.25,1,2,short,4.16,3.328,1,0.256,0.1513,0.004471,9.615,0,0
S052,2,S052_002.wav,S052_002_mel.npy,කවිඳු යාළුවොත් එක්ක මිදුලේ සෙල්ලම් කරමින් සිටියා,කර්තුයාර්යෝඑක්ක මිත්වේ සෙක්ලම් කරීන් සිටියා,0.8571,0.3571,2,2,long,4.736,3.424,2,0.192,0.1166,0.004609,12.266,0,1
S052,3,S052_003.wav,S052_003_mel.npy,අපේ රටේ නිදහස් උත්සවය,අපේ රටේ නිකාස් වෙය.,0.5,0.3889,2,2,short,2.539,1.76,1,0.48,0.1155,0.004897,10.227,0,0
S052,4,S052_004.wav,S052_004_mel.npy,මම කෝෂය ඇතුලේ සති දෙකක් විතර හිටියා,මම කෝෂය ඇත්ලේ සති දෙකක් විතර හිටියක්,0.2857,0.1034,1,1,long,4.288,3.328,2,0.192,0.1204,0.003395,8.714,0,1
S052,5,S052_005.wav,S052_005_mel.npy,පොත් කියවීමෙන් මිනිසා සම්පූර්ණ වේ,පොත් කියවෙමෙන් ඇමිනිසා සම්පූර්ණ වේ.,0.4,0.069,0,1,short,4.373,3.232,2,0.288,0.1331,0.00372,8.973,0,0
S052,6,S052_006.wav,S052_006_mel.npy,මුහුද හරිම ලස්සනයි,මුද හරිම ගස්සනයි,0.6667,0.1875,1,2,short,2.133,1.76,0,0.0,0.1629,0.005384,9.091,0,0
S052,7,S052_007.wav,S052_007_mel.npy,හැමෝම එකට අත් අල්ලා ගන්න,හැමෝම එකට හත්තල්ලා ගන්න,0.4,0.1,0,1,short,3.264,2.784,0,0.0,0.0914,0.007271,7.184,0,0
S052,8,S052_008.wav,S052_008_mel.npy,මම එහෙනම් නාගෙන එන්නම්,මම එහෙනම් කෙනස් එන්නක්,0.5,0.3158,1,2,short,3.861,2.176,3,0.405,0.0937,0.011011,8.732,0,0
S052,9,S052_009.wav,S052_009_mel.npy,අපි අද පොල් කැඩුවා,"විදහ, අද ෆොල් කැනුව",0.75,0.4667,2,2,short,3.029,2.144,1,0.576,0.0928,0.004037,6.996,0,0
S052,10,S052_010.wav,S052_010_mel.npy,"ඇයි හිනා වෙන්නේ, මට රජ වෙන්න බැරිද",ඇයි හිනා වෙන්නේ මට රජක් වෙන්න බැලි,0.2857,0.1481,1,1,long,4.843,3.392,3,0.331,0.0908,0.007856,8.255,0,1
S052,11,S052_011.wav,S052_011_mel.npy,දුව සටහන් පොතේ මොනවාද ලියා ගත්තේ,දුව සටන් පොතේ සටහන් පොතේ මොනවාද නියගත්තේ,0.6667,0.3704,2,2,long,5.739,4.576,3,0.235,0.1051,0.002877,5.9,0,1
S052,12,S052_012.wav,S052_012_mel.npy,ඉතින් මෙච්චර පරක්කු වුනේ ඇයි,ඉතින් මැච්චර පරක්වුණේයැයි,0.8,0.2083,1,2,short,3.029,2.453,1,0.352,0.1112,0.006669,9.782,0,0
S052,13,S052_013.wav,S052_013_mel.npy,දවසක් අම්මා අශ්ව පැටියාගෙන් උදව්වක් ඉල්ලුවා,දවසක් කම්මා අශ්‍ර පැටියගෙන් උදව් ඉල්වා.,0.8333,0.2368,1,2,long,5.248,4.32,1,0.384,0.1109,0.004198,8.796,0,1
S052,14,S052_014.wav,S052_014_mel.npy,ඔය ගඟ හරි ගැඹුරුයි,ඔයා ගග හරි ගැඹුරුයි,0.5,0.1333,1,2,short,3.925,2.624,2,0.416,0.1224,0.002908,5.716,0,0
S052,15,S052_015.wav,S052_015_mel.npy,අශ්ව පැටියා ඉක්මනින් ගෙදර එනවා දැකලා අම්මා පුදුම වුනා,අවත්‍ය පැතියා ඉක්මනින් ගෙදර එනවාකෙ දැකල අම්මා කුදුම වුණා,0.5556,0.2,1,2,long,7.381,5.728,3,0.309,0.0916,0.005174,7.856,0,1
S052,16,S052_016.wav,S052_016_mel.npy,"සිටුතුමනි, අපට අනුකම්පා කරනු මැනවි",සිටුතුමනි අප අප්පට අනුකම්පා කරනු මැනවි,0.4,0.1379,1,1,short,7.275,4.48,4,0.344,0.0856,0.004051,6.696,0,0
S052,17,S052_017.wav,S052_017_mel.npy,බරෙන් වැඩි වන්නේ ගසක මුල කොටසද,බරෙන් වැඩි වන්නේ ගසක මුල කොටසද?,0.0,0.0,0,0,long,3.883,3.104,2,0.352,0.1129,0.004242,8.054,0,1
S052,18,S052_018.wav,S052_018_mel.npy,රයිට් සහෝදරයන්ගේ පියා ඔවුන් පුංචිකාලයේ දී කඩදාසි සහ රබර් පටිවලින් සෙල්ලම් අහස් යානා තනා දුන්නේය,රයිට් සහෝදරයාගේ පියාවුන් උංචි කාලයේදී කඩදාසි සහ රබර් පටිවලින් සෙල්ලා මහක්‍යානා තනා ජුන්නේය.,0.6,0.1358,1,2,long,14.656,11.04,6,0.453,0.1172,0.002317,7.337,0,1
S052,19,S052_019.wav,S052_019_mel.npy,පසු කලෙක ඔවුහු බයිසිකල් වැඩ වැඩපොළක් ඇරඹූහ,පසු කෙළෙක ඔවුන් එබයිසි කළෙ වැඩපොළෙන් ඇනබූක,0.8571,0.3611,2,2,long,8.021,5.152,5,0.307,0.0968,0.003004,6.988,0,1
S052,20,S052_020.wav,S052_020_mel.npy,දැන් හැමෝම වාඩිවෙන්න,දැන් හැමූම වාඩිවෙන්න.,0.3333,0.0556,0,1,short,2.197,1.728,0,0.0,0.0841,0.006638,10.417,0,0
S052,21,S052_021.wav,S052_021_mel.npy,අපි ඊළඟ දවසේ තවත් සෙල්ලමක් කරමු,පීලංග දවර්ශයේ තවත් වෙල්ලමක් කරමු.,0.6667,0.3846,2,2,long,3.371,2.763,0,0.0,0.0982,0.009278,9.411,0,1
S052,22,S052_022.wav,S052_022_mel.npy,මේ සිහින අප නින්දේ දී දකින සිහින නම් නොවේ,මේ සිහින අප ඉන්දේ චි දැක්දැක්න හින නම පූවේ,0.6667,0.4242,2,2,long,8.363,5.248,7,0.37,0.1001,0.00646,6.288,0,1
S052,23,S052_023.wav,S052_023_mel.npy,ඇගේ ගම ගිංතොට ය,ගෙන්ගම්හැයි ඉත්ත්තකොට,1.0,1.0,2,2,short,3.563,2.272,2,0.32,0.0749,0.010084,5.282,0,0
S052,24,S052_024.wav,S052_024_mel.npy,මේ පුංචි දැරිය ඇගේ ප්‍රියතම වැඩිහිටි නෑදෑයා ගැන පසු කලෙක එසේ කීවාය,පුණුත්‍රි දරිය අගේ ප්‍රිශ්තමය වැඩිහිටි නේදෙයා ගැන පසුක් කාලක එසේ කීවාය.,0.6667,0.3273,1,2,long,10.453,8.128,5,0.41,0.1044,0.002633,6.767,0,1
S052,25,S052_025.wav,S052_025_mel.npy,පින්තූර මගින් කතා කීම ඈත කාලයේ සිට පැවත එන ක්‍රමයකි,පින්තූර මගින් කතා කීම.කීම ඇත කාලයේ ශිට පැවත එන ක්‍රමයකි.,0.3,0.119,1,1,long,6.933,5.504,3,0.352,0.1123,0.003791,7.631,0,1
S052,26,S052_026.wav,S052_026_mel.npy,මකුළුවා තණ බිස්සේ හැංගුනා,මකුළුවා සන ව්‍යස් විස්සේ ජිහැන්ගුණේ,1.0,0.5909,2,2,short,4.843,3.648,1,0.512,0.1313,0.0074,6.031,0,0
S052,27,S052_027.wav,S052_027_mel.npy,එළියේ ලස්සන ගැහැණු ළමයෙක් හිටගෙන හිටියා,එළියට ලස්සන ගැන්මෙන් හිටන හිටගෙන හිටියා,0.5,0.3235,1,2,long,6.485,5.056,3,0.352,0.1215,0.002396,6.725,0,1
S052,28,S052_028.wav,S052_028_mel.npy,අතරමගදී ඉතාම භයානක දෙයක් සිදුවුණා,අත්තරම ගදී ඉතාම භායනවයානක දෙයක් සිදු වුණා,1.0,0.2069,1,2,short,6.208,4.864,2,0.384,0.1131,0.003209,5.962,0,0
S052,29,S052_029.wav,S052_029_mel.npy,සර්පයා මහා විශාලෙට කට ඇරියා,සම්පූර්ය සම්පසර්පයා මහ විශාල කට ඇරියා,0.8,0.6522,2,2,short,6.421,4.864,3,0.277,0.1453,0.002078,4.729,0,0
S052,30,S052_030.wav,S052_030_mel.npy,ටිකක් හිතලා බලන්නකෝ,එක කිත්තලා බලන්නකෝ,0.6667,0.2941,1,2,short,3.499,2.336,2,0.336,0.1172,0.006623,7.277,0,0
S052,31,S052_031.wav,S052_031_mel.npy,තනියෙන් ලියන්න,තනිතනියෙන් ගියන්න,1.0,0.3077,1,2,short,2.752,2.048,2,0.176,0.1444,0.005581,6.348,0,0
S052,32,S052_032.wav,S052_032_mel.npy,පස්වැනි ගුණාංගය,පස්වැනි බූ බුණාංගය,1.0,0.2143,1,2,short,4.16,3.04,2,0.416,0.1411,0.004716,4.605,0,0
S052,34,S052_034.wav,S052_034_mel.npy,නායකතුමා මෙසේ පිළිතුරු දුන්නේය,නායක සිප්තුමා මෙසේ බියතුර උන්නේය.,1.0,0.3704,2,2,short,4.117,3.317,0,0.0,0.1235,0.002713,8.139,0,0
S052,35,S052_035.wav,S052_035_mel.npy,තේරවිලි වර්ග කිහිපයක් තිබේ,තෙරවෙලි වර්ගත් ඉහිපයක් තිබේ.,0.75,0.2174,1,2,short,3.157,2.4,1,0.256,0.0816,0.005312,9.583,0,0
S052,36,S052_036.wav,S052_036_mel.npy,අපේ සීයා කතන්දර කීමට සමතෙකි,අපේ සීයය කතන්දර කිහිනඩ සත්නෙන් ස්මත්තෙකි.,0.8,0.6957,2,2,short,4.779,3.84,1,0.384,0.1251,0.001996,5.99,0,0
S052,37,S052_037.wav,S052_037_mel.npy,මේ අය අතරමගදී අම්බලමක නතර වුණා,මේ අය අය තරගම්දී අම්වලකට කර නතරවුනා,0.8333,0.28,1,2,long,8.896,5.856,6,0.368,0.1042,0.003623,4.269,0,1
S052,38,S052_038.wav,S052_038_mel.npy,හරි අපූරු කතාවක්,තරි අපූරු කතාව,0.6667,0.2143,1,2,short,1.728,1.568,0,0.0,0.1087,0.006875,8.929,0,0
S052,39,S052_039.wav,S052_039_mel.npy,කටුස්සාගේ කරේ රත්තරන් බැන්දා වගෙයි,ඇය කටුෂ්වගේ කරේ සතරම් බැන්දා වගේ,0.8,0.4,2,2,short,3.669,3.136,0,0.0,0.1184,0.004212,9.566,0,0
S052,40,S052_040.wav,S052_040_mel.npy,මුල් ගුරුතුමා කීවේය,මුල් පුරුතුමී කීවේය.,0.3333,0.1176,1,1,short,2.624,1.92,1,0.672,0.0818,0.005589,8.854,0,0
S052,41,S052_041.wav,S052_041_mel.npy,අද පුස්තකාල පන්තියක් කරමු,අද මුස්තකාලය පන්දිකරම්,0.75,0.3182,1,2,short,2.603,2.048,0,0.0,0.089,0.009484,10.742,0,0
S052,42,S052_042.wav,S052_042_mel.npy,මම ගල්පරයක ඇලී ජීවත් වුනෙමි,මම ගල් පර්ශයක මැලි ජීවත් උනෙමි.,0.8,0.3043,1,2,short,4.501,3.296,3,0.331,0.1009,0.005097,6.978,0,0
S052,43,S052_043.wav,S052_043_mel.npy,බෙලි කටුව කතා කරයි,වෙලි කටුව කතා කරයි.,0.25,0.0667,0,1,short,2.795,1.856,1,0.384,0.0954,0.003838,8.082,0,0
S052,44,S052_044.wav,S052_044_mel.npy,සති අන්තේ නිවාඩුවට බිංදුලා ගමේ ගියා,තියන්නටේ නිවාඩුවට බින්දුලාගේ ගමේ ගියා,0.5,0.2667,1,2,long,4.672,3.68,2,0.272,0.0963,0.002744,8.152,0,1
S052,45,S052_045.wav,S052_045_mel.npy,මොනවාද ඒවායේ නම්,මුණවාද ඒවා ඒ නම්,1.0,0.2143,1,2,short,2.816,2.176,1,0.288,0.0889,0.008503,6.434,0,0
S052,46,S052_046.wav,S052_046_mel.npy,නංගි උත්තර දුන්නා,නඟී උත්සය දුන්නේ,1.0,0.4,2,2,short,2.325,1.664,0,0.0,0.1015,0.013041,9.014,0,0
S052,47,S052_047.wav,S052_047_mel.npy,පාර කියන අත්තම්මා,පාර කියන්න තම්මා,0.6667,0.2,1,2,short,1.984,1.696,0,0.0,0.0832,0.006237,8.844,0,0
S052,48,S052_048.wav,S052_048_mel.npy,ඇයගේ කැපවීම පුදුමාකාරය,අය එයගෙයි කැපවීම දු පඳුරුකය,1.0,0.65,2,2,short,5.461,3.648,4,0.264,0.0958,0.002675,5.482,0,0
S052,49,S052_049.wav,S052_049_mel.npy,මිනිසාගේ පරම යුතුකම මිනිසාට සේවය කිරීම,මිනිසාගේ පමණක් තුකම මිනිසාට සේවය කිරීම,0.3333,0.1212,1,1,long,5.525,4.288,2,0.496,0.1432,0.003663,7.696,0,1
S052,50,S052_050.wav,S052_050_mel.npy,අපි මේ වන විට පැය දොළහක් වැඩ කර පැය දොළහක් විවේක ගත්තා,අපි මේ හුවන විට පැය දොළොහක වැඩු කර පැය දොළොහා උවිවේග ගත්තාව,0.5,0.2326,1,2,long,6.613,5.429,3,0.288,0.1049,0.003296,7.92,0,1
S052,51,S052_051.wav,S052_051_mel.npy,අප කවුරුත් පුදුමයට පත්කරමින් ඈට පණ ආවා,පවුරුත් උදුමේ පත් කරමින් ඇට පමණක් ආවා,0.8571,0.3125,1,2,long,7.573,5.216,5,0.371,0.1024,0.003874,6.135,0,1
S052,52,S052_052.wav,S052_052_mel.npy,සුගන්ධවත් පුෂ්පයෝ අපගේ සොහොයුරියෝය,යුගන්දින උස්පය අප ගේ ස්වහෝදරය ය.,1.0,0.4839,2,2,short,4.267,3.136,1,0.288,0.1335,0.004826,9.885,0,0
S052,53,S052_053.wav,S052_053_mel.npy,ගංගාවෝ අපගේ සොහොයුරෝ වෙති,ගන්වෝය අපේගේ සහෝදරයාවෙති,1.0,0.5,2,2,short,3.093,2.624,0,0.0,0.1154,0.003525,8.384,0,0
S052,54,S052_054.wav,S052_054_mel.npy,නංගී මට නොදී කිසිවක් නොකනවා ඇතැයි මට සිතේ,නංගීමට නොදී කිසිවක් නොකවනවා ඇතැයි මට සිතුවේ,0.5,0.0882,0,2,long,5.675,4.448,2,0.336,0.1229,0.003346,7.644,0,1
S052,55,S052_055.wav,S052_055_mel.npy,නංගි උදේ පාන්දරින්ම නැගිටියි,අගේ උදේ පවන්දරම ගිට්ඨයි,0.75,0.44,2,2,short,4.416,3.104,2,0.32,0.1163,0.004565,8.054,0,0
S052,56,S052_056.wav,S052_056_mel.npy,ඈ මා ගෙදර යන විට අසනු ඇත,එම ආගෙදර යනවිටය සුනු ඇත.,0.8571,0.2222,1,2,long,3.179,2.784,0,0.0,0.1469,0.002979,6.466,0,1
S052,57,S052_057.wav,S052_057_mel.npy,ගොවිතැන සඳහා භාවිත වන උපකරණ එකින් එක විස්තර කරද්දී ළමයි සාවධානව අසා සිටියහ,ගවිදෙනට සඳහා සහභාවින කරන උපකරන කියන්නේ එක විස්තරය කරම් තමයින් සහා ප්‍රදනය අසා පිවිය.,0.7692,0.4839,2,2,long,10.219,7.968,5,0.243,0.109,0.004394,7.781,0,1
S052,58,S052_058.wav,S052_058_mel.npy,ළමයි පොල්තෙල් හිඳීමට භාවිත කරන සෙක්කුව අසලට රැස් වූහ,තමය කොල්තයෙල් හැදීම් පාවිතා කරන්න සත් අතල රැස්වූර්ව,1.0,0.4773,2,2,long,5.696,4.576,3,0.277,0.1186,0.006633,9.615,0,1
S052,59,S052_059.wav,S052_059_mel.npy,ඒ ගොල්ලන්ට අලුත් ක්‍රමයක් හොයා ගන්න වෙනවා,ගොලන්ට අනුති ප්‍රමයට එහෝ ආකල් හෙනවා,1.0,0.4286,2,2,long,7.915,5.568,6,0.373,0.0961,0.002574,6.286,0,1
S052,60,S052_060.wav,S052_060_mel.npy,බොහෝ දෙනෙක් මම එනතුරු බලා ගෙන හිටියා,ගොහෝ දෙනෙක් මම ඉන්න තුල බල ගෙන හිටියා,0.5714,0.2333,1,2,long,4.48,3.36,2,0.352,0.0985,0.002906,8.929,0,1
S052,61,S052_061.wav,S052_061_mel.npy,මට ආරංචි වුණා රජතුමාගේ ගුහාව ළඟ අනතුරක් කියලා,නටව් ආරරංක් ඉන්නා රච් රජතුමාගේ ගුහව ළඟක් කියලා,0.875,0.4737,2,2,long,6.827,5.291,3,0.501,0.1206,0.001926,7.182,0,1
S052,62,S052_062.wav,S052_062_mel.npy,පැය අටකට පසු ඔවුන්ට පියාපත් සලන හඬක් ඇසිණි,අටකට පසූ වනත් පියාගේ ලසන අලහ්තලන හඬන් ඇසිනි.,0.875,0.5143,2,2,long,8.149,6.176,5,0.32,0.1378,0.00254,5.667,0,1
S052,63,S052_063.wav,S052_063_mel.npy,මිනිසුන් ගැන විස්තර දැනගන්න බොහෝ ක්‍රම තියෙනවා,මුනිසුන් ගැන විස්තර දැන ගන්න බොහෝ ක්‍රම තියෙනවා,0.4286,0.025,0,2,long,4.032,3.808,0,0.0,0.1209,0.004358,10.504,0,1
S052,64,S052_064.wav,S052_064_mel.npy,ඔබට දින හතරක් දෙමි,ඔබට දින හතරක් දෙමි.,0.0,0.0,0,0,short,2.901,2.24,1,0.256,0.1152,0.003397,6.696,0,0
S052,65,S052_065.wav,S052_065_mel.npy,ඇදුරුතුමා බෙහෙවින් සතුටට පත් විය,ඇදුන් ඇදුත්තුමාගේ වෙහෙත් සතුට කවත් වියක්,1.0,0.5714,2,2,short,5.547,3.648,3,0.363,0.1226,0.004868,7.675,0,0
S052,66,S052_066.wav,S052_066_mel.npy,ඔබට පේන්නේ කුමක්දැයි මම ඇසුවෙමි,උඹගේ පොන්ගේ කුමක්දැයි මම ඇසුවෙමි,0.4,0.2222,1,1,short,4.864,3.232,2,0.704,0.1247,0.002587,8.354,0,0
S052,67,S052_067.wav,S052_067_mel.npy,මෙතැන තමයි හොඳම තැන,මෙම තැනට කමයි හොඳ ම තැන ඇ,1.0,0.25,1,2,short,2.539,2.123,1,0.256,0.0872,0.005779,7.538,0,0
S052,68,S052_068.wav,S052_068_mel.npy,ඇය කාචය සකස් කර නැවත බැලූවාය,කකාවයකාවේ ලගස්තොට නැවත බැලුවාය,0.8333,0.5217,2,2,long,8.32,5.12,5,0.55,0.1237,0.0027,4.492,0,1
S053,1,S053_001.wav,S053_001_mel.npy,යාළුවෝ හැමදෙනාම නිදහස් උත්සවය බැලුවා,යානුවෝ හැම දෙනාම දා සුඛ්‍ෂවය බැනුවා,1.0,0.3125,1,2,short,3.136,2.88,0,0.0,0.0916,0.002274,11.111,2,0
S053,2,S053_002.wav,S053_002_mel.npy,කවිඳු යාළුවොත් එක්ක මිදුලේ සෙල්ලම් කරමින් සිටියා,කවිදු යාළුවොත් එක්ක මිදුලේ සෙල්ලම් කරෙමින් සිටියා.,0.2857,0.0476,0,1,long,4.011,3.627,1,0.384,0.1013,0.001391,11.581,2,1
S053,3,S053_003.wav,S053_003_mel.npy,අපේ රටේ නිදහස් උත්සවය,අපේ රටේ නිදහස් උත්සවය,0.0,0.0,0,0,short,2.475,1.984,0,0.0,0.1406,0.003442,9.073,2,0
S053,4,S053_004.wav,S053_004_mel.npy,මම කෝෂය ඇතුලේ සති දෙකක් විතර හිටියා,මම කෝෂයේ අතුලේ සත් දෙකක්තර හිටියක්,0.8571,0.2414,1,2,long,3.52,2.816,1,0.16,0.1157,0.003249,10.298,2,1
S053,5,S053_005.wav,S053_005_mel.npy,පොත් කියවීමෙන් මිනිසා සම්පූර්ණ වේ,පොතේ කියවීමෙන් මිනිසා සම්පූර්ණ වේ.,0.2,0.0345,0,1,short,3.072,2.784,0,0.0,0.0974,0.004547,10.417,2,0
S053,6,S053_006.wav,S053_006_mel.npy,මුහුද හරිම ලස්සනයි,මුහුතෙ හරිම ලස්සනයි,0.3333,0.125,1,1,short,2.112,1.6,0,0.0,0.1064,0.004424,10.0,2,0
S053,7,S053_007.wav,S053_007_mel.npy,හැමෝම එකට අත් අල්ලා ගන්න,හැමෝ මේකටත් අල්ලා ගන්නැ,0.8,0.15,1,2,short,3.051,2.208,1,0.416,0.0954,0.004663,9.058,2,0
S053,8,S053_008.wav,S053_008_mel.npy,මම එහෙනම් නාගෙන එන්නම්,මම එහෙනම් නාගෙන එන්නම්,0.0,0.0,0,0,short,2.453,2.208,0,0.0,0.106,0.004003,8.605,2,0
S053,9,S053_009.wav,S053_009_mel.npy,අපි අද පොල් කැඩුවා,අපි අද පොල්තටුවා,0.5,0.2,1,2,short,1.899,1.536,0,0.0,0.0834,0.003104,9.766,2,0
S053,10,S053_010.wav,S053_010_mel.npy,"ඇයි හිනා වෙන්නේ, මට රජ වෙන්න බැරිද",ඇයි ඉනාවෙන්නේ මට රජ වෙන්න බැරිද?,0.2857,0.0741,0,1,long,3.819,3.232,0,0.0,0.08,0.006847,8.663,2,1
S053,11,S053_011.wav,S053_011_mel.npy,දුව සටහන් පොතේ මොනවාද ලියා ගත්තේ,දුව සටහන් පොතේ මොනවාද ලියා ගත්තේ,0.0,0.0,0,0,long,3.819,3.2,1,0.448,0.1044,0.004127,8.438,2,1
S053,12,S053_012.wav,S053_012_mel.npy,ඉතින් මෙච්චර පරක්කු වුනේ ඇයි,ඉතින් මෙචර පරක්වුණේ ඇයි,0.6,0.1667,1,2,short,2.731,2.432,0,0.0,0.1089,0.004241,9.868,2,0
S053,13,S053_013.wav,S053_013_mel.npy,දවසක් අම්මා අශ්ව පැටියාගෙන් උදව්වක් ඉල්ලුවා,දවසක් කමා අශ්ව කැටියාගෙන් දව්වක් කිල්ලුව,0.6667,0.2105,1,2,long,4.181,3.872,0,0.0,0.1084,0.003738,9.814,2,1
S053,14,S053_014.wav,S053_014_mel.npy,ඔය ගඟ හරි ගැඹුරුයි,ඔය ගාක හරි ගැබුරුයි,0.5,0.2,1,2,short,2.155,1.728,0,0.0,0.0761,0.00558,8.681,2,0
S053,15,S053_015.wav,S053_015_mel.npy,අශ්ව පැටියා ඉක්මනින් ගෙදර එනවා දැකලා අම්මා පුදුම වුනා,ආශය පැටියා ඉක්මලින් ගෙදර එනවා දැකල අමා පුදුම වුණා,0.4444,0.1556,1,2,long,5.803,4.864,2,0.208,0.0897,0.001686,9.252,2,1
S053,16,S053_016.wav,S053_016_mel.npy,"සිටුතුමනි, අපට අනුකම්පා කරනු මැනවි",සිටුතුමනි අපට අන්කම්පා කරුණු මැනවි.,0.4,0.069,0,1,short,4.757,4.032,1,0.256,0.0952,0.004278,7.44,2,0
S053,17,S053_017.wav,S053_017_mel.npy,බරෙන් වැඩි වන්නේ ගසක මුල කොටසද,බරෙන් වැඩි වන්නේ ගසක මුලකොටසක්ද,0.3333,0.08,0,1,long,3.904,3.008,1,0.352,0.1056,0.006001,8.311,2,1
S053,18,S053_018.wav,S053_018_mel.npy,රයිට් සහෝදරයන්ගේ පියා ඔවුන් පුංචිකාලයේ දී කඩදාසි සහ රබර් පටිවලින් සෙල්ලම් අහස් යානා තනා දුන්නේය,රයිට් සහෝදරයන්ගේ පියාවන්නේ පුංචි කාලයේදීම කඩදාසි සහරබල් පටිවලින් සෙල්ලම් අහස් යානා තනා දුන්නේය.,0.4,0.0741,0,1,long,13.269,9.856,6,0.491,0.1034,0.003402,8.218,2,1
S053,19,S053_019.wav,S053_019_mel.npy,පසු කලෙක ඔවුහු බයිසිකල් වැඩ වැඩපොළක් ඇරඹූහ,පසු කලෙ හේ කලෙක ඔවුහෝ මබයිස්කල් වැඩ පොලක් ඇරඹූක,0.8571,0.3333,1,2,long,7.957,5.088,7,0.379,0.0898,0.005682,7.075,2,1
S053,20,S053_020.wav,S053_020_mel.npy,දැන් හැමෝම වාඩිවෙන්න,දැන් හා හැමෝම වාඩි වෙන්න,1.0,0.1111,1,2,short,2.965,2.24,1,0.416,0.0793,0.003588,8.036,2,0
S053,21,S053_021.wav,S053_021_mel.npy,අපි ඊළඟ දවසේ තවත් සෙල්ලමක් කරමු,අපීලගෙ දවසෙ තවා සෙල්ලමක් කරමු,0.6667,0.2692,1,2,long,2.795,2.592,0,0.0,0.0865,0.004074,10.031,2,1
S053,22,S053_022.wav,S053_022_mel.npy,මේ සිහින අප නින්දේ දී දකින සිහින නම් නොවේ,මේ සිහින අප නින්දේදි දකින සිහින නම් නොවේ,0.2222,0.0303,0,1,long,7.659,5.44,4,0.336,0.0825,0.005543,6.066,2,1
S053,23,S053_023.wav,S053_023_mel.npy,ඇගේ ගම ගිංතොට ය,ඇගේ ගම ගින් තොටය,0.5,0.1667,1,2,short,3.008,2.176,1,0.352,0.0789,0.005948,5.515,2,0
S053,24,S053_024.wav,S053_024_mel.npy,මේ පුංචි දැරිය ඇගේ ප්‍රියතම වැඩිහිටි නෑදෑයා ගැන පසු කලෙක එසේ කීවාය,මෙල් පුංචි දරිය ඇගේ ප්‍රියොතම වැඩිහිටේ නැදෑයා ගැන පසු කල ක එසේ කීවාය.,0.5833,0.1455,1,2,long,9.92,7.552,7,0.274,0.1051,0.005116,7.283,2,1
S053,25,S053_025.wav,S053_025_mel.npy,පින්තූර මගින් කතා කීම ඈත කාලයේ සිට පැවත එන ක්‍රමයකි,පින්තූර මගින් කතා කීම ඈත්‍රකාලයේ සිට පැවත එන ග්‍රමඑකි.,0.3,0.119,1,1,long,6.869,5.504,3,0.224,0.1098,0.004655,7.631,2,1
S053,26,S053_026.wav,S053_026_mel.npy,මකුළුවා තණ බිස්සේ හැංගුනා,මකුලුවා තන බිස්සේ හැංගුණා,0.0,0.0,0,0,short,3.029,2.517,1,0.288,0.1416,0.004103,8.739,2,0
S053,27,S053_027.wav,S053_027_mel.npy,එළියේ ලස්සන ගැහැණු ළමයෙක් හිටගෙන හිටියා,එළියේ ලස්සන ගෑනු ළමයෙක් හිටිය හිටගෙන හිටියා,0.3333,0.2353,1,1,long,4.864,3.904,2,0.272,0.1057,0.004494,8.709,2,1
S053,28,S053_028.wav,S053_028_mel.npy,අතරමගදී ඉතාම භයානක දෙයක් සිදුවුණා,අතර මගදී ඉතාම භයානක දෙයක් සිදුවුනා,0.4,0.0,0,1,short,4.224,3.84,1,0.192,0.1046,0.004341,7.552,2,0
S053,29,S053_029.wav,S053_029_mel.npy,සර්පයා මහා විශාලෙට කට ඇරියා,සරුපයා මග විශාලට කටෑරියා,1.0,0.2174,1,2,short,4.395,3.424,2,0.336,0.1137,0.003067,6.717,2,0
S053,30,S053_030.wav,S053_030_mel.npy,ටිකක් හිතලා බලන්නකෝ,ටිකක් කිතලා බලන්නකෝ.,0.3333,0.0588,0,1,short,2.091,1.707,0,0.0,0.1,0.004237,9.961,2,0
S053,31,S053_031.wav,S053_031_mel.npy,තනියෙන් ලියන්න,තනියන් දියන්න.,1.0,0.1538,1,2,short,1.92,1.28,0,0.0,0.0877,0.00248,10.156,2,0
S053,32,S053_032.wav,S053_032_mel.npy,පස්වැනි ගුණාංගය,පස්තැනී ගුණාන් ගැය,1.0,0.3571,2,2,short,2.133,1.504,0,0.0,0.1307,0.003233,9.309,2,0
S053,33,S053_033.wav,S053_033_mel.npy,බරණැස් නුවර සිටුවරයෙක් වාසය කළේය,බරණැස් නුවර සිටුවරයෙක් වාසය කළේ,0.2,0.0357,0,1,short,3.797,3.2,1,0.192,0.1224,0.004564,8.75,2,0
S053,34,S053_034.wav,S053_034_mel.npy,නායකතුමා මෙසේ පිළිතුරු දුන්නේය,නායක සිපුතුමා මෙසේ පිළිතුරු දුන්නෙත්,0.75,0.2593,1,2,short,3.392,2.912,1,0.192,0.1084,0.002701,9.272,2,0
S053,35,S053_035.wav,S053_035_mel.npy,තේරවිලි වර්ග කිහිපයක් තිබේ,තේරවිලිවර්ක කීපයක් තිබේ.,0.75,0.1739,1,2,short,2.325,2.112,0,0.0,0.0862,0.004086,10.89,2,0
S053,36,S053_036.wav,S053_036_mel.npy,අපේ සීයා කතන්දර කීමට සමතෙකි,අපේ සීයා කතන්දර කීමට සමතකි.,0.2,0.0435,0,1,short,2.88,2.752,0,0.0,0.1272,0.001612,8.358,2,0
S053,37,S053_037.wav,S053_037_mel.npy,මේ අය අතරමගදී අම්බලමක නතර වුණා,මේ අය අතර මගදි අම්බල අම්බලමක නතර වුණා,0.5,0.24,1,2,long,5.653,4.533,3,0.267,0.0936,0.002377,5.515,2,1
S053,38,S053_038.wav,S053_038_mel.npy,හරි අපූරු කතාවක්,හරි අපුරු කතාවන්,0.6667,0.1429,1,2,short,1.707,1.568,0,0.0,0.1087,0.006356,8.929,2,0
S053,39,S053_039.wav,S053_039_mel.npy,කටුස්සාගේ කරේ රත්තරන් බැන්දා වගෙයි,කටුස්සාදය කරේ රත්තරම් බැන්දා වගෙයි.,0.4,0.1,0,1,short,3.157,2.88,0,0.0,0.1002,0.00186,10.417,2,0
S053,40,S053_040.wav,S053_040_mel.npy,මුල් ගුරුතුමා කීවේය,මුල් ගුරුතුමා කීවේය.,0.0,0.0,0,0,short,2.069,1.824,0,0.0,0.096,0.003407,9.32,2,0
S053,41,S053_041.wav,S053_041_mel.npy,අද පුස්තකාල පන්තියක් කරමු,අද පුෂ්තකාල පන්තියෙ පන්තියක්කරුමු,0.75,0.4091,2,2,short,3.435,2.88,1,0.256,0.0909,0.002652,7.639,2,0
S053,42,S053_042.wav,S053_042_mel.npy,මම ගල්පරයක ඇලී ජීවත් වුනෙමි,මම ගල් පරයක ඇලි ජීවත් උනෙමු,0.8,0.1739,1,2,short,4.651,3.68,3,0.224,0.0877,0.003749,6.25,2,0
S053,43,S053_043.wav,S053_043_mel.npy,බෙලි කටුව කතා කරයි,බැරි කටුව කතා කරයි.,0.25,0.1333,1,1,short,2.581,1.984,1,0.256,0.0855,0.00527,7.56,2,0
S053,44,S053_044.wav,S053_044_mel.npy,සති අන්තේ නිවාඩුවට බිංදුලා ගමේ ගියා,සතිය අන්තේ මිනිවාඩුවට බින්දුලා මගෙ ගමේ ගියා,0.6667,0.2667,1,2,long,6.976,4.992,4,0.328,0.0869,0.003775,6.01,2,1
S053,45,S053_045.wav,S053_045_mel.npy,මොනවාද ඒවායේ නම්,මොනවාද ඒවායේ නම්,0.0,0.0,0,0,short,2.965,2.176,1,0.384,0.0902,0.004754,6.434,2,0
S053,46,S053_046.wav,S053_046_mel.npy,නංගි උත්තර දුන්නා,නාග්‍ය උත්තර දුන්නාව,0.6667,0.3333,1,2,short,1.557,1.301,0,0.0,0.0852,0.004473,11.526,2,0
S053,47,S053_047.wav,S053_047_mel.npy,පාර කියන අත්තම්මා,පාර් කියන අත්තම්මා,0.3333,0.0667,0,1,short,1.536,1.472,0,0.0,0.1055,0.005109,10.19,2,0
S053,48,S053_048.wav,S053_048_mel.npy,ඇයගේ කැපවීම පුදුමාකාරය,ඇයගේ කැපවීම පුදු මාකාරයි,0.6667,0.05,0,2,short,4.885,3.36,2,0.528,0.0895,0.002825,5.952,2,0
S053,49,S053_049.wav,S053_049_mel.npy,මිනිසාගේ පරම යුතුකම මිනිසාට සේවය කිරීම,මිනිසාගේ පරම යූතුකම මිනිසාට සේවය කිරීම,0.1667,0.0303,0,1,long,5.803,4.576,1,0.576,0.111,0.005163,7.212,2,1
S053,50,S053_050.wav,S053_050_mel.npy,අපි මේ වන විට පැය දොළහක් වැඩ කර පැය දොළහක් විවේක ගත්තා,අපි මේ වන විට පැය දොළහක් වැඩ කර පැය දොළහක් විවේක ගත්ටා,0.0833,0.0233,0,1,long,5.888,5.024,2,0.24,0.0994,0.001996,8.559,2,1
S053,51,S053_051.wav,S053_051_mel.npy,අප කවුරුත් පුදුමයට පත්කරමින් ඈට පණ ආවා,අප කවුරු පුදුමයට පත් කරමින් ඈට වන ආවා,0.5714,0.0938,0,2,long,9.472,6.016,7,0.402,0.1004,0.004383,5.319,2,1
S053,52,S053_052.wav,S053_052_mel.npy,සුගන්ධවත් පුෂ්පයෝ අපගේ සොහොයුරියෝය,සුගන්ඩවත් පුෂ්පයෝ අපැගේස් තොවිරුය,0.75,0.2903,1,2,short,3.904,3.168,0,0.0,0.1112,0.003659,9.785,2,0
S053,53,S053_053.wav,S053_053_mel.npy,ගංගාවෝ අපගේ සොහොයුරෝ වෙති,ගංගාවෝ අපගේ සහොයුරො වැටි,0.5,0.1818,1,2,short,3.84,2.688,1,0.224,0.0951,0.004081,8.185,2,0
S053,54,S053_054.wav,S053_054_mel.npy,නංගී මට නොදී කිසිවක් නොකනවා ඇතැයි මට සිතේ,නංගී මට නොදී කිසිවක් නොකනවා ඇතැයි මට සිතේ,0.0,0.0,0,0,long,5.184,4.544,1,0.32,0.1009,0.005438,7.482,2,1
S053,55,S053_055.wav,S053_055_mel.npy,නංගි උදේ පාන්දරින්ම නැගිටියි,රංගී උදේ පාත්දරින්ම නැකිටයි.,0.75,0.2,1,2,short,3.84,3.136,1,0.352,0.0855,0.004189,7.972,2,0
S053,56,S053_056.wav,S053_056_mel.npy,ඈ මා ගෙදර යන විට අසනු ඇත,ඈමා ගෙතර යනවිට අසනු ඇත.,0.7143,0.0556,0,2,long,3.819,3.2,2,0.192,0.1084,0.003222,5.625,2,1
S053,57,S053_057.wav,S053_057_mel.npy,ගොවිතැන සඳහා භාවිත වන උපකරණ එකින් එක විස්තර කරද්දී ළමයි සාවධානව අසා සිටියහ,ගොවිතන සදහා භාවන්ත වන උපකරන එකිනුණෙක විතර කරත්තේ ළමයි ශාවදානව අසා සිටියහ.,0.6154,0.2097,1,2,long,10.709,8.576,4,0.344,0.1091,0.004953,7.229,2,1
S053,58,S053_058.wav,S053_058_mel.npy,ළමයි පොල්තෙල් හිඳීමට භාවිත කරන සෙක්කුව අසලට රැස් වූහ,ළමයි පොල්ටල් හිදීමට භාවිතකරුන සෙක්කුව අසලට රැත්සූහ.,0.6667,0.1364,1,2,long,7.765,5.92,4,0.384,0.0968,0.004733,7.432,2,1
S053,59,S053_059.wav,S053_059_mel.npy,ඒ ගොල්ලන්ට අලුත් ක්‍රමයක් හොයා ගන්න වෙනවා,එය කොල්ලන්ට අලු ක්‍රමයක් හොයා ගන්න වෙනවා,0.4286,0.1429,1,2,long,3.563,3.168,0,0.0,0.0848,0.003384,11.048,2,1
S053,60,S053_060.wav,S053_060_mel.npy,බොහෝ දෙනෙක් මම එනතුරු බලා ගෙන හිටියා,බොහෝ ජනයෙක් මම එනතුරු බලාගෙන හිටියා,0.4286,0.1,0,2,long,3.819,3.211,1,0.224,0.0851,0.002358,9.344,2,1
S053,61,S053_061.wav,S053_061_mel.npy,මට ආරංචි වුණා රජතුමාගේ ගුහාව ළඟ අනතුරක් කියලා,මට ආරංචි වුණා.රජතුමාගේ බුහාව ලග අඩතුරක් කියලා.,0.625,0.0789,0,2,long,8.917,5.792,5,0.454,0.0898,0.00283,6.561,2,1
S053,62,S053_062.wav,S053_062_mel.npy,පැය අටකට පසු ඔවුන්ට පියාපත් සලන හඬක් ඇසිණි,පැය අටකට පසු ඔවුන්ට පියාපත් සලන හඩක් ඇසිනි,0.125,0.0286,0,1,long,6.357,4.672,2,0.352,0.1107,0.003242,7.491,2,1
S053,63,S053_063.wav,S053_063_mel.npy,මිනිසුන් ගැන විස්තර දැනගන්න බොහෝ ක්‍රම තියෙනවා,මිනිසුන් ගැන විස්තර දැනගන්න බොහා ප්‍රමිතිය නවා,0.4286,0.1,0,2,long,4.651,3.616,0,0.0,0.092,0.004461,11.062,2,1
S053,64,S053_064.wav,S053_064_mel.npy,ඔබට දින හතරක් දෙමි,ඔබට දින හතරක් දැමි,0.25,0.0667,0,1,short,2.752,2.144,0,0.0,0.0754,0.005693,6.996,2,0
S053,65,S053_065.wav,S053_065_mel.npy,ඇදුරුතුමා බෙහෙවින් සතුටට පත් විය,ඇදුරුරුමා දෙහිවින් සතුටට පත්විය,0.8,0.1071,1,2,short,4.309,3.392,0,0.0,0.1051,0.003392,8.255,2,0
S053,66,S053_066.wav,S053_066_mel.npy,ඔබට පේන්නේ කුමක්දැයි මම ඇසුවෙමි,ඔබට පේන්නේ කුමක්ජයි මම ඇසුවෙමින්,0.4,0.1481,1,1,short,4.352,3.392,1,0.288,0.0948,0.004508,7.96,2,0
S053,67,S053_067.wav,S053_067_mel.npy,මෙතැන තමයි හොඳම තැන,මෙතැන තමයි හොදම තැන,0.25,0.0625,0,1,short,3.584,2.56,1,0.32,0.0897,0.004527,6.25,2,0
S053,68,S053_068.wav,S053_068_mel.npy,ඇය කාචය සකස් කර නැවත බැලූවාය,ඇය කාජය සකස් කර නැවත බැලුවාය,0.3333,0.087,0,1,long,4.693,3.52,2,0.304,0.1067,0.003514,6.534,2,1
S054,1,S054_001.wav,S054_001_mel.npy,යාළුවෝ හැමදෙනාම නිදහස් උත්සවය බැලුවා,යාළුවෝ හැම දෙනාම නිදහස්සවය බැලුවා,0.6,0.0938,0,2,short,4.928,4.096,1,0.416,0.1355,0.005662,7.812,2,0
S054,2,S054_002.wav,S054_002_mel.npy,කවිඳු යාළුවොත් එක්ක මිදුලේ සෙල්ලම් කරමින් සිටියා,කවිදු යාළුවොත් එක්ක මිදුලේ සෙල්ලක් කරමෙන් සිටියා.,0.4286,0.0714,0,2,long,5.227,4.16,0,0.0,0.1096,0.004859,10.096,2,1
S054,3,S054_003.wav,S054_003_mel.npy,අපේ රටේ නිදහස් උත්සවය,අපේ රට නිදහස් උත්සවය,0.25,0.0556,0,1,short,2.859,1.952,1,0.256,0.105,0.008445,9.221,2,0
S054,4,S054_004.wav,S054_004_mel.npy,මම කෝෂය ඇතුලේ සති දෙකක් විතර හිටියා,මම කෝෂය ඈතුලේ සති දෙකක් ඉතර හිටියා.,0.2857,0.1034,1,1,long,4.139,3.328,0,0.0,0.1119,0.004039,8.714,2,1
S054,5,S054_005.wav,S054_005_mel.npy,පොත් කියවීමෙන් මිනිසා සම්පූර්ණ වේ,පොත කියවීමෙන් මිනිසා සම්පූර්ණ වේ.,0.2,0.0345,0,1,short,4.651,3.648,1,0.224,0.1283,0.002966,7.95,2,0
S054,6,S054_006.wav,S054_006_mel.npy,මුහුද හරිම ලස්සනයි,මුහුද හදිම ලස්සනයි,0.3333,0.0625,0,1,short,2.155,1.568,0,0.0,0.1635,0.005176,10.204,2,0
S054,7,S054_007.wav,S054_007_mel.npy,හැමෝම එකට අත් අල්ලා ගන්න,හැමෝම එකට හත්තාල්ලා ගන්ඩ,0.6,0.2,1,2,short,3.072,2.272,0,0.0,0.1198,0.004065,8.803,2,0
S054,8,S054_008.wav,S054_008_mel.npy,මම එහෙනම් නාගෙන එන්නම්,මම එහෙනම් නාගෙන එන්නක්,0.25,0.0526,0,1,short,2.944,2.176,0,0.0,0.1312,0.002144,8.732,2,0
S054,9,S054_009.wav,S054_009_mel.npy,අපි අද පොල් කැඩුවා,අද අපි පොල් කැඩුව,0.75,0.3333,1,2,short,2.091,1.472,0,0.0,0.1016,0.002708,10.19,2,0
S054,10,S054_010.wav,S054_010_mel.npy,"ඇයි හිනා වෙන්නේ, මට රජ වෙන්න බැරිද",ඇයි හිනාවෙන්නෙ මට රජ වෙන්න බැරිද?,0.2857,0.037,0,1,long,3.904,2.72,1,0.544,0.1271,0.002003,10.294,2,1
S054,11,S054_011.wav,S054_011_mel.npy,දුව සටහන් පොතේ මොනවාද ලියා ගත්තේ,දුව සටහන් පොතේ මොනවද ලියාගත්වේ,0.5,0.0741,0,2,long,3.712,3.008,0,0.0,0.1314,0.002269,8.976,2,1
S054,12,S054_012.wav,S054_012_mel.npy,ඉතින් මෙච්චර පරක්කු වුනේ ඇයි,ඉතින් මෙච්චර පරක් වූ නේ ඇයි.,0.6,0.125,1,2,short,2.731,2.176,0,0.0,0.1557,0.003564,11.029,2,0
S054,13,S054_013.wav,S054_013_mel.npy,දවසක් අම්මා අශ්ව පැටියාගෙන් උදව්වක් ඉල්ලුවා,දවසකාම්මා අශ්‍ර පැතියාගෙන් උදව්වක් ඉල්ලුවක්.,0.8333,0.1842,1,2,long,4.416,3.648,0,0.0,0.1423,0.004862,10.417,2,1
S054,14,S054_014.wav,S054_014_mel.npy,ඔය ගඟ හරි ගැඹුරුයි,මෙය ගංක හරි කැඹුරුයි,0.75,0.3333,1,2,short,2.219,1.728,0,0.0,0.1214,0.004294,8.681,2,0
S054,15,S054_015.wav,S054_015_mel.npy,අශ්ව පැටියා ඉක්මනින් ගෙදර එනවා දැකලා අම්මා පුදුම වුනා,අශ්ව පැටියා ඉමනින් කෙදර එනවා ප්‍රකල ආම්මා පුදුම වුණා.,0.4444,0.2,1,2,long,5.931,4.832,2,0.256,0.1305,0.003458,9.313,2,1
S054,16,S054_016.wav,S054_016_mel.npy,"සිටුතුමනි, අපට අනුකම්පා කරනු මැනවි",සිඩුතුමනි අපට අනුපා කම්පා කරනු මැනවි,0.6,0.1034,1,2,short,6.187,3.68,2,0.816,0.1253,0.002933,8.152,2,0
S054,17,S054_017.wav,S054_017_mel.npy,බරෙන් වැඩි වන්නේ ගසක මුල කොටසද,බරන් වැඩි වන්නේ ගසක මුලකොට සද,0.5,0.04,0,2,long,4.267,3.04,1,0.288,0.1381,0.003342,8.224,2,1
S054,18,S054_018.wav,S054_018_mel.npy,රයිට් සහෝදරයන්ගේ පියා ඔවුන් පුංචිකාලයේ දී කඩදාසි සහ රබර් පටිවලින් සෙල්ලම් අහස් යානා තනා දුන්නේය,ප්‍රයිත් සහෝ දරයන්ගේ පියා ඔංචි කාලයේදී කඩදාස සි සහ රබල් පටිවලින් සෙල්ලන් හස්‍යානා තැනා දුන්නේය.,0.8,0.1975,1,2,long,11.029,8.992,2,0.544,0.1365,0.002222,9.008,2,1
S054,19,S054_019.wav,S054_019_mel.npy,පසු කලෙක ඔවුහු බයිසිකල් වැඩ වැඩපොළක් ඇරඹූහ,පසු කලෙක ඔවුහු බයිසිකල් වැඩෆොරක් අරඹූල,0.4286,0.1944,1,2,long,5.504,3.584,2,0.624,0.1294,0.005402,10.045,2,1
S054,20,S054_020.wav,S054_020_mel.npy,දැන් හැමෝම වාඩිවෙන්න,දැන් ඇමෝම වාඩිවෙන්න,0.3333,0.1111,1,1,short,2.475,1.888,0,0.0,0.1097,0.004953,9.534,2,0
S054,21,S054_021.wav,S054_021_mel.npy,අපි ඊළඟ දවසේ තවත් සෙල්ලමක් කරමු,අපි ඊලග දවසේ සමත් එල්ලමක් කරමු,0.5,0.1923,1,2,long,4.459,3.584,1,0.16,0.1339,0.004348,7.254,2,1
S054,22,S054_022.wav,S054_022_mel.npy,මේ සිහින අප නින්දේ දී දකින සිහින නම් නොවේ,මේ සිහින අප නින්දේදී දකින සිහින නම් නොවේ.,0.2222,0.0,0,1,long,5.333,4.0,2,0.288,0.1275,0.002568,8.25,2,1
S054,23,S054_023.wav,S054_023_mel.npy,ඇගේ ගම ගිංතොට ය,ඇගේ ගමගින්තෝට අය,0.75,0.3333,1,2,short,2.475,1.696,0,0.0,0.0988,0.003734,7.075,2,0
S054,24,S054_024.wav,S054_024_mel.npy,මේ පුංචි දැරිය ඇගේ ප්‍රියතම වැඩිහිටි නෑදෑයා ගැන පසු කලෙක එසේ කීවාය,මේ පුංචි දැරියකේ ප්‍රිරතම වැඩිහිතින් දෙය ගැනපහු කලෙක සේකීවාය.,0.75,0.1636,1,2,long,7.979,6.208,2,0.512,0.1335,0.002968,8.86,2,1
S054,25,S054_025.wav,S054_025_mel.npy,පින්තූර මගින් කතා කීම ඈත කාලයේ සිට පැවත එන ක්‍රමයකි,පින්තූර මගින් කතා කිහිම ඈත කාලයේ සිට පැවතවයෙන ක්‍රමයෙකි.,0.4,0.1667,1,1,long,6.336,4.96,2,0.384,0.1275,0.003808,8.468,2,1
S054,26,S054_026.wav,S054_026_mel.npy,මකුළුවා තණ බිස්සේ හැංගුනා,මකුළුවා තන බිස්සේ හැන්කුණ,0.25,0.1818,1,1,short,2.923,2.08,0,0.0,0.129,0.004279,10.577,2,0
S054,27,S054_027.wav,S054_027_mel.npy,එළියේ ලස්සන ගැහැණු ළමයෙක් හිටගෙන හිටියා,එළියේ ලස්සන කෑල්ලමයෙ කිටගෙන හිටියා,0.5,0.2353,1,2,long,3.691,2.784,0,0.0,0.1815,0.002272,12.213,2,1
S054,28,S054_028.wav,S054_028_mel.npy,අතරමගදී ඉතාම භයානක දෙයක් සිදුවුණා,අතර මගදි හිතාම භයානක දෙයක් සිද්ධ වුණා,1.0,0.1724,1,2,short,3.712,3.2,0,0.0,0.1254,0.002255,9.062,2,0
S054,29,S054_029.wav,S054_029_mel.npy,සර්පයා මහා විශාලෙට කට ඇරියා,සර්පයා මහා විශාලට අට ඇරියක්,0.6,0.1739,1,2,short,3.307,2.72,1,0.192,0.1495,0.002957,8.456,2,0
S054,30,S054_030.wav,S054_030_mel.npy,ටිකක් හිතලා බලන්නකෝ,එකා කිතල බලන්නකෝ,0.6667,0.3529,2,2,short,1.899,1.536,0,0.0,0.1188,0.006234,11.068,2,0
S054,31,S054_031.wav,S054_031_mel.npy,තනියෙන් ලියන්න,තානියන් ලියන්ඩ,1.0,0.2308,1,2,short,1.557,1.077,0,0.0,0.1193,0.002754,12.066,2,0
S054,32,S054_032.wav,S054_032_mel.npy,පස්වැනි ගුණාංගය,පස්වෙනි ගුණාන් ගෙන්,1.0,0.4286,2,2,short,1.579,1.259,0,0.0,0.1401,0.00187,11.123,2,0
S054,33,S054_033.wav,S054_033_mel.npy,බරණැස් නුවර සිටුවරයෙක් වාසය කළේය,බරණස් රුවර සිටුවරේ වාසය කළේ,0.8,0.25,1,2,short,3.477,2.912,1,0.16,0.1319,0.005946,9.615,2,0
S054,34,S054_034.wav,S054_034_mel.npy,නායකතුමා මෙසේ පිළිතුරු දුන්නේය,නායක සිටිතුමා මෙසේක් ඊතොරු දුන්නේ,1.0,0.3704,2,2,short,3.648,2.848,1,0.448,0.1421,0.005822,9.48,2,0
S054,35,S054_035.wav,S054_035_mel.npy,තේරවිලි වර්ග කිහිපයක් තිබේ,තේරවිණි උපර්ග කිහිපයක් තිබේ.,0.5,0.1304,1,2,short,2.539,2.283,0,0.0,0.1241,0.002774,10.076,2,0
S054,36,S054_036.wav,S054_036_mel.npy,අපේ සීයා කතන්දර කීමට සමතෙකි,අපේ සියා කතන්දර කීමට සමතකි.,0.4,0.087,0,1,short,3.008,2.688,0,0.0,0.1469,0.003518,8.557,2,0
S054,37,S054_037.wav,S054_037_mel.npy,මේ අය අතරමගදී අම්බලමක නතර වුණා,මේ අය අතර මගදි අම්බලමකන අතර වුනා.,0.6667,0.08,0,2,long,4.245,3.36,1,0.192,0.1317,0.004651,7.44,2,1
S054,38,S054_038.wav,S054_038_mel.npy,හරි අපූරු කතාවක්,හරියපූරු කතාවක්,0.6667,0.0714,0,2,short,1.792,1.408,0,0.0,0.0975,0.004108,9.943,2,0
S054,39,S054_039.wav,S054_039_mel.npy,කටුස්සාගේ කරේ රත්තරන් බැන්දා වගෙයි,අටුස්සාගේ කරේ රත්තරම් බැන්දා වගේ,0.6,0.1667,1,2,short,3.136,2.752,0,0.0,0.1116,0.003528,10.901,2,0
S054,40,S054_040.wav,S054_040_mel.npy,මුල් ගුරුතුමා කීවේය,උන්කුරුතුමක් ඉවේය.,1.0,0.4118,2,2,short,2.475,1.76,0,0.0,0.0838,0.004986,9.659,2,0
S054,41,S054_041.wav,S054_041_mel.npy,අද පුස්තකාල පන්තියක් කරමු,අද කුස්තකාල පන්තියක්ක නමු,0.75,0.0909,0,2,short,2.731,2.08,0,0.0,0.1315,0.005529,10.577,2,0
S054,42,S054_042.wav,S054_042_mel.npy,මම ගල්පරයක ඇලී ජීවත් වුනෙමි,මම ගල් පරයක ඇලෙහි ජීවක් තුනෙමි.,1.0,0.2174,1,2,short,3.52,2.784,0,0.0,0.1068,0.002519,8.261,2,0
S054,43,S054_043.wav,S054_043_mel.npy,බෙලි කටුව කතා කරයි,බෙලි කටුව කතා කරයි.,0.0,0.0,0,0,short,2.027,1.568,0,0.0,0.1041,0.006958,9.566,2,0
S054,44,S054_044.wav,S054_044_mel.npy,සති අන්තේ නිවාඩුවට බිංදුලා ගමේ ගියා,සති අන්තේ නිවාඩුවයට වින්දුලා ගමේ ගියා,0.3333,0.1333,1,1,long,4.651,3.712,1,0.32,0.1399,0.00247,8.082,2,1
S054,45,S054_045.wav,S054_045_mel.npy,මොනවාද ඒවායේ නම්,මොනවාද ඒවායෙනම්,0.6667,0.0714,0,2,short,2.347,1.952,0,0.0,0.1164,0.005169,7.172,2,0
S054,46,S054_046.wav,S054_046_mel.npy,නංගි උත්තර දුන්නා,නංහියි උත්තර දුන්නා,0.3333,0.2,1,1,short,2.027,1.536,0,0.0,0.1021,0.003442,9.766,2,0
S054,47,S054_047.wav,S054_047_mel.npy,පාර කියන අත්තම්මා,පාර කියන අත්තම්මා,0.0,0.0,0,0,short,2.005,1.632,0,0.0,0.1284,0.003243,9.191,2,0
S054,48,S054_048.wav,S054_048_mel.npy,ඇයගේ කැපවීම පුදුමාකාරය,එගේ කැපවීම පුදුමාකාරය,0.3333,0.1,0,1,short,2.859,2.464,0,0.0,0.1013,0.004399,8.117,2,0
S054,49,S054_049.wav,S054_049_mel.npy,මිනිසාගේ පරම යුතුකම මිනිසාට සේවය කිරීම,මිනිසාගේ පරම යුතුක්න මිනිසාට සේවය කිරීම්,0.3333,0.0909,0,1,long,5.525,4.032,1,0.736,0.1233,0.004475,8.185,2,1
S054,50,S054_050.wav,S054_050_mel.npy,අපි මේ වන විට පැය දොළහක් වැඩ කර පැය දොළහක් විවේක ගත්තා,අපි මේ වනවිට පැය දොළහක් වැඩ කර පැය දොළහක් විවේක ගත්තා,0.1667,0.0,0,1,long,5.397,4.48,0,0.0,0.1102,0.003964,9.598,2,1
S054,51,S054_051.wav,S054_051_mel.npy,අප කවුරුත් පුදුමයට පත්කරමින් ඈට පණ ආවා,අප කවුරුත් උදුමයට පත් කැනුමින් ඈට බණාවක්,0.7143,0.2812,1,2,long,4.331,3.328,1,0.224,0.1139,0.003483,9.615,2,1
S054,52,S054_052.wav,S054_052_mel.npy,සුගන්ධවත් පුෂ්පයෝ අපගේ සොහොයුරියෝය,සුගන්දවත් කුෂ්පොයෝ පපගේ සොහෝයුරියෝ,0.75,0.1613,1,2,short,4.608,3.552,1,0.288,0.1722,0.003442,8.727,2,0
S054,53,S054_053.wav,S054_053_mel.npy,ගංගාවෝ අපගේ සොහොයුරෝ වෙති,ග්‍රංගාවෝ අපගේ සොහොරි විරියෝ වෙති,0.75,0.4091,2,2,short,4.288,2.912,1,0.32,0.1008,0.006723,7.555,2,0
S054,54,S054_054.wav,S054_054_mel.npy,නංගී මට නොදී කිසිවක් නොකනවා ඇතැයි මට සිතේ,නංගී මට නොදී කිසිවක් නොකෙනවා ඇතැවි මට සිතේ,0.25,0.0588,0,1,long,6.08,4.064,2,0.592,0.1308,0.002859,8.366,2,1
S054,55,S054_055.wav,S054_055_mel.npy,නංගි උදේ පාන්දරින්ම නැගිටියි,නංගී යුදේ පාරින්ම නැගිටී,1.0,0.36,2,2,short,2.645,2.24,0,0.0,0.1157,0.004561,11.161,2,0
S054,56,S054_056.wav,S054_056_mel.npy,ඈ මා ගෙදර යන විට අසනු ඇත,එයා මා ගෙදර යනවිට අසංවා ඇත.,0.5714,0.3333,1,2,long,2.731,2.4,0,0.0,0.143,0.003356,7.5,2,1
S054,57,S054_057.wav,S054_057_mel.npy,ගොවිතැන සඳහා භාවිත වන උපකරණ එකින් එක විස්තර කරද්දී ළමයි සාවධානව අසා සිටියහ,ගොවිතෙන සඳහා භාවිතාකරන උපගරණන එක විස්තර කරද්දි ළමයි සාවධානන අසව සිටියහ.,0.6154,0.1935,1,2,long,9.621,7.36,2,0.48,0.1427,0.002246,8.424,2,1
S054,58,S054_058.wav,S054_058_mel.npy,ළමයි පොල්තෙල් හිඳීමට භාවිත කරන සෙක්කුව අසලට රැස් වූහ,ළමයි පොල්තයේලි ඉඳීමට භාවිතාගෙන සෙක්කු අසරට ලැස්මූහ.,0.8889,0.2727,1,2,long,5.269,4.256,0,0.0,0.1347,0.005878,10.338,2,1
S054,59,S054_059.wav,S054_059_mel.npy,ඒ ගොල්ලන්ට අලුත් ක්‍රමයක් හොයා ගන්න වෙනවා,ඒ ගොල්ලන්ට අලුත් ප්‍රමයක් ඕය ගන්න වෙනවා.,0.2857,0.1143,1,1,long,3.733,3.04,0,0.0,0.0995,0.004391,11.513,2,1
S054,60,S054_060.wav,S054_060_mel.npy,බොහෝ දෙනෙක් මම එනතුරු බලා ගෙන හිටියා,බොහෝ දෙනෙත් මම එනසුරු බලක්න හිටියා,0.5714,0.1667,1,2,long,3.733,2.912,0,0.0,0.1142,0.006418,10.302,2,1
S054,61,S054_061.wav,S054_061_mel.npy,මට ආරංචි වුණා රජතුමාගේ ගුහාව ළඟ අනතුරක් කියලා,මට ආරංචි හුණාට අරජතුමාගේ බොහාවලක අන්තුරක් යලක්,0.75,0.2895,1,2,long,4.331,3.872,0,0.0,0.1357,0.004032,9.814,2,1
S054,62,S054_062.wav,S054_062_mel.npy,පැය අටකට පසු ඔවුන්ට පියාපත් සලන හඬක් ඇසිණි,පැය අටකට පසුත් ඔවුන්ට වියාපත් සලනහදක් ඇසිනි.,0.5,0.1143,1,2,long,5.163,4.224,1,0.288,0.1417,0.00562,8.286,2,1
S054,63,S054_063.wav,S054_063_mel.npy,මිනිසුන් ගැන විස්තර දැනගන්න බොහෝ ක්‍රම තියෙනවා,මිනිසුන් ගැම විස්තර දෙන ගන්න බොහෝ ක්‍රගතියනවා.,0.7143,0.1,0,2,long,4.309,3.424,0,0.0,0.1338,0.004709,11.682,2,1
S054,64,S054_064.wav,S054_064_mel.npy,ඔබට දින හතරක් දෙමි,ඔබට දින හතරක් දෙමි.,0.0,0.0,0,0,short,2.197,1.664,0,0.0,0.098,0.002977,9.014,2,0
S054,65,S054_065.wav,S054_065_mel.npy,ඇදුරුතුමා බෙහෙවින් සතුටට පත් විය,ඇදුරුතුමා බෙහෙවින් සතුටත පත් විය.,0.2,0.0357,0,1,short,3.861,2.752,1,0.448,0.0956,0.004906,10.174,2,0
S054,66,S054_066.wav,S054_066_mel.npy,ඔබට පේන්නේ කුමක්දැයි මම ඇසුවෙමි,ඔබට පේනය කුමක්දයි මම ඇසුවෙමි.,0.4,0.1481,1,1,short,3.285,2.912,0,0.0,0.1348,0.004429,9.272,2,0
S054,67,S054_067.wav,S054_067_mel.npy,මෙතැන තමයි හොඳම තැන,නිතන තවයි උන්ද ක්තන,1.0,0.6875,2,2,short,2.709,1.952,0,0.0,0.1152,0.003984,8.197,2,0
S054,68,S054_068.wav,S054_068_mel.npy,ඇය කාචය සකස් කර නැවත බැලූවාය,ඇය කාචය සකස් කර නැවත බැලුවාය.,0.1667,0.0435,0,1,long,3.669,3.136,0,0.0,0.1415,0.002571,7.334,2,1
S055,1,S055_001.wav,S055_001_mel.npy,යාළුවෝ හැමදෙනාම නිදහස් උත්සවය බැලුවා,යාළු ඕහැම දෙනාම නිදහස් උත්සවයේ බැලුවා,0.8,0.0938,0,2,short,3.797,3.296,0,0.0,0.1287,0.003591,9.709,2,0
S055,2,S055_002.wav,S055_002_mel.npy,කවිඳු යාළුවොත් එක්ක මිදුලේ සෙල්ලම් කරමින් සිටියා,කමිඳු යාළුවොත් එක්ක මිදුලේ සෙල්ලම් කරමින් සිටියා.,0.1429,0.0238,0,1,long,4.203,3.648,0,0.0,0.1436,0.00447,11.513,2,1
S055,3,S055_003.wav,S055_003_mel.npy,අපේ රටේ නිදහස් උත්සවය,අප රටේ නිදහස් පුත්සවය.,0.5,0.1667,1,2,short,2.389,2.272,0,0.0,0.1825,0.002889,7.923,2,0
S055,4,S055_004.wav,S055_004_mel.npy,මම කෝෂය ඇතුලේ සති දෙකක් විතර හිටියා,මම කෝෂයේ ඇතුළේ සති දෙකක් විතර හිටියා.,0.1429,0.0345,0,1,long,3.563,3.147,0,0.0,0.15,0.002334,9.216,2,1
S055,5,S055_005.wav,S055_005_mel.npy,පොත් කියවීමෙන් මිනිසා සම්පූර්ණ වේ,පොත් ඊයවීමෙන් මිනිසා සම්පූර්ණ වේ.,0.2,0.069,0,1,short,3.435,2.944,0,0.0,0.1634,0.002351,9.851,2,0
S055,6,S055_006.wav,S055_006_mel.npy,මුහුද හරිම ලස්සනයි,මුහුද හරිම ලස්සනයි,0.0,0.0,0,0,short,2.069,1.728,0,0.0,0.1816,0.003835,9.259,2,0
S055,7,S055_007.wav,S055_007_mel.npy,හැමෝම එකට අත් අල්ලා ගන්න,හැමෝම එක්කට අල්ලා ගන්නැ,0.6,0.25,1,2,short,2.859,2.475,0,0.0,0.1531,0.003161,8.082,2,0
S055,8,S055_008.wav,S055_008_mel.npy,මම එහෙනම් නාගෙන එන්නම්,මම එහෙනම් නාගෙන එන්නම්,0.0,0.0,0,0,short,2.496,2.08,0,0.0,0.1371,0.002154,9.135,2,0
S055,9,S055_009.wav,S055_009_mel.npy,අපි අද පොල් කැඩුවා,අපි අද පොල් කැඩුවා,0.0,0.0,0,0,short,1.792,1.664,0,0.0,0.1197,0.003112,9.014,2,0
S055,10,S055_010.wav,S055_010_mel.npy,"ඇයි හිනා වෙන්නේ, මට රජ වෙන්න බැරිද",ඇයි හිනා වෙන්නේ මට රජ වෙන්න බැරිද,0.0,0.0,0,0,long,3.84,3.232,1,0.224,0.1249,0.002142,8.663,2,1
S055,11,S055_011.wav,S055_011_mel.npy,දුව සටහන් පොතේ මොනවාද ලියා ගත්තේ,දුව සටහන් පොතේ මොනවද ලියා ගත්තේ,0.1667,0.037,0,1,long,3.605,3.072,0,0.0,0.1655,0.001586,8.789,2,1
S055,12,S055_012.wav,S055_012_mel.npy,ඉතින් මෙච්චර පරක්කු වුනේ ඇයි,ඉතින් මෙචල පරක්වූණේ ඇයි,0.6,0.25,1,2,short,2.773,2.464,0,0.0,0.1782,0.002385,9.74,2,0
S055,13,S055_013.wav,S055_013_mel.npy,දවසක් අම්මා අශ්ව පැටියාගෙන් උදව්වක් ඉල්ලුවා,දවසක් අම්මා අශ්ව පැටියාගෙන් උදව්වක් ඉල්ලුවක්.,0.1667,0.0526,0,1,long,4.395,3.84,1,0.224,0.1791,0.001732,9.896,2,1
S055,14,S055_014.wav,S055_014_mel.npy,ඔය ගඟ හරි ගැඹුරුයි,ඔය ගඟ හරි ගැඹුරුයි,0.0,0.0,0,0,short,1.835,1.536,0,0.0,0.1243,0.003603,9.766,2,0
S055,15,S055_015.wav,S055_015_mel.npy,අශ්ව පැටියා ඉක්මනින් ගෙදර එනවා දැකලා අම්මා පුදුම වුනා,අශුව පැටියායික් මනින් ගෙදර එනවා දැකලා අම්මා කුද්ම වුණා.,0.4444,0.1111,1,2,long,4.907,4.32,0,0.0,0.1427,0.001535,10.417,2,1
S055,16,S055_016.wav,S055_016_mel.npy,"සිටුතුමනි, අපට අනුකම්පා කරනු මැනවි",සිතතුමනි අපට අනුකම්පා කරුණු මැනවි.,0.4,0.1034,1,1,short,3.285,2.88,0,0.0,0.1343,0.004306,10.417,2,0
S055,17,S055_017.wav,S055_017_mel.npy,බරෙන් වැඩි වන්නේ ගසක මුල කොටසද,බරින් වැඩි වන්නේ කසක මුල කොටසක,0.5,0.12,1,2,long,4.011,3.2,1,0.224,0.1371,0.002534,7.812,2,1
S055,18,S055_018.wav,S055_018_mel.npy,රයිට් සහෝදරයන්ගේ පියා ඔවුන් පුංචිකාලයේ දී කඩදාසි සහ රබර් පටිවලින් සෙල්ලම් අහස් යානා තනා දුන්නේය,රයිට් සහෝදරයන්ගේ පියා ඔවුන් පුන්චි කාලයේදී කඩදාස සහ රබර් පටිවලින් සෙල්ලන් මහස්‍යානා තනා දුන්නේය.,0.4,0.0741,0,1,long,10.368,9.024,2,0.336,0.1668,0.002781,8.976,2,1
S055,19,S055_019.wav,S055_019_mel.npy,පසු කලෙක ඔවුහු බයිසිකල් වැඩ වැඩපොළක් ඇරඹූහ,පසු කලෙක ඕහු භාිසිකල් වැඩපොලක් ඇරැඹූහ.,0.5714,0.2222,1,2,long,5.397,4.448,1,0.288,0.1634,0.002718,8.094,2,1
S055,20,S055_020.wav,S055_020_mel.npy,දැන් හැමෝම වාඩිවෙන්න,දැන් හැමෝම වාඩි වෙන්න,0.6667,0.0,0,2,short,2.496,1.824,0,0.0,0.1118,0.001858,9.868,2,0
S055,21,S055_021.wav,S055_021_mel.npy,අපි ඊළඟ දවසේ තවත් සෙල්ලමක් කරමු,අපි ඊළඟ දවසේ තවත් සෙල්ලමක් කරමුන්,0.1667,0.0769,0,1,long,3.072,2.88,0,0.0,0.1373,0.0023,9.028,2,1
S055,22,S055_022.wav,S055_022_mel.npy,මේ සිහින අප නින්දේ දී දකින සිහින නම් නොවේ,මේ සිහිනය අප නින්දේදී දකින සිහින නම් නොවේ.,0.3333,0.0303,0,1,long,3.627,3.424,0,0.0,0.1399,0.00173,9.638,2,1
S055,23,S055_023.wav,S055_023_mel.npy,ඇගේ ගම ගිංතොට ය,ඇගේ ගමගින්තොටය,0.75,0.1667,1,2,short,2.069,1.6,0,0.0,0.1429,0.002522,7.5,2,0
S055,24,S055_024.wav,S055_024_mel.npy,මේ පුංචි දැරිය ඇගේ ප්‍රියතම වැඩිහිටි නෑදෑයා ගැන පසු කලෙක එසේ කීවාය,මේ මුංචි දරිය ඇගේ ව්‍රියතම වැඩිහිටි නෑදායා ගැන පසු කළෙක සේ කීවාය,0.4167,0.0909,0,2,long,6.955,6.24,1,0.416,0.1575,0.001896,8.814,2,1
S055,25,S055_025.wav,S055_025_mel.npy,පින්තූර මගින් කතා කීම ඈත කාලයේ සිට පැවත එන ක්‍රමයකි,පින්තූර මගින් කතා කීමා ඇත කාලයේ සිට පැවත එන ක්‍රමයකි.,0.2,0.0476,0,1,long,5.483,4.8,1,0.48,0.1547,0.003951,8.75,2,1
S055,26,S055_026.wav,S055_026_mel.npy,මකුළුවා තණ බිස්සේ හැංගුනා,මකුළුවා තන බිස්සේ හැංගුණා.,0.0,0.0,0,0,short,2.496,2.144,0,0.0,0.1949,0.003399,10.261,2,0
S055,27,S055_027.wav,S055_027_mel.npy,එළියේ ලස්සන ගැහැණු ළමයෙක් හිටගෙන හිටියා,එළියේ ලස්සන ගෑනු ළමයෙක් හිටගෙන හිටියා,0.1667,0.0882,0,1,long,3.691,3.104,1,0.224,0.1382,0.002739,10.954,2,1
S055,28,S055_028.wav,S055_028_mel.npy,අතරමගදී ඉතාම භයානක දෙයක් සිදුවුණා,අතර මගදී ඉතාම භයානක දෙයක් සිදු වුණා,0.8,0.0,0,2,short,3.797,3.424,0,0.0,0.1534,0.003346,8.47,2,0
S055,29,S055_029.wav,S055_029_mel.npy,සර්පයා මහා විශාලෙට කට ඇරියා,සරුපයා මහ විශාලට කට ඇරියා,0.6,0.1304,1,2,short,3.221,2.816,0,0.0,0.1656,0.001965,8.168,2,0
S055,30,S055_030.wav,S055_030_mel.npy,ටිකක් හිතලා බලන්නකෝ,ඉකක් ඉතලා බලන්නකෝ,0.6667,0.2353,1,2,short,2.219,1.888,0,0.0,0.1087,0.00385,9.004,2,0
S055,31,S055_031.wav,S055_031_mel.npy,තනියෙන් ලියන්න,තනියෙන් ලියන්න,0.0,0.0,0,0,short,1.536,1.344,0,0.0,0.1216,0.002077,9.673,2,0
S055,32,S055_032.wav,S055_032_mel.npy,පස්වැනි ගුණාංගය,පස් වැනි ගුණාංගය,1.0,0.0,0,2,short,1.643,1.515,0,0.0,0.2025,0.003754,9.243,2,0
S055,33,S055_033.wav,S055_033_mel.npy,බරණැස් නුවර සිටුවරයෙක් වාසය කළේය,වර නැස් නුවර සිටුවරයෙක් වාසය කළේය.,0.4,0.0357,0,1,short,3.435,3.136,0,0.0,0.1894,0.005738,8.929,2,0
S055,34,S055_034.wav,S055_034_mel.npy,නායකතුමා මෙසේ පිළිතුරු දුන්නේය,නායක සිටුතුම මෙසේ පිළිතුරු දුන්නේක්,0.75,0.2593,1,2,short,4.523,3.435,1,0.352,0.1775,0.005111,7.861,2,0
S055,35,S055_035.wav,S055_035_mel.npy,තේරවිලි වර්ග කිහිපයක් තිබේ,තේරවිලි වර්ගක් ඉහිපයක් තිබේ.,0.5,0.087,0,2,short,2.581,2.165,1,0.32,0.1263,0.001828,10.622,2,0
S055,36,S055_036.wav,S055_036_mel.npy,අපේ සීයා කතන්දර කීමට සමතෙකි,අපේ සීයා කතන්දර කීමට සමතෙකින්,0.2,0.087,0,1,short,2.923,2.923,0,0.0,0.1924,0.002119,7.869,2,0
S055,37,S055_037.wav,S055_037_mel.npy,මේ අය අතරමගදී අම්බලමක නතර වුණා,මේ අය අතර මගදී අම්බලමක නතර වුනා.,0.3333,0.0,0,1,long,3.627,3.2,0,0.0,0.1514,0.002813,7.812,2,1
S055,38,S055_038.wav,S055_038_mel.npy,හරි අපූරු කතාවක්,හරි අපූරු කතාවක්,0.0,0.0,0,0,short,1.835,1.504,0,0.0,0.1328,0.002339,9.309,2,0
S055,39,S055_039.wav,S055_039_mel.npy,කටුස්සාගේ කරේ රත්තරන් බැන්දා වගෙයි,කටුස්සාගේ කරේ රක්තරන් බැන්දා වගේ,0.4,0.1333,1,1,short,3.285,3.04,0,0.0,0.1644,0.001897,9.868,2,0
S055,40,S055_040.wav,S055_040_mel.npy,මුල් ගුරුතුමා කීවේය,මුල් ගුරු තුමා කීවේය.,0.6667,0.0,0,2,short,2.133,1.877,0,0.0,0.1496,0.004395,9.055,2,0
S055,41,S055_041.wav,S055_041_mel.npy,අද පුස්තකාල පන්තියක් කරමු,අද බුස්ථකාල පන්තියක් කරමු,0.25,0.0455,0,1,short,3.008,2.656,0,0.0,0.1781,0.003775,8.283,2,0
S055,42,S055_042.wav,S055_042_mel.npy,මම ගල්පරයක ඇලී ජීවත් වුනෙමි,මම ගල් පරේකැලියි ජීවත් හුනෙමි.,0.6,0.2609,1,2,short,3.627,2.752,1,0.544,0.1367,0.003682,8.358,2,0
S055,43,S055_043.wav,S055_043_mel.npy,බෙලි කටුව කතා කරයි,වෙලි කටුව කතා කරයි.,0.25,0.0667,0,1,short,1.984,1.696,0,0.0,0.1162,0.003495,8.844,2,0
S055,44,S055_044.wav,S055_044_mel.npy,සති අන්තේ නිවාඩුවට බිංදුලා ගමේ ගියා,සති අන්තයේ නිවාඩුවට බින්දුලා ගමේ ගියා,0.3333,0.1,0,1,long,3.904,3.488,0,0.0,0.1496,0.00244,8.601,2,1
S055,45,S055_045.wav,S055_045_mel.npy,මොනවාද ඒවායේ නම්,මුනව දේවායේ නම්,0.6667,0.2143,1,2,short,1.835,1.664,0,0.0,0.1313,0.002041,8.413,2,0
S055,46,S055_046.wav,S055_046_mel.npy,නංගි උත්තර දුන්නා,නංගී උත්තර දුන්නා.,0.3333,0.0667,0,1,short,1.856,1.536,0,0.0,0.1301,0.003204,9.766,2,0
S055,47,S055_047.wav,S055_047_mel.npy,පාර කියන අත්තම්මා,පාර කියන අත් අම්මා,0.6667,0.0667,0,2,short,2.304,1.792,0,0.0,0.1598,0.002893,8.371,2,0
S055,48,S055_048.wav,S055_048_mel.npy,ඇයගේ කැපවීම පුදුමාකාරය,ඇගේ කැපවීම පුදුමා කාරය,1.0,0.05,0,2,short,2.859,2.688,0,0.0,0.1457,0.003521,7.44,2,0
S055,49,S055_049.wav,S055_049_mel.npy,මිනිසාගේ පරම යුතුකම මිනිසාට සේවය කිරීම,මිනිසාගේ පරම යුතුකම මිනිසාට සේවය කිරීම,0.0,0.0,0,0,long,4.288,4.032,0,0.0,0.1854,0.002226,8.185,2,1
S055,50,S055_050.wav,S055_050_mel.npy,අපි මේ වන විට පැය දොළහක් වැඩ කර පැය දොළහක් විවේක ගත්තා,අප මේ වනවිට පැය දොළහක් වැඩ කර පැය දොළහක් විවේක ගත්තා.,0.25,0.0233,0,1,long,5.248,4.512,0,0.0,0.1355,0.002072,9.53,2,1
S055,51,S055_051.wav,S055_051_mel.npy,අප කවුරුත් පුදුමයට පත්කරමින් ඈට පණ ආවා,අප කවුරුත් බුදුමයට පත් කරමින් ඈට පන ආවා,0.4286,0.0312,0,2,long,4.139,3.68,0,0.0,0.1266,0.00356,8.696,2,1
S055,52,S055_052.wav,S055_052_mel.npy,සුගන්ධවත් පුෂ්පයෝ අපගේ සොහොයුරියෝය,සුගන්දවත් උෂ්පයෝ අපගේ සොහෝයුරියෝය.,0.5,0.0968,0,2,short,3.968,3.456,0,0.0,0.1485,0.001818,8.97,2,0
S055,53,S055_053.wav,S055_053_mel.npy,ගංගාවෝ අපගේ සොහොයුරෝ වෙති,ගංගාවෝ අපගේ සොහොයුරෝ වෙති,0.0,0.0,0,0,short,3.157,2.88,0,0.0,0.1357,0.00144,7.639,2,0
S055,54,S055_054.wav,S055_054_mel.npy,නංගී මට නොදී කිසිවක් නොකනවා ඇතැයි මට සිතේ,නංගී මට නොදී කිසිවක් නොකනවා ඇතැයි මට සිතේ,0.0,0.0,0,0,long,4.139,3.808,0,0.0,0.1775,0.00139,8.929,2,1
S055,55,S055_055.wav,S055_055_mel.npy,නංගි උදේ පාන්දරින්ම නැගිටියි,නංගී උදේ පාණ්දරින්ම නැගිටී.,0.5,0.16,1,2,short,3.029,2.784,0,0.0,0.1559,0.002957,8.98,2,0
S055,56,S055_056.wav,S055_056_mel.npy,ඈ මා ගෙදර යන විට අසනු ඇත,ඈමා ගෙදර අනැවිට අසනු ඇත.,0.5714,0.1111,1,2,long,3.797,3.008,2,0.24,0.1548,0.00279,5.984,2,1
S055,57,S055_057.wav,S055_057_mel.npy,ගොවිතැන සඳහා භාවිත වන උපකරණ එකින් එක විස්තර කරද්දී ළමයි සාවධානව අසා සිටියහ,ගොවිතැන සඳහා භාවිත වන උපකරන එකින් එක විස්තර කරද්දී ළමයි සාවදනාව අසා සිටියහ.,0.0769,0.0323,0,1,long,9.728,8.192,1,1.024,0.1811,0.004504,7.568,2,1
S055,58,S055_058.wav,S055_058_mel.npy,ළමයි පොල්තෙල් හිඳීමට භාවිත කරන සෙක්කුව අසලට රැස් වූහ,ළමයි පොල් තෙල් ඉදීමට භාවිත කරන සෙක්කුව අසලට රැස්වූව,0.5556,0.0909,0,2,long,5.376,4.896,1,0.256,0.1482,0.001871,8.987,2,1
S055,59,S055_059.wav,S055_059_mel.npy,ඒ ගොල්ලන්ට අලුත් ක්‍රමයක් හොයා ගන්න වෙනවා,ඒ ගොල්ලන්ට අලු ත්‍රමයක් ඔයාගන්න වෙනවා.,0.5714,0.1143,1,2,long,3.648,3.456,0,0.0,0.1561,0.004119,10.127,2,1
S055,60,S055_060.wav,S055_060_mel.npy,බොහෝ දෙනෙක් මම එනතුරු බලා ගෙන හිටියා,බොහෝ දෙනෙක් මම එනතුරු බලාගෙනහි කියා,0.4286,0.0333,0,2,long,3.413,3.072,0,0.0,0.1477,0.002799,9.766,2,1
S055,61,S055_061.wav,S055_061_mel.npy,මට ආරංචි වුණා රජතුමාගේ ගුහාව ළඟ අනතුරක් කියලා,මට ආරංචි වුණා රජතුමාගේ ගුහාව ළඟ අනතුරක් කියලා.,0.0,0.0,0,0,long,5.824,5.152,1,0.32,0.1438,0.002615,7.376,2,1
S055,62,S055_062.wav,S055_062_mel.npy,පැය අටකට පසු ඔවුන්ට පියාපත් සලන හඬක් ඇසිණි,පැය අටකට පසු ඔවුන්ට පියාපත් සලන් නහඬක් ඇසිනි.,0.25,0.0571,0,1,long,5.333,4.544,1,0.384,0.1812,0.002749,7.702,2,1
S055,63,S055_063.wav,S055_063_mel.npy,මිනිසුන් ගැන විස්තර දැනගන්න බොහෝ ක්‍රම තියෙනවා,මිනිසුන් ගැන විස්තර දැන ගන්න බොහෝ ක්‍රම තියනවා.,0.4286,0.025,0,2,long,4.736,4.096,1,0.288,0.1631,0.001429,9.766,2,1
S055,64,S055_064.wav,S055_064_mel.npy,ඔබට දින හතරක් දෙමි,ඔබට දින හතරක් දෙමි.,0.0,0.0,0,0,short,2.048,1.696,0,0.0,0.1281,0.003292,8.844,2,0
S055,65,S055_065.wav,S055_065_mel.npy,ඇදුරුතුමා බෙහෙවින් සතුටට පත් විය,ඇදුරු තුමාභෙහෙත් වින් සතුටට පත් විය.,0.6,0.0714,0,2,short,3.605,2.784,1,0.64,0.1327,0.002716,10.057,2,0
S055,66,S055_066.wav,S055_066_mel.npy,ඔබට පේන්නේ කුමක්දැයි මම ඇසුවෙමි,ඔබට පෙනේ කුමක් දැයි මම ඇසුවෙමි.,0.6,0.1111,1,2,short,5.717,4.448,2,0.464,0.1578,0.00211,6.07,2,0
S055,67,S055_067.wav,S055_067_mel.npy,මෙතැන තමයි හොඳම තැන,මෙතෙන තමයි හොඳම තැන,0.25,0.0625,0,1,short,1.92,1.696,0,0.0,0.1498,0.002292,9.434,2,0
S055,68,S055_068.wav,S055_068_mel.npy,ඇය කාචය සකස් කර නැවත බැලූවාය,ඇය කාජයේ සකස් කර නැවත බැලුවා.,0.3333,0.1739,1,1,long,3.029,2.656,0,0.0,0.2005,0.003384,8.66,2,1
S056,1,S056_001.wav,S056_001_mel.npy,යාළුවෝ හැමදෙනාම නිදහස් උත්සවය බැලුවා,යාලුවා හැමදෙනාම නිදා සුස්ථය බැලුවා,0.6,0.2188,1,2,short,2.965,2.517,0,0.0,0.1401,0.002691,12.712,2,0
S056,2,S056_002.wav,S056_002_mel.npy,කවිඳු යාළුවොත් එක්ක මිදුලේ සෙල්ලම් කරමින් සිටියා,කවිදු යාලුවත් එක්ක මිත්ලේ සෙලල් කරි ෆිටියා,0.8571,0.2381,1,2,long,3.904,3.52,1,0.16,0.1331,0.005501,11.932,2,1
S056,3,S056_003.wav,S056_003_mel.npy,අපේ රටේ නිදහස් උත්සවය,අපේ රටේ නිදහා සුස්සවය,0.5,0.2222,1,2,short,2.752,2.048,0,0.0,0.1528,0.005366,8.789,2,0
S056,4,S056_004.wav,S056_004_mel.npy,මම කෝෂය ඇතුලේ සති දෙකක් විතර හිටියා,මම කෝෂය ඇතුරෙ සති දෙකක් විතර හිටියා,0.1429,0.069,0,1,long,3.221,2.688,0,0.0,0.1458,0.003361,10.789,2,1
S056,5,S056_005.wav,S056_005_mel.npy,පොත් කියවීමෙන් මිනිසා සම්පූර්ණ වේ,පොත් කියමීමෙන් මිනිසා සම්පූර්ණ වේ.,0.2,0.0345,0,1,short,3.435,2.656,0,0.0,0.1333,0.002964,10.919,2,0
S056,6,S056_006.wav,S056_006_mel.npy,මුහුද හරිම ලස්සනයි,මූද හරිම ලස්සනයි,0.3333,0.1875,1,1,short,2.091,1.472,0,0.0,0.1464,0.003024,10.87,2,0
S056,7,S056_007.wav,S056_007_mel.npy,හැමෝම එකට අත් අල්ලා ගන්න,හැමෝම එකට අත්අල්ලා ගන්න,0.4,0.0,0,1,short,2.88,2.048,0,0.0,0.1214,0.002769,9.766,2,0
S056,8,S056_008.wav,S056_008_mel.npy,මම එහෙනම් නාගෙන එන්නම්,මම එහෙම නම් එහෙනම් නාගෙනෙන්නා,1.0,0.5263,2,2,short,3.755,2.72,2,0.176,0.1086,0.004795,6.985,2,0
S056,9,S056_009.wav,S056_009_mel.npy,අපි අද පොල් කැඩුවා,අපි අද පොල් කැඩුව,0.25,0.0667,0,1,short,1.984,1.376,0,0.0,0.104,0.003021,10.901,2,0
S056,10,S056_010.wav,S056_010_mel.npy,"ඇයි හිනා වෙන්නේ, මට රජ වෙන්න බැරිද",ඇයි හිනාවෙන්නෙ කට රජක් වෙන්න බැරිදව,0.7143,0.1852,1,2,long,3.072,2.592,0,0.0,0.1062,0.005941,10.802,2,1
S056,11,S056_011.wav,S056_011_mel.npy,දුව සටහන් පොතේ මොනවාද ලියා ගත්තේ,දුව සටහන් පොතේ මොනවාල රියාගත්තෙ,0.5,0.1111,1,2,long,3.605,2.848,0,0.0,0.1181,0.006104,9.48,2,1
S056,12,S056_012.wav,S056_012_mel.npy,ඉතින් මෙච්චර පරක්කු වුනේ ඇයි,ඉතින් මෙචර පරක්කු වුණේ ඇයි,0.2,0.0833,0,1,short,2.859,2.208,0,0.0,0.1113,0.004246,10.87,2,0
S056,13,S056_013.wav,S056_013_mel.npy,දවසක් අම්මා අශ්ව පැටියාගෙන් උදව්වක් ඉල්ලුවා,දවසක් කම්මා අශ්ව පැටියාගෙන් උදව් විය ලොවා.,0.6667,0.1842,1,2,long,4.053,3.296,0,0.0,0.1485,0.002902,11.529,2,1
S056,14,S056_014.wav,S056_014_mel.npy,ඔය ගඟ හරි ගැඹුරුයි,ඔය ගග හරි ගැඹුරුයෙක්,0.5,0.2667,1,2,short,2.112,1.504,0,0.0,0.1229,0.004225,9.973,2,0
S056,15,S056_015.wav,S056_015_mel.npy,අශ්ව පැටියා ඉක්මනින් ගෙදර එනවා දැකලා අම්මා පුදුම වුනා,අශ්ව පැටියා ඉක්මනින් ගෙදර එනවා දැකල අම්මා පුදුම වුනා.,0.1111,0.0222,0,1,long,4.693,3.968,0,0.0,0.129,0.0027,11.341,2,1
S056,16,S056_016.wav,S056_016_mel.npy,"සිටුතුමනි, අපට අනුකම්පා කරනු මැනවි",සිත්තුමනි අපට අනුකම්පා කරනු මැනවි.,0.2,0.069,0,1,short,4.181,3.104,2,0.208,0.1275,0.005142,9.665,2,0
S056,17,S056_017.wav,S056_017_mel.npy,බරෙන් වැඩි වන්නේ ගසක මුල කොටසද,බරෙම් වැඩි වන්නේ ගසක මුල කොටසද,0.1667,0.04,0,1,long,3.499,2.976,0,0.0,0.1256,0.002672,8.401,2,1
S056,18,S056_018.wav,S056_018_mel.npy,රයිට් සහෝදරයන්ගේ පියා ඔවුන් පුංචිකාලයේ දී කඩදාසි සහ රබර් පටිවලින් සෙල්ලම් අහස් යානා තනා දුන්නේය,රයිට් සහෝදරයාගේ පියා ඔවුන් පුංචි කාලේදී කඩදාසි සහ රබර් පටිවලින් සෙල්ලන් මහසේ යානා තනා සිදුන්නේය.,0.4,0.0988,0,1,long,10.496,9.28,2,0.48,0.1611,0.002214,8.728,2,1
S056,19,S056_019.wav,S056_019_mel.npy,පසු කලෙක ඔවුහු බයිසිකල් වැඩ වැඩපොළක් ඇරඹූහ,පසු කළක ඔහු භයිසි කළය වැඩපොලෙන් වැඩපොලක් නැරඹූහ.,0.8571,0.3333,1,2,long,5.717,4.544,1,0.544,0.1377,0.002693,7.923,2,1
S056,20,S056_020.wav,S056_020_mel.npy,දැන් හැමෝම වාඩිවෙන්න,දැන් හැමෝම වාඩිවෙන්න,0.0,0.0,0,0,short,2.261,1.856,0,0.0,0.1263,0.005347,9.698,2,0
S056,21,S056_021.wav,S056_021_mel.npy,අපි ඊළඟ දවසේ තවත් සෙල්ලමක් කරමු,අපි ඊලග දවසේ තවත් චෙල්ලමක් කරමු,0.3333,0.0769,0,1,long,3.307,3.072,0,0.0,0.1444,0.004616,8.464,2,1
S056,22,S056_022.wav,S056_022_mel.npy,මේ සිහින අප නින්දේ දී දකින සිහින නම් නොවේ,මේ සිහිනය අප දින්දේදී දකෙන සිහිනයක් නම් නොවේ.,0.5556,0.1818,1,2,long,4.736,4.064,0,0.0,0.1392,0.002477,8.12,2,1
S056,23,S056_023.wav,S056_023_mel.npy,ඇගේ ගම ගිංතොට ය,ඇගේ ගම ගින්තොටය.,0.5,0.1667,1,2,short,2.304,1.664,0,0.0,0.1336,0.00569,7.212,2,0
S056,24,S056_024.wav,S056_024_mel.npy,මේ පුංචි දැරිය ඇගේ ප්‍රියතම වැඩිහිටි නෑදෑයා ගැන පසු කලෙක එසේ කීවාය,මේ පුංචි දැරිය ඇගේ ප්‍රියතම වැඩිහිටි නැදෑයා ගැන පසුකලක එසේම කිව්වාය.,0.4167,0.1091,1,2,long,9.259,7.392,3,0.32,0.1567,0.003149,7.44,2,1
S056,25,S056_025.wav,S056_025_mel.npy,පින්තූර මගින් කතා කීම ඈත කාලයේ සිට පැවත එන ක්‍රමයකි,පින්තූර මගින් කතා කීම ඈත කාලයේ සිට බැවදෙන එන ක්‍රමයකි.,0.1,0.0952,0,1,long,5.291,4.768,1,0.32,0.1389,0.00358,8.809,2,1
S056,26,S056_026.wav,S056_026_mel.npy,මකුළුවා තණ බිස්සේ හැංගුනා,මකුළුවා තනබිස්තේ හැම්ගුණා,0.75,0.1364,1,2,short,2.773,2.176,0,0.0,0.1448,0.003748,10.11,2,0
S056,27,S056_027.wav,S056_027_mel.npy,එළියේ ලස්සන ගැහැණු ළමයෙක් හිටගෙන හිටියා,එළියේ ලස්තන ගෑනු ළමයෙක් සිතගෙන හිටියා,0.5,0.1765,1,2,long,3.541,3.04,0,0.0,0.1396,0.002509,11.184,2,1
S056,28,S056_028.wav,S056_028_mel.npy,අතරමගදී ඉතාම භයානක දෙයක් සිදුවුණා,අතර මගදී ඉතාම බයාන්නක දෙයක් සිදු සිදුවුණා,0.8,0.2069,1,2,short,4.203,3.584,0,0.0,0.1304,0.003594,8.092,2,0
S056,29,S056_029.wav,S056_029_mel.npy,සර්පයා මහා විශාලෙට කට ඇරියා,සර්පයා මහ විෂලට කටෑරිය,0.8,0.2174,1,2,short,3.413,2.944,0,0.0,0.1665,0.004123,7.812,2,0
S056,30,S056_030.wav,S056_030_mel.npy,ටිකක් හිතලා බලන්නකෝ,තිකක් හිතලා බලමුකොම්,0.6667,0.4118,2,2,short,2.24,1.696,0,0.0,0.1081,0.00544,10.024,2,0
S056,31,S056_031.wav,S056_031_mel.npy,තනියෙන් ලියන්න,තනියෙන් දියන්න,0.5,0.0769,0,2,short,2.027,1.312,0,0.0,0.1158,0.00424,9.909,2,0
S056,32,S056_032.wav,S056_032_mel.npy,පස්වැනි ගුණාංගය,පස්ටැනි ගුණාංගේ,1.0,0.1429,1,2,short,1.92,1.312,0,0.0,0.1501,0.005066,10.671,2,0
S056,33,S056_033.wav,S056_033_mel.npy,බරණැස් නුවර සිටුවරයෙක් වාසය කළේය,බර නැස්නුවර සිටුවරේක් වාසය කළේය.,0.6,0.0714,0,2,short,3.861,3.2,0,0.0,0.165,0.005195,8.75,2,0
S056,34,S056_034.wav,S056_034_mel.npy,නායකතුමා මෙසේ පිළිතුරු දුන්නේය,නායක සිට්දුමා මෙසේ පිරිතුරු දුන්නේය.,0.75,0.2222,1,2,short,3.648,2.912,0,0.0,0.1604,0.004614,9.272,2,0
S056,35,S056_035.wav,S056_035_mel.npy,තේරවිලි වර්ග කිහිපයක් තිබේ,තේල විරි වර්ග කිහිපයක් තිබේ.,0.5,0.087,0,2,short,2.517,2.144,0,0.0,0.127,0.004746,10.728,2,0
S056,36,S056_036.wav,S056_036_mel.npy,අපේ සීයා කතන්දර කීමට සමතෙකි,අපේ සීයා කතන්දර කීමට සමතකි.,0.2,0.0435,0,1,short,3.285,2.848,0,0.0,0.1517,0.002902,8.076,2,0
S056,37,S056_037.wav,S056_037_mel.npy,මේ අය අතරමගදී අම්බලමක නතර වුණා,මේ අය අතර මඟදී අම්බලකමන අතර වුනා.,0.6667,0.16,1,2,long,3.648,3.104,0,0.0,0.1373,0.002246,8.054,2,1
S056,38,S056_038.wav,S056_038_mel.npy,හරි අපූරු කතාවක්,හරි අක්පුහු කතාවක්,0.3333,0.2857,1,1,short,2.133,1.408,0,0.0,0.1438,0.004022,9.943,2,0
S056,39,S056_039.wav,S056_039_mel.npy,කටුස්සාගේ කරේ රත්තරන් බැන්දා වගෙයි,කටුස්සාගේ කරේ රත්වරම් බැන්දාවාගේ,0.6,0.2,1,2,short,3.669,2.944,0,0.0,0.1606,0.003351,10.19,2,0
S056,40,S056_040.wav,S056_040_mel.npy,මුල් ගුරුතුමා කීවේය,පුල් කුරුතුමා කීවේය.,0.6667,0.1176,1,2,short,2.347,1.664,0,0.0,0.1255,0.007863,10.216,2,0
S056,41,S056_041.wav,S056_041_mel.npy,අද පුස්තකාල පන්තියක් කරමු,අද පුස්තකාල පංතියක් කරමු,0.25,0.0909,0,1,short,2.539,2.08,0,0.0,0.1324,0.0057,10.577,2,0
S056,42,S056_042.wav,S056_042_mel.npy,මම ගල්පරයක ඇලී ජීවත් වුනෙමි,මම ගල් පරයකදීම් ඇලී ජීවත්තු නෙමි.,0.8,0.2174,1,2,short,3.669,3.104,1,0.256,0.1238,0.003573,7.41,2,0
S056,43,S056_043.wav,S056_043_mel.npy,බෙලි කටුව කතා කරයි,බෙලි කටුව කතා කරයි.,0.0,0.0,0,0,short,2.133,1.632,0,0.0,0.1269,0.00306,9.191,2,0
S056,44,S056_044.wav,S056_044_mel.npy,සති අන්තේ නිවාඩුවට බිංදුලා ගමේ ගියා,සති අන්තයේ නිමාඩුවට බින්දුලා ගමේ ගියා,0.5,0.1333,1,2,long,3.733,3.104,0,0.0,0.1271,0.001547,9.665,2,1
S056,45,S056_045.wav,S056_045_mel.npy,මොනවාද ඒවායේ නම්,මොනාද ඒවා එනම්,1.0,0.2143,1,2,short,2.112,1.792,0,0.0,0.1284,0.005644,7.812,2,0
S056,46,S056_046.wav,S056_046_mel.npy,නංගි උත්තර දුන්නා,නංගේ උත්තර දුන්නා,0.3333,0.0667,0,1,short,1.835,1.408,0,0.0,0.1014,0.005348,10.653,2,0
S056,47,S056_047.wav,S056_047_mel.npy,පාර කියන අත්තම්මා,පාර කියන අත්තාම්ම,0.3333,0.1333,1,1,short,2.133,1.44,0,0.0,0.1309,0.005612,10.417,2,0
S056,48,S056_048.wav,S056_048_mel.npy,ඇයගේ කැපවීම පුදුමාකාරය,එගේ කැපවීම පුදුමාකාරය,0.3333,0.1,0,1,short,2.688,2.4,0,0.0,0.1256,0.00374,8.333,2,0
S056,49,S056_049.wav,S056_049_mel.npy,මිනිසාගේ පරම යුතුකම මිනිසාට සේවය කිරීම,මිනිසාගේ පරම යුතුකම මිනිසාට සේවය කිරීම,0.0,0.0,0,0,long,4.096,3.744,0,0.0,0.145,0.004262,8.814,2,1
S056,50,S056_050.wav,S056_050_mel.npy,අපි මේ වන විට පැය දොළහක් වැඩ කර පැය දොළහක් විවේක ගත්තා,අපි මේ වනවිට පැය දොළහක් වැඩ කර පැය දොළහක් විවේක ගත්තා,0.1667,0.0,0,1,long,5.675,4.576,0,0.0,0.1127,0.00462,9.397,2,1
S056,51,S056_051.wav,S056_051_mel.npy,අප කවුරුත් පුදුමයට පත්කරමින් ඈට පණ ආවා,අපි කවුරුත් පුදුමයට පත් කරමින් ඈට පනාව,0.7143,0.0938,0,2,long,4.032,3.456,1,0.384,0.1142,0.002812,9.259,2,1
S056,52,S056_052.wav,S056_052_mel.npy,සුගන්ධවත් පුෂ්පයෝ අපගේ සොහොයුරියෝය,සුගන්දවත් පුෂ්පයෝ අපගේ සොහොයුරියෝ ය.,0.5,0.0,0,2,short,3.627,3.072,0,0.0,0.1493,0.004017,10.091,2,0
S056,53,S056_053.wav,S056_053_mel.npy,ගංගාවෝ අපගේ සොහොයුරෝ වෙති,ගංගාවෝ අපගේ සහෝදොරයෝ වෙති,0.25,0.2273,1,1,short,3.371,2.624,0,0.0,0.1291,0.002311,8.384,2,0
S056,54,S056_054.wav,S056_054_mel.npy,නංගී මට නොදී කිසිවක් නොකනවා ඇතැයි මට සිතේ,නංගේ මට නොදී කිසිවක් නොකරනවා ඇතැයි මට සිතේ,0.25,0.0588,0,1,long,4.352,3.776,0,0.0,0.1499,0.002063,9.004,2,1
S056,55,S056_055.wav,S056_055_mel.npy,නංගි උදේ පාන්දරින්ම නැගිටියි,නංගේ උදේ පහණ්දරින්ම නැගිටින්,0.75,0.16,1,2,short,2.923,2.507,0,0.0,0.1184,0.002684,9.973,2,0
S056,56,S056_056.wav,S056_056_mel.npy,ඈ මා ගෙදර යන විට අසනු ඇත,ඈමා ගෙදරේ අනවිට අසනුවැත,1.0,0.2222,1,2,long,3.392,2.624,0,0.0,0.1394,0.003693,6.86,2,1
S056,57,S056_057.wav,S056_057_mel.npy,ගොවිතැන සඳහා භාවිත වන උපකරණ එකින් එක විස්තර කරද්දී ළමයි සාවධානව අසා සිටියහ,ගොවිතන සදහා භාවිත වන උපකරන එකින් එක විස්තර කරද්දී ළමයිසන් සාවදාන ස්වදාන අසාසිටිය.,0.4615,0.1774,1,2,long,11.157,9.536,5,0.256,0.1609,0.003331,6.502,2,1
S056,58,S056_058.wav,S056_058_mel.npy,ළමයි පොල්තෙල් හිඳීමට භාවිත කරන සෙක්කුව අසලට රැස් වූහ,ළමයි පොළතල් විදීමට භාවිත කරන සෙක්ව අසරට රැස්වූහ.,0.6667,0.1591,1,2,long,5.163,4.544,0,0.0,0.1613,0.002146,9.683,2,1
S056,59,S056_059.wav,S056_059_mel.npy,ඒ ගොල්ලන්ට අලුත් ක්‍රමයක් හොයා ගන්න වෙනවා,ඒගොල්ලෝන්ට උත් අලූත් ක්‍රමයක් සොහොයා ගන්න වෙනා.,0.7143,0.2286,1,2,long,4.48,3.84,0,0.0,0.121,0.005105,9.115,2,1
S056,60,S056_060.wav,S056_060_mel.npy,බොහෝ දෙනෙක් මම එනතුරු බලා ගෙන හිටියා,බොහෝ දෙනෙක් මම එනතුරු බලාගෙන හිටියා,0.2857,0.0,0,1,long,3.413,3.072,0,0.0,0.1317,0.002777,9.766,2,1
S056,61,S056_061.wav,S056_061_mel.npy,මට ආරංචි වුණා රජතුමාගේ ගුහාව ළඟ අනතුරක් කියලා,මට ආරංචි වුණා රජතුමාගේ ගුහාව ලග අනතුරක් කියලා.,0.125,0.0263,0,1,long,5.013,4.544,0,0.0,0.1316,0.004475,8.363,2,1
S056,62,S056_062.wav,S056_062_mel.npy,පැය අටකට පසු ඔවුන්ට පියාපත් සලන හඬක් ඇසිණි,පැය අටකට පසු ඔවුන්ට පියාපත් සලා සලන හඬන් කැසුනි.,0.375,0.2,1,1,long,5.547,4.768,1,0.256,0.1637,0.003821,7.341,2,1
S056,63,S056_063.wav,S056_063_mel.npy,මිනිසුන් ගැන විස්තර දැනගන්න බොහෝ ක්‍රම තියෙනවා,මිනිසුන් ගැන විස්තර දැනගන්න බොහෝ ප්‍රමයක් තියනව.,0.2857,0.15,1,1,long,4.203,3.712,0,0.0,0.1326,0.002816,10.776,2,1
S056,64,S056_064.wav,S056_064_mel.npy,ඔබට දින හතරක් දෙමි,ඔබට දින හතරක් දෙමි,0.0,0.0,0,0,short,2.603,1.696,0,0.0,0.1103,0.006772,8.844,2,0
S056,65,S056_065.wav,S056_065_mel.npy,ඇදුරුතුමා බෙහෙවින් සතුටට පත් විය,ඇතුරුතුමා බැවින් වෙහවින් සතුරටපත් විය.,0.8,0.3214,1,2,short,4.288,3.456,0,0.0,0.1116,0.007818,8.102,2,0
S056,66,S056_066.wav,S056_066_mel.npy,ඔබට පේන්නේ කුමක්දැයි මම ඇසුවෙමි,ඔබට පේන්නෙ කුමක් දැයි මම හැසුවෙමි.,0.8,0.1111,1,2,short,3.2,2.688,0,0.0,0.1349,0.00336,10.045,2,0
S056,67,S056_067.wav,S056_067_mel.npy,මෙතැන තමයි හොඳම තැන,මෙත් තැන තමයි හොතම තැන,0.75,0.1875,1,2,short,1.92,1.824,0,0.0,0.1105,0.004013,8.772,2,0
S056,68,S056_068.wav,S056_068_mel.npy,ඇය කාචය සකස් කර නැවත බැලූවාය,ඇය කාචය සකස් කර නැවත බැලුවා.,0.1667,0.087,0,1,long,3.883,2.88,1,0.192,0.1524,0.003689,7.986,2,1
S057,1,S057_001.wav,S057_001_mel.npy,යාළුවෝ හැමදෙනාම නිදහස් උත්සවය බැලුවා,යාළුවෝ හැම දෙනාව නිදා සුස සොය බැලුවා,1.0,0.2188,1,2,short,4.395,3.723,1,0.288,0.1257,0.005096,8.596,2,0
S057,2,S057_002.wav,S057_002_mel.npy,කවිඳු යාළුවොත් එක්ක මිදුලේ සෙල්ලම් කරමින් සිටියා,අවිදු යාළුවොත් එක මුදුලේ සෙල්ලං කරමින් සිතියා,0.7143,0.1905,1,2,long,3.883,3.52,1,0.256,0.1064,0.002966,11.932,2,1
S057,3,S057_003.wav,S057_003_mel.npy,අපේ රටේ නිදහස් උත්සවය,අපේ රටේ නිදාත් වසාවය,0.5,0.3333,1,2,short,2.624,2.016,0,0.0,0.1139,0.007664,8.929,2,0
S057,4,S057_004.wav,S057_004_mel.npy,මම කෝෂය ඇතුලේ සති දෙකක් විතර හිටියා,පම කෝෂය ඇතුළේ සති දෙක කෙතරක් කිටියා.,0.5714,0.2414,1,2,long,3.221,3.072,0,0.0,0.1142,0.003009,9.44,2,1
S057,5,S057_005.wav,S057_005_mel.npy,පොත් කියවීමෙන් මිනිසා සම්පූර්ණ වේ,පොත් කියවීමෙන් මිනිසා සම්පූර්ණ වේ.,0.0,0.0,0,0,short,3.093,2.592,0,0.0,0.0978,0.008341,11.188,2,0
S057,6,S057_006.wav,S057_006_mel.npy,මුහුද හරිම ලස්සනයි,මුහුද හරි වලාසනයි,0.6667,0.1875,1,2,short,1.984,1.6,0,0.0,0.1063,0.006453,10.0,2,0
S057,7,S057_007.wav,S057_007_mel.npy,හැමෝම එකට අත් අල්ලා ගන්න,හැමෝම එකට අක්ල්ල ගන්න,0.4,0.15,1,1,short,3.2,2.304,1,0.384,0.105,0.004028,8.681,2,0
S057,8,S057_008.wav,S057_008_mel.npy,මම එහෙනම් නාගෙන එන්නම්,කමෙහෙනම් නාගෙනෙන්නම්,1.0,0.1579,1,2,short,2.837,2.048,0,0.0,0.0955,0.00474,9.277,2,0
S057,9,S057_009.wav,S057_009_mel.npy,අපි අද පොල් කැඩුවා,අපි අද කොල් කැඩුව,0.5,0.1333,1,2,short,2.091,1.664,0,0.0,0.0909,0.003499,9.014,2,0
S057,10,S057_010.wav,S057_010_mel.npy,"ඇයි හිනා වෙන්නේ, මට රජ වෙන්න බැරිද",එයි හිනා එන්නේ මොට රදවෙන්න වැරිද?,0.8571,0.2222,1,2,long,3.563,2.848,1,0.384,0.0934,0.004973,9.831,2,1
S057,11,S057_011.wav,S057_011_mel.npy,දුව සටහන් පොතේ මොනවාද ලියා ගත්තේ,දුව සටාන් පොතේ මොනාද ලියල්කත්තේ,0.6667,0.1852,1,2,long,3.84,2.88,0,0.0,0.0983,0.003058,9.375,2,1
S057,12,S057_012.wav,S057_012_mel.npy,ඉතින් මෙච්චර පරක්කු වුනේ ඇයි,ඉතින් මෙචර පරක්වුණයැයි,0.8,0.25,1,2,short,2.56,2.144,0,0.0,0.1145,0.00396,11.194,2,0
S057,13,S057_013.wav,S057_013_mel.npy,දවසක් අම්මා අශ්ව පැටියාගෙන් උදව්වක් ඉල්ලුවා,දවසක් අමා අශ්‍ය පැටියෙක් පුදව්වක් කිල්වා,0.8333,0.3421,1,2,long,3.947,3.307,1,0.352,0.1251,0.006355,11.492,2,1
S057,14,S057_014.wav,S057_014_mel.npy,ඔය ගඟ හරි ගැඹුරුයි,ඔය ගග හරිමු කැබුරුයි,0.75,0.3333,1,2,short,2.091,1.92,0,0.0,0.0794,0.007041,7.812,2,0
S057,15,S057_015.wav,S057_015_mel.npy,අශ්ව පැටියා ඉක්මනින් ගෙදර එනවා දැකලා අම්මා පුදුම වුනා,අශ්ව පැටියා ඉක්පණිම ගෙදර එනවා දැකල අමා කුදුම විනා.,0.5556,0.1778,1,2,long,4.565,4.256,0,0.0,0.1113,0.003332,10.573,2,1
S057,16,S057_016.wav,S057_016_mel.npy,"සිටුතුමනි, අපට අනුකම්පා කරනු මැනවි",සිතු තුමනි අපට අනුකම්පා කරනු මෙනවි.,0.6,0.069,0,2,short,3.925,3.52,0,0.0,0.109,0.002866,8.523,2,0
S057,17,S057_017.wav,S057_017_mel.npy,බරෙන් වැඩි වන්නේ ගසක මුල කොටසද,බරෙන් වැඩි වන්නේ ගසක මුල් කොටසද,0.1667,0.04,0,1,long,4.459,3.488,2,0.288,0.0948,0.003755,7.167,2,1
S057,18,S057_018.wav,S057_018_mel.npy,රයිට් සහෝදරයන්ගේ පියා ඔවුන් පුංචිකාලයේ දී කඩදාසි සහ රබර් පටිවලින් සෙල්ලම් අහස් යානා තනා දුන්නේය,රෛච් චහවදරාගේ පියා උන්ට පුංචි කාලයේදී කඩදාසේ රහා රබර් පටිවලින් සෙල්ලම් අහසයන්ත් තනා දුන්නා.,0.6667,0.2716,1,2,long,10.816,8.608,4,0.4,0.1112,0.004148,9.41,2,1
S057,19,S057_019.wav,S057_019_mel.npy,පසු කලෙක ඔවුහු බයිසිකල් වැඩ වැඩපොළක් ඇරඹූහ,පසු කාලයෙක ඔවුහු බයිස්කල් වැඩපොලක් කැරබූහ.,0.5714,0.25,1,2,long,5.056,3.904,2,0.352,0.0988,0.004176,9.221,2,1
S057,20,S057_020.wav,S057_020_mel.npy,දැන් හැමෝම වාඩිවෙන්න,දැන් හැමෝම වාඩි වෙන්ම,0.6667,0.0556,0,2,short,2.155,1.867,0,0.0,0.1183,0.00262,9.643,2,0
S057,21,S057_021.wav,S057_021_mel.npy,අපි ඊළඟ දවසේ තවත් සෙල්ලමක් කරමු,අපි ඊලගර දව දවසේ තවත් සෙල්ලමක් කරමු,0.3333,0.1538,1,1,long,4.672,4.064,0,0.0,0.1421,0.002052,6.398,2,1
S057,22,S057_022.wav,S057_022_mel.npy,මේ සිහින අප නින්දේ දී දකින සිහින නම් නොවේ,මෙම සිහිම අප හින්දේදී දක්න සිහිම නම් නොවේ,0.6667,0.1818,1,2,long,6.016,4.576,2,0.432,0.1239,0.007698,7.212,2,1
S057,23,S057_023.wav,S057_023_mel.npy,ඇගේ ගම ගිංතොට ය,ඇගේ ගම කිගින් තොටය,0.5,0.3333,1,2,short,4.736,3.2,2,0.432,0.1136,0.00507,3.75,2,0
S057,24,S057_024.wav,S057_024_mel.npy,මේ පුංචි දැරිය ඇගේ ප්‍රියතම වැඩිහිටි නෑදෑයා ගැන පසු කලෙක එසේ කීවාය,මේ පුණිති දරිය අපේ ඇගේ ප්‍රියතම වැඩිට්‍ය නැවදයා ගැන පසු කාලයම එසේ කීවාය.,0.5,0.3091,1,2,long,9.92,7.744,3,0.597,0.121,0.003112,7.102,2,1
S057,25,S057_025.wav,S057_025_mel.npy,පින්තූර මගින් කතා කීම ඈත කාලයේ සිට පැවත එන ක්‍රමයකි,පින්තූර මගින් කතා කිරිකීම ඈත කාලය සිට පැවිතියෙ එන්න ප්‍රමයකි.,0.5,0.2857,1,2,long,8.085,6.261,3,0.533,0.1216,0.004408,6.708,2,1
S057,26,S057_026.wav,S057_026_mel.npy,මකුළුවා තණ බිස්සේ හැංගුනා,මකළුවා තන කිස්තේ පුණා.,0.75,0.3182,1,2,short,3.499,2.048,1,0.864,0.1042,0.004037,10.742,2,0
S057,27,S057_027.wav,S057_027_mel.npy,එළියේ ලස්සන ගැහැණු ළමයෙක් හිටගෙන හිටියා,එළේ ලස්සන කෑල්ලමෙක් එදෙන ඉටියා,0.8333,0.4412,2,2,long,3.669,2.816,1,0.352,0.1171,0.003657,12.074,2,1
S057,28,S057_028.wav,S057_028_mel.npy,අතරමගදී ඉතාම භයානක දෙයක් සිදුවුණා,අතරමකදී ඉතාම භයානක දෙයක් සිදුනා,0.4,0.1034,1,1,short,3.456,3.008,0,0.0,0.1063,0.003604,9.641,2,0
S057,29,S057_029.wav,S057_029_mel.npy,සර්පයා මහා විශාලෙට කට ඇරියා,තර්පයා මහ විශාලක් හට ඈරියාට,1.0,0.3043,1,2,short,3.221,2.485,1,0.448,0.1154,0.004329,9.254,2,0
S057,30,S057_030.wav,S057_030_mel.npy,ටිකක් හිතලා බලන්නකෝ,එකක් කිතරා බලට්නොක්,1.0,0.4118,2,2,short,2.027,1.696,0,0.0,0.0919,0.00429,10.024,2,0
S057,31,S057_031.wav,S057_031_mel.npy,තනියෙන් ලියන්න,සනියෙන්ම ලියන්නම්,1.0,0.3077,1,2,short,1.664,1.312,0,0.0,0.0863,0.004701,9.909,2,0
S057,32,S057_032.wav,S057_032_mel.npy,පස්වැනි ගුණාංගය,පස්ලන ගුණාන්නේ,1.0,0.5,2,2,short,2.005,1.376,0,0.0,0.1317,0.00368,10.174,2,0
S057,33,S057_033.wav,S057_033_mel.npy,බරණැස් නුවර සිටුවරයෙක් වාසය කළේය,බරුණැස් මොන සිටුවරෙක් වාසය කළේ ය.,1.0,0.2143,1,2,short,3.179,2.624,0,0.0,0.0978,0.004161,10.671,2,0
S057,34,S057_034.wav,S057_034_mel.npy,නායකතුමා මෙසේ පිළිතුරු දුන්නේය,මවෑයක දූම සිටුතුම නිමෙස කිල්කරු දුන්නේ,1.0,0.6667,2,2,short,4.501,3.616,1,0.224,0.1196,0.003525,7.467,2,0
S057,35,S057_035.wav,S057_035_mel.npy,තේරවිලි වර්ග කිහිපයක් තිබේ,තේරවෙලි වර්ග කිහිපත් තිබේ.,0.5,0.1304,1,2,short,2.368,2.208,0,0.0,0.1085,0.010086,10.417,2,0
S057,36,S057_036.wav,S057_036_mel.npy,අපේ සීයා කතන්දර කීමට සමතෙකි,අපෙල් ලිසීයා කතම්දර ගීමට සමතෙකි,0.8,0.3043,1,2,short,3.221,2.816,0,0.0,0.1223,0.00346,8.168,2,0
S057,37,S057_037.wav,S057_037_mel.npy,මේ අය අතරමගදී අම්බලමක නතර වුණා,මේ අය අතරමග දී අම්බලමක නතර වුණා,0.3333,0.0,0,1,long,7.253,5.237,3,0.405,0.1163,0.003937,4.773,2,1
S057,38,S057_038.wav,S057_038_mel.npy,හරි අපූරු කතාවක්,අරි අපුරු කතාවක්,0.6667,0.1429,1,2,short,1.365,1.28,0,0.0,0.0876,0.007125,10.938,2,0
S057,39,S057_039.wav,S057_039_mel.npy,කටුස්සාගේ කරේ රත්තරන් බැන්දා වගෙයි,කටුස්සගෙ කරේ රතක් පගෙම,0.8,0.5,2,2,short,2.624,2.08,1,0.48,0.1081,0.006363,14.423,2,0
S057,40,S057_040.wav,S057_040_mel.npy,මුල් ගුරුතුමා කීවේය,මුල් පුරුතුනා කීවේය.,0.3333,0.1176,1,1,short,2.155,1.739,0,0.0,0.0835,0.006803,9.777,2,0
S057,41,S057_041.wav,S057_041_mel.npy,අද පුස්තකාල පන්තියක් කරමු,අද මුස්ටකාලය පම්පියක් කරමු,0.5,0.2273,1,2,short,2.261,2.048,0,0.0,0.0865,0.006414,10.742,2,0
S057,42,S057_042.wav,S057_042_mel.npy,මම ගල්පරයක ඇලී ජීවත් වුනෙමි,මම ගල් පරයක ඇලි ජීවත් වුණයු,0.8,0.1739,1,2,short,4.565,3.456,1,0.576,0.0863,0.002622,6.655,2,0
S057,43,S057_043.wav,S057_043_mel.npy,බෙලි කටුව කතා කරයි,බෙනිකඩුව කතාකරයි,1.0,0.1333,1,2,short,2.069,1.728,0,0.0,0.0982,0.004867,8.681,2,0
S057,44,S057_044.wav,S057_044_mel.npy,සති අන්තේ නිවාඩුවට බිංදුලා ගමේ ගියා,සතියන්තේ නිමාඩුව පිංදුරා ගෙදර ගියා ම්,1.0,0.3333,1,2,long,3.605,3.253,1,0.352,0.1001,0.006281,9.221,2,1
S057,45,S057_045.wav,S057_045_mel.npy,මොනවාද ඒවායේ නම්,මොනුවද එවා වේ නම්,1.0,0.2857,1,2,short,1.92,1.536,0,0.0,0.0919,0.005579,9.115,2,0
S057,46,S057_046.wav,S057_046_mel.npy,නංගි උත්තර දුන්නා,නංගි උත්තර දුන්නා පොත්,0.3333,0.2667,1,1,short,2.027,1.355,0,0.0,0.0973,0.00516,11.073,2,0
S057,47,S057_047.wav,S057_047_mel.npy,පාර කියන අත්තම්මා,පාර කියන් අත්තම්මා,0.3333,0.0667,0,1,short,1.685,1.408,0,0.0,0.1105,0.008334,10.653,2,0
S057,48,S057_048.wav,S057_048_mel.npy,ඇයගේ කැපවීම පුදුමාකාරය,අයගේ කැපවීම පුදුමාකාරය,0.3333,0.05,0,1,short,3.605,2.592,1,0.32,0.0962,0.008446,7.716,2,0
S057,49,S057_049.wav,S057_049_mel.npy,මිනිසාගේ පරම යුතුකම මිනිසාට සේවය කිරීම,ඉනිසාගේ පරය යුකම නිසා ශේවය කිරීමක්,1.0,0.3333,1,2,long,4.523,3.68,1,0.16,0.1193,0.006774,8.967,2,1
S057,50,S057_050.wav,S057_050_mel.npy,අපි මේ වන විට පැය දොළහක් වැඩ කර පැය දොළහක් විවේක ගත්තා,අපි මේ වන පැය දොළහක් වැඩ කරැ. මෙය දොළහක් පිවේක ගත්තා.,0.3333,0.1628,1,1,long,8.107,4.8,3,0.928,0.093,0.006173,8.958,2,1
S057,51,S057_051.wav,S057_051_mel.npy,අප කවුරුත් පුදුමයට පත්කරමින් ඈට පණ ආවා,අපි කවුරුත් පුදවයට පත් කරෙමින් නෑට පනාවස්,0.8571,0.2812,1,2,long,3.371,3.275,0,0.0,0.1146,0.003301,9.772,2,1
S057,52,S057_052.wav,S057_052_mel.npy,සුගන්ධවත් පුෂ්පයෝ අපගේ සොහොයුරියෝය,දා සුඛන්දාත් කුත්ෂයෝ අපතේ සහෝදරාවය,1.0,0.4839,2,2,short,2.944,2.752,0,0.0,0.1396,0.004245,11.265,2,0
S057,53,S057_053.wav,S057_053_mel.npy,ගංගාවෝ අපගේ සොහොයුරෝ වෙති,ගංගාවෝ අපතේ සහැදොරයවා වැති,0.75,0.4091,2,2,short,2.987,2.496,0,0.0,0.1104,0.007227,8.814,2,0
S057,54,S057_054.wav,S057_054_mel.npy,නංගී මට නොදී කිසිවක් නොකනවා ඇතැයි මට සිතේ,නංගීමට නොදී කිස්වක් නොත්තව ඇතැමට සිටේ නම්,0.875,0.3235,1,2,long,4.949,3.861,2,0.32,0.0997,0.006412,8.805,2,1
S057,55,S057_055.wav,S057_055_mel.npy,නංගි උදේ පාන්දරින්ම නැගිටියි,අංගී උදේ පාන්තරින්ම නය්කීය,0.75,0.36,2,2,short,2.069,2.005,0,0.0,0.0967,0.004846,12.466,2,0
S057,56,S057_056.wav,S057_056_mel.npy,ඈ මා ගෙදර යන විට අසනු ඇත,ඈ මන් දෙතර යන හිට අස්මු ඇත,0.5714,0.3889,2,2,long,3.136,2.336,1,0.512,0.1044,0.00919,7.705,2,1
S057,57,S057_057.wav,S057_057_mel.npy,ගොවිතැන සඳහා භාවිත වන උපකරණ එකින් එක විස්තර කරද්දී ළමයි සාවධානව අසා සිටියහ,ගොව්චනට සදහා භාදා ගැන උපකරන එකින් එක හිතර කොරද්දී ළමයි ශාවධානය අසස්යෙහ.,0.6923,0.3226,1,2,long,12.693,8.16,7,0.521,0.1038,0.003707,7.598,2,1
S057,58,S057_058.wav,S057_058_mel.npy,ළමයි පොල්තෙල් හිඳීමට භාවිත කරන සෙක්කුව අසලට රැස් වූහ,ලමයින් පොල්තෙල් හිදීමට භාහිදා කරයසෙකුව අසලට පැසූව එය.,0.7778,0.2955,1,2,long,8.427,5.707,4,0.6,0.1141,0.005584,7.71,2,1
S057,59,S057_059.wav,S057_059_mel.npy,ඒ ගොල්ලන්ට අලුත් ක්‍රමයක් හොයා ගන්න වෙනවා,එය ගොල්ලන්ඩ අලුත් ක්‍රමයක් පොයගන්න වෙනවා,0.5714,0.1429,1,2,long,3.051,2.752,0,0.0,0.0897,0.005862,12.718,2,1
S057,60,S057_060.wav,S057_060_mel.npy,බොහෝ දෙනෙක් මම එනතුරු බලා ගෙන හිටියා,බොහෝ දෙනෙක් මම එනතුරු බළ අගන හිටියා,0.2857,0.0667,0,1,long,3.605,2.944,0,0.0,0.1068,0.003546,10.19,2,1
S057,61,S057_061.wav,S057_061_mel.npy,මට ආරංචි වුණා රජතුමාගේ ගුහාව ළඟ අනතුරක් කියලා,මමා ආරංච වුණා රජතු වාගේ හුහා වලගේ අනතුරක් කියලා.,0.75,0.1842,1,2,long,4.949,4.245,1,0.352,0.0976,0.004469,8.951,2,1
S057,62,S057_062.wav,S057_062_mel.npy,පැය අටකට පසු ඔවුන්ට පියාපත් සලන හඬක් ඇසිණි,පැය අඩගඩ පසොවුන්ට පිය අපස් සරණ අඩක් වැසිණි.,0.875,0.3429,1,2,long,4.288,3.68,1,0.32,0.1239,0.004814,9.511,2,1
S057,63,S057_063.wav,S057_063_mel.npy,මිනිසුන් ගැන විස්තර දැනගන්න බොහෝ ක්‍රම තියෙනවා,නිසුන් ගැන විස්තර ජනගන්න බොහෝ කමයත්තිය,0.5714,0.3,1,2,long,3.605,3.008,0,0.0,0.095,0.005004,13.298,2,1
S057,64,S057_064.wav,S057_064_mel.npy,ඔබට දින හතරක් දෙමි,උඹට දින තතරන් දෙවියේ,0.75,0.4667,2,2,short,2.368,1.952,1,0.256,0.0917,0.004729,7.684,2,0
S057,65,S057_065.wav,S057_065_mel.npy,ඇදුරුතුමා බෙහෙවින් සතුටට පත් විය,ඇඳුරුදුවා මේ මේල් සොරුව පත්තිය.,1.0,0.5357,2,2,short,2.965,2.432,1,0.384,0.0992,0.006731,11.513,2,0
S057,66,S057_066.wav,S057_066_mel.npy,ඔබට පේන්නේ කුමක්දැයි මම ඇසුවෙමි,ඔවට පෙනෙන්නේ කුපත්තා මම යොක්නා,0.8,0.6296,2,2,short,2.923,2.592,0,0.0,0.0868,0.006156,10.417,2,0
S057,67,S057_067.wav,S057_067_mel.npy,මෙතැන තමයි හොඳම තැන,ඇතැම තකයි හොත්තේ හොදමා තැම,1.0,0.8125,2,2,short,2.645,2.112,1,0.256,0.0858,0.008831,7.576,2,0
S057,68,S057_068.wav,S057_068_mel.npy,ඇය කාචය සකස් කර නැවත බැලූවාය,ඇය කාජය සකස් කර නැව්ද මැලුවා.,0.5,0.2609,1,2,long,4.608,3.584,1,0.16,0.1418,0.004459,6.417,2,1
S058,1,S058_001.wav,S058_001_mel.npy,යාළුවෝ හැමදෙනාම නිදහස් උත්සවය බැලුවා,යහලු හැමදෙනාම නිදහා සුස්ත්‍රවය බැලුවක,0.8,0.3125,1,2,short,4.736,3.936,1,0.384,0.0999,0.00599,8.13,1,0
S058,2,S058_002.wav,S058_002_mel.npy,කවිඳු යාළුවොත් එක්ක මිදුලේ සෙල්ලම් කරමින් සිටියා,කවිඳු යහලුරක් එක්ද විදුලේ සෙත් කරන්සිටියා,0.8571,0.2857,1,2,long,6.421,4.512,2,0.624,0.1009,0.006148,9.309,1,1
S058,3,S058_003.wav,S058_003_mel.npy,අපේ රටේ නිදහස් උත්සවය,අපේ රටේ නිදා සුස්සවයි.,0.5,0.2778,1,2,short,3.264,2.368,0,0.0,0.1619,0.00353,7.601,1,0
S058,4,S058_004.wav,S058_004_mel.npy,මම කෝෂය ඇතුලේ සති දෙකක් විතර හිටියා,මම කෝෂයත් ඇතුනේ සතී දෙකක් පිතර හිටියා.,0.5714,0.1724,1,2,long,5.248,3.904,1,0.32,0.115,0.002833,7.428,1,1
S058,5,S058_005.wav,S058_005_mel.npy,පොත් කියවීමෙන් මිනිසා සම්පූර්ණ වේ,කොත් කියවීමෙන් මිනිසා සම්පූර්ණ වෙත්,0.4,0.1379,1,1,short,3.819,2.816,0,0.0,0.0996,0.005837,10.298,1,0
S058,6,S058_006.wav,S058_006_mel.npy,මුහුද හරිම ලස්සනයි,මුහුද හරිම ලස්සනොයි.,0.3333,0.0625,0,1,short,2.837,1.856,0,0.0,0.0826,0.005056,8.621,1,0
S058,7,S058_007.wav,S058_007_mel.npy,හැමෝම එකට අත් අල්ලා ගන්න,හැමෝම එකට අත්අල්ලා ගන්න,0.4,0.0,0,1,short,2.944,2.624,0,0.0,0.1066,0.004991,7.622,1,0
S058,8,S058_008.wav,S058_008_mel.npy,මම එහෙනම් නාගෙන එන්නම්,මම එහෙනම් අගෙන ඇන්නම්,0.5,0.1579,1,2,short,2.688,2.016,0,0.0,0.0991,0.003064,9.425,1,0
S058,9,S058_009.wav,S058_009_mel.npy,අපි අද පොල් කැඩුවා,අපි අද කොල් සැටුවා,0.5,0.2,1,2,short,2.517,1.536,0,0.0,0.1007,0.005701,9.766,1,0
S058,10,S058_010.wav,S058_010_mel.npy,"ඇයි හිනා වෙන්නේ, මට රජ වෙන්න බැරිද",ඇයි හිනා වෙන්නේ මට රා රජ වෙන්න බැරිද?,0.1429,0.0741,0,1,long,5.013,3.488,2,0.4,0.1136,0.004516,8.028,1,1
S058,11,S058_011.wav,S058_011_mel.npy,දුව සටහන් පොතේ මොනවාද ලියා ගත්තේ,ඩුව සටහන් පොත්තේ මොන වදි යාගත්තේ,0.8333,0.1852,1,2,long,3.947,3.136,0,0.0,0.0925,0.004792,8.61,1,1
S058,12,S058_012.wav,S058_012_mel.npy,ඉතින් මෙච්චර පරක්කු වුනේ ඇයි,ඉතිත් නැචර පරක් වුණේ ඇයි,0.6,0.2917,1,2,short,3.776,2.24,1,0.416,0.1069,0.006336,10.714,1,0
S058,13,S058_013.wav,S058_013_mel.npy,දවසක් අම්මා අශ්ව පැටියාගෙන් උදව්වක් ඉල්ලුවා,දවසකම්මා අශ්‍ය පැටියා පැටියාගෙන් උදවවක් ඉල්ලුව,0.8333,0.3158,1,2,long,6.272,4.736,3,0.235,0.1089,0.003233,8.024,1,1
S058,14,S058_014.wav,S058_014_mel.npy,ඔය ගඟ හරි ගැඹුරුයි,ඔය ගඟ හරි ගැඹුරුයි,0.0,0.0,0,0,short,2.197,1.696,0,0.0,0.0872,0.007124,8.844,1,0
S058,15,S058_015.wav,S058_015_mel.npy,අශ්ව පැටියා ඉක්මනින් ගෙදර එනවා දැකලා අම්මා පුදුම වුනා,අශ්ව පැටියා මනික් ගෙදර එනවා දැකලා අනා පුදුනු වුනා,0.3333,0.2,1,1,long,5.995,4.704,2,0.256,0.0992,0.002053,9.566,1,1
S058,16,S058_016.wav,S058_016_mel.npy,"සිටුතුමනි, අපට අනුකම්පා කරනු මැනවි",චික්තුමනි අපිටන් පතා ක්සු මැනවින්,1.0,0.4483,2,2,short,4.032,2.688,1,0.416,0.0779,0.005883,11.161,1,0
S058,17,S058_017.wav,S058_017_mel.npy,බරෙන් වැඩි වන්නේ ගසක මුල කොටසද,බරෙන් වැඩි වාන්නේ කස්කපුල කොටසද?,0.5,0.16,1,2,long,4.331,2.88,2,0.288,0.0937,0.004915,8.681,1,1
S058,18,S058_018.wav,S058_018_mel.npy,රයිට් සහෝදරයන්ගේ පියා ඔවුන් පුංචිකාලයේ දී කඩදාසි සහ රබර් පටිවලින් සෙල්ලම් අහස් යානා තනා දුන්නේය,රෛඛ් සහෝදරයන්ගේ පියා ඔවුන් පුච්චි කාලයේදී පත්තා සහර අපර්පට්වලින් ස්ටෙල්ලන් අහස් යක්තන් දුන්නේ,0.7333,0.2716,1,2,long,12.885,9.152,8,0.284,0.1241,0.0051,8.851,1,1
S058,19,S058_019.wav,S058_019_mel.npy,පසු කලෙක ඔවුහු බයිසිකල් වැඩ වැඩපොළක් ඇරඹූහ,පසු කළෙක ඔහු ඔහු බ්‍රිස්තිකල් වැඩපොලක් ඇත්පූහ.,0.5714,0.3611,2,2,long,8.171,4.896,5,0.384,0.0999,0.004711,7.353,1,1
S058,20,S058_020.wav,S058_020_mel.npy,දැන් හැමෝම වාඩිවෙන්න,මෙන් හැම්ප්වාජිවෙන්,1.0,0.3889,2,2,short,2.283,1.536,1,0.224,0.0731,0.005974,11.719,1,0
S058,21,S058_021.wav,S058_021_mel.npy,අපි ඊළඟ දවසේ තවත් සෙල්ලමක් කරමු,අපි ඊලන්ග දවිතේ තවා ස්ලන්කරමු,0.8333,0.4231,2,2,long,3.413,2.656,1,0.288,0.1123,0.007559,9.789,1,1
S058,22,S058_022.wav,S058_022_mel.npy,මේ සිහින අප නින්දේ දී දකින සිහින නම් නොවේ,මේ සිහින අකනිවේති වීර් දකෙන සිනොවේ.,0.7778,0.4545,2,2,long,6.251,3.872,4,0.344,0.0905,0.003386,8.523,1,1
S058,23,S058_023.wav,S058_023_mel.npy,ඇගේ ගම ගිංතොට ය,ඇඟේ කම්කීන්තොටය.,1.0,0.5833,2,2,short,2.581,1.376,0,0.0,0.0791,0.004823,8.721,1,0
S058,24,S058_024.wav,S058_024_mel.npy,මේ පුංචි දැරිය ඇගේ ප්‍රියතම වැඩිහිටි නෑදෑයා ගැන පසු කලෙක එසේ කීවාය,මේ පුක්කි දරිය ගේ ප්‍රියුතක් නැතැලාග්‍යයිති හිති.,0.9167,0.6545,2,2,long,6.976,3.904,3,0.661,0.068,0.008102,14.088,1,1
S058,25,S058_025.wav,S058_025_mel.npy,පින්තූර මගින් කතා කීම ඈත කාලයේ සිට පැවත එන ක්‍රමයකි,ඉතූර මගේ කතාවීම් ඈත්ත කාලයස්ට ප්‍රත්වීම් ප්‍රත්ත්වීම්,1.0,0.7143,2,2,long,5.973,3.744,4,0.344,0.0743,0.004325,11.218,1,1
S058,26,S058_026.wav,S058_026_mel.npy,මකුළුවා තණ බිස්සේ හැංගුනා,මගුළුවා තන ලිස්සේ හැකූස්,0.75,0.3182,1,2,short,3.648,2.368,1,0.288,0.1126,0.008059,9.291,1,0
S058,27,S058_027.wav,S058_027_mel.npy,එළියේ ලස්සන ගැහැණු ළමයෙක් හිටගෙන හිටියා,එවිඑලක් ගෑර්ලක් ටෙත් ටියා,1.0,0.5882,2,2,long,3.925,1.792,3,0.341,0.0723,0.007304,18.973,1,1
S058,28,S058_028.wav,S058_028_mel.npy,අතරමගදී ඉතාම භයානක දෙයක් සිදුවුණා,අතරගතියි තාම භයාක්ක දෙයක්කු,1.0,0.4828,2,2,short,3.989,2.528,2,0.224,0.0755,0.005869,11.472,1,0
S058,29,S058_029.wav,S058_029_mel.npy,සර්පයා මහා විශාලෙට කට ඇරියා,සර්පයා ක්මහිෂක් ලෙට කටහැරියක්,0.8,0.4348,2,2,short,5.483,2.816,4,0.464,0.1247,0.004701,8.168,1,0
S058,30,S058_030.wav,S058_030_mel.npy,ටිකක් හිතලා බලන්නකෝ,ටිකක් හිතලාබරන්කොක්,0.6667,0.2353,1,2,short,3.179,1.504,1,0.224,0.1271,0.004945,11.303,1,0
S058,31,S058_031.wav,S058_031_mel.npy,තනියෙන් ලියන්න,තනියන් ඉයන්න.,1.0,0.2308,1,2,short,2.283,1.408,0,0.0,0.0911,0.005616,9.233,1,0
S058,32,S058_032.wav,S058_032_mel.npy,පස්වැනි ගුණාංගය,පස් වැනි කුණාන්ගෙ,1.0,0.2857,1,2,short,2.496,1.344,0,0.0,0.1536,0.00301,10.417,1,0
S058,33,S058_033.wav,S058_033_mel.npy,බරණැස් නුවර සිටුවරයෙක් වාසය කළේය,බරණ ස්නිවර සිටුතේ වාස්නෙතළේය.,1.0,0.4286,2,2,short,4.885,3.232,2,0.208,0.1311,0.003283,8.663,1,0
S058,34,S058_034.wav,S058_034_mel.npy,නායකතුමා මෙසේ පිළිතුරු දුන්නේය,නායක සිටුත් සෙන් ලිතුරු දුන් ඇප,1.0,0.4444,2,2,short,3.947,2.4,3,0.341,0.1411,0.004521,11.25,1,0
S058,35,S058_035.wav,S058_035_mel.npy,තේරවිලි වර්ග කිහිපයක් තිබේ,තේරෙවෙලි වර්ග කියපයක්‌ තිබේ.,0.5,0.2174,1,2,short,3.115,2.208,0,0.0,0.0851,0.005201,10.417,1,0
S058,36,S058_036.wav,S058_036_mel.npy,අපේ සීයා කතන්දර කීමට සමතෙකි,අපේ සියා කත්දරික්ට සමටිති,0.8,0.3478,1,2,short,3.883,2.336,2,0.288,0.1119,0.004297,9.846,1,0
S058,37,S058_037.wav,S058_037_mel.npy,මේ අය අතරමගදී අම්බලමක නතර වුණා,මේ අය අතර්ගති අම්බලම්ප නතරුන්,0.6667,0.28,1,2,long,4.779,3.04,3,0.256,0.1055,0.00379,8.224,1,1
S058,38,S058_038.wav,S058_038_mel.npy,හරි අපූරු කතාවක්,හරි අපූරු කතා,0.3333,0.2143,1,1,short,2.325,1.12,0,0.0,0.1047,0.009127,12.5,1,0
S058,39,S058_039.wav,S058_039_mel.npy,කටුස්සාගේ කරේ රත්තරන් බැන්දා වගෙයි,කට් ස්ථාකේ ක්නේ රකරම් බැතවා වගේ,1.0,0.5,2,2,short,3.989,2.624,2,0.16,0.109,0.006622,11.433,1,0
S058,40,S058_040.wav,S058_040_mel.npy,මුල් ගුරුතුමා කීවේය,මුල් ගුරුතු හා කේවේ.,1.0,0.1765,1,2,short,2.88,1.76,0,0.0,0.071,0.008211,9.659,1,0
S058,41,S058_041.wav,S058_041_mel.npy,අද පුස්තකාල පන්තියක් කරමු,අද පුෂ්තපාල පතියක් කරමු.,0.5,0.1818,1,2,short,3.264,2.304,0,0.0,0.0959,0.004353,9.549,1,0
S058,42,S058_042.wav,S058_042_mel.npy,මම ගල්පරයක ඇලී ජීවත් වුනෙමි,මං ගල් පරයක ඇලී චිත්තුනෙනි.,1.0,0.2609,1,2,short,3.691,2.816,1,0.224,0.0965,0.003394,8.168,1,0
S058,43,S058_043.wav,S058_043_mel.npy,බෙලි කටුව කතා කරයි,බෙලි කටුව කතා කරත්,0.25,0.1333,1,1,short,2.027,1.504,0,0.0,0.1091,0.006855,9.973,1,0
S058,44,S058_044.wav,S058_044_mel.npy,සති අන්තේ නිවාඩුවට බිංදුලා ගමේ ගියා,සතිය නේ පාර්පුට් සිදුලා ගකියක්,1.0,0.5667,2,2,long,4.587,2.496,3,0.405,0.0781,0.003917,12.019,1,1
S058,45,S058_045.wav,S058_045_mel.npy,මොනවාද ඒවායේ නම්,මොනවද ඒවායෙන් නම්,0.6667,0.2857,1,2,short,2.667,1.632,0,0.0,0.0767,0.010544,8.578,1,0
S058,46,S058_046.wav,S058_046_mel.npy,නංගි උත්තර දුන්නා,නක් ඒ උත්තර තුන්ම,1.0,0.4,2,2,short,3.115,1.568,2,0.304,0.0804,0.007599,9.566,1,0
S058,47,S058_047.wav,S058_047_mel.npy,පාර කියන අත්තම්මා,පාර කියන අත්තා,0.3333,0.2,1,1,short,2.325,1.248,0,0.0,0.1013,0.006739,12.019,1,0
S058,48,S058_048.wav,S058_048_mel.npy,ඇයගේ කැපවීම පුදුමාකාරය,ඇයකෙත් ප්මික් පුදුකාරය,1.0,0.55,2,2,short,3.349,1.792,3,0.224,0.0906,0.003225,11.161,1,0
S058,49,S058_049.wav,S058_049_mel.npy,මිනිසාගේ පරම යුතුකම මිනිසාට සේවය කිරීම,මින්සාකය පරමස් උතුතුත්ත් සෙවය කිරීම්,1.0,0.5152,2,2,long,5.099,2.848,3,0.384,0.1147,0.006364,11.587,1,1
S058,50,S058_050.wav,S058_050_mel.npy,අපි මේ වන විට පැය දොළහක් වැඩ කර පැය දොළහක් විවේක ගත්තා,අපි මේ වන විට පැය දොළහක් වැඩ කර පැය දොළහ්කුවෙක් ගත්තා,0.1667,0.1163,1,1,long,6.827,4.672,3,0.523,0.0854,0.001238,9.204,1,1
S058,51,S058_051.wav,S058_051_mel.npy,අප කවුරුත් පුදුමයට පත්කරමින් ඈට පණ ආවා,අප කවුරුත් කුදුනයට පත්තරෙන් ඈට පට්පට්පාව,0.5714,0.375,2,2,long,7.083,3.872,6,0.293,0.0807,0.00301,8.264,1,1
S058,52,S058_052.wav,S058_052_mel.npy,සුගන්ධවත් පුෂ්පයෝ අපගේ සොහොයුරියෝය,සුඛන්ද වල්න් උෂ්පයෝ අපිය සහෝ දරයෝ ය.,1.0,0.3871,2,2,short,4.8,3.424,3,0.256,0.1059,0.001945,9.054,1,0
S058,53,S058_053.wav,S058_053_mel.npy,ගංගාවෝ අපගේ සොහොයුරෝ වෙති,ගකාවො රෙගු ස්පෝද්‍රත්‍ය සහෝ පුච්චු වෙති.,1.0,1.0,2,2,short,6.059,3.52,5,0.282,0.0963,0.006018,6.25,1,0
S058,54,S058_054.wav,S058_054_mel.npy,නංගී මට නොදී කිසිවක් නොකනවා ඇතැයි මට සිතේ,ටක්ගිප් දී කෙසිවක් කොන්වා ඇතැක්චිතේය.,1.0,0.5294,2,2,long,5.12,3.008,4,0.376,0.113,0.003696,11.303,1,1
S058,55,S058_055.wav,S058_055_mel.npy,නංගි උදේ පාන්දරින්ම නැගිටියි,නක්යේ උතේ පාස්වරින්ව නැකිට්ටේ,1.0,0.48,2,2,short,3.84,2.4,0,0.0,0.0826,0.005364,10.417,1,0
S058,56,S058_056.wav,S058_056_mel.npy,ඈ මා ගෙදර යන විට අසනු ඇත,ඈ මාක්‍ය ඇතර යනට්ට අසුන් ඇත.,0.7143,0.5556,2,2,long,3.968,2.688,0,0.0,0.1269,0.002459,6.696,1,1
S058,57,S058_057.wav,S058_057_mel.npy,ගොවිතැන සඳහා භාවිත වන උපකරණ එකින් එක විස්තර කරද්දී ළමයි සාවධානව අසා සිටියහ,ගොක්ටන සත්හා භාවිත වර්පරයි.එකින් හ තර පරක්තී රකායි සත්සා වදන් ව සත්සිටියහ.,0.9231,0.5,2,2,long,12.331,6.656,9,0.505,0.1096,0.003179,9.315,1,1
S058,58,S058_058.wav,S058_058_mel.npy,ළමයි පොල්තෙල් හිඳීමට භාවිත කරන සෙක්කුව අසලට රැස් වූහ,ලමයි පොල්තයෙල් ඉමින්මාවට කරිචික්කුව අසලට සුක,0.7778,0.4091,2,2,long,7.104,4.288,6,0.363,0.0861,0.004733,10.261,1,1
S058,59,S058_059.wav,S058_059_mel.npy,ඒ ගොල්ලන්ට අලුත් ක්‍රමයක් හොයා ගන්න වෙනවා,ඒ ගොල්ලටම් අලුත් ප්‍රක්ඨක් පොය හොයා ගන්න වෙනප්,0.5714,0.3429,1,2,long,6.293,3.616,4,0.392,0.0758,0.005185,9.679,1,1
S058,60,S058_060.wav,S058_060_mel.npy,බොහෝ දෙනෙක් මම එනතුරු බලා ගෙන හිටියා,බොහෝ දෙනෙක් මෙයිතුරු බලාගෙන් හිටියා,0.5714,0.1333,1,2,long,4.096,2.784,1,0.16,0.0849,0.006975,10.776,1,1
S058,61,S058_061.wav,S058_061_mel.npy,මට ආරංචි වුණා රජතුමාගේ ගුහාව ළඟ අනතුරක් කියලා,මටව ආරච්චි ව්‍රතා ප්‍රජුතුගේ පාවලක් තුරක් කියලක්,1.0,0.5526,2,2,long,6.4,3.744,4,0.304,0.1125,0.003372,10.15,1,1
S058,62,S058_062.wav,S058_062_mel.npy,පැය අටකට පසු ඔවුන්ට පියාපත් සලන හඬක් ඇසිණි,එය අටකට පසු ඔව්ට පියල් කැසු,0.75,0.4857,2,2,long,5.248,2.88,3,0.469,0.1412,0.005282,12.153,1,1
S058,63,S058_063.wav,S058_063_mel.npy,මිනිසුන් ගැන විස්තර දැනගන්න බොහෝ ක්‍රම තියෙනවා,මිනිසුගැන විශ්ටර් දගන්නු බොහෝ ප්‍රම්ඨ්ඨියනු,0.8571,0.4,2,2,long,4.971,3.392,3,0.256,0.0934,0.005145,11.792,1,1
S058,64,S058_064.wav,S058_064_mel.npy,ඔබට දින හතරක් දෙමි,ඔබට දින හතරක් දෙනි.,0.25,0.0667,0,1,short,2.731,1.696,0,0.0,0.0782,0.005701,8.844,1,0
S058,65,S058_065.wav,S058_065_mel.npy,ඇදුරුතුමා බෙහෙවින් සතුටට පත් විය,ඇදුරු තුමක් දේමින් සතුට්ට්‍ර පත්විය,1.0,0.3571,2,2,short,3.819,2.592,1,0.448,0.0914,0.006023,10.802,1,0
S058,66,S058_066.wav,S058_066_mel.npy,ඔබට පේන්නේ කුමක්දැයි මම ඇසුවෙමි,ඔබට පේ කුමක්ද මම ඇසුවෙනේ,0.6,0.3333,1,2,short,3.84,2.336,2,0.448,0.1003,0.009299,11.558,1,0
S058,67,S058_067.wav,S058_067_mel.npy,මෙතැන තමයි හොඳම තැන,මෙතෙන් පොතැන්,1.0,0.5625,2,2,short,2.539,1.312,2,0.512,0.0701,0.005766,12.195,1,0
S058,68,S058_068.wav,S058_068_mel.npy,ඇය කාචය සකස් කර නැවත බැලූවාය,ඇය කාචය ස්කර මත බැලුවයි.,0.6667,0.3478,1,2,long,5.013,2.88,4,0.368,0.1307,0.006422,7.986,1,1
S059,1,S059_001.wav,S059_001_mel.npy,යාළුවෝ හැමදෙනාම නිදහස් උත්සවය බැලුවා,කිය හලුවෝ එම දෙනාමිද් වෙය බැලුවා,1.0,0.4062,2,2,short,3.477,2.784,1,0.576,0.1073,0.003466,11.494,2,0
S059,2,S059_002.wav,S059_002_mel.npy,කවිඳු යාළුවොත් එක්ක මිදුලේ සෙල්ලම් කරමින් සිටියා,කවින්දුය ආලුවත් එක්ක මිදුඩය සෙල්ලම් කරමින් සිටියා,0.4286,0.1667,1,2,long,4.48,3.648,0,0.0,0.112,0.004422,11.513,2,1
S059,3,S059_003.wav,S059_003_mel.npy,අපේ රටේ නිදහස් උත්සවය,අපේ රටේ නිදහසුස්සවය,0.5,0.1667,1,2,short,3.029,2.112,0,0.0,0.1325,0.005738,8.523,2,0
S059,4,S059_004.wav,S059_004_mel.npy,මම කෝෂය ඇතුලේ සති දෙකක් විතර හිටියා,මම කෝෂය ඇතුළේ සත් දෙකක් ඉතර හිටියා,0.2857,0.1034,1,1,long,3.925,3.157,1,0.384,0.1394,0.003655,9.185,2,1
S059,5,S059_005.wav,S059_005_mel.npy,පොත් කියවීමෙන් මිනිසා සම්පූර්ණ වේ,පොත් කියවීමෙන් මින්සා සම්පූර්ණමෙන්,0.6,0.1724,1,2,short,3.136,2.656,0,0.0,0.1127,0.004793,10.919,2,0
S059,6,S059_006.wav,S059_006_mel.npy,මුහුද හරිම ලස්සනයි,මුහුද හරිම ලස්තනයෙක්,0.3333,0.25,1,1,short,2.219,1.472,0,0.0,0.1158,0.003507,10.87,2,0
S059,7,S059_007.wav,S059_007_mel.npy,හැමෝම එකට අත් අල්ලා ගන්න,හැමෝම එක්ට අත්අඩ්ඩා ගන්නෙ,0.8,0.2,1,2,short,2.923,2.176,0,0.0,0.1143,0.002744,9.191,2,0
S059,8,S059_008.wav,S059_008_mel.npy,මම එහෙනම් නාගෙන එන්නම්,මම එහෙනම් නාගෙනෙන්නම්,0.5,0.0526,0,2,short,3.648,2.176,1,0.704,0.1146,0.002795,8.732,2,0
S059,9,S059_009.wav,S059_009_mel.npy,අපි අද පොල් කැඩුවා,අපි අද පොල් කැඩුවා,0.0,0.0,0,0,short,2.027,1.632,0,0.0,0.1057,0.003875,9.191,2,0
S059,10,S059_010.wav,S059_010_mel.npy,"ඇයි හිනා වෙන්නේ, මට රජ වෙන්න බැරිද",ඇයි හිනාවෙන්නෙක් මට රචවෙන්න පැරිත්,0.7143,0.2593,1,2,long,4.373,2.432,1,0.768,0.0963,0.006111,11.513,2,1
S059,11,S059_011.wav,S059_011_mel.npy,දුව සටහන් පොතේ මොනවාද ලියා ගත්තේ,දුව සටහන් පොතේ පොඩවාදලි යාගත්තෙන්,0.5,0.1852,1,2,long,4.331,3.616,1,0.224,0.1146,0.002902,7.467,2,1
S059,12,S059_012.wav,S059_012_mel.npy,ඉතින් මෙච්චර පරක්කු වුනේ ඇයි,ඉතින් එත්තර පරක්කූණේයැයි,0.8,0.375,2,2,short,2.837,2.325,0,0.0,0.126,0.004738,10.321,2,0
S059,13,S059_013.wav,S059_013_mel.npy,දවසක් අම්මා අශ්ව පැටියාගෙන් උදව්වක් ඉල්ලුවා,දවසක්කම් අහා අශ්‍ය පැටියාගෙන් දවවක් ඉල්ලුවක්.,0.8333,0.2368,1,2,long,4.267,3.392,0,0.0,0.1336,0.003126,11.203,2,1
S059,14,S059_014.wav,S059_014_mel.npy,ඔය ගඟ හරි ගැඹුරුයි,ඔය ගඟ හාරිගැඹුරුයි,0.5,0.0667,0,2,short,2.325,1.824,0,0.0,0.0967,0.004069,8.224,2,0
S059,15,S059_015.wav,S059_015_mel.npy,අශ්ව පැටියා ඉක්මනින් ගෙදර එනවා දැකලා අම්මා පුදුම වුනා,අශ්‍ය පැටියා ඉක්මනින් ගෙදර එනවා දැකල අම්මා පුදුම වුණා,0.2222,0.0667,0,1,long,6.379,4.8,2,0.336,0.121,0.002739,9.375,2,1
S059,16,S059_016.wav,S059_016_mel.npy,"සිටුතුමනි, අපට අනුකම්පා කරනු මැනවි",සිටුතුමනි අපට අනුකම්පා කරන මෙනවී.,0.4,0.1034,1,1,short,4.352,3.168,1,0.288,0.109,0.005518,9.47,2,0
S059,17,S059_017.wav,S059_017_mel.npy,බරෙන් වැඩි වන්නේ ගසක මුල කොටසද,භාරයෙට් මැක්වන් රසක ලෙකොට සැද,1.0,0.52,2,2,long,5.184,2.784,2,0.592,0.1127,0.004883,8.98,2,1
S059,18,S059_018.wav,S059_018_mel.npy,රයිට් සහෝදරයන්ගේ පියා ඔවුන් පුංචිකාලයේ දී කඩදාසි සහ රබර් පටිවලින් සෙල්ලම් අහස් යානා තනා දුන්නේය,රායික් සහෝදරයන්ගේ පියා ඔවුන් ප්‍රේත්වේ තිබ් සහරබර් පටවලින් සෙල්ලන් අහසයාන්තන් තුන්නේය.,0.8,0.2963,1,2,long,12.352,7.584,8,0.436,0.1139,0.003931,10.68,2,1
S059,19,S059_019.wav,S059_019_mel.npy,පසු කලෙක ඔවුහු බයිසිකල් වැඩ වැඩපොළක් ඇරඹූහ,පසු කලෙක ඔව්වූ භයිත්වල් වැඩ පොලක් නැරඹූහ.,0.5714,0.3056,1,2,long,5.419,3.552,2,0.464,0.0952,0.004194,10.135,2,1
S059,20,S059_020.wav,S059_020_mel.npy,දැන් හැමෝම වාඩිවෙන්න,දැන් හැමෝම වාඩිවෙන්න,0.0,0.0,0,0,short,2.411,1.792,0,0.0,0.0977,0.003979,10.045,2,0
S059,21,S059_021.wav,S059_021_mel.npy,අපි ඊළඟ දවසේ තවත් සෙල්ලමක් කරමු,අපි ඊලග දවසේ තවස් සෙල්ලමක් කරමු.,0.3333,0.0769,0,1,long,3.712,2.912,0,0.0,0.131,0.00341,8.929,2,1
S059,22,S059_022.wav,S059_022_mel.npy,මේ සිහින අප නින්දේ දී දකින සිහින නම් නොවේ,මෙය සිහින අප මින් දේදි දක්න සිහින නම්නවෙයි.,0.6667,0.2727,1,2,long,5.653,4.32,3,0.245,0.127,0.003118,7.639,2,1
S059,23,S059_023.wav,S059_023_mel.npy,ඇගේ ගම ගිංතොට ය,ඇගේ ගමගින් තොටය.,0.75,0.1667,1,2,short,2.027,1.536,0,0.0,0.1039,0.003642,7.812,2,0
S059,24,S059_024.wav,S059_024_mel.npy,මේ පුංචි දැරිය ඇගේ ප්‍රියතම වැඩිහිටි නෑදෑයා ගැන පසු කලෙක එසේ කීවාය,මේ පුංචී දරියා ඇගේ පියත්ම වැඩි හිටින යැදැයා ගෙන පසු කලෙක එසේ කීවාය.,0.5833,0.2,1,2,long,7.872,6.304,2,0.496,0.1248,0.003259,8.725,2,1
S059,25,S059_025.wav,S059_025_mel.npy,පින්තූර මගින් කතා කීම ඈත කාලයේ සිට පැවත එන ක්‍රමයකි,පිල්දූර මගෙන් කතා කිරීම ඇත කාලයේස්ටපැවිත එක්‍රමයකි.,0.9,0.2143,1,2,long,5.845,4.768,0,0.0,0.1164,0.006018,8.809,2,1
S059,26,S059_026.wav,S059_026_mel.npy,මකුළුවා තණ බිස්සේ හැංගුනා,මකුළුවා තන්න බිස්සේ හැංගුණා.,0.25,0.0909,0,1,short,3.008,2.336,0,0.0,0.0946,0.003615,9.418,2,0
S059,27,S059_027.wav,S059_027_mel.npy,එළියේ ලස්සන ගැහැණු ළමයෙක් හිටගෙන හිටියා,එළියේ රස්සන ගෑනුලමේ කිටියා,0.8333,0.4118,2,2,long,3.285,2.4,0,0.0,0.1244,0.002699,14.167,2,1
S059,28,S059_028.wav,S059_028_mel.npy,අතරමගදී ඉතාම භයානක දෙයක් සිදුවුණා,අතර මඟදී ඉතාම භයාන්ක දෙයක් සිදුවුණා,0.6,0.069,0,2,short,4.587,3.552,1,0.288,0.1054,0.003479,8.164,2,0
S059,29,S059_029.wav,S059_029_mel.npy,සර්පයා මහා විශාලෙට කට ඇරියා,සරුපයා මහා විශාලට කටෑරියා,0.8,0.1304,1,2,short,3.221,2.56,0,0.0,0.1336,0.002008,8.984,2,0
S059,30,S059_030.wav,S059_030_mel.npy,ටිකක් හිතලා බලන්නකෝ,එකක් හිතලා බලන්නකෝ.,0.3333,0.1176,1,1,short,2.944,1.984,0,0.0,0.1116,0.004008,8.569,2,0
S059,31,S059_031.wav,S059_031_mel.npy,තනියෙන් ලියන්න,තානියෙන් ගියන්න,1.0,0.1538,1,2,short,2.133,1.429,0,0.0,0.1146,0.005811,9.095,2,0
S059,32,S059_032.wav,S059_032_mel.npy,පස්වැනි ගුණාංගය,පස්චනිකුණාගය,1.0,0.2857,1,2,short,1.557,1.376,0,0.0,0.1214,0.005464,10.174,2,0
S059,33,S059_033.wav,S059_033_mel.npy,බරණැස් නුවර සිටුවරයෙක් වාසය කළේය,බරන ස්නූවර සිටුවරේ වාසය කරනේය.,0.8,0.2857,1,2,short,4.587,3.328,2,0.272,0.1156,0.005,8.413,2,0
S059,34,S059_034.wav,S059_034_mel.npy,නායකතුමා මෙසේ පිළිතුරු දුන්නේය,නායක සිටුතුමා මෙසේ පිළිතුරු දුන්නේය.,0.5,0.1481,1,2,short,3.712,3.072,0,0.0,0.126,0.006728,8.789,2,0
S059,35,S059_035.wav,S059_035_mel.npy,තේරවිලි වර්ග කිහිපයක් තිබේ,තේරවිරි වග කිහිපයක්ති වේ.,1.0,0.1739,1,2,short,3.157,2.368,1,0.416,0.0926,0.003317,9.713,2,0
S059,36,S059_036.wav,S059_036_mel.npy,අපේ සීයා කතන්දර කීමට සමතෙකි,අපය සීයා කතන්දර කීමට සමතකි.,0.4,0.087,0,1,short,3.243,2.976,0,0.0,0.1238,0.004435,7.728,2,0
S059,37,S059_037.wav,S059_037_mel.npy,මේ අය අතරමගදී අම්බලමක නතර වුණා,මේ අය අතරමකදී අම්බලමක නතර වුනා.,0.1667,0.04,0,1,long,4.715,3.584,1,0.544,0.1133,0.004214,6.975,2,1
S059,38,S059_038.wav,S059_038_mel.npy,හරි අපූරු කතාවක්,හරි අපූරු කතාවක්,0.0,0.0,0,0,short,1.963,1.6,0,0.0,0.1388,0.003482,8.75,2,0
S059,39,S059_039.wav,S059_039_mel.npy,කටුස්සාගේ කරේ රත්තරන් බැන්දා වගෙයි,කටුස් සාගේ කරිය රත්තරම් බැන්දා වගේ,1.0,0.2,1,2,short,3.392,2.816,0,0.0,0.1386,0.002521,10.653,2,0
S059,40,S059_040.wav,S059_040_mel.npy,මුල් ගුරුතුමා කීවේය,මුල් ගුරුතුමා කීවේය.,0.0,0.0,0,0,short,2.304,1.888,0,0.0,0.0961,0.005106,9.004,2,0
S059,41,S059_041.wav,S059_041_mel.npy,අද පුස්තකාල පන්තියක් කරමු,අද පුස්ථකාල පන්තියක් කරමු,0.0,0.0,0,0,short,2.837,2.4,0,0.0,0.1214,0.003414,9.167,2,0
S059,42,S059_042.wav,S059_042_mel.npy,මම ගල්පරයක ඇලී ජීවත් වුනෙමි,මම ගල්පරයක ඇලිචීවත්වුනිම්,0.6,0.1739,1,2,short,4.096,3.104,0,0.0,0.1135,0.002379,7.41,2,0
S059,43,S059_043.wav,S059_043_mel.npy,බෙලි කටුව කතා කරයි,බෙරි කටුව කතා කරයි.,0.25,0.0667,0,1,short,2.133,1.792,0,0.0,0.1208,0.003519,8.371,2,0
S059,44,S059_044.wav,S059_044_mel.npy,සති අන්තේ නිවාඩුවට බිංදුලා ගමේ ගියා,සතිය අන්තේ නිවාඩුවට බින්දුලාගේ ගමේ ගියා,0.3333,0.1667,1,1,long,4.843,4.224,1,0.288,0.1151,0.002059,7.102,2,1
S059,45,S059_045.wav,S059_045_mel.npy,මොනවාද ඒවායේ නම්,මොනවාද ඒවායේ නම්,0.0,0.0,0,0,short,2.56,2.08,0,0.0,0.1282,0.002896,6.731,2,0
S059,46,S059_046.wav,S059_046_mel.npy,නංගි උත්තර දුන්නා,ඩංහිය උත්තර දුන්නා.,0.3333,0.2,1,1,short,2.069,1.696,0,0.0,0.1064,0.007385,8.844,2,0
S059,47,S059_047.wav,S059_047_mel.npy,පාර කියන අත්තම්මා,පාර කියනත් තම්මා,0.6667,0.0667,0,2,short,1.856,1.472,0,0.0,0.115,0.004816,10.19,2,0
S059,48,S059_048.wav,S059_048_mel.npy,ඇයගේ කැපවීම පුදුමාකාරය,ඇයගේ කැපවීම පුදුමාකාරය,0.0,0.0,0,0,short,2.795,2.4,0,0.0,0.1113,0.002661,8.333,2,0
S059,49,S059_049.wav,S059_049_mel.npy,මිනිසාගේ පරම යුතුකම මිනිසාට සේවය කිරීම,මිනිසාගේ පරම යුතුක ම මිනිසාට සේවය කිරීම,0.3333,0.0,0,1,long,4.672,4.16,1,0.288,0.1368,0.005067,7.933,2,1
S059,50,S059_050.wav,S059_050_mel.npy,අපි මේ වන විට පැය දොළහක් වැඩ කර පැය දොළහක් විවේක ගත්තා,අපි මේ වන විට පැය දොළහක් වැඩ කර පැය දොළහක් විවේක ගත්තා,0.0,0.0,0,0,long,6.699,5.152,2,0.384,0.1192,0.001893,8.346,2,1
S059,51,S059_051.wav,S059_051_mel.npy,අප කවුරුත් පුදුමයට පත්කරමින් ඈට පණ ආවා,අප කවුරෙත් පුදුවුමයට පත් කරමින් ඈට පනහවා,0.8571,0.125,1,2,long,5.76,4.192,3,0.416,0.1154,0.003294,7.634,2,1
S059,52,S059_052.wav,S059_052_mel.npy,සුගන්ධවත් පුෂ්පයෝ අපගේ සොහොයුරියෝය,සුගන්දවත් කුෂ්පයෝ අප ගියේ සොහියුරුයෝ ය.,1.0,0.1613,1,2,short,3.52,3.136,0,0.0,0.132,0.004097,9.885,2,0
S059,53,S059_053.wav,S059_053_mel.npy,ගංගාවෝ අපගේ සොහොයුරෝ වෙති,ගංගාවෝ අපගේ සොහොයුරුයෝ වෙති,0.25,0.0909,0,1,short,5.333,3.168,2,0.768,0.1134,0.003745,6.944,2,0
S059,54,S059_054.wav,S059_054_mel.npy,නංගී මට නොදී කිසිවක් නොකනවා ඇතැයි මට සිතේ,නංගී මට නොදී කිසිවක් නොකෙනවා ඇතැයි මට සිතේ,0.125,0.0294,0,1,long,4.907,4.128,1,0.48,0.1209,0.002663,8.236,2,1
S059,55,S059_055.wav,S059_055_mel.npy,නංගි උදේ පාන්දරින්ම නැගිටියි,නංගී උදේපාන්දරම නැගිටි,1.0,0.24,1,2,short,3.115,2.56,0,0.0,0.0913,0.004096,9.766,2,0
S059,56,S059_056.wav,S059_056_mel.npy,ඈ මා ගෙදර යන විට අසනු ඇත,ඇය මාගෙදර යනවිට අසනු ඇත.,0.7143,0.1111,1,2,long,3.392,2.848,0,0.0,0.1197,0.004361,6.32,2,1
S059,57,S059_057.wav,S059_057_mel.npy,ගොවිතැන සඳහා භාවිත වන උපකරණ එකින් එක විස්තර කරද්දී ළමයි සාවධානව අසා සිටියහ,ගොවිතන සඳහා භාවිත වන උකකරන එකින්නක විස්තරකරත්දී ළමයි සාව දානව අසාසිටියහ.,0.6923,0.0645,0,2,long,9.344,7.648,3,0.277,0.1226,0.002835,8.107,2,1
S059,58,S059_058.wav,S059_058_mel.npy,ළමයි පොල්තෙල් හිඳීමට භාවිත කරන සෙක්කුව අසලට රැස් වූහ,ලමයි කොල්තෙල් හිදීමට භාවිත කරන සෙක්කු අසලට රැස්වූහ.,0.5556,0.0682,0,2,long,5.653,4.544,1,0.32,0.1409,0.004494,9.683,2,1
S059,59,S059_059.wav,S059_059_mel.npy,ඒ ගොල්ලන්ට අලුත් ක්‍රමයක් හොයා ගන්න වෙනවා,ඒ ගොල්ලොන්ට අලුක් ප්‍රමයක් පොයාගන්න වෙනවා.,0.7143,0.1143,1,2,long,4.544,3.296,1,0.544,0.1114,0.003802,10.619,2,1
S059,60,S059_060.wav,S059_060_mel.npy,බොහෝ දෙනෙක් මම එනතුරු බලා ගෙන හිටියා,බොහෝ දෙනෙක් මම එන තුරු බලගෙනහි ටියා,0.5714,0.0333,0,2,long,4.096,3.072,0,0.0,0.106,0.002428,9.766,2,1
S059,61,S059_061.wav,S059_061_mel.npy,මට ආරංචි වුණා රජතුමාගේ ගුහාව ළඟ අනතුරක් කියලා,මට පුක් ආරංචි වුණා රජතුමාගේ ගුහාව ලගා නිතුරක් කියල.,0.5,0.2105,1,2,long,5.824,4.544,1,0.288,0.1104,0.002857,8.363,2,1
S059,62,S059_062.wav,S059_062_mel.npy,පැය අටකට පසු ඔවුන්ට පියාපත් සලන හඬක් ඇසිණි,පැය අටකට පසු ඔවුන්ට පියාපත් සලන හඬක් දසිනිත්,0.125,0.0857,0,1,long,6.549,4.608,2,0.736,0.126,0.004037,7.595,2,1
S059,63,S059_063.wav,S059_063_mel.npy,මිනිසුන් ගැන විස්තර දැනගන්න බොහෝ ක්‍රම තියෙනවා,මං සුන් ගැන විස්තර දැනගන්න බොහෝ ක්‍රමතියනවා.,0.5714,0.1,0,2,long,4.181,3.68,0,0.0,0.1025,0.003668,10.87,2,1
S059,64,S059_064.wav,S059_064_mel.npy,ඔබට දින හතරක් දෙමි,ඔබට දින හතරක් දෙමි.,0.0,0.0,0,0,short,2.475,1.856,0,0.0,0.0932,0.005969,8.082,2,0
S059,65,S059_065.wav,S059_065_mel.npy,ඇදුරුතුමා බෙහෙවින් සතුටට පත් විය,ඇදුරු තුමා බෙහෙවින් සතුටට පත් විය.,0.4,0.0,0,1,short,3.648,2.848,0,0.0,0.1133,0.003025,9.831,2,0
S059,66,S059_066.wav,S059_066_mel.npy,ඔබට පේන්නේ කුමක්දැයි මම ඇසුවෙමි,ඔබට පේන්නේ කුමක් දැයි මම ඇසුවෙමි.,0.4,0.0,0,1,short,5.269,3.52,2,0.256,0.1179,0.003684,7.67,2,0
S059,67,S059_067.wav,S059_067_mel.npy,මෙතැන තමයි හොඳම තැන,මෙතෙන තමයි හොදමැතෙන,0.75,0.25,1,2,short,3.093,2.112,0,0.0,0.1035,0.003455,7.576,2,0
S059,68,S059_068.wav,S059_068_mel.npy,ඇය කාචය සකස් කර නැවත බැලූවාය,ඇය කාචය සකස්කර නැවත බැලුවාය.,0.5,0.0435,0,2,long,4.075,3.296,1,0.288,0.1151,0.003571,6.978,2,1
S060,1,S060_001.wav,S060_001_mel.npy,යාළුවෝ හැමදෙනාම නිදහස් උත්සවය බැලුවා,යාළුවෝ හැම දෙනා මනි දාසුර්සමය බැලුවා,0.8,0.1562,1,2,short,4.032,3.424,1,0.16,0.1164,0.004068,9.346,2,0
S060,2,S060_002.wav,S060_002_mel.npy,කවිඳු යාළුවොත් එක්ක මිදුලේ සෙල්ලම් කරමින් සිටියා,කවිදු යාලුවොත් එක්ක මිදුලේ සෙල්ලක් පරමින් සිටියා.,0.4286,0.0714,0,2,long,3.819,3.595,1,0.16,0.1101,0.003059,11.684,2,1
S060,3,S060_003.wav,S060_003_mel.npy,අපේ රටේ නිදහස් උත්සවය,අපේ රටේ නිදහත් උත්සවය,0.25,0.0556,0,1,short,2.176,1.824,0,0.0,0.1086,0.007376,9.868,2,0
S060,4,S060_004.wav,S060_004_mel.npy,මම කෝෂය ඇතුලේ සති දෙකක් විතර හිටියා,මම කෝෂය ඇතුළේ සති දෙකක් විතර හිටියා.,0.0,0.0,0,0,long,2.688,2.688,0,0.0,0.1065,0.002853,10.789,2,1
S060,5,S060_005.wav,S060_005_mel.npy,පොත් කියවීමෙන් මිනිසා සම්පූර්ණ වේ,පොක් කියවීමෙන් මිනිසා සම්පූර්ණ වේ.,0.2,0.0345,0,1,short,3.072,2.56,0,0.0,0.1285,0.003917,11.328,2,0
S060,6,S060_006.wav,S060_006_mel.npy,මුහුද හරිම ලස්සනයි,මුහු දාරිම ලස්ථනයි.,1.0,0.125,1,2,short,1.515,1.44,0,0.0,0.113,0.004971,11.111,2,0
S060,7,S060_007.wav,S060_007_mel.npy,හැමෝම එකට අත් අල්ලා ගන්න,හැමෝම එකට අත්තල්ලා ගන්න,0.4,0.05,0,1,short,2.432,2.24,0,0.0,0.131,0.007906,8.929,2,0
S060,8,S060_008.wav,S060_008_mel.npy,මම එහෙනම් නාගෙන එන්නම්,අපිහෙන නාගෙන එන්නක්,0.75,0.3158,1,2,short,1.899,1.6,0,0.0,0.0762,0.006607,11.875,2,0
S060,9,S060_009.wav,S060_009_mel.npy,අපි අද පොල් කැඩුවා,අදාවි පොලො කැඬුවා,1.0,0.4,2,2,short,1.557,1.408,0,0.0,0.0856,0.004113,10.653,2,0
S060,10,S060_010.wav,S060_010_mel.npy,"ඇයි හිනා වෙන්නේ, මට රජ වෙන්න බැරිද",ඇයි හිනාවෙන් ඒ මට රජ වෙන්න බැරිද?,0.2857,0.0741,0,1,long,2.667,2.336,0,0.0,0.0823,0.004118,11.986,2,1
S060,11,S060_011.wav,S060_011_mel.npy,දුව සටහන් පොතේ මොනවාද ලියා ගත්තේ,දූව සටහන් පොතේ මොනවාද ලියා ගත්තේ,0.1667,0.037,0,1,long,3.307,2.816,0,0.0,0.0921,0.004008,9.588,2,1
S060,12,S060_012.wav,S060_012_mel.npy,ඉතින් මෙච්චර පරක්කු වුනේ ඇයි,ඉතින් මෙචර පරක් හූව්‍යේ ඇයි.,0.6,0.2917,1,2,short,2.773,2.144,0,0.0,0.0872,0.005012,11.194,2,0
S060,13,S060_013.wav,S060_013_mel.npy,දවසක් අම්මා අශ්ව පැටියාගෙන් උදව්වක් ඉල්ලුවා,දවසක් අම්මා අශ්ව පැටියාගෙන් උදව්වක් ඉල්ලුවා,0.0,0.0,0,0,long,3.584,3.296,0,0.0,0.1261,0.004911,11.529,2,1
S060,14,S060_014.wav,S060_014_mel.npy,ඔය ගඟ හරි ගැඹුරුයි,ඔයා හරිම කැඹුරුයි.,1.0,0.2667,1,2,short,1.792,1.248,0,0.0,0.0842,0.007783,12.019,2,0
S060,15,S060_015.wav,S060_015_mel.npy,අශ්ව පැටියා ඉක්මනින් ගෙදර එනවා දැකලා අම්මා පුදුම වුනා,අශ්ව පැතියා ඉමනින්ම ගෙදර එනවාද කලා අම්මා පුතුම වුණා.,0.5556,0.1333,1,2,long,4.757,4.032,0,0.0,0.0992,0.001908,11.161,2,1
S060,16,S060_016.wav,S060_016_mel.npy,"සිටුතුමනි, අපට අනුකම්පා කරනු මැනවි",සිතුතුමනි අපට නුකම්පා කරනු මැනවින්,0.6,0.1379,1,2,short,2.795,2.624,0,0.0,0.1014,0.005459,11.433,2,0
S060,17,S060_017.wav,S060_017_mel.npy,බරෙන් වැඩි වන්නේ ගසක මුල කොටසද,බරෙන් වැඩි වන්නේ ගස්ක මුලකොටසය,0.5,0.08,0,2,long,2.923,2.592,0,0.0,0.1177,0.003682,9.645,2,1
S060,18,S060_018.wav,S060_018_mel.npy,රයිට් සහෝදරයන්ගේ පියා ඔවුන් පුංචිකාලයේ දී කඩදාසි සහ රබර් පටිවලින් සෙල්ලම් අහස් යානා තනා දුන්නේය,රෛට් සහෝදරයන්ගේ පියා උම් කොංචි කාලයේ කඩත් තිසා රට්නර පටිවලින් සෙල්ලම්ම ශ්‍යානා තනාතුන්නේය.,0.8,0.284,1,2,long,8.683,7.456,2,0.224,0.1084,0.003861,10.864,2,1
S060,19,S060_019.wav,S060_019_mel.npy,පසු කලෙක ඔවුහු බයිසිකල් වැඩ වැඩපොළක් ඇරඹූහ,පසු කලෙකු හු මයිසි කැල් රැඩ කරක් ඇරඹූහ.,0.8571,0.3056,1,2,long,2.795,2.464,0,0.0,0.1228,0.004982,14.61,2,1
S060,20,S060_020.wav,S060_020_mel.npy,දැන් හැමෝම වාඩිවෙන්න,දැන් හැමෝම වාඩිවෙන් අත්,0.6667,0.1667,1,2,short,1.728,1.408,0,0.0,0.0669,0.00373,12.784,2,0
S060,21,S060_021.wav,S060_021_mel.npy,අපි ඊළඟ දවසේ තවත් සෙල්ලමක් කරමු,අපි ඊලඟ දවසේ තවත් සිල්ලමක් එරමු.,0.3333,0.0769,0,1,long,2.453,2.24,0,0.0,0.1057,0.006006,11.607,2,1
S060,22,S060_022.wav,S060_022_mel.npy,මේ සිහින අප නින්දේ දී දකින සිහින නම් නොවේ,මේ සිහින අපි නින්දේදී තකින සිහින නම් නොවේ.,0.4444,0.0606,0,2,long,3.541,3.072,0,0.0,0.0997,0.005388,10.742,2,1
S060,23,S060_023.wav,S060_023_mel.npy,ඇගේ ගම ගිංතොට ය,ඇය ඇගේ ගමගින්තොට අය,1.0,0.4167,2,2,short,2.539,2.176,1,0.16,0.1101,0.003761,5.515,2,0
S060,24,S060_024.wav,S060_024_mel.npy,මේ පුංචි දැරිය ඇගේ ප්‍රියතම වැඩිහිටි නෑදෑයා ගැන පසු කලෙක එසේ කීවාය,මේ පුංචි දැරියාගේ ප්‍රිය තම වැඩිහිටි නෑදා එන පසු කලෙක මෙස්සේ කීවායි.,0.5833,0.1818,1,2,long,5.824,5.504,1,0.192,0.1261,0.00618,9.993,2,1
S060,25,S060_025.wav,S060_025_mel.npy,පින්තූර මගින් කතා කීම ඈත කාලයේ සිට පැවත එන ක්‍රමයකි,පින්තූර මගින් කතා කිය මෑතකාලෙත් පැවතෙන ක්‍රමයකින්,0.7,0.2619,1,2,long,4.139,3.947,1,0.192,0.1004,0.006167,10.642,2,1
S060,26,S060_026.wav,S060_026_mel.npy,මකුළුවා තණ බිස්සේ හැංගුනා,මකුළුවා තන විස්සේ ගුණ,0.5,0.2273,1,2,short,2.091,1.995,0,0.0,0.1303,0.004943,11.029,2,0
S060,27,S060_027.wav,S060_027_mel.npy,එළියේ ලස්සන ගැහැණු ළමයෙක් හිටගෙන හිටියා,එළියේ ලස්සන ගෑනුලමයේ කිතකිනෙහි තියක්,0.6667,0.3824,2,2,long,2.688,2.464,0,0.0,0.0988,0.003357,13.799,2,1
S060,28,S060_028.wav,S060_028_mel.npy,අතරමගදී ඉතාම භයානක දෙයක් සිදුවුණා,අතර මගෙදී ඉතාම බයානකදයක්‌ කිටුනා.,1.0,0.2414,1,2,short,2.944,2.848,0,0.0,0.1009,0.0049,10.183,2,0
S060,29,S060_029.wav,S060_029_mel.npy,සර්පයා මහා විශාලෙට කට ඇරියා,සර්පයා මහ විශාලට කටහැරියා,0.8,0.1739,1,2,short,2.795,2.496,0,0.0,0.1572,0.004342,9.215,2,0
S060,30,S060_030.wav,S060_030_mel.npy,ටිකක් හිතලා බලන්නකෝ,තිකා කිතලා බලන්න ඔක්,1.0,0.3529,2,2,short,1.6,1.472,0,0.0,0.1136,0.00962,11.549,2,0
S060,31,S060_031.wav,S060_031_mel.npy,තනියෙන් ලියන්න,අනියල් යන්නක්,1.0,0.5385,2,2,short,0.96,0.96,0,0.0,0.0688,0.00778,13.542,2,0
S060,32,S060_032.wav,S060_032_mel.npy,පස්වැනි ගුණාංගය,මස් වෙනි ගුණාන්ගේ ඇත.,1.0,0.5,2,2,short,1.344,1.344,0,0.0,0.1386,0.005,10.417,2,0
S060,33,S060_033.wav,S060_033_mel.npy,බරණැස් නුවර සිටුවරයෙක් වාසය කළේය,බර නැස් ලූර තූරයෙක් වාසය කළේ ය.,1.0,0.2857,1,2,short,3.285,2.656,1,0.352,0.1346,0.005496,10.542,2,0
S060,34,S060_034.wav,S060_034_mel.npy,නායකතුමා මෙසේ පිළිතුරු දුන්නේය,නායක සිතුතුමා මෙසේ උත්තර දුන්නේතේ,1.0,0.4444,2,2,short,2.645,2.549,0,0.0,0.1196,0.00521,10.591,2,0
S060,35,S060_035.wav,S060_035_mel.npy,තේරවිලි වර්ග කිහිපයක් තිබේ,තේරවිලි වර්ග කීපයක් තිබේ.,0.25,0.1304,1,1,short,2.411,2.251,0,0.0,0.132,0.005047,10.219,2,0
S060,36,S060_036.wav,S060_036_mel.npy,අපේ සීයා කතන්දර කීමට සමතෙකි,අපේ සීයා කතන්දරික්ට සමතෙක්,0.6,0.1739,1,2,short,2.304,1.984,1,0.32,0.1476,0.003509,11.593,2,0
S060,37,S060_037.wav,S060_037_mel.npy,මේ අය අතරමගදී අම්බලමක නතර වුණා,මේ අය අතර මඟදී අම්බලමක නතර වුනා.,0.3333,0.04,0,1,long,3.755,3.68,0,0.0,0.1107,0.005226,6.793,2,1
S060,38,S060_038.wav,S060_038_mel.npy,හරි අපූරු කතාවක්,හරි අපූරු කතාවක්,0.0,0.0,0,0,short,1.685,1.408,0,0.0,0.0986,0.007897,9.943,2,0
S060,39,S060_039.wav,S060_039_mel.npy,කටුස්සාගේ කරේ රත්තරන් බැන්දා වගෙයි,කටුස්සාගේ කරේ රත්දරම් මැන්දා වගේ,0.6,0.2,1,2,short,2.944,2.528,0,0.0,0.1082,0.005197,11.867,2,0
S060,40,S060_040.wav,S060_040_mel.npy,මුල් ගුරුතුමා කීවේය,මුල් ගුසු මී කීවේයා,1.0,0.2941,1,2,short,1.963,1.579,0,0.0,0.0926,0.007638,10.768,2,0
S060,41,S060_041.wav,S060_041_mel.npy,අද පුස්තකාල පන්තියක් කරමු,අද පුෂ්තකාල පම්තියක් එරමු.,0.75,0.1364,1,2,short,1.92,1.728,0,0.0,0.0984,0.006684,12.731,2,0
S060,42,S060_042.wav,S060_042_mel.npy,මම ගල්පරයක ඇලී ජීවත් වුනෙමි,මම කල් පරයේ කෑල්සී තීයිවත් වුනෙමි.,0.8,0.3478,1,2,short,2.475,2.144,0,0.0,0.0768,0.008268,10.728,2,0
S060,43,S060_043.wav,S060_043_mel.npy,බෙලි කටුව කතා කරයි,බෙලි කටවෝ අතා කරයි.,0.5,0.2,1,2,short,1.515,1.344,0,0.0,0.1089,0.00562,11.161,2,0
S060,44,S060_044.wav,S060_044_mel.npy,සති අන්තේ නිවාඩුවට බිංදුලා ගමේ ගියා,සතියන්තේ නිමාඩුවට බින්දුලා ගමේ කියා,0.8333,0.1667,1,2,long,2.859,2.731,0,0.0,0.1039,0.001902,10.986,2,1
S060,45,S060_045.wav,S060_045_mel.npy,මොනවාද ඒවායේ නම්,බොලව දේවාගේ නම්,0.6667,0.3571,2,2,short,1.557,1.504,0,0.0,0.0713,0.005867,9.309,2,0
S060,46,S060_046.wav,S060_046_mel.npy,නංගි උත්තර දුන්නා,ලංගී උත්තර දුන්නා.,0.3333,0.1333,1,1,short,1.408,1.12,0,0.0,0.0772,0.007579,13.393,2,0
S060,47,S060_047.wav,S060_047_mel.npy,පාර කියන අත්තම්මා,පාර කියන අත්තම්ම,0.3333,0.0667,0,1,short,1.557,1.397,0,0.0,0.0839,0.009205,10.734,2,0
S060,48,S060_048.wav,S060_048_mel.npy,ඇයගේ කැපවීම පුදුමාකාරය,ඇයගියෙක් යපිරීම පුදුමා කාර යි.,1.0,0.4,2,2,short,2.176,2.08,0,0.0,0.1126,0.00496,9.615,2,0
S060,49,S060_049.wav,S060_049_mel.npy,මිනිසාගේ පරම යුතුකම මිනිසාට සේවය කිරීම,මිනිසාගේ පරම යුකම මිනිසාට සේවය කිරීම,0.1667,0.0606,0,1,long,3.52,3.296,0,0.0,0.1461,0.003899,10.012,2,1
S060,50,S060_050.wav,S060_050_mel.npy,අපි මේ වන විට පැය දොළහක් වැඩ කර පැය දොළහක් විවේක ගත්තා,අපි මේ වෙනවිට පැය දොළහක් වෙන කෙර පැය දොළහක් වී එක ගත්තා.,0.5,0.1628,1,2,long,4.459,3.851,1,0.224,0.1017,0.003399,11.167,2,1
S060,51,S060_051.wav,S060_051_mel.npy,අප කවුරුත් පුදුමයට පත්කරමින් ඈට පණ ආවා,අප කවුරුත් පුතුමයට පත් කරනින් ඈඩ පණ ආවක්,0.7143,0.1562,1,2,long,3.136,3.008,0,0.0,0.1002,0.004091,10.638,2,1
S060,52,S060_052.wav,S060_052_mel.npy,සුගන්ධවත් පුෂ්පයෝ අපගේ සොහොයුරියෝය,සුඛන්දවත් බුෂ්පයෙන අපගේ ස්මුයුරෙයිය,0.75,0.2903,1,2,short,2.859,2.528,0,0.0,0.1137,0.00453,12.263,2,0
S060,53,S060_053.wav,S060_053_mel.npy,ගංගාවෝ අපගේ සොහොයුරෝ වෙති,ගංගාවෝ අපේ සොහෝ යුරියෝය,0.75,0.3182,1,2,short,2.987,2.432,0,0.0,0.1092,0.002922,9.046,2,0
S060,54,S060_054.wav,S060_054_mel.npy,නංගී මට නොදී කිසිවක් නොකනවා ඇතැයි මට සිතේ,නංගී මට නොදී කිසිවක් නොකනවා ඇතැයි මට සිතෙ,0.125,0.0294,0,1,long,3.755,3.584,0,0.0,0.1058,0.003122,9.487,2,1
S060,55,S060_055.wav,S060_055_mel.npy,නංගි උදේ පාන්දරින්ම නැගිටියි,නංගී උදේ පාම්දරමනැකිටි,0.75,0.32,1,2,short,2.304,1.984,0,0.0,0.0896,0.006451,12.601,2,0
S060,56,S060_056.wav,S060_056_mel.npy,ඈ මා ගෙදර යන විට අසනු ඇත,ඇය මා ගෙදරෙන විටාසනුව ඇත.,0.7143,0.2778,1,2,long,2.261,2.112,0,0.0,0.1449,0.005688,8.523,2,1
S060,57,S060_057.wav,S060_057_mel.npy,ගොවිතැන සඳහා භාවිත වන උපකරණ එකින් එක විස්තර කරද්දී ළමයි සාවධානව අසා සිටියහ,ඔවිතන සඳහා ජාවන උපකරණයකින් එක විස්තර කරද්දිලන් ළමයි සාවදානව අස්සා සිටියෙන්,0.6154,0.2742,1,2,long,6.955,5.899,3,0.32,0.119,0.003021,10.511,2,1
S060,58,S060_058.wav,S060_058_mel.npy,ළමයි පොල්තෙල් හිඳීමට භාවිත කරන සෙක්කුව අසලට රැස් වූහ,දමයි පොල් දෙල් සිදීමට භාවිතා සෙක්වූ අසලට රැස්වූහ.,0.8889,0.2273,1,2,long,4.331,3.52,1,0.384,0.1166,0.00579,12.5,2,1
S060,59,S060_059.wav,S060_059_mel.npy,ඒ ගොල්ලන්ට අලුත් ක්‍රමයක් හොයා ගන්න වෙනවා,ඒ ගොල්ලන්ට අලුත්‍රමෙක් ඔයාගන්න මෙනවා.,0.7143,0.1714,1,2,long,2.752,2.464,0,0.0,0.0789,0.004445,14.205,2,1
S060,60,S060_060.wav,S060_060_mel.npy,බොහෝ දෙනෙක් මම එනතුරු බලා ගෙන හිටියා,බොහෝ දෙනෙක් මම එනතුරු බලාගෙනහි තියා,0.4286,0.0333,0,2,long,2.859,2.496,0,0.0,0.0822,0.004565,12.019,2,1
S060,61,S060_061.wav,S060_061_mel.npy,මට ආරංචි වුණා රජතුමාගේ ගුහාව ළඟ අනතුරක් කියලා,මට ආරංචි වුණා රජතුමාගේ කූහාවල ගනතුරා කියල.,0.5,0.1842,1,2,long,4.843,4.096,1,0.192,0.1022,0.004428,9.277,2,1
S060,62,S060_062.wav,S060_062_mel.npy,පැය අටකට පසු ඔවුන්ට පියාපත් සලන හඬක් ඇසිණි,එයටකොට බසු හොම් චියා පත්සන්න විට සලනා හඬක් යැසිනි,1.0,0.6,2,2,long,4.885,3.936,2,0.416,0.1286,0.003893,8.892,2,1
S060,63,S060_063.wav,S060_063_mel.npy,මිනිසුන් ගැන විස්තර දැනගන්න බොහෝ ක්‍රම තියෙනවා,මිනිසුම් ගැනවිස්තර දැලගන්න බොහෝ ක්‍රමතිය නව,0.8571,0.1,0,2,long,3.093,3.008,0,0.0,0.1177,0.00568,13.298,2,1
S060,64,S060_064.wav,S060_064_mel.npy,ඔබට දින හතරක් දෙමි,ඔබට දින හතරක් දෙමි.,0.0,0.0,0,0,short,1.685,1.429,0,0.0,0.0876,0.004331,10.494,2,0
S060,65,S060_065.wav,S060_065_mel.npy,ඇදුරුතුමා බෙහෙවින් සතුටට පත් විය,දෑ දුරුතු මාභෙහෙමින් සතුරට පත් විය.,0.8,0.1429,1,2,short,2.091,1.952,0,0.0,0.084,0.005472,14.344,2,0
S060,66,S060_066.wav,S060_066_mel.npy,ඔබට පේන්නේ කුමක්දැයි මම ඇසුවෙමි,ඔබට පේන්නේ කොමක් දැයි මම ඇසුවෙමි.,0.4,0.037,0,1,short,2.347,2.016,0,0.0,0.0962,0.005155,13.393,2,0
S060,67,S060_067.wav,S060_067_mel.npy,මෙතැන තමයි හොඳම තැන,මෙතන තමයි හොන්දම තැනැහැ.,0.75,0.4375,2,2,short,1.707,1.355,0,0.0,0.0905,0.001851,11.811,2,0
S060,68,S060_068.wav,S060_068_mel.npy,ඇය කාචය සකස් කර නැවත බැලූවාය,දැයේ කාචේ කාචේ සකස් කර නැවත මෙලුවයි.,0.6667,0.5652,2,2,long,3.989,3.136,2,0.352,0.1255,0.004416,7.334,2,1
S061,1,S061_001.wav,S061_001_mel.npy,යාළුවෝ හැමදෙනාම නිදහස් උත්සවය බැලුවා,යාළුවෝ හැමස් දෙනාම නිදාසුසොයවලුවා,0.8,0.3125,1,2,short,3.627,3.019,1,0.288,0.1173,0.003399,10.601,0,0
S061,2,S061_002.wav,S061_002_mel.npy,කවිඳු යාළුවොත් එක්ක මිදුලේ සෙල්ලම් කරමින් සිටියා,කවිදු යාලෝවෝ එක්ක මිදුලේ සැල්ලම් කරමින් සිටියා,0.4286,0.1429,1,2,long,3.307,3.051,0,0.0,0.1217,0.00449,13.767,0,1
S061,3,S061_003.wav,S061_003_mel.npy,අපේ රටේ නිදහස් උත්සවය,අපේ රටේ නිදහත් සුත්සවය,0.5,0.1667,1,2,short,2.795,2.208,0,0.0,0.1299,0.003349,8.152,0,0
S061,4,S061_004.wav,S061_004_mel.npy,මම කෝෂය ඇතුලේ සති දෙකක් විතර හිටියා,මම කෝෂය ඇතුළේෙහි සති දෙකක් විතර හිටියා.,0.1429,0.1034,1,1,long,5.589,4.085,2,0.544,0.1487,0.002987,7.098,0,1
S061,5,S061_005.wav,S061_005_mel.npy,පොත් කියවීමෙන් මිනිසා සම්පූර්ණ වේ,පොත් කියරීමෙන් මිනිසා සම්පූන්න වේ.,0.4,0.069,0,1,short,3.52,3.072,1,0.32,0.1588,0.00182,9.44,0,0
S061,6,S061_006.wav,S061_006_mel.npy,මුහුද හරිම ලස්සනයි,මූද හරිමෙල අස්සනයි,1.0,0.3125,1,2,short,1.792,1.536,0,0.0,0.1333,0.004134,10.417,0,0
S061,7,S061_007.wav,S061_007_mel.npy,හැමෝම එකට අත් අල්ලා ගන්න,හැමෝම එක එකට අත්තල්ලා ගන්නම,0.8,0.2,1,2,short,4.032,2.752,1,0.864,0.157,0.002819,7.267,0,0
S061,8,S061_008.wav,S061_008_mel.npy,මම එහෙනම් නාගෙන එන්නම්,මම එහෙනම් නා නාගෙන එන්නම්,0.25,0.1053,1,1,short,3.115,2.603,2,0.256,0.1595,0.00215,7.3,0,0
S061,9,S061_009.wav,S061_009_mel.npy,අපි අද පොල් කැඩුවා,අපි අද පොල් කඩුව,0.25,0.1333,1,1,short,1.557,1.461,0,0.0,0.1243,0.003302,10.264,0,0
S061,10,S061_010.wav,S061_010_mel.npy,"ඇයි හිනා වෙන්නේ, මට රජ වෙන්න බැරිද",ඇයි හිනාවෙන්නෙ මට රජාවෙන්න බැරිද?,0.5714,0.0741,0,2,long,4.331,3.648,1,0.32,0.139,0.002324,7.675,0,1
S061,11,S061_011.wav,S061_011_mel.npy,දුව සටහන් පොතේ මොනවාද ලියා ගත්තේ,තුව සටහන් කොතේ මොනවාද ලියගත්තේ,0.6667,0.1111,1,2,long,3.541,3.072,0,0.0,0.1281,0.004378,8.789,0,1
S061,12,S061_012.wav,S061_012_mel.npy,ඉතින් මෙච්චර පරක්කු වුනේ ඇයි,ඉතින් මැච්චර පරක්වුණේ ඇයි?,0.6,0.125,1,2,short,2.709,2.293,0,0.0,0.1439,0.004137,10.465,0,0
S061,13,S061_013.wav,S061_013_mel.npy,දවසක් අම්මා අශ්ව පැටියාගෙන් උදව්වක් ඉල්ලුවා,දවසක් අම්මා අශ්‍ය පැටියාගෙන් උදවුලා ඉල්ලුව,0.5,0.1842,1,2,long,4.16,3.584,1,0.32,0.1419,0.002059,10.603,0,1
S061,14,S061_014.wav,S061_014_mel.npy,ඔය ගඟ හරි ගැඹුරුයි,ඔය ගඟ හරිම කැඹුරුයි,0.5,0.1333,1,2,short,2.325,1.717,0,0.0,0.1214,0.002955,8.734,0,0
S061,15,S061_015.wav,S061_015_mel.npy,අශ්ව පැටියා ඉක්මනින් ගෙදර එනවා දැකලා අම්මා පුදුම වුනා,අශ්‍ය පැටියා ඉක්මනින් ගෙතර යනවා දැකල අම්මා පුතුම හුනා,0.6667,0.1556,1,2,long,5.099,4.64,1,0.384,0.1496,0.003313,9.698,0,1
S061,16,S061_016.wav,S061_016_mel.npy,"සිටුතුමනි, අපට අනුකම්පා කරනු මැනවි",සිතුතුමනි අපෙ අපට අනුකම්පා කරන්නු මැනවි.,0.6,0.2069,1,2,short,4.416,3.808,1,0.224,0.1638,0.002042,7.878,0,0
S061,17,S061_017.wav,S061_017_mel.npy,බරෙන් වැඩි වන්නේ ගසක මුල කොටසද,බේරෙන්න වැඩි වන්නේ ගසෙක හොලකොට සක්ද?,0.6667,0.28,1,2,long,4.864,4.032,1,0.352,0.1729,0.005336,6.2,0,1
S061,18,S061_018.wav,S061_018_mel.npy,රයිට් සහෝදරයන්ගේ පියා ඔවුන් පුංචිකාලයේ දී කඩදාසි සහ රබර් පටිවලින් සෙල්ලම් අහස් යානා තනා දුන්නේය,රැක්ෂ හෝදරයාගේ පියා උවම් පුංචි කාලයේදී කඩදාශි සහ රබර් පටිවලින් සෙත්ලම අහශ්‍යානා තනාදුන්නේ,0.7333,0.1852,1,2,long,10.987,9.12,2,0.4,0.1593,0.002889,8.882,0,1
S061,19,S061_019.wav,S061_019_mel.npy,පසු කලෙක ඔවුහු බයිසිකල් වැඩ වැඩපොළක් ඇරඹූහ,අසු කලක ඔහු බයිස්තිකල් වැඩකොල නැරඹූහ.,1.0,0.3611,2,2,long,5.056,4.032,1,0.608,0.1432,0.002903,8.929,0,1
S061,20,S061_020.wav,S061_020_mel.npy,දැන් හැමෝම වාඩිවෙන්න,දැන් හැගැම වාඩි වෙන්න.,1.0,0.1111,1,2,short,4.288,2.176,2,0.704,0.1077,0.004053,8.272,0,0
S061,21,S061_021.wav,S061_021_mel.npy,අපි ඊළඟ දවසේ තවත් සෙල්ලමක් කරමු,අපි ළඟ දවසේ සල් තවත් සැල්ලම කරමු.,0.5,0.2692,1,2,long,4.181,3.296,1,0.192,0.1631,0.003102,7.888,0,1
S061,22,S061_022.wav,S061_022_mel.npy,මේ සිහින අප නින්දේ දී දකින සිහින නම් නොවේ,මේ සිහින අප නින්නේ දී දකින සිහිනම් නොවෙයි.,0.4444,0.1515,1,2,long,6.656,4.576,4,0.216,0.1434,0.002991,7.212,0,1
S061,23,S061_023.wav,S061_023_mel.npy,ඇගේ ගම ගිංතොට ය,ඇගේ ගමකින් තොටය,0.75,0.25,1,2,short,2.411,1.835,0,0.0,0.1775,0.003785,6.541,0,0
S061,24,S061_024.wav,S061_024_mel.npy,මේ පුංචි දැරිය ඇගේ ප්‍රියතම වැඩිහිටි නෑදෑයා ගැන පසු කලෙක එසේ කීවාය,මේ පුංචි දරියගෙ පියමන ග්‍රැටි නැදෑයා ගැන පස් කලෙක එසේ කීවාය.,0.5,0.2727,1,2,long,8.256,6.272,3,0.587,0.154,0.002586,8.769,0,1
S061,25,S061_025.wav,S061_025_mel.npy,පින්තූර මගින් කතා කීම ඈත කාලයේ සිට පැවත එන ක්‍රමයකි,පින්තූර මගින් කතා කීම ඈය කාලයේ ඈත කාලයේස පැවැත්තෙන ක්‍රමයකි.,0.4,0.3095,1,1,long,9.941,6.72,6,0.427,0.1578,0.001827,6.25,0,1
S061,26,S061_026.wav,S061_026_mel.npy,මකුළුවා තණ බිස්සේ හැංගුනා,මකුළුවා තන විස්සේ හැගුණා.,0.5,0.0909,0,2,short,3.349,2.528,1,0.192,0.1497,0.002509,8.703,0,0
S061,27,S061_027.wav,S061_027_mel.npy,එළියේ ලස්සන ගැහැණු ළමයෙක් හිටගෙන හිටියා,එළියේ ලස්තන ගෑනු ලමෙක් හිටියා,0.6667,0.3235,1,2,long,3.115,2.688,0,0.0,0.156,0.003325,12.649,0,1
S061,28,S061_028.wav,S061_028_mel.npy,අතරමගදී ඉතාම භයානක දෙයක් සිදුවුණා,අතර මගදි ඉතා පයානක දෙයක් තිතුනා,1.0,0.2414,1,2,short,3.541,3.189,0,0.0,0.1438,0.002164,9.093,0,0
S061,29,S061_029.wav,S061_029_mel.npy,සර්පයා මහා විශාලෙට කට ඇරියා,සර්පයා මහා කිෂාල කටෑරියයි.,0.6,0.2609,1,2,short,4.565,3.253,2,0.592,0.1869,0.002521,7.07,0,0
S061,30,S061_030.wav,S061_030_mel.npy,ටිකක් හිතලා බලන්නකෝ,ටිකක් ඉතරා පළන්නපො,0.6667,0.3529,2,2,short,1.963,1.952,0,0.0,0.144,0.004677,8.709,0,0
S061,31,S061_031.wav,S061_031_mel.npy,තනියෙන් ලියන්න,සනියෙන් ලියන්න,0.5,0.0769,0,2,short,1.749,1.312,0,0.0,0.144,0.003734,9.909,0,0
S061,32,S061_032.wav,S061_032_mel.npy,පස්වැනි ගුණාංගය,පස්වැනි කුණාඟය,0.5,0.2143,1,2,short,2.389,1.664,0,0.0,0.1978,0.004815,8.413,0,0
S061,33,S061_033.wav,S061_033_mel.npy,බරණැස් නුවර සිටුවරයෙක් වාසය කළේය,බරණැස් නුවර සිතුවරේ වාසය කළේය.,0.2,0.1786,1,1,short,4.267,3.392,0,0.0,0.162,0.002787,8.255,0,0
S061,34,S061_034.wav,S061_034_mel.npy,නායකතුමා මෙසේ පිළිතුරු දුන්නේය,නායක සිතුටුමක් මේ මෙසේ පිරිතුර දුන්නේත්,1.0,0.4444,2,2,short,3.925,3.136,1,0.32,0.1605,0.004041,8.61,0,0
S061,35,S061_035.wav,S061_035_mel.npy,තේරවිලි වර්ග කිහිපයක් තිබේ,තේරවිලි වර්ග කිහිපයක් තිබේ.,0.0,0.0,0,0,short,2.411,2.187,1,0.224,0.1411,0.003308,10.518,0,0
S061,36,S061_036.wav,S061_036_mel.npy,අපේ සීයා කතන්දර කීමට සමතෙකි,අපේ සීයා කතන්දර කීමත් සමතෙක්,0.4,0.1304,1,1,short,2.795,2.592,0,0.0,0.1646,0.003707,8.873,0,0
S061,37,S061_037.wav,S061_037_mel.npy,මේ අය අතරමගදී අම්බලමක නතර වුණා,මේ අය අතරමග දී අම්බලමක නතරවුනා,0.6667,0.0,0,2,long,9.152,5.472,6,0.571,0.181,0.001914,4.569,0,1
S061,38,S061_038.wav,S061_038_mel.npy,හරි අපූරු කතාවක්,හරි යකූරු කතාවා.,0.6667,0.2857,1,2,short,1.515,1.515,0,0.0,0.1585,0.002755,9.243,0,0
S061,39,S061_039.wav,S061_039_mel.npy,කටුස්සාගේ කරේ රත්තරන් බැන්දා වගෙයි,කටුස්සාගේ කරේ රත්තරම් බැන්දා වගේ,0.4,0.1333,1,1,short,3.072,2.848,0,0.0,0.1393,0.003297,10.534,0,0
S061,40,S061_040.wav,S061_040_mel.npy,මුල් ගුරුතුමා කීවේය,ඔල්ගුරුතුමා කීවේය.,0.6667,0.1176,1,2,short,3.285,2.069,1,0.736,0.1613,0.002766,8.215,0,0
S061,41,S061_041.wav,S061_041_mel.npy,අද පුස්තකාල පන්තියක් කරමු,අද පුස්තකාලය පන්තියක් කරමු,0.25,0.0455,0,1,short,4.181,3.061,1,0.64,0.1495,0.002616,7.186,0,0
S061,42,S061_042.wav,S061_042_mel.npy,මම ගල්පරයක ඇලී ජීවත් වුනෙමි,මමගල් කර ඇලී ජීවත්තු නෙමි.,0.8,0.1739,1,2,short,3.776,3.328,1,0.288,0.1802,0.002973,6.911,0,0
S061,43,S061_043.wav,S061_043_mel.npy,බෙලි කටුව කතා කරයි,බෙලි කටුව කතා කියයි.,0.25,0.1333,1,1,short,2.965,2.272,2,0.304,0.1586,0.002003,6.602,0,0
S061,44,S061_044.wav,S061_044_mel.npy,සති අන්තේ නිවාඩුවට බිංදුලා ගමේ ගියා,සත්තිය අන්තේ නිවාඩු වින් දුවත දුලා ගමේකි යක්,1.0,0.4333,2,2,long,5.717,4.021,2,0.592,0.143,0.001325,7.46,0,1
S061,45,S061_045.wav,S061_045_mel.npy,මොනවාද ඒවායේ නම්,මොනවාද ඒවායේ නම්,0.0,0.0,0,0,short,3.243,2.336,1,0.704,0.1675,0.002852,5.993,0,0
S061,46,S061_046.wav,S061_046_mel.npy,නංගි උත්තර දුන්නා,නංගි යුත්තර දුන්නක්,0.6667,0.2667,1,2,short,1.685,1.365,0,0.0,0.1465,0.003141,10.986,0,0
S061,47,S061_047.wav,S061_047_mel.npy,පාර කියන අත්තම්මා,පාර කියන අත්තම්ම,0.3333,0.0667,0,1,short,1.536,1.376,0,0.0,0.143,0.004791,10.901,0,0
S061,48,S061_048.wav,S061_048_mel.npy,ඇයගේ කැපවීම පුදුමාකාරය,ඇගේ කැකයිම පුතුමාකාරය,1.0,0.25,1,2,short,3.2,2.624,2,0.288,0.139,0.004774,7.622,0,0
S061,49,S061_049.wav,S061_049_mel.npy,මිනිසාගේ පරම යුතුකම මිනිසාට සේවය කිරීම,මිනිසාගේ පරම යුතුකම මිනිසාට සේවය කිරීම,0.0,0.0,0,0,long,4.843,4.32,2,0.224,0.1582,0.002015,7.639,0,1
S061,50,S061_050.wav,S061_050_mel.npy,අපි මේ වන විට පැය දොළහක් වැඩ කර පැය දොළහක් විවේක ගත්තා,අපි මේවන විට පැය දොළහක් වඩ කර පැය දොළහක් විවේග කත්තා.,0.4167,0.0698,0,2,long,6.571,4.843,1,1.344,0.1574,0.00112,8.879,0,1
S061,51,S061_051.wav,S061_051_mel.npy,අප කවුරුත් පුදුමයට පත්කරමින් ඈට පණ ආවා,අප කවුරුත් පුදුමයට පත් පරමින් ඈත් තපන ආවා,0.5714,0.125,1,2,long,5.611,4.096,4,0.28,0.1436,0.002675,7.812,0,1
S061,52,S061_052.wav,S061_052_mel.npy,සුගන්ධවත් පුෂ්පයෝ අපගේ සොහොයුරියෝය,සුගන්ධවත් කුෂ්පයෝ අප ගෙසා හෝදරයෝය.,1.0,0.2258,1,2,short,3.584,3.104,0,0.0,0.1177,0.003455,9.987,0,0
S061,53,S061_053.wav,S061_053_mel.npy,ගංගාවෝ අපගේ සොහොයුරෝ වෙති,ගංගාවෝ අප සහෝ අපගේ සහෝ සහෝ යුරියෝ වෙති,1.0,0.5,2,2,short,5.611,4.096,2,0.512,0.1485,0.004166,5.371,0,0
S061,54,S061_054.wav,S061_054_mel.npy,නංගී මට නොදී කිසිවක් නොකනවා ඇතැයි මට සිතේ,නංගී මට නොදී කිසිවක් නොකොනවා ඇතැයි මට සිතේනා,0.25,0.0882,0,1,long,5.717,4.629,2,0.512,0.1968,0.002939,7.344,0,1
S061,55,S061_055.wav,S061_055_mel.npy,නංගි උදේ පාන්දරින්ම නැගිටියි,අංගී උදෙන්ම පාන්දරින්ම නැගිටි,0.75,0.32,1,2,short,2.901,2.688,0,0.0,0.1778,0.002603,9.301,0,0
S061,56,S061_056.wav,S061_056_mel.npy,ඈ මා ගෙදර යන විට අසනු ඇත,ඈමා ගෙදර යනවිට අස්තෙනු අසනු ඇත.,0.5714,0.3889,2,2,long,5.184,3.776,3,0.309,0.1796,0.001866,4.767,0,1
S061,57,S061_057.wav,S061_057_mel.npy,ගොවිතැන සඳහා භාවිත වන උපකරණ එකින් එක විස්තර කරද්දී ළමයි සාවධානව අසා සිටියහ,ගොවිතන්න සඳහා භාවන උපකරන එකින් එක විෂ්තර කරත්වීල් දමයි සංශංශාවතානා අශාශ්‍ය ටියහ.,0.6923,0.3387,1,2,long,14.379,9.984,7,0.53,0.1736,0.001975,6.21,0,1
S061,58,S061_058.wav,S061_058_mel.npy,ළමයි පොල්තෙල් හිඳීමට භාවිත කරන සෙක්කුව අසලට රැස් වූහ,ලමයි පොල්තෙල් සිදීමට භායිතා කරන්න සෙක්කුව අසරටරක්කුවහ.,0.6667,0.2727,1,2,long,6.485,5.056,2,0.544,0.1415,0.003125,8.703,0,1
S061,59,S061_059.wav,S061_059_mel.npy,ඒ ගොල්ලන්ට අලුත් ක්‍රමයක් හොයා ගන්න වෙනවා,ඒ ගොල්ලන්ට අලුත්‍රමයක් පොයාගන්න වෙනවා.,0.5714,0.0857,0,2,long,4.864,3.648,1,0.832,0.1897,0.003835,9.594,0,1
S061,60,S061_060.wav,S061_060_mel.npy,බොහෝ දෙනෙක් මම එනතුරු බලා ගෙන හිටියා,බොහෝ දෙනෙක් මම එනතුරු බලාගෙනහි ටියා,0.4286,0.0,0,2,long,3.499,3.168,0,0.0,0.1619,0.001866,9.47,0,1
S061,61,S061_061.wav,S061_061_mel.npy,මට ආරංචි වුණා රජතුමාගේ ගුහාව ළඟ අනතුරක් කියලා,මට ආරංචිවනා රදත්මාකේ පුහාවලක අනුතුරක් කියලා.,0.75,0.1842,1,2,long,5.525,4.672,1,0.32,0.1642,0.003107,8.134,0,1
S061,62,S061_062.wav,S061_062_mel.npy,පැය අටකට පසු ඔවුන්ට පියාපත් සලන හඬක් ඇසිණි,පැය අටකට පසු ඔවුන්ට පියාපියාපල් හසලන හටියෙක් ඇසුවි,0.5,0.3429,1,2,long,6.421,5.205,2,0.4,0.1874,0.001651,6.724,0,1
S061,63,S061_063.wav,S061_063_mel.npy,මිනිසුන් ගැන විස්තර දැනගන්න බොහෝ ක්‍රම තියෙනවා,මිනිසුගැන විස්තර දැන ගන්න පොහෝ ප්‍රම්තියනවා,0.8571,0.15,1,2,long,4.203,3.68,0,0.0,0.1963,0.002187,10.87,0,1
S061,64,S061_064.wav,S061_064_mel.npy,ඔබට දින හතරක් දෙමි,ඔබට දින හතරත්තෙමි.,0.5,0.1333,1,2,short,2.048,1.76,0,0.0,0.1883,0.002743,8.523,0,0
S061,65,S061_065.wav,S061_065_mel.npy,ඇදුරුතුමා බෙහෙවින් සතුටට පත් විය,ඇදුරුතුමා බෙහෙවින් සතුටට පත්වීය,0.4,0.0357,0,1,short,5.44,3.552,2,0.8,0.1642,0.002616,7.883,0,0
S061,66,S061_066.wav,S061_066_mel.npy,ඔබට පේන්නේ කුමක්දැයි මම ඇසුවෙමි,ඔබට පෙනෙන්නේ එකුමක්දැයි මම අසුවෙමු,0.6,0.2222,1,2,short,4.139,3.616,1,0.288,0.1649,0.003399,7.467,0,0
S061,67,S061_067.wav,S061_067_mel.npy,මෙතැන තමයි හොඳම තැන,මෙතනින් තමයි හොගම තැන,0.5,0.25,1,2,short,2.88,2.272,0,0.0,0.2036,0.002774,7.042,0,0
S061,68,S061_068.wav,S061_068_mel.npy,ඇය කාචය සකස් කර නැවත බැලූවාය,ඇය කාචය සකස් කර තැන තැනව තැන්ටබැලුව,0.5,0.4783,2,2,long,5.568,4.704,2,0.256,0.2057,0.002793,4.889,0,1
S062,1,S062_001.wav,S062_001_mel.npy,යාළුවෝ හැමදෙනාම නිදහස් උත්සවය බැලුවා,ගෝ හැමදෙනාම නිදහත් උසවය බැලුව,0.8,0.2812,1,2,short,3.136,2.88,0,0.0,0.1169,0.004399,11.111,2,0
S062,2,S062_002.wav,S062_002_mel.npy,කවිඳු යාළුවොත් එක්ක මිදුලේ සෙල්ලම් කරමින් සිටියා,කවිදුය ආලුවොත් එකර මින්ලේ සෙල්ලන් තර මිනිසිටියා,1.0,0.2143,1,2,long,4.075,3.691,0,0.0,0.1075,0.002057,11.38,2,1
S062,3,S062_003.wav,S062_003_mel.npy,අපේ රටේ නිදහස් උත්සවය,අපේ රටේ නිදහත් තුස්සවයි.,0.5,0.2778,1,2,short,2.667,2.4,0,0.0,0.0998,0.00609,7.5,2,0
S062,4,S062_004.wav,S062_004_mel.npy,මම කෝෂය ඇතුලේ සති දෙකක් විතර හිටියා,මම කෝෂය ඇතුළේ සති දෙකක් විතර හිටියා.,0.0,0.0,0,0,long,3.776,3.2,0,0.0,0.1074,0.003037,9.062,2,1
S062,5,S062_005.wav,S062_005_mel.npy,පොත් කියවීමෙන් මිනිසා සම්පූර්ණ වේ,පොත් කියවීමෙන් මිනිසා සම්පූර්ණ වේ.,0.0,0.0,0,0,short,3.52,2.912,0,0.0,0.1117,0.003082,9.959,2,0
S062,6,S062_006.wav,S062_006_mel.npy,මුහුද හරිම ලස්සනයි,මුහුදහරිම ලස්වනයි.,1.0,0.0625,0,2,short,2.624,2.016,1,0.608,0.1103,0.003532,7.937,2,0
S062,7,S062_007.wav,S062_007_mel.npy,හැමෝම එකට අත් අල්ලා ගන්න,හැමෝමෙකටත් තල්ලා ගන්නෙ,1.0,0.2,1,2,short,3.285,3.029,0,0.0,0.0942,0.002937,6.602,2,0
S062,8,S062_008.wav,S062_008_mel.npy,මම එහෙනම් නාගෙන එන්නම්,එහෙනම්ම අපිනාගෙන එන්ම,1.0,0.4211,2,2,short,2.603,2.208,0,0.0,0.1108,0.003668,8.605,2,0
S062,9,S062_009.wav,S062_009_mel.npy,අපි අද පොල් කැඩුවා,අපි යද පොල් තැඩුවා,0.5,0.1333,1,2,short,2.368,2.048,0,0.0,0.089,0.005465,7.324,2,0
S062,10,S062_010.wav,S062_010_mel.npy,"ඇයි හිනා වෙන්නේ, මට රජ වෙන්න බැරිද",ඇයි හිනාවෙන්නෙ මටකජවෙන්න බැරිද?,0.7143,0.0741,0,2,long,4.352,3.616,0,0.0,0.0967,0.002516,7.743,2,1
S062,11,S062_011.wav,S062_011_mel.npy,දුව සටහන් පොතේ මොනවාද ලියා ගත්තේ,දුව සටහන්කොතේ මනවාද ලියා ගත්තේ,0.5,0.0741,0,2,long,4.352,3.488,1,0.704,0.1016,0.003506,7.741,2,1
S062,12,S062_012.wav,S062_012_mel.npy,ඉතින් මෙච්චර පරක්කු වුනේ ඇයි,ඉතින් මෙච්චර පරක්වුණේ අයි,0.6,0.125,1,2,short,3.115,2.315,0,0.0,0.1143,0.008983,10.369,2,0
S062,13,S062_013.wav,S062_013_mel.npy,දවසක් අම්මා අශ්ව පැටියාගෙන් උදව්වක් ඉල්ලුවා,දවසක අම්මා අශ්ව පැටියාගෙන් උදවුව කිල්වා.,0.5,0.1579,1,2,long,4.8,3.936,0,0.0,0.1221,0.002961,9.654,2,1
S062,14,S062_014.wav,S062_014_mel.npy,ඔය ගඟ හරි ගැඹුරුයි,ඔය ගංග හරිම ගැඹුරොයි,0.75,0.2667,1,2,short,2.752,2.208,1,0.224,0.0905,0.006529,6.793,2,0
S062,15,S062_015.wav,S062_015_mel.npy,අශ්ව පැටියා ඉක්මනින් ගෙදර එනවා දැකලා අම්මා පුදුම වුනා,අශ්ව පැටියා ඉක්මනින් ගෙදරෙනවා දැකලා අම්මා පුදුම වුනා,0.2222,0.0222,0,1,long,5.589,4.864,2,0.288,0.1146,0.002324,9.252,2,1
S062,16,S062_016.wav,S062_016_mel.npy,"සිටුතුමනි, අපට අනුකම්පා කරනු මැනවි",සිටතුමනි අපට අනුකම් පා කරනු මැනවි.,0.6,0.0345,0,2,short,4.245,3.584,0,0.0,0.1112,0.003466,8.371,2,0
S062,17,S062_017.wav,S062_017_mel.npy,බරෙන් වැඩි වන්නේ ගසක මුල කොටසද,බරෙන් වැඩි වන්නේ ගසක මුලකොටසද,0.3333,0.0,0,1,long,3.605,3.381,0,0.0,0.1141,0.002658,7.393,2,1
S062,18,S062_018.wav,S062_018_mel.npy,රයිට් සහෝදරයන්ගේ පියා ඔවුන් පුංචිකාලයේ දී කඩදාසි සහ රබර් පටිවලින් සෙල්ලම් අහස් යානා තනා දුන්නේය,රයිට් සහෝදරයන්ගේ පියා ඔවුන් පුංචි කාලයේදි කඩදාසි සහරාබර් පටිවැලින් සෙල්ලම් මහස් යානා තනා දුන්නේය.,0.4,0.0494,0,1,long,11.797,10.144,3,0.181,0.1175,0.0025,7.985,2,1
S062,19,S062_019.wav,S062_019_mel.npy,පසු කලෙක ඔවුහු බයිසිකල් වැඩ වැඩපොළක් ඇරඹූහ,පසු කාලකෝහු බයිසිකල් වඩ පොළක් කරඹූහ.,0.7143,0.2778,1,2,long,4.139,3.584,0,0.0,0.1004,0.003761,10.045,2,1
S062,20,S062_020.wav,S062_020_mel.npy,දැන් හැමෝම වාඩිවෙන්න,දැන් හැමෝම වාඩි වෙන්න,0.6667,0.0,0,2,short,2.667,2.336,1,0.16,0.0982,0.003296,7.705,2,0
S062,21,S062_021.wav,S062_021_mel.npy,අපි ඊළඟ දවසේ තවත් සෙල්ලමක් කරමු,අපී ළඟ දවසේ තවක්ෂේල්ලමා කරමු,0.6667,0.2692,1,2,long,3.179,2.944,0,0.0,0.1054,0.003724,8.832,2,1
S062,22,S062_022.wav,S062_022_mel.npy,මේ සිහින අප නින්දේ දී දකින සිහින නම් නොවේ,මේ සිහින අප නින්දේදී දකින සිහිනන් නොවේ.,0.4444,0.0303,0,2,long,4.565,4.0,0,0.0,0.1007,0.003556,8.25,2,1
S062,23,S062_023.wav,S062_023_mel.npy,ඇගේ ගම ගිංතොට ය,ගඇගේ ගමගින් තොටය,1.0,0.25,1,2,short,2.965,2.261,1,0.704,0.0961,0.003586,5.307,2,0
S062,24,S062_024.wav,S062_024_mel.npy,මේ පුංචි දැරිය ඇගේ ප්‍රියතම වැඩිහිටි නෑදෑයා ගැන පසු කලෙක එසේ කීවාය,"මේ පුංචි දරිය, ඇගේ ප්‍රියතම වැඩි හිටිනෑ දෑයාගෙන පසුකාලක එසේ කීවායින්",0.5833,0.1273,1,2,long,8.619,7.659,3,0.267,0.1042,0.003728,7.181,2,1
S062,25,S062_025.wav,S062_025_mel.npy,පින්තූර මගින් කතා කීම ඈත කාලයේ සිට පැවත එන ක්‍රමයකි,පින්තූර මගින් කතා කීම ඈත කාලෙක සිට පැවැතිස් එන ග්‍රී ක්‍රමයකි.,0.3,0.2619,1,1,long,7.275,6.272,3,0.277,0.098,0.00308,6.696,2,1
S062,26,S062_026.wav,S062_026_mel.npy,මකුළුවා තණ බිස්සේ හැංගුනා,මකුළුවා තන බිස්සේ හැංගුණා.,0.0,0.0,0,0,short,2.304,2.304,0,0.0,0.0967,0.003648,9.549,2,0
S062,27,S062_027.wav,S062_027_mel.npy,එළියේ ලස්සන ගැහැණු ළමයෙක් හිටගෙන හිටියා,එළියේ ලස්සන ගෑවන්ඩලමයේ කිටගෙන හිටියා,0.5,0.2353,1,2,long,3.797,3.264,1,0.16,0.1081,0.003555,10.417,2,1
S062,28,S062_028.wav,S062_028_mel.npy,අතරමගදී ඉතාම භයානක දෙයක් සිදුවුණා,අතර මඟදි ඉතාම් භයානකදයක් සිදු වුණා,1.0,0.1379,1,2,short,3.733,3.264,0,0.0,0.0936,0.002216,8.885,2,0
S062,29,S062_029.wav,S062_029_mel.npy,සර්පයා මහා විශාලෙට කට ඇරියා,සර්පයා මහ විශාලයට කටාරියා,0.8,0.1304,1,2,short,3.221,2.784,0,0.0,0.0948,0.003559,8.261,2,0
S062,30,S062_030.wav,S062_030_mel.npy,ටිකක් හිතලා බලන්නකෝ,ටිකකිතලා බලන්නකු,1.0,0.1765,1,2,short,2.517,1.984,0,0.0,0.0904,0.005931,8.569,2,0
S062,31,S062_031.wav,S062_031_mel.npy,තනියෙන් ලියන්න,තනියෙන් ලියන්න,0.0,0.0,0,0,short,1.728,1.472,0,0.0,0.0768,0.005829,8.832,2,0
S062,32,S062_032.wav,S062_032_mel.npy,පස්වැනි ගුණාංගය,පස් වැනි ගුණාංගය,1.0,0.0,0,2,short,2.453,1.856,0,0.0,0.1199,0.004313,7.543,2,0
S062,33,S062_033.wav,S062_033_mel.npy,බරණැස් නුවර සිටුවරයෙක් වාසය කළේය,බණස් නැස්ණුවර සිටුවරේ ක්වාසේ කළා.,1.0,0.2857,1,2,short,4.245,3.424,0,0.0,0.1077,0.004255,8.178,2,0
S062,34,S062_034.wav,S062_034_mel.npy,නායකතුමා මෙසේ පිළිතුරු දුන්නේය,නායක සිටතුමා මෙසේ පිළිතුරු දුන්නයි.,0.75,0.1852,1,2,short,5.099,4.363,0,0.0,0.1084,0.002652,6.189,2,0
S062,35,S062_035.wav,S062_035_mel.npy,තේරවිලි වර්ග කිහිපයක් තිබේ,සේලව ඉරිවල්ග කිහිපෙයක් තිබේ.,0.75,0.2609,1,2,short,3.371,2.912,0,0.0,0.0861,0.004864,7.898,2,0
S062,36,S062_036.wav,S062_036_mel.npy,අපේ සීයා කතන්දර කීමට සමතෙකි,අපේ සීයා කතන්දර කීමට සමතකි.,0.2,0.0435,0,1,short,3.755,3.243,0,0.0,0.1027,0.003234,7.093,2,0
S062,37,S062_037.wav,S062_037_mel.npy,මේ අය අතරමගදී අම්බලමක නතර වුණා,මේ අය අතර මගදී අම්බැලමකන අතර වුණා.,0.6667,0.08,0,2,long,4.693,3.861,3,0.277,0.1019,0.005061,6.474,2,1
S062,38,S062_038.wav,S062_038_mel.npy,හරි අපූරු කතාවක්,හරිය පුරු කතාවක්,0.6667,0.1429,1,2,short,2.027,1.536,0,0.0,0.101,0.005127,9.115,2,0
S062,39,S062_039.wav,S062_039_mel.npy,කටුස්සාගේ කරේ රත්තරන් බැන්දා වගෙයි,කටුස්සාගේ කරේ රච්සරම් බැන්දාවගේ,0.6,0.2,1,2,short,4.203,3.467,0,0.0,0.1148,0.004604,8.654,2,0
S062,40,S062_040.wav,S062_040_mel.npy,මුල් ගුරුතුමා කීවේය,මුල්ගුරුතුමා කීවේ.,1.0,0.0588,0,2,short,2.283,1.963,0,0.0,0.1019,0.006129,8.662,2,0
S062,41,S062_041.wav,S062_041_mel.npy,අද පුස්තකාල පන්තියක් කරමු,අද පුස්ථකාලපන්තියක් කරමු,0.5,0.0,0,2,short,2.645,2.368,0,0.0,0.0933,0.005857,9.291,2,0
S062,42,S062_042.wav,S062_042_mel.npy,මම ගල්පරයක ඇලී ජීවත් වුනෙමි,මම ගල් පරේක ඇලි ජීවත් උනෙමෙන්,0.8,0.3043,1,2,short,3.712,3.168,0,0.0,0.0966,0.004429,7.26,2,0
S062,43,S062_043.wav,S062_043_mel.npy,බෙලි කටුව කතා කරයි,බැලි කටුව කතා කරයි.,0.25,0.0667,0,1,short,2.453,2.197,0,0.0,0.1059,0.005507,6.826,2,0
S062,44,S062_044.wav,S062_044_mel.npy,සති අන්තේ නිවාඩුවට බිංදුලා ගමේ ගියා,සතියන්තයේ නිවාටුවට බින්දුලා ගමේ ගියා,0.6667,0.1667,1,2,long,4.395,4.192,0,0.0,0.1098,0.00238,7.156,2,1
S062,45,S062_045.wav,S062_045_mel.npy,මොනවාද ඒවායේ නම්,මොනාද ඒවායේ නම්,0.3333,0.0714,0,1,short,2.581,2.208,1,0.288,0.1178,0.005011,6.341,2,0
S062,46,S062_046.wav,S062_046_mel.npy,නංගි උත්තර දුන්නා,නංගී උත්තර දුන්නා,0.3333,0.0667,0,1,short,1.984,1.824,0,0.0,0.102,0.004061,8.224,2,0
S062,47,S062_047.wav,S062_047_mel.npy,පාර කියන අත්තම්මා,පාර කියන අත්තම්ම.,0.3333,0.0667,0,1,short,2.603,1.931,1,0.192,0.1243,0.00443,7.769,2,0
S062,48,S062_048.wav,S062_048_mel.npy,ඇයගේ කැපවීම පුදුමාකාරය,ඇයුගේ කැපවීම පුදුමා කාරය,1.0,0.05,0,2,short,2.923,2.592,0,0.0,0.1029,0.004264,7.716,2,0
S062,49,S062_049.wav,S062_049_mel.npy,මිනිසාගේ පරම යුතුකම මිනිසාට සේවය කිරීම,මිනිසාගේ පරම යුතුකම මිනිසාට සේවය කිරීම,0.0,0.0,0,0,long,4.011,3.68,0,0.0,0.1001,0.00408,8.967,2,1
S062,50,S062_050.wav,S062_050_mel.npy,අපි මේ වන විට පැය දොළහක් වැඩ කර පැය දොළහක් විවේක ගත්තා,අපි මේවන විට පැදොළහක් වැඩ කර පැදොළහක් විවේක ගත්තා,0.5,0.0465,0,2,long,6.357,5.28,2,0.432,0.0997,0.002606,8.144,2,1
S062,51,S062_051.wav,S062_051_mel.npy,අප කවුරුත් පුදුමයට පත්කරමින් ඈට පණ ආවා,අප කවුරුක් බුදු මෙයට පත් කරමින් ඈට පණ ආවක්,0.8571,0.1562,1,2,long,4.523,3.808,0,0.0,0.0942,0.002062,8.403,2,1
S062,52,S062_052.wav,S062_052_mel.npy,සුගන්ධවත් පුෂ්පයෝ අපගේ සොහොයුරියෝය,සුගන්දවත් පුස්පයො අපගේ සහෝදරියෝය,0.5,0.1935,1,2,short,4.224,3.392,1,0.224,0.096,0.003046,9.139,2,0
S062,53,S062_053.wav,S062_053_mel.npy,ගංගාවෝ අපගේ සොහොයුරෝ වෙති,ගංගාවෝ අපගේ සොහොයුරෝව එති,0.5,0.0455,0,2,short,3.861,3.392,1,0.256,0.0975,0.006562,6.486,2,0
S062,54,S062_054.wav,S062_054_mel.npy,නංගී මට නොදී කිසිවක් නොකනවා ඇතැයි මට සිතේ,නංගී මට නොදී කිසිවක් නොකනවා ඇතැයි මට සිටේ,0.125,0.0294,0,1,long,4.992,4.256,0,0.0,0.129,0.001899,7.989,2,1
S062,55,S062_055.wav,S062_055_mel.npy,නංගි උදේ පාන්දරින්ම නැගිටියි,නංගියුදේ පාන්දරින්ම නැගිටි,0.75,0.16,1,2,short,2.603,2.496,0,0.0,0.1014,0.002328,10.016,2,0
S062,56,S062_056.wav,S062_056_mel.npy,ඈ මා ගෙදර යන විට අසනු ඇත,ඈ මාගෙදර යනවිට අසනු ඇත.,0.5714,0.0,0,2,long,3.627,2.816,1,0.352,0.1191,0.004945,6.392,2,1
S062,57,S062_057.wav,S062_057_mel.npy,ගොවිතැන සඳහා භාවිත වන උපකරණ එකින් එක විස්තර කරද්දී ළමයි සාවධානව අසා සිටියහ,ගොවිතන සඳහා භාවතාවන උපකරන එකින් එක විස්තර කරදී ළමයික් සාවධානම අසා සිටි.,0.5385,0.1613,1,2,long,9.216,8.448,1,0.288,0.1106,0.002516,7.339,2,1
S062,58,S062_058.wav,S062_058_mel.npy,ළමයි පොල්තෙල් හිඳීමට භාවිත කරන සෙක්කුව අසලට රැස් වූහ,ළමයි පොල් දෙල් හිඳීමට භාවිතා කරන සෙක් වාසලට තැස්වූහ.,0.7778,0.1364,1,2,long,5.675,5.152,0,0.0,0.1076,0.006334,8.54,2,1
S062,59,S062_059.wav,S062_059_mel.npy,ඒ ගොල්ලන්ට අලුත් ක්‍රමයක් හොයා ගන්න වෙනවා,ඒය ගොල්ලන්ට අලුත්ම ක්‍රමයක් හොයාගන්න වෙනවා.,0.5714,0.0571,0,2,long,3.797,3.349,0,0.0,0.0949,0.002899,10.45,2,1
S062,60,S062_060.wav,S062_060_mel.npy,බොහෝ දෙනෙක් මම එනතුරු බලා ගෙන හිටියා,බොහෝ දෙනෙක් මම නතුරු බලාගෙන හිටියා,0.4286,0.0333,0,2,long,3.797,3.648,0,0.0,0.0986,0.005326,8.224,2,1
S062,61,S062_061.wav,S062_061_mel.npy,මට ආරංචි වුණා රජතුමාගේ ගුහාව ළඟ අනතුරක් කියලා,මටාරණ් චිවුණා රජතුමාගේ ගුහාව ළඟ අනතුරක් කියලා,0.375,0.0789,0,1,long,5.653,5.024,1,0.288,0.098,0.004144,7.564,2,1
S062,62,S062_062.wav,S062_062_mel.npy,පැය අටකට පසු ඔවුන්ට පියාපත් සලන හඬක් ඇසිණි,ඇය අටකට පසු ඔවුන් පියාපත් සලන හඬක් ඇසුනි.,0.375,0.1143,1,1,long,7.936,6.56,4,0.248,0.099,0.00316,5.335,2,1
S062,63,S062_063.wav,S062_063_mel.npy,මිනිසුන් ගැන විස්තර දැනගන්න බොහෝ ක්‍රම තියෙනවා,මිනිසුන් ගැන විස්තර දැනගන්න බොහෝ ක්‍රමතියනවා.,0.2857,0.025,0,1,long,4.544,3.968,1,0.192,0.0951,0.004611,10.081,2,1
S062,64,S062_064.wav,S062_064_mel.npy,ඔබට දින හතරක් දෙමි,ඔබට දින හතරක් දෙමි,0.0,0.0,0,0,short,2.475,2.091,0,0.0,0.0914,0.004429,7.175,2,0
S062,65,S062_065.wav,S062_065_mel.npy,ඇදුරුතුමා බෙහෙවින් සතුටට පත් විය,ඇඳුළුතුමා බෙහෙවිම්සතුටට පත්විය,1.0,0.1071,1,2,short,3.179,2.827,1,0.288,0.0949,0.00617,9.906,2,0
S062,66,S062_066.wav,S062_066_mel.npy,ඔබට පේන්නේ කුමක්දැයි මම ඇසුවෙමි,ඔබට පෙනෙන් ඒ කුමක් දැයි මම ඇසුවෙමි.,0.8,0.1481,1,2,short,3.072,2.88,0,0.0,0.0976,0.002915,9.375,2,0
S062,67,S062_067.wav,S062_067_mel.npy,මෙතැන තමයි හොඳම තැන,මෙතැන තමයි හොඳම තැන,0.0,0.0,0,0,short,2.304,1.984,1,0.192,0.0896,0.003526,8.065,2,0
S062,68,S062_068.wav,S062_068_mel.npy,ඇය කාචය සකස් කර නැවත බැලූවාය,එය කාචේ සාකස් කරනවත බැලුවක්,1.0,0.3043,1,2,long,3.52,2.688,0,0.0,0.1137,0.003509,8.557,2,1
