child_id,annotation_id,spacing_std,baseline_std,local_baseline_drift,avg_slant,avg_size_variation,curve_smoothness,loop_roundness,stroke_continuity,stroke_thickness_consistency,density_distribution,character_shape_consistency,character_proportion_variation,upper_lower_balance,character_spacing_variation,word_spacing_variation,contrast_score,blur_score,ink_density,text_visibility_score,word_detection_ratio,spacing_score,alignment_score,slant_score,size_score,curve_score,loop_score,continuity_score,thickness_score,density_score,shape_score,proportion_score,balance_score,character_spacing_score,contrast_quality_score,blur_quality_score,ink_density_score,text_visibility_quality_score,word_detection_score,overall_score,label,teacher_spacing_rating,teacher_alignment_rating,teacher_size_rating,teacher_slant_rating,teacher_curve_rating,teacher_loop_rating,teacher_stroke_continuity_rating,teacher_shape_rating,teacher_proportion_rating,teacher_structural_balance_rating,teacher_character_spacing_rating,teacher_stroke_thickness_rating,teacher_density_rating,teacher_legibility_rating,teacher_overall_rating,teacher_overall_label,teacher_vs_system_score_difference
1,SIN-ANN-0001,0.441601,0.365797,57.797828,5.23204,1.260287,0.163117,0.406423,0.59799,0.649231,708.454897,0.623292,0.42269,0.500256,0.440647,0.411167,17.636616,354.977781,20.749477,190.258975,18.752811,3,2,5,1,1,2,3,2,1,3,2,2,2,1,5,5,5,5,2.7,Average,3,3,3,4,2,4,3,3,3,2,3,3,3,2,3.13,Average,0.43
2,SIN-ANN-0002,0.744884,0.529016,84.906789,13.700147,1.196327,0.137097,0.263982,0.442574,0.754576,787.924439,0.385309,0.364258,0.278184,0.488094,0.751207,39.757814,30,4.452663,171.082278,11.655157,1,1,4,1,1,1,2,1,1,1,3,1,2,3,1,5,5,5,2.02,Below Average,1,2,2,1,3,2,3,2,2,1,2,2,2,2,1.77,Below Average,-0.25
3,SIN-ANN-0003,0.580557,0.271866,76.490175,10.732798,0.911644,0.122156,0.28145,0.721844,0.710476,662.61192,0.736118,0.30027,0.923654,0.337529,0.549419,13.686345,36.15111,7.871703,13.755342,2.867616,2,3,5,1,1,1,4,1,1,4,3,5,3,1,1,5,1,4,2.59,Below Average,2,4,3,3,3,3,4,4,4,5,4,2,5,3,3.5,Good,0.91
4,SIN-ANN-0004,0.118706,0.344278,36.3026,12.748254,0.11401,0.062785,0.592022,0.801149,0.434837,641.59323,0.931854,0.107578,0.802847,0.32089,0.139925,11.203384,200.467747,22.596166,117.3719,6.203256,5,2,4,5,3,3,4,3,1,5,5,4,3,1,5,5,5,5,3.79,Good,5,4,5,5,5,5,5,5,5,5,4,4,4,5,4.8,Very Good,1.01
5,SIN-ANN-0005,0.597825,0.54101,65.833938,9.424287,1.11026,0.120284,0.225475,0.528411,0.496825,1023.293128,0.697518,0.583196,0.466465,0.228189,0.552563,32.572244,608.981522,24.752443,118.04187,23.108301,2,1,5,1,1,1,2,3,1,3,1,2,4,2,5,5,5,5,2.57,Below Average,2,3,3,3,3,2,3,3,2,3,4,3,3,2,2.8,Average,0.23
6,SIN-ANN-0006,0.582087,0.476194,99.107673,15.698365,1.429529,0.106242,0.418529,0.582816,0.524847,626.031346,0.348692,0.512428,0.799861,0.464926,0.603861,22.138065,354.321038,34.680228,85.159633,8.187684,2,1,4,1,1,2,3,2,1,1,2,4,2,1,5,5,5,5,2.44,Below Average,2,3,2,1,3,3,3,2,2,4,4,4,3,3,2.51,Average,0.07
7,SIN-ANN-0007,0.130916,0.095667,46.235341,5.21287,0.362699,0.109204,0.570422,0.98,0.497228,394.37297,0.92965,0.127441,0.959086,0.216646,0.150348,35.469467,54.068624,26.369698,84.610095,18.208589,5,5,5,3,1,3,5,3,2,5,5,5,4,3,2,5,4,5,3.98,Good,5,5,5,4,4,5,5,5,5,5,5,4,5,5,4.62,Very Good,0.64
8,SIN-ANN-0008,0.435993,0.282311,61.694551,3.220381,1.263529,0.179767,0.259334,0.640689,0.648023,799.675661,0.477888,0.527627,0.419611,0.340162,0.506982,25.457012,494.817906,38.555929,131.897974,0.2,3,3,5,1,1,1,3,2,1,2,1,2,3,2,5,5,5,1,2.57,Below Average,2,3,3,3,2,2,3,2,2,1,3,3,3,2,2.49,Below Average,-0.08
9,SIN-ANN-0009,0.431313,0.186058,71.973556,12.727173,1.14911,0.113415,0.436829,0.537263,0.541678,746.188148,0.90869,0.434163,0.695614,0.359088,0.474925,23.438416,261.653164,13.058856,101.024867,24.399805,3,3,4,1,1,2,2,2,1,5,2,3,3,1,5,5,5,5,2.85,Average,3,4,3,3,4,3,3,4,3,4,3,3,4,3,3.49,Average,0.64
10,SIN-ANN-0010,0.781155,0.633988,72.537113,13.007881,1.161674,0.159539,0.188036,0.403665,0.638355,838.928058,0.519865,0.584059,0.262313,0.689601,0.794715,27.870089,278.146241,2,79.044108,20.33713,1,1,4,1,1,1,2,2,1,2,1,1,1,2,5,3,4,5,1.97,Below Average,2,2,2,2,1,2,2,3,3,1,1,2,2,2,1.98,Below Average,0.01
11,SIN-ANN-0011,0.59411,0.286223,81.580432,11.456763,0.602345,0.111861,0.356549,0.762785,0.150052,501.478741,0.899923,0.309347,0.74408,0.286551,0.583584,27.447297,150.503194,21.916132,92.127323,5.659409,2,3,5,2,1,2,4,5,1,5,3,4,3,2,4,5,5,5,3.29,Average,3,4,4,4,3,3,5,5,4,4,4,5,3,4,3.78,Good,0.49
12,SIN-ANN-0012,0.523853,0.508116,71.692655,9.811271,1.281338,0.136349,0.411364,0.419502,0.605833,586.667283,0.558756,0.546405,0.891122,0.334228,0.53104,28.153197,712.398185,17.97509,49.119754,11.972402,2,1,5,1,1,2,2,2,1,3,1,5,3,2,5,5,2,5,2.55,Below Average,2,3,3,4,3,2,2,3,2,5,4,3,3,3,3.27,Average,0.72
13,SIN-ANN-0013,0.382264,0.629698,102.192907,11.476154,1.23253,0.153794,0.225013,0.344617,0.989409,1214.955506,0.297773,0.710432,0.360505,0.795446,0.458324,17.776039,345.849789,21.119736,72.225552,23.002221,3,1,5,1,1,1,1,1,1,1,1,1,1,1,5,5,4,5,2.13,Below Average,3,1,2,1,1,2,1,1,1,1,1,1,1,1,1.14,Poor,-0.99
14,SIN-ANN-0014,0.5058,0.775797,96.814755,7.787846,0.756417,0.187183,0.2188,0.429937,0.732255,1404.345245,0.353871,0.467591,0.653833,0.602808,0.508061,30.586859,94.233528,8.654211,68.294484,23.388902,2,1,5,1,1,1,2,1,1,1,2,3,1,2,3,5,4,5,2.2,Below Average,2,1,3,2,1,2,2,1,2,3,2,2,1,1,1.62,Below Average,-0.58
15,SIN-ANN-0015,0.458634,0.401333,120.780834,7.961545,1.109001,0.134927,0.474632,0.674164,0.445331,677.250987,0.681764,0.318222,0.597769,0.349148,0.489559,17.303705,308.502968,41.860865,175.849655,0.2,3,2,5,1,1,3,3,3,1,3,3,3,3,1,5,5,5,1,2.79,Average,3,4,4,4,3,4,4,4,5,4,3,4,4,4,4.01,Good,1.22
16,SIN-ANN-0016,0.077419,0.546447,76.490669,5.62602,0.694224,0.092886,0.295046,0.807858,0.442936,449.525405,0.723173,0.281353,0.709568,0.269251,0.11002,28.42806,562.106401,13.467031,82.120515,19.23592,5,1,5,1,2,1,4,3,2,4,3,4,3,2,5,5,4,5,3.19,Average,5,3,4,5,4,4,5,4,4,3,4,4,4,4,3.98,Good,0.79
17,SIN-ANN-0017,0.18401,0.138755,47.971653,7.330073,0.383939,0.118734,0.381654,0.597878,0.417775,465.534451,0.805766,0.372265,0.907688,0.264069,0.131728,30.447214,531.363549,36.035822,70.902122,6.968628,5,4,5,3,1,2,3,3,2,4,3,5,3,2,5,5,4,5,3.63,Good,5,5,4,4,4,3,3,5,4,5,4,4,4,4,4.06,Good,0.43
18,SIN-ANN-0018,0.253716,0.422984,62.401391,15.576415,1.421565,0.115025,0.27794,0.602995,0.583234,1191.117666,0.816317,0.406469,0.415196,0.279982,0.263366,32.57055,30,16.879753,64.229501,15.467678,4,2,4,1,1,1,3,2,1,4,2,2,3,2,1,5,3,5,2.55,Below Average,4,3,1,1,3,2,3,4,3,2,5,3,2,3,3.07,Average,0.52
19,SIN-ANN-0019,0.215706,0.487803,37.179158,8.73913,0.62877,0.112329,0.379569,0.713402,0.723536,70.330484,0.817948,0.27794,0.907967,0.404322,0.269647,38.099801,584.448996,2,108.354917,18.312151,4,1,5,2,1,2,4,1,5,4,3,5,2,3,5,3,5,5,3.24,Average,5,3,5,4,4,3,5,3,4,5,4,3,5,3,3.74,Good,0.5
20,SIN-ANN-0020,0.688224,0.528544,63.677607,3.722452,1.228727,0.116809,0.260684,0.621193,0.512787,448.153288,0.757101,0.46552,0.379691,0.463185,0.69586,15.125051,645.100425,2,128.911131,27.230224,2,1,5,1,1,1,3,2,2,4,2,1,2,1,5,3,5,5,2.45,Below Average,1,2,2,4,3,2,3,3,3,2,4,4,3,2,2.88,Average,0.43
21,SIN-ANN-0021,0.056127,0.233941,82.329662,9.216876,0.528208,0.112245,0.358691,0.569763,0.496287,613.236743,0.674971,0.31521,0.652364,0.255425,0.02,29.553847,169.656806,22.010568,138.629131,28.203596,5,3,5,2,1,2,3,3,1,3,3,3,3,2,4,5,5,5,3.25,Average,5,5,5,3,4,3,3,4,4,3,5,3,4,3,4.07,Good,0.82
22,SIN-ANN-0022,0.759463,0.74123,104.553347,17.772978,1.694787,0.184397,0.104293,0.297456,0.74729,1274.557639,0.340028,0.610446,0.440246,0.604107,0.780221,35.433215,552.166424,25.076363,91.528266,9.906295,1,1,4,1,1,1,1,1,1,1,1,2,1,3,5,5,5,5,2.03,Below Average,1,1,1,1,1,1,1,1,1,1,2,1,1,2,1,Poor,-1.03
23,SIN-ANN-0023,0.621733,0.504211,78.276273,7.629041,0.459358,0.161402,0.401282,0.482965,0.587295,448.749467,0.479265,0.41615,0.787579,0.243792,0.55334,32.592088,761.384706,9.693183,55.469934,40.223754,2,1,5,2,1,2,2,2,2,2,2,4,4,2,5,5,3,5,2.73,Average,3,3,4,4,2,3,3,3,3,4,4,3,4,3,3.24,Average,0.51
24,SIN-ANN-0024,0.282133,0.306048,3.346952,1.41574,0.350656,0.077608,0.31741,0.827965,0.584131,458.160147,0.794417,0.281446,0.916948,0.03,0.289418,17.524471,127.270745,27.13842,104.445142,19.57627,4,2,5,3,2,2,4,2,2,4,3,5,5,1,3,5,5,5,3.43,Average,5,5,5,4,5,4,5,4,5,5,5,4,5,4,5,Very Good,1.57
25,SIN-ANN-0025,0.23852,0.549961,91.581182,6.306185,0.960675,0.168393,0.383721,0.493459,0.630339,817.699403,0.613898,0.512878,0.490496,0.508565,0.282743,23.045494,795.461243,24.551717,58.361119,44.486417,4,1,5,1,1,2,2,2,1,3,2,2,2,1,5,5,3,5,2.57,Below Average,4,2,3,3,3,3,3,3,2,2,2,3,2,3,2.93,Average,0.36
26,SIN-ANN-0026,0.755276,0.531485,115.183855,12.934518,0.99718,0.157071,0.205818,0.337216,0.723069,1307.48067,0.618844,0.613191,0.443486,0.425356,0.727313,31.828816,298.217019,25.068327,90.58502,47.570618,1,1,4,1,1,1,1,1,1,3,1,2,2,2,5,5,5,5,2.14,Below Average,2,2,2,2,2,2,1,3,2,2,3,2,1,2,2.25,Below Average,0.11
27,SIN-ANN-0027,0.637477,0.513558,117.745111,8.402914,1.292057,0.095655,0.408145,0.336499,0.337009,400.257209,0.510195,0.492262,0.507999,0.370279,0.657148,14.433077,30,15.076136,154.472654,11.795529,2,1,5,1,2,2,1,4,2,2,2,2,3,1,1,5,5,5,2.47,Below Average,3,2,2,3,4,4,2,3,3,3,3,4,3,2,2.86,Average,0.39
28,SIN-ANN-0028,0.086201,0.078056,1.556624,4.749685,0.507138,0.082547,0.447464,0.852143,0.405583,314.031718,0.673993,0.323106,0.902944,0.181361,0.084414,28.88897,715.738546,8.049637,64.680887,26.306658,5,5,5,2,2,2,5,3,3,3,3,5,4,2,5,5,3,5,3.79,Good,5,5,5,5,5,4,5,4,5,5,4,5,4,5,4.53,Very Good,0.74
29,SIN-ANN-0029,0.314633,0.539067,80.855593,5.688017,0.94084,0.130077,0.425177,0.494584,0.323071,286.737259,0.834173,0.222871,0.641371,0.376646,0.313354,32.452992,474.390398,40.050243,132.639402,30.261368,4,1,5,1,1,2,2,4,3,4,4,3,3,2,5,5,5,5,3.14,Average,4,3,4,4,4,4,3,4,5,3,3,4,4,4,3.87,Good,0.73
30,SIN-ANN-0030,0.656363,0.390311,80.639017,11.178783,0.985317,0.074514,0.355106,0.808243,0.146005,771.49984,0.977146,0.114944,0.826398,0.190578,0.593774,17.718352,76.954613,20.985292,119.576333,24.350167,2,2,5,1,2,2,4,5,1,5,5,4,4,1,2,5,5,5,3.2,Average,3,4,4,4,5,4,5,5,5,4,5,5,5,5,4.5,Very Good,1.3
31,SIN-ANN-0031,0.272591,0.317394,42.602523,9.175182,0.682022,0.08618,0.493135,0.720026,0.657854,240.517071,0.891366,0.351688,0.913107,0.184249,0.226571,9.497183,3.609436,8.414663,30.502724,0,4,2,5,1,2,3,4,2,3,5,3,5,4,1,1,5,1,1,2.96,Average,5,4,5,5,5,5,5,5,5,5,5,4,5,5,4.88,Very Good,1.92
32,SIN-ANN-0032,0.809241,0.771091,121.007407,13.870875,1.230456,0.17837,0.107223,0.489432,0.746276,1272.968454,0.250319,0.591981,0.228819,0.807293,0.916176,25.831889,405.196811,2,168.373191,23.657577,1,1,4,1,1,1,2,1,1,1,1,1,1,2,5,3,5,5,1.91,Below Average,1,1,1,1,1,1,1,1,1,1,1,1,2,1,1,Poor,-0.91
33,SIN-ANN-0033,0.808294,0.710309,71.268427,13.43298,0.908909,0.190653,0.33761,0.355192,0.842988,515.617612,0.441031,0.558172,0.14435,0.50998,0.816485,20.964634,357.523915,39.159277,94.374276,40.101063,1,1,4,1,1,2,1,1,1,2,1,1,2,1,5,5,5,5,2.05,Below Average,1,1,2,2,1,2,1,2,2,1,2,1,3,1,1.5,Below Average,-0.55
34,SIN-ANN-0034,0.557792,0.052712,71.016439,10.568647,0.579623,0.135739,0.360117,0.736996,0.433335,418.946807,0.850076,0.07794,0.716494,0.28247,0.505051,22.28022,382.550083,33.845825,91.390947,29.393985,2,5,5,2,1,2,4,3,2,5,5,4,3,1,5,5,5,5,3.51,Good,3,5,3,4,3,4,4,4,5,4,5,4,4,4,4.32,Good,0.81
35,SIN-ANN-0035,0.034346,0.185704,82.655011,7.40257,0.476835,0.080846,0.447073,0.642648,0.411939,437.506047,0.711426,0.434377,0.634756,0.238039,0.031484,25.121565,431.91337,18.693717,118.534161,47.746984,5,3,5,2,2,2,3,3,2,4,2,3,4,2,5,5,5,5,3.44,Average,5,5,4,4,5,4,3,4,3,4,4,4,5,3,4.46,Good,1.02
36,SIN-ANN-0036,0.472068,0.427414,72.357092,11.553739,0.626518,0.133511,0.450004,0.53832,0.438929,413.830955,0.3052,0.270971,0.450117,0.260723,0.490163,27.607735,89.982374,18.511313,72.026185,16.149942,3,2,5,2,1,3,2,3,2,1,3,2,3,2,2,5,4,5,2.77,Average,3,3,3,4,2,3,3,1,4,2,5,4,3,5,2.8,Average,0.03
37,SIN-ANN-0037,0.743979,0.310089,66.445269,11.894707,1.236566,0.146187,0.227949,0.42711,0.835807,1672.10112,0.388531,0.469192,0.562701,0.636,0.764022,23.156425,249.227221,12.987137,51.222744,16.654697,1,2,5,1,1,1,2,1,1,1,2,3,1,1,5,5,3,5,2.2,Below Average,1,3,2,1,2,2,1,2,1,2,2,1,1,1,1.66,Below Average,-0.54
38,SIN-ANN-0038,0.506454,0.654603,43.068021,14.654803,0.543676,0.164054,0.344419,0.519085,0.658667,497.802789,0.444826,0.418355,0.664569,0.373856,0.505712,31.206635,121.035597,31.527958,82.100883,6.005151,2,1,4,2,1,2,2,2,2,2,2,3,3,2,3,5,4,5,2.5,Below Average,3,2,3,2,3,3,3,2,3,3,3,3,2,2,2.61,Average,0.11
39,SIN-ANN-0039,0.055242,0.30766,79.048555,8.425759,0.571928,0.126502,0.277405,0.612259,0.677343,1230.179652,0.775825,0.295459,0.637547,0.25993,0.083627,24.468407,505.014645,22.596198,20,7.912655,5,2,5,2,1,1,3,2,1,4,3,3,3,1,5,5,1,5,2.96,Average,5,4,4,3,5,2,4,4,5,4,4,3,3,4,3.73,Good,0.77
40,SIN-ANN-0040,0.540453,0.568651,150.891371,14.373816,1.842604,0.129978,0.167461,0.279465,0.821437,720.240548,0.431669,0.50576,0.465414,0.531838,0.586635,26.331395,393.599662,16.6842,42.806424,2.230024,2,1,4,1,1,1,1,1,1,2,2,2,2,2,5,5,2,3,2.03,Below Average,3,2,1,2,3,1,1,1,2,2,2,2,1,1,1.58,Below Average,-0.45
41,SIN-ANN-0041,0.592567,0.711105,116.352781,18.20133,0.946448,0.214362,0.053808,0.438308,0.825787,1306.045443,0.282553,0.618348,0.310177,0.884059,0.587218,23.241818,232.103207,6.35417,150.68209,38.703431,2,1,4,1,1,1,2,1,1,1,1,1,1,1,5,5,5,5,2.04,Below Average,1,1,2,1,1,1,1,1,1,1,1,1,1,2,1.01,Poor,-1.03
42,SIN-ANN-0042,0.622825,0.539238,76.957856,16.272966,0.793004,0.147799,0.216355,0.490921,0.600942,901.871294,0.442611,0.593015,0.472599,0.459547,0.60499,40.358041,396.167872,16.855272,68.976419,12.56055,2,1,4,1,1,1,2,2,1,2,1,2,2,3,5,5,4,5,2.28,Below Average,3,3,3,2,2,2,2,2,2,2,2,3,3,2,2.49,Below Average,0.21
43,SIN-ANN-0043,0.009132,0.26501,68.627802,7.322999,0.781248,0.085316,0.44644,0.760932,0.299609,25,0.8218,0.289233,0.886642,0.302594,0.036381,22.428664,30,35.405313,51.867026,25.395085,5,3,5,1,2,2,4,4,5,4,3,5,3,1,1,5,3,5,3.43,Average,5,4,5,4,5,5,4,4,5,5,5,5,5,4,4.5,Very Good,1.07
44,SIN-ANN-0044,0.373754,0.512291,60.431501,11.03754,1.230327,0.11304,0.460639,0.528008,0.45552,567.926529,0.888014,0.370903,0.365015,0.363136,0.359123,28.695257,688.22218,20.605593,20,18.743191,3,1,5,1,1,3,2,3,1,5,3,1,3,2,5,5,1,5,2.7,Average,4,4,4,4,4,5,3,5,5,3,3,4,4,4,3.51,Good,0.81
45,SIN-ANN-0045,0.694139,0.794932,99.652792,9.909377,1.252525,0.152639,0.135049,0.447487,0.591575,1409.604505,0.360041,0.631869,0.293701,0.576169,0.726499,20.552201,191.533487,10.757296,140.374036,6.343669,2,1,5,1,1,1,2,2,1,1,1,1,1,1,5,5,5,5,2.18,Below Average,1,1,1,2,1,1,2,1,1,1,2,2,1,1,1.15,Poor,-1.03
46,SIN-ANN-0046,0.720948,0.945904,180.328943,15.970725,1.15873,0.134467,0.131848,0.304843,0.604726,1428.293626,0.287029,0.50329,0.441895,0.523705,0.683017,23.71915,55.056603,8.316583,71.839242,0.2,1,1,4,1,1,1,1,2,1,1,2,2,2,1,2,5,4,1,1.78,Poor,2,1,3,1,2,1,1,1,2,2,2,3,2,3,1.75,Below Average,-0.03
47,SIN-ANN-0047,0.967261,0.712901,122.678122,7.993613,0.751785,0.161168,0.212073,0.210536,0.623063,923.72346,0.419605,0.674267,0.402412,0.697219,0.930979,11.279547,30,30.0747,86.881332,10.73242,1,1,5,1,1,1,1,2,1,2,1,2,1,1,1,5,5,5,1.98,Below Average,1,2,3,2,1,1,1,2,1,1,1,2,2,3,1.87,Below Average,-0.11
48,SIN-ANN-0048,0.799234,0.539475,70.68747,15.685882,0.819776,0.195685,0.338584,0.248032,0.664973,1210.926763,0.606146,0.702789,0.341178,0.644083,0.794399,31.908904,157.265176,31.6114,101.534022,6.712189,1,1,4,1,1,2,1,2,1,3,1,1,1,2,4,5,5,5,2.1,Below Average,1,3,3,2,1,3,1,3,1,2,1,2,2,2,1.94,Below Average,-0.16
49,SIN-ANN-0049,0.500985,0.541646,59.873128,7.783493,0.927649,0.137027,0.271096,0.520787,0.526552,311.570816,0.817985,0.514889,0.445434,0.469213,0.460025,25.433481,507.63292,13.116429,34.909681,16.149503,2,1,5,1,1,1,2,2,3,4,2,2,2,2,5,5,1,5,2.46,Below Average,3,2,4,3,3,2,3,4,3,2,3,3,4,3,2.9,Average,0.44
50,SIN-ANN-0050,0.3527,0.563518,105.556447,7.564353,0.96444,0.126366,0.308345,0.518125,0.690814,1179.511445,0.403097,0.574683,0.504884,0.554026,0.414368,33.675161,564.610576,21.348733,90.256848,28.621786,3,1,5,1,1,2,2,2,1,2,1,2,1,2,5,5,5,5,2.46,Below Average,4,1,2,3,3,2,3,2,2,3,2,2,1,1,2.11,Below Average,-0.35
51,SIN-ANN-0051,0.480404,0.79231,108.504198,8.928972,1.298803,0.154362,0.30642,0.321286,0.783709,546.40922,0.448313,0.765609,0.449277,0.581034,0.47837,22.789046,30,16.798588,104.660394,0.2,3,1,5,1,1,2,1,1,1,2,1,2,1,1,1,5,5,1,2,Below Average,3,2,2,2,2,2,1,2,1,1,2,2,2,3,2.35,Below Average,0.35
52,SIN-ANN-0052,0.046936,0.014366,40.697848,4.530183,0.306078,0.080404,0.531812,0.76194,0.381665,225.967861,0.861574,0.22687,0.854628,0.253746,0.076462,19.265781,717.985897,19.504194,164.076514,28.133103,5,5,5,3,2,3,4,3,3,5,4,5,3,1,5,5,5,5,4.01,Good,5,5,5,5,5,5,5,5,5,5,5,5,5,5,5,Very Good,0.99
53,SIN-ANN-0053,0.703644,0.740968,136.664542,14.478095,1.423513,0.171983,0.360988,0.332788,0.705084,896.548921,0.512796,0.554397,0.421059,0.638341,0.675063,17.861635,196.552667,23.079805,92.830973,1.36169,1,1,4,1,1,2,1,1,1,2,1,2,1,1,5,5,5,2,1.93,Below Average,1,2,2,2,2,2,1,2,3,2,2,1,3,2,2.22,Below Average,0.29
54,SIN-ANN-0054,0.6723,0.501621,130.144139,14.721898,1.515241,0.148836,0.342411,0.490954,0.847255,1289.227302,0.395295,0.582921,0.514739,0.81617,0.691834,26.061585,171.747259,7.88276,64.686145,48.53958,2,1,4,1,1,2,2,1,1,1,1,2,1,2,4,5,3,5,2.06,Below Average,1,2,2,3,2,3,2,2,2,2,1,2,2,2,2.11,Below Average,0.05
55,SIN-ANN-0055,0.303937,0.428797,79.477134,5.158599,0.717863,0.140312,0.305794,0.506856,0.74839,1030.033819,0.625377,0.402761,0.558795,0.484516,0.309731,35.290613,329.632504,9.19526,81.599337,16.414262,4,2,5,1,1,2,2,1,1,3,2,3,2,3,5,5,4,5,2.78,Average,3,3,3,4,3,3,3,3,3,3,2,2,3,2,2.99,Average,0.21
56,SIN-ANN-0056,0.403824,0.585902,128.924552,11.856534,1.454781,0.160348,0.221557,0.344639,0.842402,879.157237,0.252698,0.531782,0.602542,0.474482,0.38717,17.642726,758.102034,2,125.135884,6.650205,3,1,5,1,1,1,1,1,1,1,1,3,2,1,5,3,5,5,2.24,Below Average,2,2,2,1,3,2,2,1,3,2,2,2,2,2,1.82,Below Average,-0.42
57,SIN-ANN-0057,0.493718,0.737202,108.008784,22.15012,1.369215,0.159465,0.201137,0.328899,0.74951,1268.761234,0.4115,0.689066,0.250712,0.765754,0.525407,18.863015,214.289335,38.843166,98.90762,28.614783,3,1,3,1,1,1,1,1,1,2,1,1,1,1,5,5,5,5,2.04,Below Average,2,1,2,1,2,1,2,1,1,1,1,1,1,1,1.3,Poor,-0.74
58,SIN-ANN-0058,0.294392,0.83363,129.927391,15.296714,0.887277,0.147611,0.310682,0.585841,0.8087,1195.561196,0.32599,0.396946,0.45826,0.590848,0.313397,33.688569,37.701706,23.753041,83.830617,0.2,4,1,4,1,1,2,3,1,1,1,2,2,1,2,1,5,4,1,2.1,Below Average,3,1,3,2,3,3,3,1,3,2,1,2,2,1,2.29,Below Average,0.19
59,SIN-ANN-0059,0.549374,0.717672,85.075662,16.622727,1.324538,0.146366,0.130799,0.29968,0.666954,1067.713693,0.299003,0.688671,0.357423,0.641204,0.557344,19.462636,370.848737,13.931883,108.883334,30.885649,2,1,4,1,1,1,1,2,1,1,1,1,1,1,5,5,5,5,2.04,Below Average,2,1,1,2,2,1,1,1,1,1,1,2,1,1,1.49,Poor,-0.55
60,SIN-ANN-0060,0.834263,0.695449,196.27251,17.34244,1.208373,0.1823,0.186653,0.374975,0.721414,1175.157174,0.410773,0.657489,0.419927,0.664119,0.851808,15.487628,20.441708,8.60677,61.197872,2.271836,1,1,4,1,1,1,1,1,1,2,1,2,1,1,1,5,3,3,1.68,Poor,1,1,1,1,1,1,1,1,1,2,1,2,1,1,1.49,Poor,-0.19
61,SIN-ANN-0061,0.819201,0.62384,96.361628,12.371746,1.683598,0.118951,0.085071,0.487878,0.762249,1288.399766,0.348512,0.551358,0.279123,0.62569,0.888819,25.579856,271.03049,2,121.631434,1.009753,1,1,4,1,1,1,2,1,1,1,1,1,1,2,5,3,5,2,1.79,Poor,1,2,1,3,3,1,3,1,2,1,1,2,2,1,1.8,Below Average,0.01
62,SIN-ANN-0062,0.192234,0.292717,69.148582,8.075343,1.203198,0.127283,0.188619,0.419172,0.596976,564.821643,0.382622,0.480087,0.524855,0.450908,0.098424,25.438808,115.033074,32.083396,163.145318,9.027811,5,3,5,1,1,1,2,2,1,1,2,2,2,2,3,5,5,5,2.72,Average,4,4,3,4,4,2,2,2,2,3,3,3,4,4,3.14,Average,0.42
63,SIN-ANN-0063,0.617384,0.705824,93.850735,10.410857,1.19084,0.141515,0.200439,0.407219,0.676729,1182.195419,0.53046,0.638486,0.466034,0.298098,0.617235,17.361754,21.654332,8.849244,45.829507,0,2,1,5,1,1,1,2,2,1,2,1,2,3,1,1,5,2,1,1.94,Below Average,2,2,2,3,3,1,2,2,2,2,5,2,3,2,2.15,Below Average,0.21
64,SIN-ANN-0064,0.805752,0.746434,53.673565,16.612115,1.353411,0.168044,0.242285,0.322846,0.848053,1094.177817,0.483782,0.6439,0.386851,0.609147,0.814959,21.30963,366.631222,25.705852,86.634748,26.709873,1,1,4,1,1,1,1,1,1,2,1,1,1,1,5,5,5,5,1.95,Below Average,1,1,2,1,1,1,1,1,1,1,1,1,1,2,1.32,Poor,-0.63
65,SIN-ANN-0065,0.06286,0.056015,67.952571,10.30596,0.623538,0.083503,0.569608,0.788164,0.35027,25,0.767852,0.117356,0.634078,0.284348,0.033647,24.502982,691.101418,35.109915,92.567609,11.706216,5,5,5,2,2,3,4,3,5,4,5,3,3,1,5,5,5,5,3.93,Good,5,5,5,4,5,5,4,5,5,4,5,5,5,5,4.81,Very Good,0.88
66,SIN-ANN-0066,0.750377,0.674292,18.541308,14.799294,0.896953,0.230393,0.253158,0.312618,0.803593,736.630257,0.333466,0.651764,0.335499,0.506836,0.723134,18.371012,449.407816,12.026255,20,38.517538,1,1,4,1,1,1,1,1,1,1,1,1,2,1,5,5,1,5,1.79,Poor,1,2,2,1,1,2,1,1,1,1,1,1,2,2,1.08,Poor,-0.71
67,SIN-ANN-0067,0.708326,0.529015,140.109239,22.977092,1.664328,0.153548,0.294511,0.472443,0.804087,843.10986,0.560608,0.702583,0.345194,0.640011,0.655395,22.116736,272.883336,14.961324,54.788683,26.537587,1,1,3,1,1,1,2,1,1,3,1,1,1,1,5,5,3,5,1.89,Poor,2,1,1,1,2,2,2,2,1,1,2,2,2,1,1.49,Poor,-0.4
68,SIN-ANN-0068,0.746899,0.64778,195.915143,16.250447,1.724867,0.188647,0.261994,0.41419,0.872711,1461.854966,0.455861,0.771931,0.397829,0.783995,0.705864,21.916097,636.409027,18.280892,50.346317,34.552508,1,1,4,1,1,1,2,1,1,2,1,1,1,1,5,5,3,5,1.92,Below Average,1,1,1,1,1,2,1,2,1,1,1,1,1,1,1.3,Poor,-0.62
69,SIN-ANN-0069,0.494343,0.129695,98.972678,6.212253,0.540876,0.100281,0.456652,0.785686,0.518589,227.744517,0.965657,0.345913,0.554709,0.255486,0.53994,18.554006,66.375581,10.410878,31.980363,5.251282,3,4,5,2,1,3,4,2,3,5,3,3,3,1,2,5,1,5,3.14,Average,3,4,4,4,4,5,5,5,5,4,4,3,5,5,3.87,Good,0.73
70,SIN-ANN-0070,0.713699,0.806335,104.46643,12.587863,1.45879,0.180833,0.191972,0.270094,0.839646,1226.428888,0.494059,0.649823,0.240325,0.592237,0.726987,18.964934,254.880799,9.005849,109.923957,25.788306,1,1,4,1,1,1,1,1,1,2,1,1,1,1,5,5,5,5,1.95,Below Average,1,1,1,1,1,1,1,2,1,1,2,1,1,1,1.11,Poor,-0.84
71,SIN-ANN-0071,0.670695,0.367349,67.33356,13.375946,1.36294,0.148885,0.321238,0.561993,0.944999,825.156985,0.477666,0.514794,0.398612,0.669893,0.639117,17.015668,62.577878,13.396674,71.153644,4.288135,2,2,4,1,1,2,3,1,1,2,2,1,1,1,2,5,4,5,2.17,Below Average,2,3,2,2,2,2,3,2,3,2,1,1,3,2,2.12,Below Average,-0.05
72,SIN-ANN-0072,0.128452,0.330804,13.444822,9.663937,0.390497,0.137765,0.456167,0.313825,0.502074,600.70086,0.456341,0.7107,0.560045,0.511045,0.146887,30.69643,153.173477,15.711181,103.335284,30.086653,5,2,5,3,1,3,1,2,1,2,1,3,2,2,4,5,5,5,2.95,Average,4,5,4,4,3,4,2,2,1,3,3,2,3,4,3.49,Average,0.54
73,SIN-ANN-0073,0.098025,0.192011,0,12.060029,0,0.084355,0.6,0.81208,0.147467,762.738684,0.947652,0.125951,0.760753,0.255877,0.124634,24.101037,345.851432,37.791955,96.818832,5.502251,5,3,4,5,2,4,4,5,1,5,5,4,3,1,5,5,5,5,3.98,Good,5,5,5,4,5,5,5,5,5,4,5,5,4,4,4.68,Very Good,0.7
74,SIN-ANN-0074,0.354982,0.484342,41.321946,9.758935,0.471381,0.103567,0.344489,0.653283,0.590595,475.179576,0.977768,0.371492,0.705855,0.039959,0.392961,26.768557,324.269129,12.569284,112.454356,18.975082,3,1,5,2,1,2,3,2,2,5,3,4,5,2,5,5,5,5,3.19,Average,4,3,5,5,3,4,4,4,4,4,5,2,4,4,3.93,Good,0.74
75,SIN-ANN-0075,0.232297,0.548226,98.339153,4.645529,0.611375,0.091015,0.529266,0.672187,0.518479,770.854789,0.802887,0.253875,0.927179,0.457,0.176094,29.143233,171.531121,25.68079,74.327847,23.151894,4,1,5,2,2,3,3,2,1,4,3,5,2,2,4,5,4,5,3.1,Average,4,3,4,5,5,5,4,4,5,5,3,3,4,4,4.4,Good,1.3
76,SIN-ANN-0076,0.349626,0.430063,40.516828,11.066135,0.631343,0.098363,0.426626,0.602433,0.39544,848.439349,0.914633,0.246593,0.782772,0.144646,0.35817,30.468384,182.026677,10.758725,37.454439,29.843933,4,2,5,2,2,2,3,3,1,5,4,4,5,2,5,5,2,5,3.35,Average,3,4,4,3,5,4,3,5,4,4,5,4,4,4,3.97,Good,0.62
77,SIN-ANN-0077,0.581441,0.515275,77.666188,5.344631,0.814878,0.12523,0.253368,0.612843,0.676783,565.937828,0.533653,0.652659,0.605205,0.478736,0.612,18.527038,297.424908,10.009663,96.272176,0.2,2,1,5,1,1,1,3,2,1,2,1,3,2,1,5,5,5,1,2.27,Below Average,3,3,3,4,3,1,3,3,1,3,3,2,3,3,2.81,Average,0.54
78,SIN-ANN-0078,0.225587,0.253189,43.145024,0.764881,1.323209,0.080533,0.562092,0.585355,0.430495,692.754212,0.782724,0.261116,0.700675,0.124914,0.169352,19.402073,33.612263,9.420924,48.349446,1.604036,4,3,5,1,2,3,3,3,1,4,3,4,5,1,1,5,2,3,3.02,Average,5,5,3,5,5,5,3,4,4,5,5,4,4,3,4.3,Good,1.28
79,SIN-ANN-0079,0.878659,0.428449,123.733705,14.325897,1.549454,0.186357,0.255326,0.636196,0.632924,721.201406,0.66038,0.546731,0.790097,0.418586,0.850781,30.216994,113.050792,23.162571,124.800744,18.160891,1,2,4,1,1,1,3,2,1,3,1,4,2,2,3,5,5,5,2.4,Below Average,1,2,2,2,1,2,3,3,2,3,3,3,2,2,2.26,Below Average,-0.14
80,SIN-ANN-0080,0.318161,0.356417,55.349444,4.377857,0.482981,0.133829,0.533619,0.872849,0.533098,952.186735,0.862691,0.24975,0.862742,0.22691,0.306761,26.775244,332.405704,22.041012,126.301151,6.536118,4,2,5,2,1,3,5,2,1,5,4,5,4,2,5,5,5,5,3.52,Good,4,5,5,5,4,5,5,5,5,5,5,5,4,5,4.68,Very Good,1.16
81,SIN-ANN-0081,0.708697,0.56797,93.041435,13.654823,0.73084,0.203147,0.291226,0.426918,0.810761,1161.224015,0.589789,0.433117,0.300352,0.788325,0.671348,13.526004,202.528991,19.155921,86.476814,0.2,1,1,4,1,1,1,2,1,1,3,2,1,1,1,5,5,5,1,1.94,Below Average,1,2,3,2,1,3,1,2,3,1,1,2,1,2,1.6,Below Average,-0.34
82,SIN-ANN-0082,0.696143,0.416787,116.395647,17.429171,0.710809,0.139644,0.18778,0.332997,0.882422,931.452546,0.315731,0.527009,0.523627,0.781927,0.738321,27.413033,423.510282,14.445545,70.729458,29.389894,2,2,4,1,1,1,1,1,1,1,1,2,1,2,5,5,4,5,2.13,Below Average,2,2,3,2,2,1,1,1,2,2,1,2,2,2,1.9,Below Average,-0.23
83,SIN-ANN-0083,0.792815,0.461711,130.029468,17.864159,1.262334,0.132567,0.216883,0.387289,0.776125,561.608093,0.572737,0.78,0.17098,0.473291,0.80277,23.465183,930.054909,25.670597,110.170299,26.878876,1,1,4,1,1,1,1,1,1,3,1,1,2,1,5,5,5,5,2.05,Below Average,1,2,1,1,2,1,2,2,1,1,2,2,3,2,1.55,Below Average,-0.5
84,SIN-ANN-0084,0.319704,0.493085,0,6.360531,0.575629,0.102392,0.439567,0.645741,0.506487,94.387704,0.612293,0.369019,0.597086,0.335383,0.378164,18.071582,545.564413,6.394094,91.75756,40.420815,4,1,5,2,1,2,3,2,5,3,3,3,3,1,5,5,5,5,3.14,Average,4,4,5,4,4,4,3,3,3,3,4,3,5,4,3.66,Good,0.52
85,SIN-ANN-0085,0.757081,0.36806,59.211524,15.685716,1.16589,0.134425,0.490181,0.398216,0.828162,965.474,0.441965,0.56365,0.260525,0.681355,0.801301,12.511213,109.873129,34.64139,33.934173,22.583292,1,2,4,1,1,3,1,1,1,2,1,1,1,1,3,5,1,5,1.9,Below Average,1,2,2,2,3,3,2,2,2,1,2,2,2,2,2.22,Below Average,0.32
86,SIN-ANN-0086,0.667645,0.527225,59.3144,4.041557,1.470428,0.120047,0.361307,0.51856,0.432281,564.772009,0.645159,0.37969,0.30642,0.373401,0.6601,27.182464,336.718019,21.474161,96.607436,27.147986,2,1,5,1,1,2,2,3,1,3,3,1,3,2,5,5,5,5,2.62,Below Average,2,3,2,4,2,3,3,4,4,2,3,3,3,3,3,Average,0.38
87,SIN-ANN-0087,0.631524,0.894222,104.171608,13.507204,0.968135,0.163602,0.445036,0.552821,0.532952,871.565475,0.295079,0.676193,0.572729,0.915773,0.644315,26.411144,214.773545,32.511968,38.983467,23.262473,2,1,4,1,1,2,3,2,1,1,1,3,1,2,5,5,2,5,2.21,Below Average,2,1,3,1,2,4,3,1,2,2,1,2,3,2,1.83,Below Average,-0.38
88,SIN-ANN-0088,0.451018,0.563891,104.401154,21.412318,1.665151,0.143647,0.2413,0.384816,0.729172,680.973923,0.487747,0.51684,0.410055,0.64745,0.455575,28.962002,366.131315,16.735853,41.05214,17.321619,3,1,3,1,1,1,1,1,1,2,2,2,1,2,5,5,2,5,2.06,Below Average,3,2,1,1,2,2,2,2,2,1,3,2,3,1,2.07,Below Average,0.01
89,SIN-ANN-0089,0.189681,0.233824,26.508438,5.697254,0.27888,0.127832,0.528403,0.675568,0.292654,703.836073,0.85132,0.226775,0.844482,0.166551,0.138847,24.374906,560.629981,5.968964,80.691653,24.010244,5,3,5,4,1,3,3,4,1,5,4,4,4,1,5,5,4,5,3.74,Good,5,5,5,5,4,5,4,5,5,5,5,5,5,4,4.71,Very Good,0.97
90,SIN-ANN-0090,0.460744,0.260473,101.814979,1.907189,1.01276,0.148189,0.325312,0.484448,0.702726,798.863434,0.739065,0.561319,0.619976,0.448786,0.484056,20.152802,166.837774,11.453337,44.79765,17.136726,3,3,5,1,1,2,2,1,1,4,1,3,2,1,4,5,2,5,2.58,Below Average,4,3,3,4,2,3,3,4,3,3,2,3,4,3,3.26,Average,0.68
91,SIN-ANN-0091,0.742005,0.3818,60.947287,15.529011,1.320439,0.148012,0.257873,0.377223,0.498406,1166.578439,0.581935,0.498056,0.663812,0.336528,0.675732,15.773924,173.670325,49.852504,94.186911,18.355743,1,2,4,1,1,1,1,3,1,3,2,3,3,1,4,5,5,5,2.4,Below Average,2,3,3,3,3,3,2,3,3,3,3,4,2,4,2.73,Average,0.33
92,SIN-ANN-0092,0.610563,0.224926,23.879969,11.904206,0.869988,0.094886,0.379427,0.683099,0.704074,1116.136724,0.724802,0.18949,0.434917,0.500403,0.688435,29.73496,161.182992,4.709573,128.739105,6.928041,2,3,5,1,2,2,3,1,1,4,4,2,2,2,4,5,5,5,2.85,Average,3,4,3,3,4,3,4,3,5,3,4,2,2,2,3.34,Average,0.49
93,SIN-ANN-0093,0.222549,0.363132,87.577737,5.344144,0.162843,0.06657,0.495771,0.670939,0.261417,535.886054,0.894253,0.233469,0.822511,0.327263,0.249516,12.823178,615.558207,11.126921,107.059904,5.855404,4,2,5,4,3,3,3,4,1,5,4,4,3,1,5,5,5,5,3.65,Good,5,4,5,4,5,5,5,5,5,5,5,5,5,4,4.64,Very Good,0.99
94,SIN-ANN-0094,0.285644,0.394131,30.009354,8.243327,0.138071,0.128281,0.3726,0.71834,0.3426,1075.057624,0.892303,0.346421,0.827605,0.169188,0.335935,14.178004,85.2802,11.716679,125.536014,10.304162,4,2,5,5,1,2,4,4,1,5,3,4,4,1,2,5,5,5,3.52,Good,4,4,5,4,3,4,4,5,4,5,5,4,4,3,4.16,Good,0.64
95,SIN-ANN-0095,0.301459,0.513598,65.424859,10.751372,0.620434,0.158326,0.419274,0.624,0.406595,878.578157,0.42738,0.563951,0.470248,0.613118,0.364641,35.096701,30,16.43669,87.126987,0.2,4,1,5,2,1,2,3,3,1,2,1,2,1,3,1,5,5,1,2.45,Below Average,3,2,4,3,3,3,3,2,2,2,2,3,4,2,2.81,Average,0.36
96,SIN-ANN-0096,0.710814,0.569503,94.460885,11.980733,1.554864,0.171932,0.172546,0.366872,0.589758,835.959349,0.368091,0.600162,0.363201,0.417276,0.711408,21.638614,248.940188,35.571859,57.555127,29.420542,1,1,5,1,1,1,1,2,1,1,1,1,2,1,5,5,3,5,2.01,Below Average,1,3,1,2,2,2,2,1,3,2,3,2,2,2,2.37,Below Average,0.36
97,SIN-ANN-0097,0.33417,0.182652,0.078506,15.203187,0.81238,0.096751,0.345265,0.688468,0.561585,549.509289,0.690524,0.270739,0.729713,0.335094,0.392856,33.782091,126.182572,14.121119,113.62758,9.721053,4,3,4,1,2,2,3,2,1,3,3,4,3,2,3,5,5,5,3,Average,4,4,4,3,4,3,4,4,5,4,4,5,5,5,3.83,Good,0.83
98,SIN-ANN-0098,0.695032,0.285337,78.512141,9.055703,0.96822,0.166382,0.422349,0.516682,0.533652,998.333804,0.514597,0.492459,0.617659,0.649613,0.684969,16.325669,286.538621,9.001521,62.056014,32.54785,2,3,5,1,1,2,2,2,1,2,2,3,1,1,5,5,3,5,2.52,Below Average,2,4,3,2,2,4,2,2,3,4,2,3,2,3,2.82,Average,0.3
99,SIN-ANN-0099,0.421125,0.107142,56.833548,13.039523,0.798226,0.143248,0.38511,0.728804,0.572272,1561.190087,0.665388,0.490681,0.859063,0.703481,0.470031,26.077444,141.918395,20.573029,85.599897,5.089095,3,4,4,1,1,2,4,2,1,3,2,5,1,2,4,5,5,5,2.94,Average,3,4,4,3,2,3,4,3,2,4,1,2,2,3,2.93,Average,-0.01
100,SIN-ANN-0100,0.649423,0.493311,82.870517,12.528279,1.024468,0.151507,0.339539,0.389136,0.674707,1042.537476,0.361316,0.679526,0.600614,0.670351,0.716169,13.41444,131.473702,25.020718,79.894641,20.688594,2,1,4,1,1,2,1,2,1,1,1,3,1,1,4,5,4,5,2.11,Below Average,2,2,3,2,1,3,2,1,2,3,2,3,1,2,2.27,Below Average,0.16
101,SIN-ANN-0101,0.421491,0.619941,117.191129,10.127473,1.360778,0.141787,0.356786,0.560657,0.808715,580.398017,0.808545,0.539079,0.482536,0.312666,0.446489,23.953539,518.281273,6.88284,162.708624,2.454888,3,1,5,1,1,2,3,1,1,4,1,2,3,1,5,5,5,3,2.54,Below Average,4,2,3,3,3,3,3,4,2,2,4,1,4,3,2.89,Average,0.35
102,SIN-ANN-0102,0.823832,0.839257,92.816105,17.063932,1.690102,0.183125,0.185083,0.365606,0.829675,1443.333214,0.590853,0.679918,0.505171,0.477604,0.825468,25.766317,353.974405,23.415845,84.580868,33.320584,1,1,4,1,1,1,1,1,1,3,1,2,2,2,5,5,4,5,2.1,Below Average,1,1,1,1,2,1,1,2,1,2,1,1,1,1,1.07,Poor,-1.03
103,SIN-ANN-0103,0.462411,0.250887,70.144082,7.922027,1.09041,0.119293,0.392058,0.768647,0.501071,113.95347,0.751975,0.307864,0.821442,0.490821,0.465438,13.03278,27.256181,2.274638,34.288809,3.502125,3,3,5,1,1,2,4,2,4,4,3,4,2,1,1,3,1,4,2.75,Average,4,4,2,4,4,4,4,4,4,5,3,4,4,5,3.6,Good,0.85
104,SIN-ANN-0104,0.131548,0.247888,57.200899,8.593137,0.504445,0.105879,0.521499,0.863713,0.378795,25,0.791725,0.238695,0.877405,0.130286,0.19799,21.5757,161.161006,34.891243,105.705775,5.032654,5,3,5,2,1,3,5,3,5,4,4,5,5,1,4,5,5,5,3.86,Good,5,4,5,5,5,5,5,4,5,5,5,5,5,5,4.77,Very Good,0.91
105,SIN-ANN-0105,0.679827,0.549145,152.752066,13.53545,1.007037,0.146717,0.428031,0.369655,0.517405,865.691493,0.296758,0.439508,0.388778,0.788261,0.743371,27.691089,409.02872,6.35302,100.170187,19.207092,2,1,4,1,1,2,1,2,1,1,2,1,1,2,5,5,5,5,2.18,Below Average,1,1,1,1,2,3,1,1,2,1,2,2,2,2,1.5,Below Average,-0.68
106,SIN-ANN-0106,0.711222,0.498086,56.95688,13.375098,1.823835,0.133637,0.161038,0.341416,0.53197,1079.208149,0.574621,0.779436,0.352752,0.667445,0.773063,26.399107,211.176827,14.225342,177.658921,38.923784,1,1,4,1,1,1,1,2,1,3,1,1,1,2,5,5,5,5,2.09,Below Average,1,2,1,1,2,1,1,2,1,1,1,2,1,2,1.49,Poor,-0.6
107,SIN-ANN-0107,0.364065,0.342522,102.995327,11.57643,1.016048,0.153363,0.366164,0.560554,0.607758,898.904288,0.485277,0.522764,0.342393,0.496687,0.277729,17.393791,716.114496,4.678693,114.769558,18.295354,3,2,5,1,1,2,3,2,1,2,1,1,2,1,5,5,5,5,2.55,Below Average,3,4,2,3,2,3,2,2,3,2,3,3,3,3,2.84,Average,0.29
108,SIN-ANN-0108,0.351657,0.417882,46.171171,8.634283,0.690857,0.048167,0.424456,0.850954,0.231705,428.96782,0.884564,0.236739,0.812987,0.237977,0.359243,15.401035,204.389241,16.354752,64.318237,0.2,3,2,5,1,4,2,5,4,2,5,4,4,4,1,5,5,3,1,3.26,Average,4,4,4,4,5,4,5,5,5,5,5,5,5,5,4.5,Very Good,1.24
109,SIN-ANN-0109,0.395357,0.468537,15.684876,5.537371,0.847196,0.107787,0.409442,0.62811,0.654649,889.868077,0.412234,0.577642,0.696009,0.350238,0.39523,28.906715,30,9.299226,83.796734,26.944035,3,1,5,1,1,2,3,2,1,2,1,3,3,2,1,5,4,5,2.46,Below Average,3,3,3,3,4,4,4,2,2,4,3,2,3,3,2.67,Average,0.21
110,SIN-ANN-0110,0.15773,0.169678,9.092718,6.451902,0.270265,0.121442,0.474518,0.764137,0.332105,1019.661565,0.76111,0.366505,0.881033,0.201644,0.097471,19.413607,46.150178,10.170611,16.623593,0,5,4,5,4,1,3,4,4,1,4,3,5,4,1,1,5,1,1,3.39,Average,5,5,5,5,5,5,5,4,4,4,5,5,4,5,4.96,Very Good,1.57
111,SIN-ANN-0111,0.716533,0.846674,99.612365,15.983995,1.453075,0.127266,0.069341,0.357192,0.733692,1166.646557,0.368788,0.648361,0.308761,0.700089,0.667693,17.908109,652.568399,20.211705,61.656374,6.249763,1,1,4,1,1,1,1,1,1,1,1,1,1,1,5,5,3,5,1.82,Poor,2,1,1,2,2,1,1,1,1,1,1,2,1,1,1.23,Poor,-0.59
112,SIN-ANN-0112,0.500804,0.354385,68.597614,9.334966,0.474908,0.098587,0.289046,0.395287,0.349646,1017.571255,0.651826,0.248882,0.526644,0.642086,0.512664,20.095558,513.389567,43.845054,164.369963,35.03435,2,2,5,2,2,1,1,4,1,3,4,2,1,1,5,5,5,5,2.75,Average,3,3,4,3,3,3,2,3,4,3,2,4,3,3,3.04,Average,0.29
113,SIN-ANN-0113,0.675715,0.207591,31.529133,10.045826,0.85034,0.128187,0.332024,0.492654,0.763996,795.77735,0.519338,0.37428,0.576757,0.578064,0.654693,16.159223,355.065944,8.340967,128.594631,43.900655,2,3,5,1,1,2,2,1,1,2,3,3,1,1,5,5,5,5,2.6,Below Average,2,3,3,2,3,3,3,3,2,3,2,2,4,4,2.64,Average,0.04
114,SIN-ANN-0114,0.509765,0.483884,34.998798,13.38025,1.424338,0.081462,0.266859,0.396412,0.74063,1047.067175,0.621585,0.445049,0.439316,0.522471,0.486245,17.933959,122.017041,43.936389,113.782115,14.620178,2,1,4,1,2,1,1,1,1,3,2,2,2,1,3,5,5,5,2.21,Below Average,2,3,1,1,4,2,2,2,3,2,2,2,1,3,2.06,Below Average,-0.15
115,SIN-ANN-0115,0.410463,0.411413,109.766187,4.253634,0.959407,0.150716,0.363614,0.53605,0.505462,376.365672,0.486475,0.20735,0.8146,0.526978,0.352745,22.778185,622.781711,13.622749,129.053082,6.892569,3,2,5,1,1,2,2,2,2,2,4,4,2,1,5,5,5,5,2.85,Average,3,4,3,3,2,4,2,2,4,4,4,3,3,3,2.91,Average,0.06
116,SIN-ANN-0116,0.522122,0.305487,0.050133,4.969679,0.735926,0.096238,0.491625,0.641074,0.86474,265.282246,0.84379,0.452172,0.424177,0.258442,0.461177,20.771183,297.072335,2,112.122247,29.124382,2,2,5,1,2,3,3,1,3,4,2,2,3,1,5,3,5,5,2.79,Average,4,5,3,4,5,4,4,4,3,2,4,2,4,4,3.7,Good,0.91
117,SIN-ANN-0117,0.510919,0.581695,73.995683,5.076082,0.998492,0.10001,0.478703,0.616831,0.706457,911.048782,0.619639,0.282175,0.775023,0.564952,0.502673,15.382888,336.494037,24.76673,56.934385,30.329595,2,1,5,1,1,3,3,1,1,3,3,4,1,1,5,5,3,5,2.55,Below Average,3,2,2,3,4,4,3,3,4,4,3,2,3,3,3.09,Average,0.54
118,SIN-ANN-0118,0.245809,0.488981,89.47666,5.966128,1.249654,0.131906,0.328668,0.530871,0.385727,1055.057446,0.544422,0.524274,0.727525,0.487734,0.191185,31.180025,798.847465,26.899677,101.670851,41.380333,4,1,5,1,1,2,2,3,1,2,1,4,2,2,5,5,5,5,2.74,Average,4,3,3,4,3,3,3,3,2,4,3,5,2,2,3.09,Average,0.35
119,SIN-ANN-0119,0.34152,0.305488,51.19807,5.637682,0.648922,0.080367,0.353848,0.649163,0.413815,323.073563,0.848175,0.290263,0.951387,0.236685,0.395432,34.847765,522.163741,9.484469,102.35222,14.797627,4,2,5,2,2,2,3,3,3,4,3,5,4,2,5,5,5,5,3.47,Average,4,5,5,5,4,5,3,5,5,5,5,4,5,5,4.91,Very Good,1.44
120,SIN-ANN-0120,0.187483,0.334212,19.521956,1.166117,0.517613,0.102185,0.344705,0.732007,0.282746,394.440007,0.884278,0.434937,0.98,0.197087,0.236897,31.374242,30,10.936455,64.298577,4.482298,5,2,5,2,1,2,4,4,2,5,2,5,4,2,1,5,3,5,3.32,Average,4,5,5,5,5,4,5,5,5,5,5,5,5,4,4.53,Very Good,1.21
121,SIN-ANN-0121,0.188113,0.127044,75.878553,3.716697,0.181579,0.078069,0.584522,0.931113,0.571813,424.168021,0.792858,0.272259,0.805677,0.352603,0.204898,18.74814,438.537686,36.663287,80.13655,32.392417,5,4,5,4,2,3,5,2,2,4,3,4,3,1,5,5,4,5,3.78,Good,5,4,5,5,5,5,5,4,5,5,3,4,5,4,4.5,Very Good,0.72
122,SIN-ANN-0122,0.310328,0.518854,66.45948,5.898733,0.96548,0.093472,0.265936,0.778069,0.44717,576.804342,0.897282,0.378665,0.777554,0.340234,0.34273,26.925293,499.562344,6.631059,79.178065,38.347334,4,1,5,1,2,1,4,3,1,5,3,4,3,2,5,5,4,5,3.1,Average,3,3,3,4,4,3,5,5,3,4,5,4,4,4,4.03,Good,0.93
123,SIN-ANN-0123,0.37429,0.305404,54.301605,15.138478,1.460004,0.126794,0.311181,0.585395,0.787291,941.597022,0.59345,0.453757,0.543725,0.162324,0.431663,17.931267,24.922752,1.5,30.833997,2.09397,3,2,4,1,1,2,3,1,1,3,2,2,4,1,1,3,1,3,2.19,Below Average,2,3,2,2,2,3,3,2,2,2,4,1,2,1,2.26,Below Average,0.07
124,SIN-ANN-0124,0.852271,0.358464,105.700186,9.759225,0.942839,0.144522,0.274156,0.686842,0.851473,1340.927608,0.303618,0.566646,0.356706,0.465014,0.851103,40.072116,30,22.37798,81.523577,21.158756,1,2,5,1,1,1,3,1,1,1,1,1,2,3,1,5,4,5,2.11,Below Average,1,3,3,2,2,2,3,1,2,1,3,1,2,2,1.76,Below Average,-0.35
125,SIN-ANN-0125,0.278928,0.220141,51.266197,11.689974,0,0.142878,0.385658,0.566469,0.489272,511.318068,0.82622,0.182065,0.979188,0.224852,0.299978,32.579727,462.733067,15.826833,124.972938,18.798165,4,3,5,5,1,2,3,3,1,4,4,5,4,2,5,5,5,5,3.72,Good,5,4,5,3,3,4,3,5,5,5,4,4,4,4,4.25,Good,0.53
126,SIN-ANN-0126,0.201159,0.435868,84.413367,8.129288,0.899204,0.117562,0.288176,0.40448,0.785881,1027.644934,0.684105,0.631173,0.574337,0.419084,0.148188,25.181061,410.966656,54.178523,89.723373,18.852536,4,2,5,1,1,1,2,1,1,3,1,3,2,2,5,5,5,5,2.68,Below Average,4,3,3,2,3,3,2,4,2,3,3,2,2,2,2.65,Average,-0.03
127,SIN-ANN-0127,0.135491,0.416969,18.388061,4.926369,1.156456,0.072593,0.408207,0.69098,0.562566,412.284054,0.758986,0.44101,0.623521,0.194122,0.114775,25.131788,30,27.120412,73.110066,34.573142,5,2,5,1,2,2,3,2,2,4,2,3,4,2,1,5,4,5,3.02,Average,5,4,2,4,5,4,4,5,3,4,4,4,3,4,4.1,Good,1.08
128,SIN-ANN-0128,0.538302,0.296706,68.637018,13.979184,1.229993,0.151179,0.211085,0.604057,0.7395,1360.364049,0.31123,0.597253,0.449916,0.483127,0.578185,18.418045,363.060161,15.61907,98.13088,18.599227,2,3,4,1,1,1,3,1,1,1,1,2,2,1,5,5,5,5,2.37,Below Average,2,2,2,2,2,2,3,1,2,2,2,2,3,1,2.06,Below Average,-0.31
129,SIN-ANN-0129,0.435795,0.313368,63.518197,14.566722,0.486759,0.184108,0.337158,0.308985,0.83899,552.03007,0.697338,0.393283,0.615437,0.551491,0.483565,30.566017,542.429215,26.677052,71.646204,19.66439,3,2,4,2,1,2,1,1,1,3,2,3,1,2,5,5,4,5,2.55,Below Average,3,4,3,1,1,3,2,3,3,4,3,1,4,2,2.73,Average,0.18
130,SIN-ANN-0130,0.479405,0.645738,128.155806,10.412504,0.608516,0.147934,0.229049,0.386319,0.590163,653.537434,0.752271,0.551524,0.627356,0.393349,0.388063,21.788926,422.588526,8.69969,118.499028,9.48473,3,1,5,2,1,1,1,2,1,4,1,3,3,1,5,5,5,5,2.65,Below Average,3,2,4,2,3,3,2,4,3,3,3,3,3,2,3.02,Average,0.37
131,SIN-ANN-0131,0.899904,0.64132,97.316496,13.611279,1.304341,0.158611,0.317277,0.586559,0.734651,809.290924,0.603901,0.625293,0.360378,0.77874,0.901646,25.315282,457.531332,3.100425,85.995767,0.2,1,1,4,1,1,2,3,1,1,3,1,1,1,2,5,4,5,1,1.99,Below Average,1,2,1,2,3,3,3,2,2,2,1,2,3,2,2.05,Below Average,0.06
132,SIN-ANN-0132,0.759628,0.550908,134.715763,11.437389,1.724876,0.154474,0.20335,0.273551,0.915971,1145.526769,0.20609,0.670138,0.415267,0.63832,0.758838,29.608853,900.394592,27.915428,87.647973,21.72325,1,1,5,1,1,1,1,1,1,1,1,2,1,2,5,5,5,5,2.08,Below Average,1,1,1,2,1,1,1,1,1,1,1,1,2,1,1.42,Poor,-0.66
133,SIN-ANN-0133,0.657918,0.70548,113.92993,24.194208,1.5602,0.195412,0.226433,0.390854,0.945317,631.321765,0.343653,0.722515,0.323941,0.822573,0.588987,17.441117,381.154288,6.173113,110.889386,0.2,2,1,3,1,1,1,1,1,1,1,1,1,1,1,5,5,5,1,1.74,Poor,1,1,2,2,1,2,1,1,1,1,1,1,1,1,1.28,Poor,-0.46
134,SIN-ANN-0134,0.557526,0.491394,179.648711,11.969223,0.728967,0.189485,0.273144,0.611135,0.537598,895.686428,0.605442,0.437238,0.704329,0.605441,0.512585,33.129774,444.42067,22.372626,129.586037,27.766915,2,1,5,1,1,1,3,2,1,3,2,4,1,2,5,5,5,5,2.57,Below Average,2,2,3,2,1,1,3,3,2,3,2,2,2,2,1.98,Below Average,-0.59
135,SIN-ANN-0135,0.557885,0.762076,132.413805,9.130325,1.125212,0.067219,0.389016,0.537312,0.734066,1736.710656,0.265659,0.659785,0.242419,0.702587,0.55371,17.748901,33.378286,22.953361,92.370833,26.529477,2,1,5,1,3,2,2,1,1,1,1,1,1,1,1,5,5,5,2.12,Below Average,3,1,2,2,5,3,2,1,1,1,2,2,1,2,1.83,Below Average,-0.29
136,SIN-ANN-0136,0,0.049795,100.502173,1.657318,0.644176,0.121674,0.302803,0.667171,0.389755,583.002912,0.668627,0.387768,0.856464,0.335179,0.02,18.655542,901.662587,15.909343,92.228758,4.836505,5,5,5,2,1,2,3,3,1,3,2,5,3,1,5,5,5,5,3.48,Average,5,4,4,5,3,3,3,4,5,5,5,4,4,4,3.72,Good,0.24
137,SIN-ANN-0137,0.06128,0.082789,58.708241,6.324625,0.37551,0.104596,0.455108,0.76722,0.341775,351.002213,0.811646,0.220894,0.75381,0.198391,0.02,16.238387,264.571858,26.350437,44.633924,12.351464,5,5,5,3,1,3,4,4,2,4,4,4,4,1,5,5,2,5,3.8,Good,5,5,5,5,4,5,5,5,5,4,5,5,4,5,4.75,Very Good,0.95
138,SIN-ANN-0138,0.511093,0.406331,105.751424,13.930884,0.461626,0.109595,0.427688,0.545298,0.653201,708.521683,0.581393,0.634832,0.788861,0.415981,0.478337,24.503326,110.783165,20.483353,133.635106,19.633143,2,2,4,2,1,2,2,2,1,3,1,4,2,1,3,5,5,5,2.54,Below Average,3,3,3,1,3,4,3,3,2,4,3,3,3,4,3.27,Average,0.73
139,SIN-ANN-0139,0.474599,0.652579,40.646946,7.390383,1.431835,0.2083,0.209948,0.30854,0.717917,981.370881,0.50158,0.466671,0.549209,0.738971,0.486681,33.563804,331.844628,21.620206,83.599425,34.573366,3,1,5,1,1,1,1,1,1,2,2,2,1,2,5,5,4,5,2.32,Below Average,3,2,2,3,2,2,1,2,2,2,2,2,3,2,2.32,Below Average,0
140,SIN-ANN-0140,0.150498,0.152368,0,3.960219,0.364177,0.08683,0.44072,0.732318,0.508529,484.092662,0.886307,0.29052,0.98,0.307689,0.17499,27.392249,653.683855,41.008349,20,23.185286,5,4,5,3,2,2,4,2,2,5,3,5,3,2,5,5,1,5,3.61,Good,5,5,5,5,5,5,5,5,4,5,4,3,5,4,4.5,Very Good,0.89
141,SIN-ANN-0141,0.163187,0.256712,66.347796,4.583654,0.883723,0.06726,0.494683,0.792909,0.33959,637.511184,0.924111,0.259621,0.691704,0.05498,0.180917,25.758578,400.47684,16.907201,84.615892,0.2,5,3,5,1,3,3,4,4,1,5,3,3,5,2,5,5,4,1,3.46,Average,5,4,4,5,5,5,4,5,5,4,5,4,3,4,4.5,Very Good,1.04
142,SIN-ANN-0142,0.663696,0.585694,84.409269,16.797454,1.026167,0.159682,0.287272,0.369757,0.561457,1338.797592,0.4557,0.630546,0.594057,0.550397,0.693842,25.142872,177.394352,18.806052,95.928197,25.783671,2,1,4,1,1,1,1,2,1,2,1,3,1,2,4,5,5,5,2.19,Below Average,2,2,2,1,3,1,1,2,2,2,3,2,1,2,1.85,Below Average,-0.34
143,SIN-ANN-0143,0.313945,0.777115,150.212955,16.612896,1.396933,0.177323,0.232893,0.514825,0.43202,1254.044773,0.667917,0.648515,0.546134,0.591907,0.30101,17.714482,191.552565,19.131834,106.250137,1.415101,4,1,4,1,1,1,2,3,1,3,1,2,1,1,5,5,5,2,2.35,Below Average,3,1,1,1,2,2,3,2,2,2,2,3,2,2,1.74,Below Average,-0.61
144,SIN-ANN-0144,0.209526,0.340157,17.085846,6.142569,0.388318,0.128875,0.424393,0.866943,0.219482,696.115277,0.917451,0.197798,0.871529,0.184518,0.193866,32.469583,310.049197,30.117709,71.549341,22.586444,4,2,5,3,1,2,5,4,1,5,4,5,4,2,5,5,4,5,3.62,Good,5,5,5,5,4,5,5,5,4,5,5,5,4,4,4.78,Very Good,1.16
145,SIN-ANN-0145,0.893232,0.657949,104.759997,16.523956,1.900229,0.171933,0.19361,0.453659,0.881517,1374.845334,0.175295,0.609291,0.365162,0.695918,0.859779,16.451261,436.62801,14.775659,97.671204,27.638198,1,1,4,1,1,1,2,1,1,1,1,1,1,1,5,5,5,5,1.95,Below Average,1,1,1,1,2,1,1,1,1,1,1,1,1,1,1.2,Poor,-0.75
146,SIN-ANN-0146,0.517225,0.574917,142.904144,19.63581,1.451641,0.16556,0.146073,0.428314,0.929832,1411.327155,0.437001,0.775441,0.340747,0.759069,0.529096,27.53667,45.313192,6.676947,33.858107,14.438344,2,1,4,1,1,1,2,1,1,2,1,1,1,2,1,5,1,5,1.81,Poor,3,2,1,1,1,1,1,1,1,1,1,1,1,1,1.13,Poor,-0.68
147,SIN-ANN-0147,0.650527,0.715417,133.407423,20.696383,1.626683,0.180993,0.216467,0.445999,0.874556,1273.398392,0.41069,0.732544,0.22148,0.625608,0.677832,22.962996,414.795209,21.700222,63.089167,49.433387,2,1,3,1,1,1,2,1,1,2,1,1,1,1,5,5,3,5,1.92,Below Average,2,1,1,1,1,2,1,2,1,1,1,1,1,1,1.35,Poor,-0.57
148,SIN-ANN-0148,0,0.455879,122.945958,8.568452,0.449067,0.097054,0.475206,0.576209,0.518369,650.016497,0.566105,0.28077,0.69301,0.296284,0.02,22.587409,428.566277,2.039378,137.40456,6.319313,5,1,5,3,2,3,3,2,1,3,3,3,3,1,5,3,5,5,3.14,Average,5,4,5,4,4,4,3,3,5,4,4,4,4,4,3.83,Good,0.69
149,SIN-ANN-0149,0.083886,0.310005,13.679906,16.815836,0.22553,0.050403,0.402869,0.726754,0.225383,543.831771,0.80914,0.15496,0.594102,0.288983,0.085149,21.589967,593.873496,14.964657,90.78858,35.135146,5,2,4,4,3,2,4,4,1,4,4,3,3,1,5,5,5,5,3.55,Good,5,5,5,4,5,4,5,5,5,4,5,5,5,5,4.51,Very Good,0.96
150,SIN-ANN-0150,0.4897,0.404975,62.905272,16.933345,0.878847,0.113424,0.336576,0.759165,0.396164,525.514404,0.85776,0.36299,0.543823,0.03,0.548421,28.442616,445.611811,12.858666,149.409386,15.038241,3,2,4,1,1,2,4,3,1,5,3,2,5,2,5,5,5,5,3.06,Average,3,3,4,4,4,3,4,4,4,3,5,4,4,4,3.83,Good,0.77
151,SIN-ANN-0151,0.139806,0.089953,52.772084,10.227424,0.527324,0.043611,0.463532,0.706853,0.547498,25,0.878884,0.283886,0.945152,0.279919,0.19636,27.133445,342.162531,11.648362,27.143675,15.050414,5,5,5,2,4,3,4,2,5,5,3,5,3,2,5,5,1,5,3.91,Good,5,5,5,4,5,5,5,5,4,5,5,4,5,5,4.51,Very Good,0.6
152,SIN-ANN-0152,0.216377,0.047532,22.687364,6.473154,0.241263,0.119134,0.383978,0.47346,0.76859,851.97639,0.600736,0.231461,0.672613,0.31311,0.257997,26.52374,627.046521,13.494045,78.4895,0.2,4,5,5,4,1,2,2,1,1,3,4,3,3,2,5,5,4,1,3.26,Average,4,5,5,4,4,3,3,3,4,4,4,2,4,4,4,Good,0.74
153,SIN-ANN-0153,0.176796,0.674469,163.338335,5.461201,0.81869,0.119049,0.384146,0.789726,0.622138,683.898775,0.286347,0.342379,0.859103,0.482641,0.203874,12.28206,184.286026,7.789758,180.822391,29.94731,5,1,5,1,1,2,4,2,1,1,3,5,2,1,5,5,5,5,2.94,Average,4,1,3,3,4,3,4,1,3,4,3,2,2,4,3.08,Average,0.14
154,SIN-ANN-0154,0.826877,0.652142,112.434667,16.443639,1.421702,0.159111,0.264493,0.259263,0.866316,1318.876641,0.273274,0.633114,0.503546,0.435545,0.885167,15.422194,449.208645,2.538389,38.165602,20.465205,1,1,4,1,1,1,1,1,1,1,1,2,2,1,5,4,2,5,1.84,Poor,1,1,2,1,1,1,1,1,1,2,2,1,1,1,1.02,Poor,-0.82
155,SIN-ANN-0155,0.187609,0.406291,84.023409,6.460784,0.686537,0.155252,0.348391,0.428291,0.645801,416.480824,0.504932,0.272945,0.744674,0.396194,0.166695,26.000272,84.975969,23.620547,138.37522,11.538237,5,2,5,1,1,2,2,2,2,2,3,4,3,2,2,5,5,5,2.95,Average,4,3,3,3,2,3,3,3,4,4,3,3,3,4,3.21,Average,0.26
156,SIN-ANN-0156,0.538936,0.33702,86.723435,15.647409,0.701126,0.167363,0.243024,0.250984,0.507309,591.582566,0.6045,0.554987,0.44753,0.491698,0.646931,20.798676,53.269437,3.369309,28.088368,3.759893,2,2,4,1,1,1,1,2,1,3,1,2,2,1,2,4,1,4,1.97,Below Average,2,4,3,2,2,2,1,2,2,2,3,2,2,3,2.39,Below Average,0.42
157,SIN-ANN-0157,0.204841,0.272911,13.443385,4.281586,0.222637,0.127236,0.536196,0.807254,0.326816,457.458524,0.817391,0.403801,0.98,0.088935,0.241432,23.283541,347.621234,39.496544,101.28699,28.892979,4,3,5,4,1,3,4,4,2,4,2,5,5,1,5,5,5,5,3.74,Good,4,5,5,5,4,5,5,5,4,5,5,5,5,5,4.84,Very Good,1.1
158,SIN-ANN-0158,0.401018,0.444452,50.512842,14.579419,1.105143,0.145098,0.271822,0.432429,0.744518,978.911677,0.326888,0.441933,0.538537,0.45476,0.353395,26.804656,89.553163,13.232675,121.701437,12.02344,3,2,4,1,1,1,2,1,1,1,2,2,2,2,2,5,5,5,2.29,Below Average,2,3,2,2,2,2,2,1,3,3,3,2,2,2,2,Below Average,-0.29
159,SIN-ANN-0159,0.097764,0.262249,24.355749,13.016756,0.171564,0.159625,0.460462,0.589691,0.23431,779.093396,0.735742,0.344572,0.776796,0.543198,0.086061,27.784057,460.140198,27.987751,72.554768,16.798668,5,3,4,4,1,3,3,4,1,4,3,4,2,2,5,5,4,5,3.49,Average,4,4,4,5,4,5,3,4,4,5,4,5,3,4,4.29,Good,0.8
160,SIN-ANN-0160,0.147844,0.171404,72.439518,7.374291,0.503813,0.095362,0.477353,0.71123,0.317065,545.484825,0.94198,0.342478,0.834839,0.042139,0.142545,33.607448,835.994879,12.23518,27.34193,14.271313,5,4,5,2,2,3,4,4,1,5,3,4,5,2,5,5,1,5,3.67,Good,5,5,5,5,5,5,5,5,4,4,5,5,5,5,5,Very Good,1.33
161,SIN-ANN-0161,0.412645,0.640805,68.866306,7.820451,0.587237,0.145704,0.32614,0.689272,0.441651,361.885976,0.650732,0.280442,0.852659,0.366462,0.341614,30.942071,423.45338,24.915753,142.509118,36.308801,3,1,5,2,1,2,3,3,2,3,3,5,3,2,5,5,5,5,3.09,Average,3,4,3,4,3,3,4,4,5,4,4,4,4,3,3.94,Good,0.85
162,SIN-ANN-0162,0.411976,0.451404,124.39948,11.804701,1.74372,0.14015,0.370409,0.584244,0.743276,1145.763709,0.424308,0.509101,0.562934,0.599877,0.401172,35.158674,667.462766,15.782237,131.119154,22.878313,3,1,5,1,1,2,3,1,1,2,2,3,1,3,5,5,5,5,2.6,Below Average,3,3,2,3,2,3,2,2,3,2,2,2,2,3,2.29,Below Average,-0.31
163,SIN-ANN-0163,0.291795,0.305675,37.160202,7.657621,0.605498,0.100367,0.299293,0.455301,0.426948,273.844872,0.699308,0.714888,0.674054,0.404739,0.213965,9.973041,8.276472,8.716368,55.09553,3.883497,4,2,5,2,1,1,2,3,3,3,1,3,2,1,1,5,3,4,2.65,Below Average,4,4,3,4,3,2,2,4,2,3,4,4,4,4,2.98,Average,0.33
164,SIN-ANN-0164,0.658474,0.535735,142.991373,13.763012,1.654019,0.199637,0.190206,0.34088,0.862097,1346.561529,0.328374,0.661418,0.206745,0.606783,0.684073,14.25167,501.918788,14.180555,46.478591,0.442789,2,1,4,1,1,1,1,1,1,1,1,1,1,1,5,5,2,1,1.71,Poor,2,2,1,1,1,1,1,1,1,1,2,1,1,1,1.12,Poor,-0.59
165,SIN-ANN-0165,0.079082,0.071802,58.562222,6.278533,0,0.073132,0.484599,0.697368,0.298903,348.820524,0.842555,0.359981,0.98,0.158914,0.102939,23.674248,463.451113,19.128865,110.672231,22.928177,5,5,5,5,2,3,3,4,3,4,3,5,4,1,5,5,5,5,4.14,Good,5,5,5,5,5,5,4,5,5,5,5,5,4,5,4.84,Very Good,0.7
166,SIN-ANN-0166,0.081733,0.155674,59.63252,7.27844,0.315682,0.096199,0.438835,0.708165,0.228294,261.765087,0.762719,0.2594,0.720347,0.355647,0.133615,20.814999,382.41558,16.98957,103.805373,1.928424,5,4,5,3,2,2,4,4,3,4,3,4,3,1,5,5,5,3,3.7,Good,5,5,5,5,5,4,4,4,5,5,5,5,5,4,4.81,Very Good,1.11
167,SIN-ANN-0167,0.789313,0.542529,92.890259,14.549654,1.188501,0.152029,0.228749,0.548659,0.772274,955.25317,0.402528,0.663571,0.628592,0.64084,0.748489,18.384619,151.238081,47.724603,30.027963,21.734474,1,1,4,1,1,1,2,1,1,2,1,3,1,1,4,5,1,5,1.9,Below Average,1,2,2,2,2,2,2,2,2,3,1,2,2,2,1.76,Below Average,-0.14
168,SIN-ANN-0168,0.234193,0.216899,33.68595,6.501355,0.243293,0.09277,0.48856,0.777161,0.625658,184.085865,0.98,0.168542,0.873811,0.177042,0.205203,23.811967,216.506626,12.78972,107.208167,20.923533,4,3,5,4,2,3,4,2,4,5,4,5,4,1,5,5,5,5,3.89,Good,5,5,5,5,5,5,5,5,5,5,5,4,5,4,4.87,Very Good,0.98
169,SIN-ANN-0169,0.280992,0.230543,68.717887,12.183947,1.165162,0.145119,0.446679,0.730395,0.405122,752.598815,0.715648,0.27834,0.743085,0.290244,0.253116,11,260.295088,24.743218,102.883968,9.951458,4,3,4,1,1,2,4,3,1,4,3,4,3,1,5,5,5,5,3.14,Average,4,4,4,4,3,4,4,4,4,4,5,4,2,3,4.07,Good,0.93
170,SIN-ANN-0170,0.686704,0.69408,135.135891,16.914977,1.096703,0.149822,0.232597,0.414344,0.912043,1247.835613,0.490054,0.524776,0.453499,0.380361,0.637266,19.028033,576.313578,26.821106,79.662088,9.693769,2,1,4,1,1,1,2,1,1,2,1,2,3,1,5,5,4,5,2.2,Below Average,2,2,2,1,2,2,1,2,2,2,1,1,2,3,1.8,Below Average,-0.4
171,SIN-ANN-0171,0.174799,0.229562,68.123452,4.909249,0,0.107571,0.466046,0.73753,0.488573,234.706518,0.910048,0.203862,0.833875,0.195755,0.146549,32.066538,216.480296,15.624573,99.389908,0.2,5,3,5,5,1,3,4,3,3,5,4,4,4,2,5,5,5,1,3.85,Good,5,5,5,4,5,5,4,5,4,5,5,5,5,5,5,Very Good,1.15
172,SIN-ANN-0172,0.702315,0.45601,127.52349,6.200657,2.119624,0.170324,0.245528,0.418733,0.744116,757.276036,0.365719,0.409783,0.330139,0.28172,0.70368,23.259804,178.057552,4.94467,90.480759,11.873506,1,1,5,1,1,1,2,1,1,1,2,1,3,1,4,5,5,5,2.15,Below Average,2,2,1,3,2,2,2,1,3,2,3,2,2,2,2.13,Below Average,-0.02
173,SIN-ANN-0173,0.546385,0.621678,61.919712,9.665277,1.643352,0.166314,0.14866,0.394613,0.826721,1375.813769,0.154303,0.567735,0.362273,0.458251,0.574566,24.469269,498.86669,11.115393,45.373224,6.663177,2,1,5,1,1,1,1,1,1,1,1,1,2,1,5,5,2,5,2.01,Below Average,2,2,1,2,2,1,1,1,1,1,2,1,1,1,1.28,Poor,-0.73
174,SIN-ANN-0174,0.261191,0.317269,82.757897,8.569399,0.527435,0.03936,0.477443,0.771652,0.457204,696.117194,0.906456,0.16479,0.588142,0.070285,0.250121,30.88307,30,4.692543,90.793768,30.308058,4,2,5,2,4,3,4,3,1,5,4,3,5,2,1,5,5,5,3.46,Average,5,5,4,5,5,5,5,5,4,4,5,5,5,4,4.97,Very Good,1.51
175,SIN-ANN-0175,0.363728,0.119353,38.513774,9.269553,1.190202,0.127351,0.225447,0.586961,0.442738,981.085214,0.544893,0.455406,0.438142,0.229094,0.396455,29.805791,239.158074,8.538818,92.736591,17.727534,3,4,5,1,1,1,3,3,1,2,2,2,4,2,5,5,5,5,2.97,Average,3,4,2,3,3,2,3,3,3,2,4,4,3,3,2.93,Average,-0.04
176,SIN-ANN-0176,0.594062,0.300349,69.078677,13.083451,0.88393,0.156949,0.32745,0.595386,0.85674,838.914875,0.536726,0.601893,0.413762,0.640924,0.649546,25.971633,362.450047,20.499656,101.105534,0.2,2,2,4,1,1,2,3,1,1,2,1,2,1,2,5,5,5,1,2.21,Below Average,2,4,3,2,1,2,3,2,1,2,1,1,2,2,2.13,Below Average,-0.08
177,SIN-ANN-0177,0.377286,0.374592,108.931879,6.792039,0.327441,0.099414,0.519767,0.818464,0.353046,151.261737,0.973116,0.287152,0.864725,0.06014,0.369944,29.978165,443.053291,37.019112,143.150204,14.503407,3,2,5,3,2,3,4,3,4,5,3,5,5,2,5,5,5,5,3.72,Good,4,4,5,5,4,5,5,5,5,5,5,5,5,5,5,Very Good,1.28
178,SIN-ANN-0178,0.27637,0.19464,37.493312,14.353554,0.791492,0.079958,0.6,0.617809,0.417331,81.994777,0.914371,0.32372,0.752063,0.344507,0.238344,11,290.918791,5.773708,87.084031,19.519921,4,3,4,1,2,4,3,3,5,5,3,4,3,1,5,5,5,5,3.49,Average,4,4,3,3,4,5,4,5,4,5,4,4,5,4,4.36,Good,0.87
179,SIN-ANN-0179,0.107799,0,20.689353,3.004827,0.211082,0.078962,0.488139,0.835804,0.524548,575.885746,0.741122,0.208077,0.83058,0.356642,0.125123,27.227804,345.918329,50.362079,104.439378,33.002595,5,5,5,4,2,3,4,2,1,4,4,4,3,2,5,5,5,5,3.89,Good,5,5,5,5,5,5,4,5,5,4,4,5,5,5,4.59,Very Good,0.7
180,SIN-ANN-0180,0.649358,0.398677,70.500113,15.7201,0.23537,0.153093,0.358651,0.491502,0.89254,1120.442436,0.46556,0.50222,0.381656,0.46595,0.714227,10.779136,47.73519,6.301763,35.554615,0,2,2,4,4,1,2,2,1,1,2,2,1,2,1,1,5,2,1,2.15,Below Average,2,2,3,2,2,3,2,2,2,2,2,1,2,2,2.49,Below Average,0.34
181,SIN-ANN-0181,0.41328,0.207946,79.631695,12.410407,1.270568,0.13816,0.305354,0.604329,0.438837,941.464632,0.570242,0.442403,0.405826,0.462191,0.387899,17.285034,513.895111,32.676309,115.514201,8.873614,3,3,4,1,1,2,3,3,1,3,2,2,2,1,5,5,5,5,2.75,Average,3,4,3,3,3,3,3,3,4,2,3,3,3,3,2.75,Average,0
182,SIN-ANN-0182,0.319706,0.274995,25.166916,6.000422,0.425609,0.0835,0.527908,0.829395,0.401469,313.40812,0.757023,0.163719,0.919687,0.323325,0.253068,15.522674,850.746249,18.360171,141.818203,37.37335,4,3,5,3,2,3,4,3,3,4,4,5,3,1,5,5,5,5,3.7,Good,4,4,5,5,5,5,5,5,5,5,4,4,5,5,4.7,Very Good,1
183,SIN-ANN-0183,0.306263,0.390173,56.143625,8.528253,0.559163,0.082639,0.394909,0.864983,0.476689,378.900711,0.841808,0.255879,0.952123,0.202646,0.222601,25.070389,487.272341,23.348325,83.641456,14.535992,4,2,5,2,2,2,5,3,2,4,3,5,4,2,5,5,4,5,3.48,Average,5,5,5,4,5,4,5,5,5,5,4,4,5,5,4.84,Very Good,1.36
184,SIN-ANN-0184,0.635311,0.655792,73.904363,14.650052,0.904438,0.174972,0.208656,0.603802,0.543069,289.929425,0.475182,0.542202,0.664595,0.727353,0.653543,25.494664,314.032555,2,104.846617,26.379404,2,1,4,1,1,1,3,2,3,2,1,3,1,2,5,3,5,5,2.35,Below Average,2,2,3,2,2,2,2,2,3,3,1,2,2,1,1.95,Below Average,-0.4
185,SIN-ANN-0185,0.437612,0.56817,145.505122,9.780974,0.838976,0.095747,0.252721,0.779241,0.464378,732.205388,0.659995,0.533028,0.535692,0.526479,0.430998,18.429973,184.43546,15.218344,41.928171,67.511261,3,1,5,1,2,1,4,3,1,3,1,2,2,1,5,5,2,5,2.55,Below Average,3,3,4,4,3,2,4,3,3,2,2,4,3,3,2.73,Average,0.18
186,SIN-ANN-0186,0.657014,0.547437,108.084044,12.862763,1.399624,0.168266,0.410182,0.522802,0.753301,1446.850672,0.601264,0.553041,0.309591,0.471376,0.688473,22.120177,434.816899,5.936953,59.748533,15.447205,2,1,4,1,1,2,2,1,1,3,1,1,2,1,5,5,3,5,2.16,Below Average,1,2,2,1,1,3,2,2,3,1,2,2,1,3,1.94,Below Average,-0.22
187,SIN-ANN-0187,0.620101,0.626837,85.093571,9.613605,0.748878,0.081652,0.473701,0.791621,0.405447,1202.216268,0.635675,0.331377,0.708371,0.38709,0.66761,28.544915,543.814156,35.05118,117.092891,29.271663,2,1,5,1,2,3,4,3,1,3,3,4,3,2,5,5,5,5,2.97,Average,2,3,4,4,4,4,5,3,3,3,3,4,2,4,3.35,Average,0.38
188,SIN-ANN-0188,0.217579,0.500566,89.821988,13.308821,0.463275,0.139261,0.452063,0.443136,0.600039,508.08691,0.468194,0.422337,0.860912,0.505669,0.246647,17.832462,79.672207,9.243262,34.451991,4.391783,4,1,4,2,1,3,2,2,1,2,2,5,2,1,2,5,1,5,2.52,Below Average,4,2,4,3,3,4,2,2,3,4,3,2,3,3,2.76,Average,0.24
189,SIN-ANN-0189,0.67438,0.656178,104.551255,13.922329,1.350918,0.131984,0.459917,0.479629,0.307013,743.224286,0.614329,0.637084,0.633764,0.500831,0.781124,32.63517,108.470701,18.84713,104.54827,18.535534,2,1,4,1,1,3,2,4,1,3,1,3,2,2,3,5,5,5,2.5,Below Average,2,3,2,2,3,4,3,3,2,3,2,4,3,3,3.14,Average,0.64
190,SIN-ANN-0190,0.662835,0.536151,116.141762,6.953107,1.336319,0.124393,0.185845,0.417954,0.566333,1104.249228,0.542937,0.611464,0.321984,0.571995,0.679481,27.925754,67.230274,6.775129,65.369096,26.825473,2,1,5,1,1,1,2,2,1,2,1,1,1,2,2,5,4,5,2.11,Below Average,2,2,1,2,3,2,2,2,1,1,2,2,1,1,1.81,Below Average,-0.3
191,SIN-ANN-0191,0.695572,0.459979,73.110108,3.951873,1.509739,0.165956,0.49202,0.672485,0.490392,810.033616,0.621968,0.429458,0.90398,0.395403,0.667102,15.25631,30,2,105.40465,0.2,2,1,5,1,1,3,3,3,1,3,2,5,3,1,1,3,5,1,2.43,Below Average,3,3,2,4,2,3,4,3,3,4,2,4,3,3,2.93,Average,0.5
192,SIN-ANN-0192,0.556903,0.660505,145.713936,12.479679,1.401815,0.132769,0.253004,0.383888,0.643459,1482.287446,0.463123,0.551629,0.557147,0.527261,0.544709,41.255271,30,23.47906,109.522461,31.734099,2,1,4,1,1,1,1,2,1,2,1,3,2,3,1,5,5,5,2.16,Below Average,2,2,2,1,2,2,2,2,2,2,2,2,2,2,1.79,Below Average,-0.37
193,SIN-ANN-0193,0.376602,0.447706,4.50377,8.334117,0.692717,0.081796,0.380849,0.603988,0.695342,559.076986,0.512331,0.57789,0.330617,0.650073,0.369541,20.103962,99.524861,33.72255,59.482627,16.069063,3,2,5,1,2,2,3,2,1,2,1,1,1,1,3,5,3,5,2.39,Below Average,3,4,3,4,4,4,3,2,2,3,2,3,4,2,3.13,Average,0.74
194,SIN-ANN-0194,0.162413,0.328638,50.483565,5.169869,1.089285,0.126039,0.347063,0.579328,0.618538,499.099101,0.679263,0.372737,0.652068,0.449696,0.237794,23.498843,250.639924,10.785479,85.27795,12.651679,5,2,5,1,1,2,3,2,2,3,3,3,2,1,5,5,5,5,3.03,Average,4,3,3,3,3,2,3,3,4,4,3,3,4,3,3.49,Average,0.46
195,SIN-ANN-0195,0.832877,0.867101,107.324855,14.708743,1.370179,0.182384,0.16569,0.422426,0.876602,888.584535,0.237001,0.657171,0.147879,0.616124,0.834484,27.146898,246.015033,21.706481,30.926288,0.2,1,1,4,1,1,1,2,1,1,1,1,1,1,2,5,5,1,1,1.67,Poor,1,1,1,1,1,1,1,1,1,1,1,1,2,1,1.02,Poor,-0.65
196,SIN-ANN-0196,0.455142,0.424717,56.350681,8.464288,0.574117,0.135719,0.223341,0.791307,0.411736,526.106751,0.903207,0.232129,0.778294,0.28032,0.440274,23.644208,312.923264,25.97648,75.191311,21.458564,3,2,5,2,1,1,4,3,1,5,4,4,3,1,5,5,4,5,3.15,Average,4,4,3,5,4,2,5,4,5,4,4,5,4,4,3.82,Good,0.67
197,SIN-ANN-0197,0.490539,0.809128,74.263719,9.226514,1.197124,0.153538,0.16901,0.540717,0.930766,1387.118803,0.520855,0.448484,0.40609,0.503767,0.479016,20.345169,478.258614,29.547855,46.093942,14.676132,3,1,5,1,1,1,2,1,1,2,2,2,2,1,5,5,2,5,2.3,Below Average,2,2,2,2,3,2,3,2,3,2,3,1,1,2,2.2,Below Average,-0.1
198,SIN-ANN-0198,0.086601,0.11382,63.620825,4.258833,0.409864,0.073502,0.456344,0.932959,0.398351,309.746147,0.927074,0.260609,0.850841,0.221562,0.04779,18.617634,93.651292,6.294671,46.978058,0.974069,5,4,5,3,2,3,5,3,3,5,3,5,4,1,3,5,2,2,3.66,Good,5,5,5,4,5,5,5,5,5,5,5,5,5,5,4.92,Very Good,1.26
199,SIN-ANN-0199,0.339732,0.442711,56.304089,13.169851,1.400212,0.085205,0.345422,0.539984,0.513111,434.984832,0.632869,0.564297,0.697018,0.293275,0.320593,27.556168,245.566721,23.250946,90.834252,9.802768,4,2,4,1,2,2,2,2,2,3,1,3,3,2,5,5,5,5,2.84,Average,3,3,2,3,5,3,3,3,3,3,4,3,4,3,3.13,Average,0.29
200,SIN-ANN-0200,0.526326,0.222222,81.699207,2.140207,0.088271,0.086347,0.51696,0.8665,0.201371,936.661834,0.87326,0.433128,0.610102,0.302722,0.589205,29.94589,272.427919,27.864087,52.962548,16.464305,2,3,5,5,2,3,5,4,1,5,2,3,3,2,5,5,3,5,3.51,Good,3,4,4,5,4,5,5,4,3,3,3,5,3,4,3.69,Good,0.18
201,SIN-ANN-0201,0.300861,0.332613,10.636882,9.423137,0.408736,0.103668,0.504182,0.683574,0.337273,491.686211,0.72254,0.268393,0.682121,0.264829,0.289113,27.680435,468.221576,25.90406,103.343049,15.734626,4,2,5,3,1,3,3,4,2,4,3,3,3,2,5,5,5,5,3.41,Average,4,3,4,4,4,5,3,4,4,4,4,5,3,4,3.66,Good,0.25
202,SIN-ANN-0202,0.19654,0.534757,113.974989,6.633632,1.044488,0.114023,0.233471,0.571363,0.602333,1069.33957,0.598001,0.449163,0.507012,0.658749,0.233138,18.163097,59.416787,12.176941,142.93435,26.6778,5,1,5,1,1,1,3,2,1,3,2,2,1,1,2,5,5,5,2.57,Below Average,4,3,3,4,3,2,3,3,3,3,1,3,1,3,2.97,Average,0.4
203,SIN-ANN-0203,0.19707,0.288856,74.753146,5.692777,0.5444,0.098892,0.409268,0.734393,0.380452,833.584662,0.701188,0.440059,0.98,0.405159,0.13997,20.374421,564.147222,22.813253,94.543576,19.04857,5,3,5,2,2,2,4,3,1,4,2,5,2,1,5,5,5,5,3.4,Average,5,5,4,4,4,4,4,5,4,5,4,4,4,4,4.5,Very Good,1.1
204,SIN-ANN-0204,0.563168,0.61537,110.190083,15.870917,0.613418,0.142819,0.288353,0.613546,0.695791,1200.186558,0.580943,0.544133,0.351998,0.542354,0.584864,47.080226,522.590074,31.18469,158.136436,20.220471,2,1,4,2,1,1,3,2,1,3,1,1,2,4,5,5,5,5,2.5,Below Average,1,3,2,2,2,2,3,2,2,2,3,2,2,3,2,Below Average,-0.5
205,SIN-ANN-0205,0.399989,0.220929,19.134968,4.636769,0.001819,0.089962,0.338701,0.866073,0.4516,334.403596,0.98,0.237946,0.903218,0.254218,0.366336,17.224098,336.654936,16.902889,112.985336,56.815379,3,3,5,5,2,2,5,3,3,5,4,5,3,1,5,5,5,5,3.84,Good,4,5,5,5,5,4,5,5,5,5,5,4,4,5,4.68,Very Good,0.84
206,SIN-ANN-0206,0.690826,0.881108,126.260238,13.890008,1.210366,0.196888,0.120296,0.325248,0.881495,877.542922,0.587204,0.616698,0.309127,0.607833,0.529108,23.463038,58.123997,1.5,33.864815,1.775954,2,1,4,1,1,1,1,1,1,3,1,1,1,1,2,3,1,3,1.65,Poor,1,1,1,2,1,1,1,2,1,1,2,1,1,1,1.21,Poor,-0.44
207,SIN-ANN-0207,0.239471,0.244277,67.526333,7.668493,0.911107,0.082483,0.415225,0.882172,0.3242,775.162519,0.855442,0.219195,0.98,0.396336,0.264761,16.873618,52.566455,18.038265,109.051266,26.256293,4,3,5,1,2,2,5,4,1,5,4,5,3,1,2,5,5,5,3.41,Average,5,5,5,5,4,4,5,5,5,5,4,5,5,5,4.72,Very Good,1.31
208,SIN-ANN-0208,0,0.449473,52.128775,1.156751,0.950872,0.100224,0.204383,0.590611,0.477005,197.477664,0.802237,0.303113,0.835601,0.263035,0.02,23.150778,357.619603,31.065953,88.302877,43.867652,5,2,5,1,1,1,3,3,4,4,3,4,3,1,5,5,5,5,3.28,Average,5,4,3,4,4,3,4,4,4,4,5,4,5,4,4.01,Good,0.73
209,SIN-ANN-0209,0.7188,0.666053,86.490939,16.355712,1.382844,0.184367,0.391208,0.287455,0.623416,1292.320058,0.462989,0.642175,0.591396,0.745675,0.787904,21.175884,270.0325,8.631541,102.106385,28.81345,1,1,4,1,1,2,1,2,1,2,1,3,1,1,5,5,5,5,2.15,Below Average,1,2,2,1,2,3,1,2,2,3,1,3,2,2,2.06,Below Average,-0.09
210,SIN-ANN-0210,0.297935,0.347403,54.227529,8.79722,1.389788,0.12229,0.470129,0.716266,0.349318,888.166855,0.344718,0.463411,0.585642,0.558103,0.252192,16.280237,256.611976,2,44.317784,20.533892,4,2,5,1,1,3,4,4,1,1,2,3,1,1,5,3,2,5,2.69,Below Average,4,4,2,4,3,4,4,2,2,4,3,4,3,3,3.17,Average,0.48
211,SIN-ANN-0211,0.285736,0.485244,70.957304,5.958697,0.578287,0.116415,0.267975,0.593832,0.714502,427.360979,0.717938,0.412355,0.770073,0.450848,0.29678,24.96264,538.804463,13.674632,136.035631,21.240233,4,1,5,2,1,1,3,1,2,4,2,4,2,1,5,5,5,5,2.89,Average,3,3,4,4,3,2,3,3,4,4,3,2,3,3,3.49,Average,0.6
212,SIN-ANN-0212,0.836563,0.751827,67.805324,14.311928,1.632208,0.170506,0.157349,0.408824,0.881547,1162.390639,0.395266,0.6182,0.264328,0.263151,0.936626,38.036256,71.343296,2,117.158837,11.38629,1,1,4,1,1,1,2,1,1,1,1,1,3,3,2,3,5,5,1.93,Below Average,1,1,1,1,1,1,1,1,1,1,3,1,2,1,1.44,Poor,-0.49
213,SIN-ANN-0213,0.469758,0.630672,40.944158,7.106826,0.77619,0.091423,0.422778,0.600016,0.678895,1393.489272,0.696782,0.303077,0.277046,0.302583,0.472097,27.007798,941.855518,9.272975,153.140217,32.630159,3,1,5,1,2,2,3,2,1,3,3,1,3,2,5,5,5,5,2.76,Average,3,2,3,4,4,3,3,3,4,1,3,2,2,2,2.91,Average,0.15
214,SIN-ANN-0214,0.370885,0.323696,136.608374,3.490429,1.232403,0.076048,0.452156,0.748623,0.451023,712.83353,0.709569,0.388734,0.851959,0.192628,0.34458,17.705821,112.523688,29.96105,88.83707,28.3787,3,2,5,1,2,3,4,3,1,4,2,5,4,1,3,5,5,5,3.12,Average,4,4,4,5,4,4,5,4,4,5,5,4,5,4,4.39,Good,1.27
215,SIN-ANN-0215,0.058751,0.292815,61.93458,2.171879,0.642394,0.069962,0.548147,0.706658,0.302429,490.811072,0.890521,0.312599,0.937323,0.079192,0.0725,39.51778,441.243749,37.836923,32.047787,33.075627,5,3,5,2,3,3,4,4,2,5,3,5,5,3,5,5,1,5,3.77,Good,5,5,4,5,5,5,5,5,5,5,5,5,4,4,4.61,Very Good,0.84
216,SIN-ANN-0216,0.407393,0.501673,86.60451,9.591792,0.705622,0.142976,0.344964,0.487717,0.460406,900.744735,0.586605,0.451001,0.463834,0.321179,0.401505,11,186.870813,6.446269,82.045262,13.408097,3,1,5,1,1,2,2,3,1,3,2,2,3,1,5,5,4,5,2.63,Below Average,3,3,3,3,2,2,3,3,3,2,4,4,2,3,3.21,Average,0.58
217,SIN-ANN-0217,0.741431,0.809454,187.952117,11.65436,0.795115,0.114153,0.313095,0.522865,0.440359,1317.216858,0.45726,0.5839,0.522254,0.459234,0.749918,23.119369,49.851982,34.656788,101.955444,37.295792,1,1,5,1,1,2,2,3,1,2,1,2,2,1,1,5,5,5,2.18,Below Average,1,1,3,3,3,2,3,2,2,3,2,3,2,2,1.97,Below Average,-0.21
218,SIN-ANN-0218,0.425939,0.235644,31.70371,5.868813,0.913657,0.066231,0.573531,0.527144,0.286335,543.6115,0.637895,0.472894,0.656378,0.542766,0.400815,23.717255,30,30.886579,83.812676,3.056359,3,3,5,1,3,3,2,4,1,3,2,3,2,1,1,5,4,4,2.8,Average,3,5,3,5,4,5,3,4,3,4,3,5,3,4,4.04,Good,1.24
219,SIN-ANN-0219,0.494062,0.339304,39.291548,10.62361,1.168518,0.136026,0.38859,0.531903,0.635098,674.185404,0.470136,0.595158,0.621805,0.597215,0.489529,29.985192,658.157195,2,135.360002,0.2,3,2,5,1,1,2,2,2,1,2,1,3,1,2,5,3,5,1,2.35,Below Average,3,4,3,3,4,3,3,2,2,3,3,3,4,3,3.34,Average,0.99
220,SIN-ANN-0220,0.637,0.423095,104.371172,5.474003,1.046715,0.184036,0.312183,0.448878,0.754278,965.295466,0.404294,0.535929,0.670358,0.583082,0.653235,25.091911,285.042073,25.485037,62.521852,23.512922,2,2,5,1,1,2,2,1,1,2,1,3,1,2,5,5,3,5,2.38,Below Average,2,2,3,2,1,2,1,2,3,2,2,2,1,3,1.51,Below Average,-0.87
221,SIN-ANN-0221,0.714282,0.583836,74.455484,14.6606,1.425461,0.15683,0.218909,0.51671,0.705363,1248.36343,0.493102,0.66739,0.555911,0.756474,0.702339,15.313817,215.20935,30.246981,128.519857,38.171392,1,1,4,1,1,1,2,1,1,2,1,3,1,1,5,5,5,5,2.1,Below Average,1,1,1,1,1,1,2,1,1,2,1,2,1,1,1,Poor,-1.1
222,SIN-ANN-0222,0.729589,0.367644,88.417064,12.274893,1.517486,0.194457,0.137547,0.347702,0.778212,1586.674055,0.316475,0.653102,0.399756,0.73358,0.741388,30.519261,30,23.040178,57.800108,0.2,1,2,4,1,1,1,1,1,1,1,1,1,1,2,1,5,3,1,1.63,Poor,1,3,2,1,2,1,1,1,1,1,1,1,1,1,1.49,Poor,-0.14
223,SIN-ANN-0223,0,0.115761,0,10.898916,0.93203,0.108524,0.441373,0.796017,0.453616,657.587581,0.64073,0.441724,0.798941,0.222507,0.02,25.751237,150.647714,43.86597,98.620716,12.243819,5,4,5,1,1,2,4,3,1,3,2,4,4,2,4,5,5,5,3.35,Average,5,5,4,3,4,4,5,4,3,4,4,4,3,3,3.91,Good,0.56
224,SIN-ANN-0224,0.605664,0.393036,81.704477,11.484508,1.118403,0.108626,0.295508,0.536416,0.431144,692.41964,0.450443,0.416961,0.524805,0.652152,0.649729,11,169.618346,6.491443,126.416848,23.806126,2,2,5,1,1,1,2,3,1,2,2,2,1,1,4,5,5,5,2.42,Below Average,2,4,3,2,3,3,3,2,4,3,2,4,4,2,2.94,Average,0.52
225,SIN-ANN-0225,0.737094,0.424232,114.40743,18.314656,0.750977,0.17177,0.208852,0.438969,0.784782,1332.719037,0.404745,0.599368,0.278894,0.627509,0.723358,23.745912,65.372732,7.717012,12.028241,0.89488,1,2,4,1,1,1,2,1,1,2,1,1,1,1,2,5,1,2,1.69,Poor,1,2,2,1,1,1,2,1,1,1,1,2,1,1,1.49,Poor,-0.2
226,SIN-ANN-0226,0.315858,0.530363,75.442618,1.277147,0.797088,0.097465,0.352122,0.695266,0.610869,341.797959,0.822237,0.158268,0.765446,0.319471,0.376642,11.414363,73.687341,3.466404,40.357043,3.511214,4,1,5,1,2,2,3,2,3,4,4,4,3,1,2,4,2,4,2.83,Average,4,3,4,4,4,4,5,4,5,4,4,3,4,4,3.94,Good,1.11
227,SIN-ANN-0227,0.451159,0.072396,36.363796,9.813254,1.110374,0.12438,0.495452,0.649671,0.736442,25,0.792265,0.359363,0.824884,0.42343,0.508976,23.602821,427.092699,26.666943,107.353445,19.944194,3,5,5,1,1,3,3,1,5,4,3,4,2,1,5,5,5,5,3.37,Average,4,5,3,4,4,5,3,4,5,4,3,3,5,5,4.15,Good,0.78
228,SIN-ANN-0228,0.688026,0.733033,135.769801,18.316216,1.600314,0.132177,0.201814,0.496262,0.880933,1346.852976,0.612534,0.552469,0.506092,0.717536,0.802078,23.372641,148.987372,7.961293,74.855953,14.870227,2,1,4,1,1,1,2,1,1,3,1,2,1,1,4,5,4,5,2.11,Below Average,2,1,1,2,2,2,3,3,2,3,2,1,2,1,1.73,Below Average,-0.38
229,SIN-ANN-0229,0.653789,0.599059,101.944313,18.590511,1.282204,0.14269,0.250373,0.56053,0.78417,1200.953488,0.503097,0.655391,0.329115,0.505907,0.624905,19.678234,197.513727,13.744435,47.991806,26.778287,2,1,4,1,1,1,3,1,1,2,1,1,2,1,5,5,2,5,2.07,Below Average,2,2,2,1,2,2,3,2,1,2,2,2,1,2,1.94,Below Average,-0.13
230,SIN-ANN-0230,0.621567,0.696312,111.418259,16.716648,1.092525,0.173159,0.20355,0.392281,0.783644,996.709253,0.505278,0.624447,0.330671,0.705932,0.696247,29.007574,324.116627,34.539934,82.306774,4.462122,2,1,4,1,1,1,1,1,1,2,1,1,1,2,5,5,4,5,2.04,Below Average,2,1,2,1,1,1,2,2,1,1,1,1,2,1,1.45,Poor,-0.59
231,SIN-ANN-0231,0.577941,0.552704,86.925176,16.421054,1.082886,0.119165,0.337427,0.55677,0.679878,709.727604,0.602128,0.580499,0.444833,0.511175,0.54114,20.736836,81.712325,7.97458,21.856727,0.60859,2,1,4,1,1,2,3,2,1,3,1,2,2,1,2,5,1,1,1.95,Below Average,3,2,3,2,4,2,3,3,3,3,3,3,3,3,2.92,Average,0.97
232,SIN-ANN-0232,0.085505,0.069183,44.315677,6.402069,0.695842,0.09475,0.249734,0.78886,0.141529,114.712728,0.975395,0.105686,0.98,0.220376,0.068093,18.151282,30,16.016433,100.049299,16.309956,5,5,5,1,2,1,4,5,4,5,5,5,4,1,1,5,5,5,3.83,Good,5,5,5,5,5,3,5,5,5,5,5,5,5,4,5,Very Good,1.17
233,SIN-ANN-0233,0.014058,0.130432,10.330457,8.22855,0.25494,0.052977,0.572702,0.795007,0.376867,105.59717,0.93882,0.093515,0.853565,0.368656,0.026472,19.827752,52.701253,8.897773,27.570412,0,5,4,5,4,3,3,4,3,4,5,5,5,3,1,2,5,1,1,3.73,Good,5,5,5,5,5,5,5,5,5,5,4,4,5,5,4.62,Very Good,0.89
234,SIN-ANN-0234,0.54631,0.264252,93.995339,13.380502,1.050103,0.131077,0.246489,0.398567,0.830198,1268.991971,0.285061,0.591229,0.457255,0.279529,0.586463,31.877564,458.356126,2,33.675566,5.777401,2,3,4,1,1,1,1,1,1,1,1,2,3,2,5,3,1,5,2.12,Below Average,2,2,2,1,2,2,3,1,2,2,3,1,1,2,1.81,Below Average,-0.31
235,SIN-ANN-0235,0.591014,0.549519,72.085852,4.989938,0.835778,0.062629,0.443964,0.613629,0.531409,640.479643,0.642861,0.545063,0.755303,0.681169,0.57743,17.487865,759.348687,34.459335,41.058052,20.590318,2,1,5,1,3,2,3,2,1,3,1,4,1,1,5,5,2,5,2.51,Below Average,2,2,3,3,5,4,3,3,2,4,2,4,3,3,2.98,Average,0.47
236,SIN-ANN-0236,0.834705,0.842542,160.757964,15.880675,1.449519,0.171068,0.177069,0.30433,0.685074,1396.42977,0.442238,0.466586,0.471598,0.769047,0.875096,21.791278,228.161072,23.651954,88.098141,35.612162,1,1,4,1,1,1,1,2,1,2,2,2,1,1,5,5,5,5,2.1,Below Average,1,1,1,1,1,1,1,1,2,2,1,1,1,1,1.34,Poor,-0.76
237,SIN-ANN-0237,0.418282,0.675596,148.144303,12.015727,1.352449,0.151438,0.343132,0.425754,0.462934,907.867809,0.537914,0.431593,0.563471,0.575901,0.404719,20.10992,421.567421,19.780631,104.1883,10.218169,3,1,4,1,1,2,2,3,1,2,2,3,1,1,5,5,5,5,2.48,Below Average,4,2,2,2,2,3,2,2,3,3,3,3,2,3,2.48,Below Average,0
238,SIN-ANN-0238,0.623265,0.607548,170.178838,13.613691,1.357781,0.207684,0.193038,0.251972,0.561842,1154.684383,0.374323,0.724791,0.220294,0.717374,0.612414,16.380612,492.577906,25.259597,86.915291,24.791643,2,1,4,1,1,1,1,2,1,1,1,1,1,1,5,5,5,5,2.04,Below Average,1,1,1,2,1,1,1,1,1,1,1,1,1,1,1.04,Poor,-1
239,SIN-ANN-0239,0.389957,0.195778,20.104887,2.844201,1.076996,0.10217,0.28736,0.730321,0.570002,537.537047,0.807888,0.558416,0.544219,0.089194,0.378064,16.584916,30,27.834211,51.914764,26.14293,3,3,5,1,1,1,4,2,1,4,1,2,5,1,1,5,3,5,2.7,Average,4,4,4,5,4,3,4,4,2,3,5,3,5,3,3.76,Good,1.06
240,SIN-ANN-0240,0.5566,0.503285,55.885095,11.130056,1.182879,0.114229,0.167981,0.595984,0.57963,962.806095,0.820304,0.461166,0.65611,0.564485,0.535627,38.167706,411.423263,14.513148,134.918768,19.635488,2,1,5,1,1,1,3,2,1,4,2,3,1,3,5,5,5,5,2.61,Below Average,3,3,3,3,3,2,3,4,3,3,2,3,3,2,2.8,Average,0.19
241,SIN-ANN-0241,0.79299,0.769594,150.407297,11.24671,1.749996,0.16961,0.108029,0.455796,0.771417,1609.343905,0.312149,0.648847,0.21318,0.648138,0.734623,18.764954,86.966236,18.657849,153.540664,32.98325,1,1,5,1,1,1,2,1,1,1,1,1,1,1,2,5,5,5,1.92,Below Average,1,1,1,1,1,1,1,1,1,1,2,1,1,1,1,Poor,-0.92
242,SIN-ANN-0242,0.123191,0.548155,33.281566,8.91582,0.23171,0.088579,0.527368,0.513797,0.424534,549.611408,0.791724,0.434421,0.98,0.163577,0.086542,23.981773,518.754203,28.897892,148.217141,11.909611,5,1,5,4,2,3,2,3,1,4,2,5,4,1,5,5,5,5,3.45,Average,4,3,5,5,4,5,3,4,4,5,5,4,5,4,4.25,Good,0.8
243,SIN-ANN-0243,0.785265,0.51421,94.65296,10.130203,1.483131,0.187048,0.135985,0.377459,0.700056,1163.19942,0.417006,0.725263,0.351804,0.739511,0.822481,26.07454,398.261261,2.06892,115.752779,2.615688,1,1,5,1,1,1,1,1,1,2,1,1,1,2,5,3,5,4,1.96,Below Average,1,1,1,3,1,1,2,1,1,1,1,2,2,1,1.41,Poor,-0.55
244,SIN-ANN-0244,0.622631,0.756986,102.104593,24.081308,1.196755,0.179608,0.216933,0.590525,0.909551,1325.11199,0.301743,0.641988,0.301813,0.69982,0.616977,25.982359,717.245,38.356454,144.639646,19.593567,2,1,3,1,1,1,3,1,1,1,1,1,1,2,5,5,5,5,2.04,Below Average,1,1,1,1,2,1,2,1,1,2,1,1,1,1,1.13,Poor,-0.91
245,SIN-ANN-0245,0.159401,0.413308,77.466843,8.441398,0.622356,0.105725,0.447235,0.691019,0.404211,217.243864,0.555883,0.236887,0.803859,0.424185,0.153548,17.620929,3.120658,4.269682,30.359268,0.708692,5,2,5,2,1,2,3,3,3,3,4,4,2,1,1,5,1,2,2.87,Average,4,3,5,3,4,4,4,4,5,4,4,3,4,4,3.77,Good,0.9
246,SIN-ANN-0246,0.310173,0.682984,47.30728,9.870775,0.948593,0.108909,0.481314,0.625862,0.527128,160.468262,0.740569,0.278618,0.863407,0.324349,0.353298,20.307478,247.059505,28.465322,85.508463,29.425882,4,1,5,1,1,3,3,2,4,4,3,5,3,1,5,5,5,5,3.2,Average,4,3,4,3,5,4,4,4,4,4,5,4,4,5,4.49,Good,1.29
247,SIN-ANN-0247,0.43657,0.534946,98.803904,12.943773,0.786759,0.118443,0.239379,0.537577,0.722292,659.502499,0.613171,0.321513,0.355609,0.372895,0.454092,20.594286,69.128194,17.27717,98.378112,18.439725,3,1,4,1,1,1,2,1,1,3,3,1,3,1,2,5,5,5,2.31,Below Average,3,2,2,3,2,3,3,3,4,2,3,3,4,5,2.79,Average,0.48
248,SIN-ANN-0248,0.087346,0.079731,49.168104,13.533358,0.212304,0.106135,0.494397,0.859373,0.344091,239.796489,0.914273,0.198895,0.925349,0.083372,0.116456,27.114604,176.781454,26.204235,163.692869,29.796439,5,5,4,4,1,3,5,4,3,5,4,5,5,2,4,5,5,5,4.17,Good,5,5,5,5,5,5,5,5,5,5,5,5,5,5,4.97,Very Good,0.8
249,SIN-ANN-0249,0.301736,0.469015,74.439293,6.98808,1.370892,0.098566,0.19203,0.579141,0.591605,903.088119,0.674327,0.643621,0.559198,0.200303,0.355274,21.101889,50.868591,33.838309,23.777992,12.579793,4,1,5,1,2,1,3,2,1,3,1,3,4,1,2,5,1,5,2.52,Below Average,3,3,2,3,4,2,4,3,2,3,4,3,3,4,2.63,Average,0.11
250,SIN-ANN-0250,0.506174,0.624981,132.666962,10.78327,1.29145,0.133357,0.066359,0.28043,0.512471,556.5118,0.462759,0.430592,0.394946,0.880772,0.472518,33.560261,713.353197,21.070479,93.484837,8.356884,2,1,5,1,1,1,1,2,1,2,2,1,1,2,5,5,5,5,2.27,Below Average,2,2,3,2,3,1,1,2,2,1,1,3,3,2,1.84,Below Average,-0.43
251,SIN-ANN-0251,0.831863,0.647262,97.065625,10.03704,1.229284,0.174347,0.37037,0.482971,0.520201,571.380688,0.385218,0.397661,0.364199,0.816432,0.825748,30.557358,484.864843,26.88318,164.528524,7.374982,1,1,5,1,1,2,2,2,1,1,2,1,1,2,5,5,5,5,2.23,Below Average,1,2,2,2,1,3,2,1,3,1,1,3,3,1,1.86,Below Average,-0.37
252,SIN-ANN-0252,0.777624,0.853576,124.562225,9.842456,1.487255,0.176572,0.205727,0.26135,0.728323,649.666327,0.553233,0.78,0.313498,0.52249,0.801909,20.562904,345.647975,33.555578,64.533446,31.041134,1,1,5,1,1,1,1,1,1,3,1,1,2,1,5,5,3,5,2.06,Below Average,1,1,1,2,1,1,1,2,1,1,2,2,2,1,1.49,Poor,-0.57
253,SIN-ANN-0253,0.33047,0.387881,72.351438,6.122604,0.598565,0.114393,0.445388,0.610952,0.263769,543.712443,0.723732,0.243151,0.558312,0.19154,0.357048,32.75676,411.35906,20.452508,103.660625,0.2,4,2,5,2,1,2,3,4,1,4,4,3,4,2,5,5,5,1,3.16,Average,4,4,4,4,4,4,4,4,5,3,5,5,5,4,4.23,Good,1.07
254,SIN-ANN-0254,0.264193,0.378636,57.762468,3.109132,0.921334,0.082268,0.566204,0.672671,0.348214,25,0.922671,0.260483,0.815345,0.147844,0.166668,28.568801,139.302712,18.24138,59.896362,22.891894,4,2,5,1,2,3,3,4,5,5,3,4,5,2,4,5,3,5,3.51,Good,5,4,3,5,5,5,5,5,5,5,5,5,5,5,4.72,Very Good,1.21
255,SIN-ANN-0255,0.583965,0.429741,87.844124,7.035118,0.916611,0.114179,0.241854,0.634056,0.6471,140.297015,0.596064,0.315776,0.653536,0.552582,0.559275,24.980783,246.426153,20.515494,85.880667,22.233855,2,2,5,1,1,1,3,2,4,3,3,3,1,1,5,5,5,5,2.77,Average,2,3,4,4,3,2,3,3,4,3,2,3,3,3,3.06,Average,0.29
256,SIN-ANN-0256,0.277082,0.198015,16.416051,2.478701,1.022066,0.107367,0.340482,0.671328,0.497872,366.007642,0.675224,0.396454,0.586387,0.220222,0.288791,21.877721,300.364357,2.737094,89.553517,15.807821,4,3,5,1,1,2,3,3,2,3,2,3,4,1,5,4,5,5,3.09,Average,4,5,4,5,4,3,3,3,3,3,4,4,4,4,4.04,Good,0.95
257,SIN-ANN-0257,0.445386,0.293253,45.565294,7.714807,0.708525,0.141217,0.259825,0.416576,0.348084,426.763686,0.483581,0.473549,0.640007,0.554737,0.457159,19.258564,73.146999,30.367564,20,10.72298,3,3,5,1,1,1,2,4,2,2,2,3,1,1,2,5,1,5,2.51,Below Average,3,4,4,3,2,2,2,3,3,3,2,4,3,3,3.39,Average,0.88
258,SIN-ANN-0258,0.797918,0.574867,119.982926,11.621307,1.197925,0.192324,0.149631,0.311495,0.711493,1222.957178,0.435184,0.640772,0.301813,0.605141,0.806949,14.96309,209.931684,10.728991,124.040919,35.777903,1,1,5,1,1,1,1,1,1,2,1,1,1,1,5,5,5,5,2.04,Below Average,1,2,1,1,1,1,2,1,1,1,1,1,1,1,1.14,Poor,-0.9
259,SIN-ANN-0259,0.309022,0.55148,133.725354,16.439356,0.770351,0.063102,0.353201,0.605998,0.749331,752.050708,0.576998,0.284205,0.667306,0.375134,0.239387,32.986433,761.750488,23.787221,116.700781,32.511591,4,1,4,1,3,2,3,1,1,3,3,3,3,2,5,5,5,5,2.86,Average,3,2,4,2,5,3,3,3,4,4,3,2,4,3,2.8,Average,-0.06
260,SIN-ANN-0260,0.066794,0.145391,21.062594,9.44268,0.31222,0.114966,0.504101,0.737616,0.649754,277.05777,0.76589,0.242561,0.725262,0.157813,0.031167,25.069459,405.33021,2,86.839684,6.31242,5,4,5,3,1,3,4,2,3,4,4,4,4,2,5,3,5,5,3.74,Good,5,5,5,3,5,5,5,4,5,4,5,3,5,5,4.33,Good,0.59
261,SIN-ANN-0261,0.608682,0.441249,127.190672,5.054049,0.678276,0.111866,0.333431,0.654973,0.524535,716.636469,0.448413,0.458522,0.562443,0.630793,0.580086,32.395513,325.913826,31.365376,149.532593,0.2,2,2,5,1,1,2,3,2,1,2,2,3,1,2,5,5,5,1,2.45,Below Average,2,3,3,4,4,3,3,2,3,3,3,3,3,4,3.01,Average,0.56
262,SIN-ANN-0262,0.51763,0.78746,85.956297,6.296295,1.130004,0.125649,0.385821,0.533932,0.630028,195.776916,0.654699,0.413327,0.584986,0.225518,0.575938,18.172234,30,29.871146,143.388933,5.264073,2,1,5,1,1,2,2,2,4,3,2,3,4,1,1,5,5,5,2.62,Below Average,2,1,2,4,2,3,3,3,3,2,4,3,5,3,2.77,Average,0.15
263,SIN-ANN-0263,0.570918,0.197333,49.053331,13.793154,0.280225,0.111078,0.526313,0.881599,0.470131,25,0.759866,0.15528,0.844285,0.387537,0.587089,26.379766,553.294276,2.85785,42.647785,12.170892,2,3,4,4,1,3,5,3,5,4,4,4,3,2,5,4,2,5,3.46,Average,3,5,5,4,4,5,5,4,5,4,4,5,5,5,4.5,Very Good,1.04
264,SIN-ANN-0264,0.469541,0.429396,83.451165,2.720243,0.639901,0.087043,0.538912,0.77792,0.242501,492.274447,0.766962,0.349291,0.663973,0.430127,0.48299,34.550935,630.942483,12.818094,74.669028,12.556075,3,2,5,2,2,3,4,4,2,4,3,3,2,2,5,5,4,5,3.24,Average,3,3,5,5,5,5,4,4,4,4,3,5,3,3,4.31,Good,1.07
265,SIN-ANN-0265,0.386326,0.76962,91.377349,8.734837,1.595557,0.189536,0.2079,0.483429,0.831437,927.718318,0.453236,0.525129,0.480178,0.383469,0.364484,35.625704,757.224911,13.88612,139.805036,0.2,3,1,5,1,1,1,2,1,1,2,1,2,3,3,5,5,5,1,2.34,Below Average,3,1,2,2,1,3,2,2,2,2,3,1,2,3,1.81,Below Average,-0.53
266,SIN-ANN-0266,0.658142,0.523797,73.542936,13.026584,1.307495,0.140531,0.313545,0.539291,0.811317,465.866714,0.702576,0.540807,0.830157,0.410276,0.604234,16.16646,102.72553,42.864458,128.91777,24.229696,2,1,4,1,1,2,2,1,2,4,1,4,2,1,3,5,5,5,2.41,Below Average,2,2,2,4,3,3,3,3,2,4,3,2,4,2,2.57,Average,0.16
267,SIN-ANN-0267,0.610383,0.447287,144.474661,7.205016,1.621475,0.147484,0.314832,0.381563,0.967603,1043.314811,0.679482,0.78,0.23624,0.418663,0.523375,27.591446,237.395286,2,77.625311,0.2,2,2,5,1,1,2,1,1,1,3,1,1,2,2,5,3,4,1,2.13,Below Average,2,2,1,2,2,3,2,3,1,1,2,1,2,3,2.09,Below Average,-0.04
268,SIN-ANN-0268,0.673163,0.563287,107.671677,14.08915,1.961152,0.190441,0.226445,0.306913,0.810498,1472.968603,0.430672,0.734909,0.300864,0.840489,0.702699,23.946685,818.584469,17.889018,120.51322,19.041654,2,1,4,1,1,1,1,1,1,2,1,1,1,1,5,5,5,5,2.04,Below Average,1,1,1,3,1,1,1,1,1,1,1,1,1,1,1.24,Poor,-0.8
269,SIN-ANN-0269,0.125596,0.30627,71.628174,10.995788,1.299952,0.134531,0.444246,0.63554,0.678123,461.971816,0.956962,0.221395,0.746424,0.323832,0.114941,25.600618,330.868811,13.570622,22.923921,31.321651,5,2,5,1,1,2,3,2,2,5,4,4,3,2,5,5,1,5,3.16,Average,5,4,3,3,4,4,4,5,4,4,4,3,4,4,3.83,Good,0.67
270,SIN-ANN-0270,1.008151,0.508182,87.669506,18.004921,1.569779,0.146625,0.193274,0.275115,0.922028,1221.04977,0.424153,0.747108,0.28931,0.660459,0.973272,32.694453,406.919534,7.948607,63.075057,17.139249,1,1,4,1,1,1,1,1,1,2,1,1,1,2,5,5,3,5,1.91,Below Average,1,2,1,1,2,1,1,2,1,1,1,1,1,1,1.22,Poor,-0.69
271,SIN-ANN-0271,0.220076,0.311085,18.559652,8.766726,0.348931,0.088256,0.390773,0.859404,0.76735,717.203219,0.861482,0.463044,0.604794,0.301976,0.235496,32.035914,737.453808,15.948978,112.002981,1.512062,4,2,5,3,2,2,5,1,1,5,2,3,3,2,5,5,5,3,3.22,Average,5,4,5,5,4,4,5,4,3,3,4,2,4,4,3.87,Good,0.65
272,SIN-ANN-0272,0.280697,0.0475,15.85281,5.60582,0.404354,0.107884,0.391661,0.814631,0.465047,619.183216,0.953892,0.208564,0.798674,0.17829,0.252936,18.337799,295.599148,15.294569,151.490096,24.715547,4,5,5,3,1,2,4,3,1,5,4,4,4,1,5,5,5,5,3.73,Good,4,5,5,5,5,4,5,5,5,5,5,4,5,4,5,Very Good,1.27
273,SIN-ANN-0273,0.236276,0.554763,60.010957,10.010408,0.944753,0.128372,0.333263,0.742672,0.650214,323.424171,0.766532,0.474387,0.535572,0.234909,0.253983,23.97106,30,22.580804,49.380788,19.66844,4,1,5,1,1,2,4,2,3,4,2,2,4,1,1,5,2,5,2.72,Average,4,3,2,4,3,3,3,4,2,3,4,3,4,3,3.2,Average,0.48
274,SIN-ANN-0274,0.794799,0.338208,86.116953,12.044838,1.115894,0.172799,0.196233,0.414294,0.927882,1011.738539,0.526235,0.454639,0.29072,0.704498,0.764535,31.182347,30,10.957887,75.275636,8.32286,1,2,4,1,1,1,2,1,1,2,2,1,1,2,1,5,4,5,1.98,Below Average,1,2,2,3,2,2,3,2,3,1,1,1,3,2,1.77,Below Average,-0.21
275,SIN-ANN-0275,0.546531,0.740604,122.631698,15.067952,1.264529,0.14944,0.205353,0.326981,0.644861,891.027736,0.650503,0.590575,0.517747,0.514102,0.511752,24.735131,219.225345,15.727134,118.151652,8.180946,2,1,4,1,1,1,1,2,1,3,1,2,2,1,5,5,5,5,2.24,Below Average,2,2,1,1,2,2,2,3,2,3,3,3,2,3,2.49,Below Average,0.25
276,SIN-ANN-0276,1.005822,0.952863,118.33464,10.59297,0.751491,0.19103,0.272075,0.323176,0.887782,1107.36971,0.453807,0.593172,0.236171,0.496001,0.997439,24.91091,278.025017,26.330073,52.071485,18.271549,1,1,5,1,1,1,1,1,1,2,1,1,2,1,5,5,3,5,2.01,Below Average,1,1,1,1,1,1,1,1,1,1,1,1,1,1,1,Poor,-1.01
277,SIN-ANN-0277,0.121965,0.101673,55.859118,0,0.355648,0.08743,0.31013,0.816208,0.420341,494.065331,0.947691,0.150682,0.911132,0.236325,0.177042,26.325011,267.847667,13.420148,121.81556,5.367457,5,4,5,3,2,2,4,3,2,5,4,5,4,2,5,5,5,5,3.92,Good,4,5,5,5,5,4,5,5,5,5,5,5,5,5,4.59,Very Good,0.67
278,SIN-ANN-0278,0.420073,0.420287,75.505306,9.682498,0.630713,0.165762,0.349639,0.475179,0.866991,963.589904,0.697886,0.46142,0.529337,0.466761,0.379108,11,111.217356,16.141237,20,27.145417,3,2,5,2,1,2,2,1,1,3,2,2,2,1,3,5,1,5,2.45,Below Average,3,2,3,3,2,2,1,3,3,2,3,1,2,2,2.11,Below Average,-0.34
279,SIN-ANN-0279,0.251709,0.146586,0,14.383878,0.784283,0.086802,0.329782,0.953199,0.49851,684.378323,0.952283,0.312222,0.754211,0.4335,0.274138,12.273523,333.527648,4.151671,70.463406,34.494611,4,4,4,1,2,2,5,3,1,5,3,4,2,1,5,5,4,5,3.29,Average,4,5,4,4,5,4,5,5,5,5,4,5,5,5,4.55,Very Good,1.26
280,SIN-ANN-0280,0.111134,0.144095,105.497611,7.521808,0.536897,0.062395,0.478074,0.673426,0.44597,245.757264,0.880648,0.230086,0.744617,0.41705,0.104628,18.200763,171.924759,18.396928,95.37751,39.987941,5,4,5,2,3,3,3,3,3,5,4,4,2,1,4,5,5,5,3.7,Good,5,5,5,5,5,5,4,5,5,4,4,5,4,5,4.63,Very Good,0.93
281,SIN-ANN-0281,0.635581,0.496491,54.127481,20.023694,1.429985,0.179899,0.179771,0.502929,0.782601,735.815975,0.465194,0.539828,0.461955,0.789913,0.644607,28.196995,176.648953,18.576761,152.066465,25.081976,2,1,3,1,1,1,2,1,1,2,1,2,1,2,4,5,5,5,2.05,Below Average,2,2,2,1,1,1,3,3,2,2,1,1,2,2,1.67,Below Average,-0.38
282,SIN-ANN-0282,0.572903,0.527748,88.72333,15.329306,0.875252,0.105755,0.213553,0.558876,0.645977,1263.924403,0.256503,0.657555,0.493403,0.619235,0.529903,15.468885,15.390855,8.712945,40.090264,4.524329,2,1,4,1,1,1,3,2,1,1,1,2,1,1,1,5,2,5,1.91,Below Average,2,2,3,2,3,2,3,1,1,2,2,3,2,2,2.1,Below Average,0.19
283,SIN-ANN-0283,0.406124,0.350648,88.242612,9.675108,0.647636,0.099732,0.40471,0.826896,0.48452,592.903134,0.834188,0.222043,0.645636,0.54171,0.387822,22.355449,121.375977,11.034125,139.671125,13.506788,3,2,5,2,2,2,4,3,1,4,4,3,2,1,3,5,5,5,3.06,Average,3,3,5,4,4,4,5,4,4,3,3,4,4,3,3.5,Good,0.44
284,SIN-ANN-0284,0.249886,0.177425,20.392163,7.195699,0.552567,0.103995,0.46631,0.762453,0.715071,511.134163,0.744273,0.240331,0.88718,0.381938,0.198429,28.53166,144.405794,17.366968,114.433366,0.2,4,4,5,2,1,3,4,1,1,4,4,5,3,2,4,5,5,1,3.29,Average,4,5,4,4,4,4,5,4,4,5,4,2,4,5,3.85,Good,0.56
285,SIN-ANN-0285,0.076986,0.173107,51.123839,7.814068,0.71548,0.148736,0.418532,0.738707,0.475231,640.813754,0.619187,0.412936,0.914898,0.246793,0.02,33.916285,132.517356,8.811041,22.468959,12.392049,5,4,5,1,1,2,4,3,1,3,2,5,4,2,4,5,1,5,3.24,Average,4,4,4,4,3,4,5,4,4,5,5,3,4,4,4.01,Good,0.77
286,SIN-ANN-0286,0.0912,0.263605,93.252264,4.201631,0.580452,0.099254,0.368866,0.710537,0.48588,414.964497,0.385761,0.404843,0.787061,0.162584,0.117829,34.346328,437.826767,6.917211,56.510245,36.506365,5,3,5,2,2,2,4,3,2,1,2,4,4,2,5,5,3,5,3.31,Average,5,4,4,4,4,3,4,3,4,4,5,3,4,4,3.69,Good,0.38
287,SIN-ANN-0287,0.261376,0.204517,59.064544,11.236753,1.82326,0.134144,0.303404,0.527746,0.647765,791.182827,0.689177,0.477196,0.414197,0.341401,0.233362,24.647599,135.293187,3.369167,143.848061,10.375891,4,3,5,1,1,2,2,2,1,3,2,2,3,1,4,4,5,5,2.8,Average,4,4,3,3,3,2,2,4,2,2,4,3,3,3,3.36,Average,0.56
288,SIN-ANN-0288,0,0.215717,78.372778,12.783543,0.34276,0.079802,0.504329,0.85731,0.416307,237.696,0.878147,0.268792,0.892496,0.235938,0.060703,21.595123,465.396772,12.575858,37.860962,23.326361,5,3,4,3,2,3,5,3,3,5,3,5,4,1,5,5,2,5,3.68,Good,5,5,5,3,5,5,5,5,4,5,5,5,5,5,4.8,Very Good,1.12
289,SIN-ANN-0289,0.388652,0.235275,52.522711,14.438516,1.171593,0.131824,0.429546,0.614178,0.794198,743.543365,0.820193,0.344096,0.561387,0.494961,0.312442,26.310075,211.046496,9.499313,55.398454,30.735233,3,3,4,1,1,2,3,1,1,4,3,3,2,2,5,5,3,5,2.76,Average,3,4,2,3,4,4,3,4,3,3,3,2,3,2,3.45,Average,0.69
290,SIN-ANN-0290,0.396927,0.367642,76.827212,14.454484,1.300163,0.103764,0.207952,0.564591,0.376838,1028.647744,0.332909,0.367144,0.444059,0.439995,0.434782,15.568594,244.292497,8.66254,100.358826,39.407187,3,2,4,1,1,1,3,3,1,1,3,2,2,1,5,5,5,5,2.57,Below Average,4,2,3,3,3,2,3,2,4,3,3,4,3,4,2.94,Average,0.37
291,SIN-ANN-0291,0.528671,0.353632,61.27165,6.453237,0.783462,0.104587,0.416427,0.486295,0.507808,434.155736,0.430938,0.433806,0.669768,0.307533,0.55033,18.601574,48.086787,20.935131,73.9712,21.066832,2,2,5,1,1,2,2,2,2,2,2,3,3,1,1,5,4,5,2.47,Below Average,3,3,4,2,3,3,2,2,4,3,3,3,4,3,3.25,Average,0.78
292,SIN-ANN-0292,0.395655,0.130053,54.291481,5.636816,0.623165,0.079496,0.447693,0.904068,0.554266,613.515031,0.87341,0.281073,0.864981,0.065266,0.378023,24.871723,552.072203,7.806697,93.709572,0.2,3,4,5,2,2,2,5,2,1,5,3,5,5,1,5,5,5,1,3.41,Average,4,5,5,5,5,5,5,4,5,5,5,4,5,5,4.95,Very Good,1.54
293,SIN-ANN-0293,0.533272,0.38342,105.651584,5.425591,0.894523,0.076849,0.463682,0.922802,0.420289,497.027039,0.920132,0.504848,0.767785,0.243701,0.514733,26.140604,457.685364,28.577186,122.087711,20.229383,2,2,5,1,2,3,5,3,2,5,2,4,4,2,5,5,5,5,3.26,Average,3,4,4,4,4,4,5,5,3,4,3,4,5,4,3.87,Good,0.61
294,SIN-ANN-0294,0.604399,0.521161,164.20852,9.164356,2.097304,0.185904,0.213896,0.348048,0.69055,1309.191831,0.428459,0.306129,0.519158,0.465684,0.586837,24.449679,309.420929,19.033612,73.371623,35.732884,2,1,5,1,1,1,1,2,1,2,3,2,2,1,5,5,4,5,2.34,Below Average,2,2,1,2,1,2,2,2,3,1,2,2,2,2,2.18,Below Average,-0.16
295,SIN-ANN-0295,0.935029,0.663712,125.089256,18.523239,1.467741,0.217787,0.225454,0.466835,0.623614,555.812531,0.298715,0.590396,0.307515,0.867446,0.929436,31.06128,271.846272,29.914623,120.114276,34.466737,1,1,4,1,1,1,2,2,1,1,1,1,1,2,5,5,5,5,2.04,Below Average,1,1,1,1,1,2,1,1,1,1,1,1,3,1,1.44,Poor,-0.6
296,SIN-ANN-0296,0.60805,0.641498,175.708962,10.846511,1.564959,0.146077,0.409375,0.322525,0.837988,721.537736,0.447748,0.505188,0.168418,0.729691,0.634561,13.78878,75.881745,26.667378,116.665969,18.691172,2,1,5,1,1,2,1,1,1,2,2,1,1,1,2,5,5,5,2.11,Below Average,2,2,2,3,3,3,2,1,2,1,1,1,3,3,2.06,Below Average,-0.05
297,SIN-ANN-0297,0.554677,0.099605,23.893432,11.784055,0.312727,0.069756,0.308548,0.631316,0.577872,1179.028251,0.622427,0.473668,0.636905,0.156302,0.526605,28.915641,339.204633,44.275688,104.452288,9.196351,2,5,5,3,3,2,3,2,1,3,2,3,4,2,5,5,5,5,3.34,Average,3,5,3,4,5,3,3,3,3,4,5,3,3,5,3.88,Good,0.54
298,SIN-ANN-0298,0.578607,0.588765,73.745944,10.093138,1.349577,0.123126,0.142971,0.411638,0.583558,721.817187,0.424243,0.427462,0.443994,0.722047,0.650153,27.432749,205.528816,9.186884,116.233877,20.33113,2,1,5,1,1,1,2,2,1,2,2,2,1,2,5,5,5,5,2.37,Below Average,1,2,3,3,3,1,1,2,3,2,1,2,4,2,1.91,Below Average,-0.46
299,SIN-ANN-0299,0.348948,0.134949,62.581799,8.421947,0.138909,0.0771,0.471116,0.780044,0.446515,210.026408,0.953961,0.197366,0.738698,0.226247,0.363973,37.566906,176.412078,18.423771,114.472974,20.775547,4,4,5,5,2,3,4,3,3,5,4,4,4,3,4,5,5,5,4.06,Good,5,5,5,5,5,5,5,5,5,4,5,5,5,5,4.81,Very Good,0.75
300,SIN-ANN-0300,0,0.103898,0,4.753978,0.442815,0.082579,0.427197,0.790749,0.139714,196.261323,0.95085,0.153463,0.961954,0.116992,0.02,22.050424,738.604135,2,128.935048,29.077012,5,4,5,3,2,2,4,5,4,5,4,5,5,1,5,3,5,5,4.05,Good,5,5,4,5,4,4,5,5,5,5,5,5,4,5,4.66,Very Good,0.61
301,SIN-ANN-0301,0.109342,0.185962,39.130872,9.306831,0.504368,0.09204,0.414132,0.807358,0.479698,1075.117157,0.643067,0.199508,0.448084,0.112781,0.06198,15.561292,30,24.803794,89.152,18.075084,5,3,5,2,2,2,4,3,1,3,4,2,5,1,1,5,5,5,3.29,Average,4,5,4,3,5,3,4,3,5,3,5,4,4,4,3.99,Good,0.7
302,SIN-ANN-0302,0.144345,0.225362,84.970079,9.232715,0.448603,0.132599,0.346217,0.57721,0.751573,179.40615,0.915367,0.543692,0.575434,0.346385,0.053255,26.212826,204.184913,6.671325,115.880143,20.162744,5,3,5,3,1,2,3,1,4,5,1,3,3,2,5,5,5,5,3.43,Average,4,4,5,5,3,4,4,5,2,3,4,2,5,4,3.71,Good,0.28
303,SIN-ANN-0303,0.236949,0.015364,26.268022,2.974863,0.791216,0.101081,0.45963,0.835295,0.574454,476.508719,0.915636,0.463508,0.64522,0.045879,0.253067,15.379202,560.457783,40.693402,60.091304,19.775211,4,5,5,1,1,3,4,2,2,5,2,3,5,1,5,5,3,5,3.42,Average,5,5,5,5,5,5,5,5,4,5,5,3,5,5,4.86,Very Good,1.44
304,SIN-ANN-0304,0.527797,0.594789,89.415012,0.654006,1.470998,0.134783,0.358909,0.703034,0.570671,789.406252,0.781011,0.56027,0.498437,0.312327,0.440946,24.19592,314.570465,39.504353,79.749177,17.802461,2,1,5,1,1,2,4,2,1,4,1,2,3,1,5,5,4,5,2.59,Below Average,3,3,3,4,3,3,4,4,2,3,3,3,4,3,3.42,Average,0.83
305,SIN-ANN-0305,0.549052,0.538011,105.672557,12.724799,1.037129,0.164044,0.2536,0.477252,0.680423,741.144263,0.370264,0.619501,0.462697,0.804021,0.585202,27.100089,446.763558,28.751311,99.341844,11.444704,2,1,4,1,1,1,2,2,1,1,1,2,1,2,5,5,5,5,2.18,Below Average,3,2,2,2,1,2,3,2,2,2,1,1,2,2,2.15,Below Average,-0.03
306,SIN-ANN-0306,0.124757,0.043844,0,1.933631,0.181487,0.084017,0.558679,0.60196,0.433121,68.781488,0.824924,0.034856,0.951119,0.560512,0.071517,14.904371,413.891144,3.890382,92.736522,18.864203,5,5,5,4,2,3,3,3,5,4,5,5,1,1,5,5,5,5,4.05,Good,5,5,5,5,5,5,4,5,5,5,3,5,5,5,4.94,Very Good,0.89
307,SIN-ANN-0307,0.574011,0.936831,116.599855,17.06188,1.665205,0.166094,0.465995,0.542826,0.708564,1121.77233,0.547209,0.594521,0.57748,0.558323,0.533985,24.4566,140.294444,15.770627,83.974358,0.2,2,1,4,1,1,3,2,1,1,2,1,3,1,1,4,5,4,1,2.05,Below Average,1,1,2,1,2,3,3,2,2,3,2,2,2,2,1.66,Below Average,-0.39
308,SIN-ANN-0308,0.787887,0.768355,90.602281,18.131525,1.801357,0.181646,0.141289,0.334849,0.661597,943.486705,0.231164,0.630954,0.58689,0.665173,0.841443,24.685217,715.578294,21.588219,107.037621,31.762998,1,1,4,1,1,1,1,2,1,1,1,3,1,1,5,5,5,5,2.05,Below Average,1,1,1,1,1,1,1,1,1,2,1,2,1,1,1.06,Poor,-0.99
309,SIN-ANN-0309,0.804213,0.741271,122.096235,8.690399,1.898856,0.218308,0.099774,0.382843,0.832465,1511.262306,0.345459,0.653558,0.25292,0.677465,0.784007,25.493874,200.593731,24.190617,132.04584,13.801316,1,1,5,1,1,1,1,1,1,1,1,1,1,2,5,5,5,5,2.03,Below Average,1,2,1,1,1,1,1,1,1,1,1,1,1,1,1.28,Poor,-0.75
310,SIN-ANN-0310,0.708145,0.375786,130.381529,15.189068,1.330333,0.176489,0.07236,0.277301,0.82714,1402.347886,0.448553,0.709584,0.287395,0.719916,0.698421,20.951581,62.237875,4.848903,35.864519,0.339145,1,2,4,1,1,1,1,1,1,2,1,1,1,1,2,5,2,1,1.64,Poor,1,1,1,1,1,1,1,1,1,1,1,2,1,2,1,Poor,-0.64
311,SIN-ANN-0311,0.5884,0.425258,38.844181,4.336025,0.895382,0.126606,0.266876,0.328834,0.490699,919.988582,0.465888,0.543036,0.440482,0.722393,0.615691,16.221388,569.671698,23.347789,58.648293,7.4837,2,2,5,1,1,1,1,3,1,2,1,2,1,1,5,5,3,5,2.29,Below Average,2,2,3,4,2,2,1,1,2,2,2,3,2,3,1.9,Below Average,-0.39
312,SIN-ANN-0312,0.281744,0.397983,92.17284,14.240296,1.231969,0.123148,0.485992,0.599402,0.511867,552.017303,0.60511,0.588413,0.529719,0.496546,0.293512,30.116026,991.567507,41.423348,120.24995,53.90555,4,2,4,1,1,3,3,2,1,3,1,2,2,2,5,5,5,5,2.74,Average,4,3,1,2,4,4,3,3,3,2,3,4,4,3,3.08,Average,0.34
313,SIN-ANN-0313,0.273208,0.115651,34.357618,7.534504,0.756435,0.108134,0.502241,0.767631,0.329259,598.631014,0.768208,0.348958,0.925146,0.234969,0.254235,31.578556,30,13.826532,70.620138,25.133591,4,4,5,1,1,3,4,4,1,4,3,5,4,2,1,5,4,5,3.36,Average,5,4,4,5,4,5,5,4,5,5,5,5,5,5,4.85,Very Good,1.49
314,SIN-ANN-0314,0.778085,0.236165,0,10.947302,0.470856,0.099589,0.367394,0.730564,0.683602,1190.956818,0.675517,0.350491,0.670191,0.407735,0.804654,25.988398,30,11.828962,131.785259,31.541636,1,3,5,2,2,2,4,2,1,3,3,3,2,2,1,5,5,5,2.78,Average,2,5,4,3,4,3,4,3,3,3,3,3,3,2,3.02,Average,0.24
315,SIN-ANN-0315,0.697612,0.644342,45.967104,6.290214,0.919044,0.156254,0.362707,0.45919,0.547971,491.468754,0.492562,0.505169,0.58282,0.536955,0.731825,21.275292,205.406331,25.919767,51.928382,11.982461,2,1,5,1,1,2,2,2,2,2,2,3,2,1,5,5,3,5,2.45,Below Average,2,3,4,3,1,3,2,2,3,3,2,4,3,2,2.5,Average,0.05
316,SIN-ANN-0316,0.143665,0.164372,43.664747,7.012674,0.816424,0.105791,0.4905,0.719919,0.60951,502.609855,0.86414,0.174457,0.905326,0.207005,0.153459,30.872079,297.808171,5.9928,42.393415,24.593617,5,4,5,1,1,3,4,2,1,5,4,5,4,2,5,5,2,5,3.52,Good,5,5,4,5,5,4,5,5,5,5,5,4,4,5,4.88,Very Good,1.36
317,SIN-ANN-0317,0.218812,0.142988,78.773969,13.199928,0.706796,0.13126,0.338631,0.462177,0.723816,1202.153777,0.553379,0.569911,0.430653,0.605887,0.187503,14.5596,686.819142,27.315312,82.338837,17.18498,4,4,4,1,1,2,2,1,1,3,1,2,1,1,5,5,4,5,2.64,Below Average,4,4,2,3,3,3,2,2,2,2,2,2,3,2,2.78,Average,0.14
318,SIN-ANN-0318,0.482393,0.105974,62.140958,12.031325,1.101172,0.14286,0.111625,0.464017,0.684245,1273.643187,0.592347,0.367792,0.666964,0.348691,0.523453,19.764029,549.002404,18.825196,104.821885,36.023867,3,4,4,1,1,1,2,2,1,3,3,3,3,1,5,5,5,5,2.84,Average,2,4,3,4,3,1,3,3,3,3,4,3,2,3,2.91,Average,0.07
319,SIN-ANN-0319,0.283518,0.364338,129.390054,9.269193,0.854168,0.103942,0.233177,0.514405,0.568322,846.130998,0.529519,0.6769,0.47365,0.641551,0.276336,31.920041,828.702587,37.226669,70.695424,0.2,4,2,5,1,1,1,2,2,1,2,1,2,1,2,5,5,4,1,2.38,Below Average,4,3,3,4,3,2,3,3,2,3,1,4,2,4,3.11,Average,0.73
320,SIN-ANN-0320,0.475646,0.378879,115.213061,15.690404,1.307374,0.111494,0.291548,0.471374,0.805422,924.875206,0.848133,0.502738,0.537009,0.14698,0.488226,31.715866,545.379165,2.502887,101.939606,4.780604,3,2,4,1,1,1,2,1,1,4,2,2,5,2,5,4,5,5,2.67,Below Average,3,3,2,2,4,3,2,4,3,3,4,2,3,2,3.2,Average,0.53
321,SIN-ANN-0321,0.417792,0.589038,108.454982,12.32304,0.672185,0.142944,0.326003,0.702743,0.59131,642.9763,0.579978,0.632095,0.507175,0.284304,0.464086,26.960412,30,27.173473,148.603735,2.953443,3,1,4,1,1,2,4,2,1,3,1,2,3,2,1,5,5,4,2.42,Below Average,3,3,3,2,3,3,4,3,2,2,5,3,3,2,2.91,Average,0.49
322,SIN-ANN-0322,0.259407,0.401846,13.230962,11.635906,0.88654,0.139073,0.442744,0.632345,0.461727,998.096902,0.834863,0.429972,0.758656,0.586499,0.188064,27.93358,287.856765,15.493115,103.772166,7.950268,4,2,5,1,1,2,3,3,1,4,2,4,1,2,5,5,5,5,2.98,Average,4,4,3,3,3,4,4,5,3,5,3,5,3,4,3.95,Good,0.97
323,SIN-ANN-0323,0.723768,0.544292,142.646354,13.933502,0.960921,0.170262,0.183201,0.544304,0.639461,803.810184,0.283893,0.66674,0.551723,0.518594,0.75621,13.73744,30.450188,8.984746,35.626724,0,1,1,4,1,1,1,2,2,1,1,1,3,2,1,1,5,2,1,1.71,Poor,2,2,2,2,2,2,3,1,2,2,2,3,2,3,2.32,Below Average,0.61
324,SIN-ANN-0324,0.373299,0.591753,96.601924,12.512591,1.358594,0.11036,0.283186,0.777952,0.783834,593.492503,0.619785,0.575956,0.832893,0.447182,0.362925,19.425337,452.457587,12.972276,103.534894,8.869973,3,1,4,1,1,1,4,1,1,3,1,4,2,1,5,5,5,5,2.53,Below Average,3,3,2,3,3,3,4,3,2,4,3,3,3,4,3.07,Average,0.54
325,SIN-ANN-0325,0.019499,0.225592,10.682679,10.910605,0.502218,0.113497,0.444201,0.865987,0.486487,264.39965,0.954852,0.188338,0.823789,0.242033,0.02,32.34852,626.548651,4.106275,20,15.379092,5,3,5,2,1,2,5,3,3,5,4,4,4,2,5,5,1,5,3.58,Good,5,5,5,5,5,5,5,5,5,4,5,5,4,4,4.76,Very Good,1.18
326,SIN-ANN-0326,0.344955,0.406074,50.078536,6.582931,0.623848,0.099722,0.6,0.689493,0.473004,259.545062,0.538113,0.224369,0.841608,0.409689,0.258267,14.829821,457.862741,4.3503,98.391139,24.957084,4,2,5,2,2,4,3,3,3,2,4,4,2,1,5,5,5,5,3.33,Average,4,4,4,3,4,5,4,3,4,4,3,5,5,5,3.98,Good,0.65
327,SIN-ANN-0327,0.09589,0.181536,3.96211,8.477438,0.180412,0.063784,0.518638,0.763905,0.356629,170.546482,0.906512,0.047276,0.845994,0.295847,0.130038,12.415191,1.065489,6.4478,51.764969,3.769725,5,3,5,4,3,3,4,3,4,5,5,4,3,1,1,5,3,4,3.75,Good,5,5,5,5,5,5,5,5,5,5,5,5,5,5,5,Very Good,1.25
328,SIN-ANN-0328,0.851695,0.431995,108.648007,19.953765,1.080284,0.149118,0.137315,0.495686,0.745494,986.074099,0.269101,0.501136,0.334831,0.578831,0.842029,33.170584,30,16.932659,56.838638,16.716536,1,2,4,1,1,1,2,1,1,1,2,1,1,2,1,5,3,5,1.89,Poor,1,2,1,1,2,1,1,1,2,1,1,2,1,1,1,Poor,-0.89
329,SIN-ANN-0329,0.456952,0.208793,57.603297,9.343692,0.746831,0.072693,0.337447,0.552118,0.383809,136.60141,0.98,0.32443,0.867181,0.313729,0.396413,28.086625,392.604095,2.591489,120.716116,23.993972,3,3,5,1,2,2,3,3,4,5,3,5,3,2,5,4,5,5,3.39,Average,3,5,3,3,5,3,3,5,4,4,4,5,5,4,3.97,Good,0.58
330,SIN-ANN-0330,0.782043,0.737789,143.464461,10.579755,0.84909,0.163399,0.318214,0.425215,0.973744,1478.383157,0.487314,0.516798,0.364147,0.741418,0.8017,15.59667,91.88334,31.190484,88.610836,28.350797,1,1,5,1,1,2,2,1,1,2,2,1,1,1,3,5,5,5,2.11,Below Average,2,1,3,3,2,3,2,2,2,1,1,1,1,3,1.96,Below Average,-0.15
331,SIN-ANN-0331,0.375125,0.256758,20.312792,13.563363,0.736013,0.080753,0.514976,0.639776,0.630119,608.32066,0.895063,0.178232,0.815607,0.224173,0.275174,18.281736,30,13.282423,105.16725,16.96669,3,3,4,1,2,3,3,2,1,5,4,4,4,1,1,5,5,5,3.04,Average,4,3,5,4,5,5,4,4,4,5,4,3,4,3,4.31,Good,1.27
332,SIN-ANN-0332,0.186013,0.175769,50.637833,6.106081,0,0.09477,0.422233,0.810068,0.360234,165.144059,0.94375,0.145671,0.978675,0.331276,0.21077,23.636468,416.604751,8.190282,161.174335,38.410151,5,4,5,5,2,2,4,3,4,5,5,5,3,1,5,5,5,5,4.15,Good,5,5,5,5,5,5,5,5,5,5,4,5,5,4,4.7,Very Good,0.55
333,SIN-ANN-0333,0.596888,0.599912,19.880249,8.692663,0.831778,0.137507,0.277729,0.390928,0.687533,256.695384,0.693316,0.604089,0.355396,0.390394,0.599195,21.61312,515.594948,25.084096,104.684359,37.151191,2,1,5,1,1,1,1,2,3,3,1,1,3,1,5,5,5,5,2.43,Below Average,2,2,3,2,2,2,2,3,1,2,2,3,4,3,2.42,Below Average,-0.01
334,SIN-ANN-0334,0.374597,0.380676,79.687666,7.80206,0.612221,0.122597,0.375267,0.494068,0.480848,1233.51618,0.63134,0.531718,0.702573,0.532402,0.386052,38.881146,527.344346,41.394771,152.829486,0.2,3,2,5,2,1,2,2,3,1,3,1,4,2,3,5,5,5,1,2.76,Average,3,4,3,4,4,3,4,3,3,4,3,3,1,3,3.34,Average,0.58
335,SIN-ANN-0335,0.837334,0.458805,101.690248,9.613571,1.258726,0.186523,0.191831,0.288306,0.736022,1467.705742,0.514876,0.669879,0.405105,0.700253,0.763418,24.80615,166.276798,15.885931,96.914768,28.52886,1,1,5,1,1,1,1,1,1,2,1,2,1,1,4,5,5,5,2.05,Below Average,1,2,1,2,1,1,1,2,1,1,1,1,1,1,1.24,Poor,-0.81
336,SIN-ANN-0336,0.18766,0.143109,0,9.575904,0,0.086497,0.581118,0.612232,0.474662,164.961132,0.98,0.29956,0.779438,0.173405,0.170074,19.906757,294.736777,23.459261,41.703978,16.433781,5,4,5,5,2,3,3,3,4,5,3,4,4,1,5,5,2,5,3.93,Good,5,5,5,5,5,5,4,5,5,4,5,5,5,5,4.78,Very Good,0.85
337,SIN-ANN-0337,0.335696,0.394878,95.891999,9.977033,0.406447,0.15187,0.291384,0.474138,0.631754,834.157721,0.810152,0.433722,0.783154,0.669068,0.387507,21.508523,350.362671,19.988743,133.019154,21.765068,4,2,5,3,1,1,2,2,1,4,2,4,1,1,5,5,5,5,2.97,Average,4,3,4,3,3,3,2,4,3,4,2,3,4,1,2.83,Average,-0.14
338,SIN-ANN-0338,0.33925,0.323503,60.987908,12.734396,0.565444,0.098805,0.496067,0.807755,0.432391,740.928237,0.702859,0.323217,0.98,0.220556,0.366612,23.257915,724.556059,17.786591,80.317723,1.611013,4,2,4,2,2,3,4,3,1,4,3,5,4,1,5,5,4,3,3.22,Average,4,4,3,3,4,5,4,4,5,5,5,5,4,4,3.92,Good,0.7
339,SIN-ANN-0339,0.776089,0.487009,91.929645,5.104122,0.850944,0.15945,0.341515,0.508619,0.559196,1076.036049,0.706027,0.732961,0.523199,0.496098,0.851266,22.46572,750.441652,18.414087,99.270183,24.202756,1,1,5,1,1,2,2,2,1,4,1,2,2,1,5,5,5,5,2.39,Below Average,1,2,3,4,3,3,3,3,2,2,3,3,2,2,2.49,Below Average,0.1
340,SIN-ANN-0340,0.076675,0.26424,45.020308,10.797874,0.493553,0.080105,0.525953,0.699008,0.478081,314.819311,0.98,0.23595,0.967137,0.319639,0.087476,16.234657,382.550603,23.430888,20,20.105654,5,3,5,2,2,3,3,3,3,5,4,5,3,1,5,5,1,5,3.54,Good,5,5,5,5,5,5,4,5,5,5,4,5,5,5,5,Very Good,1.46
341,SIN-ANN-0341,0.482961,0.123379,0,8.645686,0.94698,0.114864,0.396745,0.756283,0.294972,1005.387105,0.881024,0.411759,0.704996,0.476616,0.49402,31.309587,350.923665,17.802297,84.346841,9.4238,3,4,5,1,1,2,4,4,1,5,2,4,2,2,5,5,4,5,3.23,Average,3,5,4,5,4,4,4,5,3,3,2,5,3,5,3.98,Good,0.75
342,SIN-ANN-0342,0.32613,0.404596,158.645462,12.454013,1.177648,0.132802,0.179291,0.219918,0.813528,722.909029,0.486861,0.538998,0.351875,0.561554,0.249461,17.036775,110.205006,36.62391,132.838538,55.230133,4,2,4,1,1,1,1,1,1,2,1,1,1,1,3,5,5,5,2.22,Below Average,3,3,1,2,3,2,1,2,3,1,2,2,3,2,2.11,Below Average,-0.11
343,SIN-ANN-0343,0.568121,0.254528,29.825102,3.676322,1.231779,0.141582,0.588703,0.510651,0.616975,850.658351,0.822307,0.323602,0.782891,0.314615,0.551211,23.273314,30,17.720822,110.30375,13.106607,2,3,5,1,1,3,2,2,1,4,3,4,3,1,1,5,5,5,2.79,Average,3,4,2,5,4,5,3,5,4,4,4,3,3,4,3.51,Good,0.72
344,SIN-ANN-0344,0.1453,0.185543,85.550332,8.962163,1.011411,0.060657,0.44963,0.587,0.678139,724.633764,0.551167,0.54706,0.616551,0.228765,0.203959,24.293749,292.009803,25.659229,107.599721,11.384608,5,3,5,1,3,2,3,2,1,3,1,3,4,1,5,5,5,5,3.17,Average,5,4,3,3,4,4,3,3,2,3,4,3,3,4,3.49,Average,0.32
345,SIN-ANN-0345,0.591174,0.616823,124.833957,14.479204,1.228817,0.123745,0.474203,0.54584,0.636356,872.956401,0.612706,0.455811,0.574877,0.515866,0.598285,24.541558,451.704702,5.916098,93.765777,9.230517,2,1,4,1,1,3,2,2,1,3,2,3,2,1,5,5,5,5,2.49,Below Average,2,2,3,3,3,4,3,3,3,3,3,3,2,4,2.56,Average,0.07
346,SIN-ANN-0346,0.37912,0.466604,70.030279,7.530137,0.963389,0.15416,0.432937,0.448994,0.551354,1105.768944,0.58057,0.497005,0.787699,0.413605,0.438041,15.62015,265.721281,32.412858,106.069898,12.123911,3,1,5,1,1,2,2,2,1,3,2,4,2,1,5,5,5,5,2.67,Below Average,3,3,3,4,3,3,3,3,3,3,3,3,2,3,2.8,Average,0.13
347,SIN-ANN-0347,0.530394,0.458885,102.801224,11.651829,0.126105,0.105333,0.451057,0.760886,0.39259,927.706154,0.98,0.414262,0.742457,0.24203,0.553802,22.803544,55.080611,20.581332,101.32147,14.958101,2,1,5,5,1,3,4,3,1,5,2,4,4,1,2,5,5,5,3.21,Average,4,3,5,4,4,4,4,5,4,4,4,5,4,4,3.97,Good,0.76
348,SIN-ANN-0348,0.135073,0.105657,103.629746,10.940222,0.291663,0.133592,0.374124,0.67065,0.510669,766.62779,0.905986,0.336258,0.81314,0.46385,0.116889,35.466777,490.507542,26.581304,52.431438,3.795974,5,4,5,4,1,2,3,2,1,5,3,4,2,3,5,5,3,4,3.52,Good,5,4,5,4,2,3,4,5,4,4,4,4,3,5,3.88,Good,0.36
349,SIN-ANN-0349,0.662491,0.654582,181.444628,19.483668,1.818868,0.159223,0.164245,0.392524,0.987208,1563.811274,0.260333,0.718994,0.492531,0.668012,0.701161,25.491467,321.348019,18.719191,145.904213,7.663245,2,1,4,1,1,1,1,1,1,1,1,2,1,2,5,5,5,5,2.08,Below Average,1,2,1,1,1,1,1,1,1,2,1,1,1,2,1.15,Poor,-0.93
350,SIN-ANN-0350,0.638355,0.514832,93.103221,9.369963,1.018827,0.18527,0.215166,0.387798,0.600457,1310.599819,0.465327,0.431865,0.418108,0.697478,0.635342,26.001244,30,49.045073,93.844753,1.342083,2,1,5,1,1,1,1,2,1,2,2,2,1,2,1,5,5,2,2.04,Below Average,1,2,3,2,2,2,1,2,3,1,1,3,1,2,1.9,Below Average,-0.14
351,SIN-ANN-0351,0.489944,0.773509,81.128984,7.740134,1.077178,0.192275,0.427403,0.598054,0.824437,1035.962502,0.48719,0.514626,0.513242,0.505638,0.513422,13.072218,95.990282,22.534876,131.551742,13.289501,3,1,5,1,1,2,3,1,1,2,2,2,2,1,3,5,5,5,2.43,Below Average,1,1,3,2,1,4,3,2,2,2,3,1,2,2,1.94,Below Average,-0.49
352,SIN-ANN-0352,0.625458,0.301989,105.328464,7.472221,1.12815,0.119424,0.346391,0.493483,0.714437,574.331308,0.576324,0.305755,0.511951,0.609802,0.676874,17.009944,207.246175,11.621119,37.910266,11.695286,2,2,5,1,1,2,2,1,1,3,3,2,1,1,5,5,2,5,2.4,Below Average,2,3,3,4,2,3,3,2,4,2,2,2,3,3,2.99,Average,0.59
353,SIN-ANN-0353,0.60413,0.683448,138.250371,12.819618,1.745633,0.19864,0.144306,0.448285,0.646885,1328.163507,0.433704,0.718862,0.276135,0.555704,0.612981,19.823645,632.813311,42.906758,89.767678,21.862474,2,1,4,1,1,1,2,2,1,2,1,1,1,1,5,5,5,5,2.14,Below Average,2,1,1,1,1,1,1,2,1,1,2,2,1,2,1.49,Poor,-0.65
354,SIN-ANN-0354,0.780862,0.721482,128.424952,15.035148,0.995222,0.164421,0.144919,0.427991,0.878844,1055.551557,0.44903,0.730939,0.518095,0.638003,0.686279,16.89814,59.147934,4.461104,48.988439,4.36247,1,1,4,1,1,1,2,1,1,2,1,2,1,1,2,5,2,5,1.81,Poor,1,1,2,2,2,1,2,2,1,2,1,1,1,2,1.5,Below Average,-0.31
355,SIN-ANN-0355,0.338185,0.190929,94.945612,6.067676,1.134888,0.134592,0.492814,0.505414,0.895734,701.508134,0.670858,0.345082,0.57603,0.535906,0.350594,26.466883,63.308142,24.333645,135.89661,13.741123,4,3,5,1,1,3,2,1,1,3,3,3,2,2,2,5,5,5,2.85,Average,3,3,2,3,3,5,3,4,4,3,2,1,3,3,3.15,Average,0.3
356,SIN-ANN-0356,0.804581,0.594882,115.524208,17.314052,1.524548,0.185043,0.303067,0.60696,0.453926,1320.306553,0.391275,0.565541,0.339847,0.544314,0.788101,30.895869,30,14.155702,128.435807,0.2,1,1,4,1,1,2,3,3,1,1,1,1,2,2,1,5,5,1,1.92,Below Average,1,2,1,1,1,3,4,2,2,2,2,4,1,1,2.09,Below Average,0.17
357,SIN-ANN-0357,0.360938,0.455525,77.371379,4.000805,1.149177,0.102232,0.511794,0.5074,0.44287,403.133435,0.731955,0.268441,0.654128,0.151719,0.342592,27.85229,86.891888,37.952695,71.646925,0.2,3,1,5,1,1,3,2,3,2,4,3,3,4,2,2,5,4,1,2.69,Below Average,3,3,3,4,4,4,3,4,5,4,5,4,4,4,3.77,Good,1.08
358,SIN-ANN-0358,0.836636,0.795521,184.243753,14.559155,1.143522,0.152568,0.275497,0.38788,0.624008,1004.478264,0.461562,0.634141,0.347462,0.630111,0.859239,20.631327,818.769711,7.545031,101.397835,0.2,1,1,4,1,1,1,1,2,1,2,1,1,1,1,5,5,5,1,1.84,Poor,2,1,2,1,2,2,1,2,2,1,2,3,3,1,1.88,Below Average,0.04
359,SIN-ANN-0359,0.645287,0.637027,103.668434,9.617985,0.945893,0.139233,0.206042,0.39734,0.800889,1379.972966,0.353459,0.766888,0.234511,0.469036,0.606478,28.903803,316.260001,48.611252,92.926398,38.181027,2,1,5,1,1,1,1,1,1,1,1,1,2,2,5,5,5,5,2.17,Below Average,1,1,1,1,2,1,2,1,1,1,2,1,1,1,1.35,Poor,-0.82
360,SIN-ANN-0360,0.325842,0.517857,48.884595,2.102404,0.736518,0.093138,0.392566,0.424872,0.493242,856.632284,0.777875,0.552065,0.376391,0.692317,0.224044,24.333201,431.39591,2.16942,114.506847,26.422343,4,1,5,1,2,2,2,3,1,4,1,1,1,1,5,3,5,5,2.57,Below Average,3,2,3,4,3,4,2,4,2,1,2,3,2,2,2.83,Average,0.26
361,SIN-ANN-0361,0.328673,0.031525,87.193877,6.519749,1.034755,0.098112,0.44988,0.638599,0.419157,75.965189,0.569294,0.362006,0.553071,0.390731,0.306759,31.166089,293.635469,21.295701,60.376598,23.657287,4,5,5,1,2,2,3,3,5,3,3,3,3,2,5,5,3,5,3.46,Average,5,4,4,5,4,4,4,3,3,4,3,4,5,4,4.02,Good,0.56
362,SIN-ANN-0362,0.252102,0.153946,55.009751,2.900514,0.910559,0.081577,0.593469,0.591684,0.457513,509.449045,0.766028,0.337734,0.954646,0.292352,0.259432,15.994908,204.183535,2,130.794362,13.508584,4,4,5,1,2,3,3,3,1,4,3,5,3,1,5,3,5,5,3.34,Average,5,5,4,5,5,5,4,4,5,5,4,5,5,4,4.82,Very Good,1.48
363,SIN-ANN-0363,0.520057,0.754455,118.031893,20.486963,1.110067,0.174179,0.152387,0.663732,0.837677,1018.635627,0.316928,0.705063,0.58686,0.651264,0.568358,17.103624,997.069024,2,116.009837,30.271509,2,1,3,1,1,1,3,1,1,1,1,3,1,1,5,3,5,5,2.02,Below Average,3,1,2,1,1,1,3,1,1,3,2,1,1,3,1.54,Below Average,-0.48
364,SIN-ANN-0364,0.069332,0.228342,103.782244,4.269975,0.542655,0.093934,0.537647,0.798315,0.376501,257.782532,0.832561,0.328893,0.932972,0.199336,0.124973,17.259888,361.736871,17.544068,80.700663,17.671639,5,3,5,2,2,3,4,3,3,4,3,5,4,1,5,5,4,5,3.66,Good,5,4,5,5,4,5,5,4,5,5,5,5,4,5,4.81,Very Good,1.15
365,SIN-ANN-0365,0.627769,0.667243,81.521905,13.159071,1.710019,0.147002,0.190004,0.430083,0.822452,1382.223209,0.289513,0.60772,0.428725,0.852874,0.626475,22.833694,30,8.416022,73.440161,24.15436,2,1,4,1,1,1,2,1,1,1,1,2,1,1,1,5,4,5,1.89,Poor,2,1,1,2,1,1,2,1,1,1,1,1,1,1,1.49,Poor,-0.4
366,SIN-ANN-0366,0.671694,0.687567,61.384006,18.904124,1.8289,0.160906,0.154328,0.343205,0.916486,1479.773582,0.293716,0.54187,0.309515,0.764807,0.676889,21.558057,290.965164,20.709397,70.150026,19.215279,2,1,4,1,1,1,1,1,1,1,1,1,1,1,5,5,4,5,1.95,Below Average,1,1,1,1,1,1,2,1,2,1,1,1,1,2,1.33,Poor,-0.62
367,SIN-ANN-0367,0.191052,0.301695,31.031565,12.056293,0.830012,0.089194,0.474749,0.574032,0.576919,293.8778,0.752274,0.240976,0.821259,0.310493,0.184232,17.249145,30,2,23.096391,17.183445,5,2,4,1,2,3,3,2,3,4,4,4,3,1,1,3,1,5,2.89,Average,4,4,3,5,3,4,4,4,5,4,4,4,3,4,3.86,Good,0.97
368,SIN-ANN-0368,0.298708,0.85397,119.626738,13.860057,0.766937,0.141646,0.148537,0.321517,0.801183,999.700841,0.43675,0.400025,0.644452,0.726063,0.254112,20.390871,410.831116,10.057137,44.18694,13.186026,4,1,4,1,1,1,1,1,1,2,2,3,1,1,5,5,2,5,2.25,Below Average,3,1,2,1,2,2,1,2,3,2,2,1,2,2,1.5,Below Average,-0.75
369,SIN-ANN-0369,0.55034,0.411402,82.726397,10.301859,1.121502,0.132085,0.167463,0.55964,0.71565,783.838871,0.537931,0.310819,0.855381,0.616523,0.560586,27.050796,66.59023,24.537159,68.511047,8.16969,2,2,5,1,1,1,3,1,1,2,3,5,1,2,2,5,4,5,2.5,Below Average,2,3,2,3,4,1,3,2,4,4,2,2,3,3,2.72,Average,0.22
370,SIN-ANN-0370,0.704366,0.39707,69.401398,13.434008,1.692322,0.134467,0.273633,0.502264,0.811195,1274.893889,0.369294,0.57276,0.517815,0.490279,0.686087,19.82475,428.474868,17.841264,68.544183,22.578892,1,2,4,1,1,1,2,1,1,1,1,2,2,1,5,5,4,5,2.1,Below Average,2,3,2,2,2,2,2,2,1,2,2,2,2,3,1.68,Below Average,-0.42
371,SIN-ANN-0371,0.885059,0.634561,99.368315,18.502271,1.180345,0.198247,0.179851,0.453729,0.938026,1466.510999,0.237943,0.412469,0.59952,0.840841,0.902335,17.130095,493.983459,14.003236,85.155434,12.725864,1,1,4,1,1,1,2,1,1,1,2,3,1,1,5,5,5,5,2.1,Below Average,1,1,2,1,1,1,1,1,2,2,1,1,1,1,1.38,Poor,-0.72
372,SIN-ANN-0372,0.273289,0.211194,50.660364,2.809852,1.38806,0.100048,0.388714,0.760291,0.469851,529.81715,0.914526,0.181331,0.737773,0.147365,0.233936,24.23562,288.382327,19.864905,154.512266,0.2,4,3,5,1,1,2,4,3,1,5,4,4,5,1,5,5,5,1,3.27,Average,5,5,4,5,5,4,5,5,5,5,5,4,4,4,4.85,Very Good,1.58
373,SIN-ANN-0373,0.801013,0.43204,78.085716,11.597414,1.306961,0.19287,0.132826,0.262647,0.705413,1111.02988,0.23099,0.607894,0.32629,0.663142,0.78311,25.733613,104.952998,25.326971,102.384038,7.114513,1,2,5,1,1,1,1,1,1,1,1,1,1,2,3,5,5,5,2.04,Below Average,1,2,1,2,1,1,1,1,1,1,2,2,2,1,1.49,Poor,-0.55
374,SIN-ANN-0374,0.183392,0.35467,0,10.368264,0.723535,0.148937,0.450378,0.624197,0.529466,709.77576,0.902472,0.349109,0.603876,0.596241,0.180725,23.497533,638.88198,22.939305,108.674397,6.341343,5,2,5,1,1,3,3,2,1,5,3,3,1,1,5,5,5,5,3.08,Average,4,4,4,3,3,4,3,4,3,4,2,3,3,3,3.18,Average,0.1
375,SIN-ANN-0375,0.737737,0.711219,147.194306,7.672386,0.814416,0.183253,0.175361,0.675171,0.768278,478.303408,0.428102,0.553564,0.474547,0.836265,0.757053,31.53881,271.595018,32.253064,56.343366,23.672609,1,1,5,1,1,1,3,1,2,2,1,2,1,2,5,5,3,5,2.2,Below Average,1,1,2,3,1,1,2,2,2,2,1,2,3,3,1.9,Below Average,-0.3
376,SIN-ANN-0376,0.292396,0.682502,125.782172,15.695174,0.916318,0.170076,0.249379,0.567985,0.632586,1256.600112,0.331855,0.763701,0.563101,0.551032,0.286271,23.517876,34.794021,15.993515,156.651702,22.396753,4,1,4,1,1,1,3,2,1,1,1,3,1,1,1,5,5,5,2.26,Below Average,3,1,2,2,1,2,2,1,2,3,2,3,2,2,2.1,Below Average,-0.16
377,SIN-ANN-0377,0.894382,0.299347,110.031549,4.696766,0.681856,0.161698,0.318114,0.315587,0.577083,920.52206,0.497312,0.464965,0.55552,0.484745,0.948534,30.041421,232.968893,23.4634,31.476549,48.486938,1,3,5,1,1,2,1,2,1,2,2,3,2,2,5,5,1,5,2.4,Below Average,1,3,4,3,2,3,1,2,3,2,3,3,2,2,2.4,Below Average,0
378,SIN-ANN-0378,0.780618,0.804036,121.470147,17.002408,1.418225,0.151405,0.139947,0.493474,0.732307,1245.099636,0.396291,0.675205,0.353065,0.652958,0.778725,18.927011,36.020075,10.195764,11.382576,3.945045,1,1,4,1,1,1,2,1,1,1,1,1,1,1,1,5,1,4,1.59,Poor,1,1,1,2,2,1,2,1,1,1,1,2,1,1,1.23,Poor,-0.36
379,SIN-ANN-0379,0.328291,0.579834,132.575052,8.622673,1.373021,0.166792,0.427831,0.631334,0.703593,1118.063887,0.361956,0.408514,0.458642,0.308094,0.226921,15.955907,30,27.641151,20,15.602762,4,1,5,1,1,2,3,1,1,1,2,2,3,1,1,5,1,5,2.28,Below Average,3,2,2,4,2,3,3,2,4,2,4,3,2,3,2.57,Average,0.29
380,SIN-ANN-0380,0.374008,0.17008,94.645864,10.846873,0.493213,0.116249,0.289109,0.631993,0.830235,881.08151,0.547994,0.541612,0.530775,0.670051,0.318475,25.058018,423.153883,12.003429,116.806744,18.543132,3,4,5,2,1,1,3,1,1,2,1,2,1,2,5,5,5,5,2.76,Average,3,3,3,3,3,2,2,2,2,3,1,2,3,3,2.78,Average,0.02
381,SIN-ANN-0381,0.561505,0.52197,78.187582,13.933823,1.022787,0.089631,0.237507,0.613649,0.67609,1221.571096,0.577729,0.50646,0.562872,0.385493,0.575216,21.641144,73.078352,4.158155,54.828405,3.032571,2,1,4,1,2,1,3,2,1,3,2,3,3,1,2,5,3,4,2.3,Below Average,3,3,2,2,4,3,3,3,3,3,4,3,3,2,2.5,Average,0.2
382,SIN-ANN-0382,0.733735,0.676171,82.277519,16.809282,1.329858,0.17671,0.226336,0.348709,0.770129,796.622024,0.33627,0.716283,0.355364,0.561943,0.76162,20.620592,549.33555,10.408526,110.951719,14.177431,1,1,4,1,1,1,1,1,1,1,1,1,1,1,5,5,5,5,1.9,Below Average,1,2,2,2,1,1,1,2,1,1,2,1,1,1,1.48,Poor,-0.42
383,SIN-ANN-0383,0.306122,0.496485,101.520096,4.453522,0.53236,0.144477,0.457356,0.692551,0.563851,1049.254642,0.607892,0.163881,0.98,0.246852,0.292712,18.694024,211.357716,2,144.973411,0.2,4,1,5,2,1,3,3,2,1,3,4,5,4,1,5,3,5,1,2.95,Average,4,3,3,5,4,4,4,3,5,5,4,4,3,5,4.12,Good,1.17
384,SIN-ANN-0384,0.457269,0.40182,30.565109,7.905219,0.372002,0.105333,0.229541,0.517422,0.637767,1008.624546,0.711977,0.457993,0.500692,0.301272,0.417547,14.688942,267.859706,11.344131,66.4061,1.705813,3,2,5,3,1,1,2,2,1,4,2,2,3,1,5,5,4,3,2.76,Average,3,3,3,3,4,2,3,3,4,3,3,3,3,3,2.92,Average,0.16
385,SIN-ANN-0385,0.103654,0.262582,60.520265,11.540538,0.523949,0.06412,0.401981,0.721534,0.43019,758.953854,0.928079,0.338031,0.697246,0.382446,0.183807,21.129339,330.340004,24.763216,60.638786,10.169458,5,3,5,2,3,2,4,3,1,5,3,3,3,1,5,5,3,5,3.42,Average,5,4,4,3,5,3,5,5,4,3,4,4,4,4,3.88,Good,0.46
386,SIN-ANN-0386,0.091297,0.52629,0.291769,9.964702,0.700446,0.113536,0.304483,0.85671,0.515017,414.148155,0.640209,0.30408,0.539294,0.284306,0.078555,17.50796,515.049657,2,95.14947,29.424342,5,1,5,1,1,2,5,2,2,3,3,2,3,1,5,3,5,5,2.96,Average,5,4,4,3,4,2,5,3,4,2,5,3,4,4,3.89,Good,0.93
387,SIN-ANN-0387,0.146131,0.344611,43.499651,8.289422,0.287962,0.114489,0.366365,0.523836,0.540378,453.678598,0.716354,0.210603,0.911189,0.243339,0.114516,11.776804,511.996546,13.813677,58.70816,0.2,5,2,5,4,1,2,2,2,2,4,4,5,4,1,5,5,3,1,3.3,Average,5,5,5,5,4,4,4,4,5,5,5,4,5,5,4.87,Very Good,1.57
388,SIN-ANN-0388,0.271563,0.39298,71.764044,5.899703,1.08732,0.138333,0.325606,0.684593,0.543426,830.989925,0.547482,0.399004,0.581382,0.545441,0.247553,11,34.85117,24.977876,126.245801,11.454536,4,2,5,1,1,2,3,2,1,2,2,3,2,1,1,5,5,5,2.63,Below Average,3,3,2,4,3,3,3,3,2,3,2,4,3,2,3,Average,0.37
389,SIN-ANN-0389,0.319886,0.253717,55.693797,9.075032,0.478416,0.096011,0.526293,0.825778,0.536824,486.958504,0.898492,0.301886,0.757462,0.193464,0.239776,24.871119,212.834487,2,172.909654,0.2,4,3,5,2,2,3,4,2,2,5,3,4,4,1,5,3,5,1,3.28,Average,5,4,5,4,4,5,5,5,4,5,5,4,5,4,4.5,Very Good,1.22
390,SIN-ANN-0390,0.461374,0.316843,41.486742,3.720715,0.896763,0.121729,0.186531,0.527713,0.688329,1299.074017,0.558107,0.62432,0.614048,0.549403,0.452465,25.003265,233.871867,17.82652,20,0.2,3,2,5,1,1,1,2,2,1,3,1,3,2,2,5,5,1,1,2.32,Below Average,3,4,3,3,3,2,2,2,1,3,2,3,2,3,2.5,Average,0.18
391,SIN-ANN-0391,0.625874,0.566021,108.654521,14.53079,1.28504,0.207309,0.185101,0.322664,0.796251,1028.562986,0.357798,0.742075,0.434957,0.595662,0.601213,14.82949,96.276838,8.207472,42.950958,2.846989,2,1,4,1,1,1,1,1,1,1,1,2,1,1,3,5,2,4,1.8,Poor,2,2,1,1,1,1,1,1,1,1,1,1,1,1,1.09,Poor,-0.71
392,SIN-ANN-0392,0.371205,0.593917,9.13598,12.430093,1.446965,0.151833,0.389254,0.606633,0.526101,772.732519,0.754732,0.372452,0.438025,0.543886,0.402552,16.042003,30,7.651329,88.249169,10.566113,3,1,4,1,1,2,3,2,1,4,3,2,2,1,1,5,5,5,2.47,Below Average,3,2,2,2,3,4,3,4,3,2,3,4,3,4,3.01,Average,0.54
393,SIN-ANN-0393,0.543741,0.601097,148.950536,12.698173,0.738378,0.117537,0.368045,0.495498,0.903593,848.064703,0.627772,0.523419,0.754243,0.363952,0.50792,35.44771,109.277409,32.501245,70.090633,25.588717,2,1,4,1,1,2,2,1,1,3,1,4,3,3,3,5,4,5,2.4,Below Average,3,3,3,4,4,3,3,3,3,4,3,1,3,5,2.96,Average,0.56
394,SIN-ANN-0394,0.750585,0.350365,120.671099,19.206636,1.033814,0.175611,0.363525,0.602336,0.838007,1335.089829,0.463799,0.744468,0.395999,0.551061,0.734403,26.696527,491.755721,26.073578,44.782349,8.86566,1,2,4,1,1,2,3,1,1,2,1,1,1,2,5,5,2,5,2.11,Below Average,1,3,2,1,1,3,2,2,1,2,2,1,1,2,1.72,Below Average,-0.39
395,SIN-ANN-0395,0.251218,0.405452,101.524014,12.894367,0.999937,0.140393,0.198557,0.65362,0.705274,679.743171,0.778511,0.48894,0.701721,0.460729,0.17561,20.060829,200.449396,17.405322,42.734675,5.165932,4,2,4,1,1,1,3,1,1,4,2,4,2,1,5,5,2,5,2.63,Below Average,4,3,3,3,2,2,4,4,3,3,3,3,3,4,3.11,Average,0.48
396,SIN-ANN-0396,0.848129,0.340605,92.030049,13.624621,0.816871,0.192559,0.259958,0.401908,0.668986,1125.343542,0.388206,0.380152,0.616573,0.457003,0.883846,13.25599,588.545071,19.896957,139.37886,25.977972,1,2,4,1,1,1,2,2,1,1,2,3,2,1,5,5,5,5,2.29,Below Average,1,3,2,2,1,3,2,2,3,3,2,2,2,2,2.06,Below Average,-0.23
397,SIN-ANN-0397,0.22273,0.137202,9.111309,9.482421,0.447771,0.085177,0.360514,0.8556,0.308289,306.280169,0.98,0.335242,0.98,0.171857,0.150626,23.553972,526.3958,35.821234,127.348816,28.819616,4,4,5,3,2,2,5,4,3,5,3,5,4,1,5,5,5,5,3.89,Good,4,5,5,5,5,5,5,5,4,5,5,5,5,5,4.78,Very Good,0.89
398,SIN-ANN-0398,0.425225,0.570977,58.399798,4.130193,1.139889,0.128941,0.356797,0.487431,0.816561,1140.464371,0.517189,0.398125,0.604247,0.637139,0.426285,13.915761,876.745331,2,99.450219,18.265905,3,1,5,1,1,2,2,1,1,2,2,3,1,1,5,3,5,5,2.38,Below Average,3,3,3,3,3,3,3,3,3,3,2,2,3,2,2.55,Average,0.17
399,SIN-ANN-0399,0.560207,0.506742,124.96855,10.93997,1.714816,0.136091,0.237331,0.352028,0.776987,844.040943,0.307852,0.461189,0.648043,0.456518,0.535329,17.291256,491.387678,25.503132,83.745162,10.356425,2,1,5,1,1,1,1,1,1,1,2,3,2,1,5,5,4,5,2.24,Below Average,2,2,1,3,2,2,1,1,2,2,2,1,2,2,1.6,Below Average,-0.64
400,SIN-ANN-0400,0.170641,0.208217,15.642384,1.869741,0.249491,0.077467,0.563355,0.646957,0.526352,25,0.915582,0.330397,0.98,0.219679,0.083187,22.508846,911.899189,28.252676,68.209104,24.706135,5,3,5,4,2,3,3,2,5,5,3,5,4,1,5,5,4,5,3.89,Good,5,5,5,5,5,5,4,5,5,5,5,4,5,4,4.64,Very Good,0.75
401,SIN-ANN-0401,0.475796,0.359222,64.323742,8.173803,0.882828,0.124765,0.268949,0.349418,0.391286,862.215844,0.564534,0.467564,0.60605,0.495436,0.494776,11,490.809184,2,114.434818,27.141959,3,2,5,1,1,1,1,3,1,3,2,3,2,1,5,3,5,5,2.57,Below Average,3,3,3,4,3,2,2,3,3,3,3,4,2,3,3.09,Average,0.52
402,SIN-ANN-0402,0.494018,0.463594,33.846295,13.345869,0.79509,0.08421,0.489434,0.507357,0.687115,1022.518822,0.581081,0.56945,0.461469,0.708118,0.55118,13.059345,395.591962,32.316006,40.846412,30.285207,3,1,4,1,2,3,2,2,1,3,1,2,1,1,5,5,2,5,2.36,Below Average,2,3,4,1,4,4,3,3,2,3,2,3,3,3,2.83,Average,0.47
403,SIN-ANN-0403,0.123675,0.187837,26.196276,10.018704,0.768528,0.097768,0.397082,0.482591,0.385523,25,0.521552,0.504771,0.782133,0.362303,0.105842,28.943616,205.120927,24.25084,112.355072,16.6252,5,3,5,1,2,2,2,3,5,2,2,4,3,2,5,5,5,5,3.35,Average,4,4,3,3,4,4,3,3,3,4,4,4,5,5,3.96,Good,0.61
404,SIN-ANN-0404,0.576831,0.572581,91.547368,11.138439,0.895733,0.169588,0.269268,0.540264,0.787141,1013.607037,0.434124,0.672808,0.444887,0.494295,0.588537,23.590931,472.945819,17.099909,90.954201,22.383432,2,1,5,1,1,1,2,1,1,2,1,2,2,1,5,5,5,5,2.28,Below Average,2,2,2,2,2,2,2,2,2,2,2,1,2,3,1.77,Below Average,-0.51
405,SIN-ANN-0405,0.91465,0.634863,133.733569,14.955828,1.806916,0.131785,0.081025,0.440634,0.691635,1206.404439,0.257341,0.48574,0.278915,0.8488,0.995783,28.142616,304.468398,6.383994,83.588177,17.363371,1,1,4,1,1,1,2,2,1,1,2,1,1,2,5,5,4,5,2.05,Below Average,1,1,1,1,2,1,1,1,3,1,1,2,1,2,1,Poor,-1.05
406,SIN-ANN-0406,0.731475,0.357307,87.797921,7.592818,1.055892,0.083781,0.195105,0.328264,0.617189,671.996471,0.550243,0.460118,0.529702,0.830527,0.697931,25.549769,725.477266,10.134944,133.216467,33.100052,1,2,5,1,2,1,1,2,1,3,2,2,1,2,5,5,5,5,2.42,Below Average,2,3,3,3,4,1,2,2,3,2,1,3,3,3,2.5,Average,0.08
407,SIN-ANN-0407,0.239052,0.504289,69.809135,10.704508,0.926769,0.101975,0.520253,0.623832,0.611245,405.028615,0.517733,0.490094,0.830662,0.161531,0.280406,23.010112,691.781385,11.360954,40.872877,38.997307,4,1,5,1,1,3,3,2,2,2,2,4,4,1,5,5,2,5,2.83,Average,4,3,3,4,3,5,4,3,3,4,4,3,5,4,3.68,Good,0.85
408,SIN-ANN-0408,0.447894,0.273247,110.290833,11.242763,0.48927,0.115726,0.389163,0.52945,0.618226,849.462273,0.632267,0.449912,0.638771,0.335472,0.403013,21.149877,239.477874,36.238905,20,13.847572,3,3,5,2,1,2,2,2,1,3,2,3,3,1,5,5,1,5,2.77,Average,3,4,4,3,4,3,3,3,3,3,3,2,2,3,3.29,Average,0.52
409,SIN-ANN-0409,0.776482,0.456956,75.104974,9.726939,1.108992,0.118738,0.436775,0.669355,0.423574,1039.548096,0.477047,0.448005,0.66269,0.408428,0.789367,18.156191,200.090635,13.147084,87.523516,5.775205,1,1,5,1,1,2,3,3,1,2,2,3,2,1,5,5,5,5,2.49,Below Average,2,3,4,2,3,4,4,2,3,3,3,4,2,3,3.02,Average,0.53
410,SIN-ANN-0410,0.564107,0.595933,154.167981,10.826213,1.394151,0.155371,0.159189,0.377768,0.880596,1384.869834,0.474133,0.594415,0.410552,0.655132,0.605572,34.896386,30,14.340711,84.048131,18.328988,2,1,5,1,1,1,1,1,1,2,1,2,1,2,1,5,4,5,2.02,Below Average,2,1,1,1,2,1,1,2,1,2,1,1,1,1,1.08,Poor,-0.94
411,SIN-ANN-0411,0.254745,0.308779,61.013224,0.778955,0.113104,0.121342,0.561634,0.772224,0.346154,191.29219,0.928342,0.191161,0.591103,0.181261,0.272886,31.571342,167.46865,29.293389,24.446164,43.784111,4,2,5,5,1,3,4,4,4,5,4,3,4,2,4,5,1,5,3.68,Good,5,5,5,5,5,5,5,5,5,4,5,5,4,5,4.7,Very Good,1.02
412,SIN-ANN-0412,0.73304,0.575968,14.037689,15.279966,1.376617,0.111565,0.229047,0.516678,0.56377,494.737639,0.758081,0.522732,0.511326,0.470244,0.738977,21.668535,509.583663,20.062751,107.827359,22.895404,1,1,4,1,1,1,2,2,2,4,1,2,2,1,5,5,5,5,2.3,Below Average,2,2,2,1,3,3,3,4,3,2,2,4,3,3,2.69,Average,0.39
413,SIN-ANN-0413,0.170482,0.207554,65.140843,8.516043,0.957923,0.076455,0.502838,0.863591,0.345822,25,0.753448,0.148514,0.799443,0.276583,0.075253,30.643209,428.198853,36.413956,98.839828,8.604654,5,3,5,1,2,3,5,4,5,4,5,4,3,2,5,5,5,5,3.85,Good,5,4,3,5,5,5,5,4,5,5,5,4,5,5,4.6,Very Good,0.75
414,SIN-ANN-0414,0.459612,0.372842,23.663032,9.768603,0.146,0.093873,0.323496,0.825485,0.310081,379.775176,0.643446,0.431497,0.704438,0.319706,0.413234,13.18701,324.031401,13.706635,121.25416,0.2,3,2,5,5,2,2,4,4,2,3,2,4,3,1,5,5,5,1,3.29,Average,4,3,4,5,5,4,5,3,3,4,4,5,5,5,4.03,Good,0.74
415,SIN-ANN-0415,0.358178,0.156762,48.506613,3.42302,0.871881,0.141577,0.459507,0.72226,0.699545,480.648611,0.661832,0.48694,0.557615,0.374534,0.393133,19.838145,29.051041,6.067796,48.121651,0,3,4,5,1,1,3,4,2,2,3,2,3,3,1,1,5,2,1,2.69,Below Average,4,5,4,5,3,4,4,4,4,3,5,4,4,4,4.01,Good,1.32
416,SIN-ANN-0416,0.468098,0.574378,65.423756,10.588663,0.625202,0.107976,0.359538,0.658894,0.368563,1092.229236,0.98,0.428948,0.727289,0.230808,0.470034,33.127032,159.827757,16.703222,73.387,22.120615,3,1,5,2,1,2,3,3,1,5,2,4,4,2,4,5,4,5,3.01,Average,4,4,4,3,4,4,4,4,4,4,4,4,3,5,4.24,Good,1.23
417,SIN-ANN-0417,0.725975,0.676791,165.543808,13.352472,0.84639,0.173132,0.226688,0.371686,0.752486,1789.872048,0.420776,0.62635,0.740021,0.605397,0.772605,16.283212,446.69042,19.022951,79.277981,21.433238,1,1,4,1,1,1,1,1,1,2,1,4,1,1,5,5,4,5,2.06,Below Average,1,1,3,1,2,2,1,2,2,3,2,1,1,3,1.69,Below Average,-0.37
418,SIN-ANN-0418,0.352679,0.492582,136.757827,9.533506,0.693517,0.134642,0.182972,0.324016,0.753597,1111.368699,0.260289,0.658405,0.231792,0.895935,0.35633,30.574036,497.084915,26.080405,74.459848,29.590627,3,1,5,1,1,1,1,1,1,1,1,1,1,2,5,5,4,5,2.17,Below Average,3,2,3,2,3,2,2,1,1,1,1,1,2,2,1.76,Below Average,-0.41
419,SIN-ANN-0419,0.534359,0.376995,89.624113,11.460272,1.183063,0.095903,0.409125,0.450936,0.624037,472.713318,0.61408,0.414359,0.553488,0.406127,0.47285,9.623766,26.094096,5.663806,16.39415,3.059076,2,2,5,1,2,2,2,2,2,3,2,3,2,1,1,5,1,4,2.36,Below Average,3,3,3,2,4,3,2,3,3,3,3,2,4,3,2.86,Average,0.5
420,SIN-ANN-0420,0.390712,0.470536,60.976094,11.075024,0.594676,0.119351,0.25349,0.553795,0.489574,941.571556,0.761607,0.625492,0.740308,0.436087,0.289521,39.257127,253.815906,8.343397,136.452991,20.802412,3,1,5,2,1,1,3,3,1,4,1,4,2,3,5,5,5,5,2.88,Average,3,3,4,3,3,3,2,4,3,4,3,4,4,3,2.99,Average,0.11
421,SIN-ANN-0421,0.754681,0.791114,128.977224,14.656299,1.18001,0.20959,0.124526,0.420557,1.064677,1178.324419,0.245573,0.78,0.346911,0.842309,0.714826,20.404387,314.259321,14.013677,118.776815,37.236868,1,1,4,1,1,1,2,1,1,1,1,1,1,1,5,5,5,5,1.95,Below Average,1,1,1,1,2,1,1,1,1,1,1,1,1,1,1.08,Poor,-0.87
422,SIN-ANN-0422,0.069255,0.186732,47.005413,12.704278,0.516073,0.099911,0.491579,0.821316,0.227645,25,0.848509,0.323598,0.792009,0.122989,0.071757,16.500248,31.565508,7.085149,36.908161,5.256257,5,3,4,2,2,3,4,4,5,4,3,4,5,1,1,5,2,5,3.49,Average,5,5,4,5,4,5,5,5,5,5,5,5,5,4,4.99,Very Good,1.5
423,SIN-ANN-0423,0.235875,0.357852,94.585097,14.094169,1.279593,0.090141,0.05739,0.232404,0.622832,700.251665,0.45137,0.545184,0.463366,0.586146,0.203246,11,222.059332,16.371237,47.035557,43.720074,4,2,4,1,2,1,1,2,1,2,1,2,1,1,5,5,2,5,2.33,Below Average,4,3,3,1,3,1,1,2,3,2,2,2,3,3,1.97,Below Average,-0.36
424,SIN-ANN-0424,0.798136,0.878086,134.129629,10.621326,0.996191,0.176368,0.126959,0.414918,0.661256,1370.024338,0.540537,0.367468,0.403593,0.894372,0.775435,14.854039,532.682255,38.625097,85.836646,5.022676,1,1,5,1,1,1,2,2,1,2,3,2,1,1,5,5,5,5,2.29,Below Average,1,1,2,4,2,1,2,2,3,3,1,2,2,2,2.31,Below Average,0.02
425,SIN-ANN-0425,0.145941,0.390464,86.588606,3.104508,0.639538,0.147439,0.249735,0.787432,0.340556,792.598615,0.826389,0.256988,0.98,0.293227,0.197314,37.901861,284.116895,3.959547,89.079668,0.2,5,2,5,2,1,1,4,4,1,4,3,5,3,3,5,5,5,1,3.29,Average,4,3,4,4,3,3,5,4,4,5,5,5,3,4,4.24,Good,0.95
426,SIN-ANN-0426,0.677938,0.642424,110.71269,15.875653,0.872305,0.154204,0.361659,0.349,0.778707,874.651793,0.531191,0.509913,0.545212,0.517409,0.699839,27.575556,701.592094,15.329092,86.735528,25.580703,2,1,4,1,1,2,1,1,1,2,2,2,2,2,5,5,5,5,2.28,Below Average,2,2,2,1,2,3,1,3,2,2,2,2,2,1,1.9,Below Average,-0.38
427,SIN-ANN-0427,0.190277,0.407322,76.321245,10.225609,0.78218,0.147926,0.238037,0.449859,0.248633,675.126851,0.455642,0.411234,0.455275,0.468035,0.19214,14.06806,266.803464,13.869564,88.934972,25.715998,5,2,5,1,1,1,2,4,1,2,2,2,2,1,5,5,5,5,2.83,Average,4,3,3,2,2,2,2,3,3,1,2,5,2,2,2.71,Average,-0.12
428,SIN-ANN-0428,0.557871,0.559131,103.763287,9.357765,0.663113,0.106306,0.332564,0.616416,0.538526,745.859811,0.393733,0.384913,0.820236,0.683258,0.498315,16.847206,603.826387,2,75.95126,36.235533,2,1,5,1,1,2,3,2,1,1,2,4,1,1,5,3,4,5,2.36,Below Average,2,3,4,3,3,3,4,2,3,4,1,4,4,3,3.24,Average,0.88
429,SIN-ANN-0429,0.554635,0.383985,112.266933,12.637999,0.553717,0.160838,0.299161,0.609872,0.600433,643.135862,0.446597,0.37209,0.392967,0.337156,0.612699,25.56235,30,31.501147,72.604604,24.867047,2,2,4,2,1,1,3,2,1,2,3,1,3,2,1,5,4,5,2.41,Below Average,3,3,3,1,3,3,4,2,4,1,3,4,3,4,2.93,Average,0.52
430,SIN-ANN-0430,0.641628,0.913859,95.542523,9.525913,1.919105,0.156474,0.248301,0.316002,1.033091,857.989737,0.366413,0.605548,0.471151,0.750702,0.732666,28.434506,545.02579,42.077329,154.183261,4.95333,2,1,5,1,1,1,1,1,1,1,1,2,1,2,5,5,5,5,2.17,Below Average,1,1,1,1,2,1,1,1,2,3,1,1,2,1,1.27,Poor,-0.9
431,SIN-ANN-0431,0.638254,0.692801,104.651946,9.407536,0.780044,0.166827,0.261568,0.715318,0.778436,1198.032351,0.479927,0.512707,0.378461,0.590666,0.595377,9.558377,26.398718,9.659301,42.080972,2.31182,2,1,5,1,1,1,4,1,1,2,2,1,1,1,1,5,2,3,1.97,Below Average,2,1,3,3,2,1,3,2,2,2,2,2,2,2,2.29,Below Average,0.32
432,SIN-ANN-0432,0.542054,0.372448,73.750337,18.231254,0.800647,0.104502,0.394354,0.767333,0.718864,743.655308,0.442998,0.422812,0.677086,0.252654,0.555841,26.983284,639.681382,27.79453,20,12.077249,2,2,4,1,1,2,4,1,1,2,2,3,3,2,5,5,1,5,2.46,Below Average,3,3,3,2,3,3,4,2,3,3,3,3,4,3,3.22,Average,0.76
433,SIN-ANN-0433,0.560753,0.32916,45.614831,5.015159,0.881356,0.108286,0.30892,0.59516,0.474856,721.922776,0.683483,0.311526,0.98,0.138143,0.542455,18.72783,290.18898,15.599987,178.583187,19.438665,2,2,5,1,1,2,3,3,1,3,3,5,5,1,5,5,5,5,3.01,Average,3,4,4,4,4,3,4,4,4,5,5,4,4,5,3.95,Good,0.94
434,SIN-ANN-0434,0.209346,0.060179,17.089583,7.22381,1.222316,0.101966,0.464385,0.803392,0.488031,218.164912,0.814171,0.511727,0.737192,0.25289,0.299507,30.602033,641.393932,2,29.965917,7.455876,4,5,5,1,1,3,4,3,3,4,2,4,3,2,5,3,1,5,3.3,Average,5,5,4,5,4,5,5,5,3,4,4,5,5,4,4.73,Very Good,1.43
435,SIN-ANN-0435,0.454,0.567522,144.438982,7.458118,0.937878,0.163144,0.204103,0.53572,0.756574,775.653504,0.45035,0.579405,0.366682,0.852482,0.427957,19.19574,58.765695,8.063858,38.94457,6.259986,3,1,5,1,1,1,2,1,1,2,1,1,1,1,2,5,2,5,2.03,Below Average,3,2,2,2,1,2,2,2,1,2,1,2,3,2,1.5,Below Average,-0.53
436,SIN-ANN-0436,0.651993,0.736179,141.782385,14.140661,1.261697,0.164355,0.214929,0.30475,0.884512,925.828506,0.308706,0.525376,0.251948,0.642266,0.668044,30.478394,626.131508,31.696582,20,21.486588,2,1,4,1,1,1,1,1,1,1,1,1,1,2,5,5,1,5,1.87,Poor,1,1,1,1,1,1,1,1,2,1,1,1,3,1,1,Poor,-0.87
437,SIN-ANN-0437,0.641729,0.72425,77.601784,12.702571,1.313881,0.176761,0.149231,0.452722,0.491251,1301.138428,0.477113,0.630269,0.455531,0.637723,0.636933,22.910668,88.161401,4.940384,90.614826,15.906805,2,1,4,1,1,1,2,3,1,2,1,2,1,1,2,5,5,5,2.12,Below Average,2,2,2,1,2,2,2,2,1,2,2,2,2,3,2.04,Below Average,-0.08
438,SIN-ANN-0438,0.724047,0.803438,121.111204,7.395337,1.199345,0.189023,0.109848,0.602023,0.46212,979.065463,0.396577,0.67772,0.471037,0.574102,0.752572,22.045656,559.265543,36.738607,111.181781,28.310338,1,1,5,1,1,1,3,3,1,1,1,2,1,1,5,5,5,5,2.24,Below Average,1,1,2,3,2,1,3,1,1,2,2,3,2,1,1.64,Below Average,-0.6
439,SIN-ANN-0439,0.246051,0.376064,28.351863,0.538377,0.595027,0.130826,0.595252,0.46909,0.502235,724.427374,0.662338,0.237146,0.805598,0.547745,0.253738,27.687813,482.511767,20.550838,127.523129,45.614146,4,2,5,2,1,3,2,2,1,3,4,4,2,2,5,5,5,5,3.12,Average,4,4,5,5,3,5,3,3,4,4,3,4,3,3,4.1,Good,0.98
440,SIN-ANN-0440,0.151627,0.228482,45.796026,9.587183,0.53625,0.102904,0.420523,0.492704,0.399341,736.794588,0.621581,0.405891,0.940426,0.281918,0.097818,21.614284,326.808697,5.598937,122.093957,20.800515,5,3,5,2,1,2,2,3,1,3,2,5,3,1,5,5,5,5,3.25,Average,5,3,4,4,3,4,3,4,4,5,4,4,2,4,3.91,Good,0.66
441,SIN-ANN-0441,0.645621,0.373862,61.874928,14.630864,0.745674,0.175215,0.299652,0.38222,0.289995,762.181899,0.464861,0.437583,0.620647,0.655058,0.709604,27.913765,568.831951,18.694819,68.041522,11.244695,2,2,4,1,1,1,1,4,1,2,2,3,1,2,5,5,4,5,2.43,Below Average,1,3,4,3,2,3,2,2,3,2,2,4,2,2,2.5,Average,0.07
442,SIN-ANN-0442,0.463385,0.421493,19.819376,9.014439,1.361571,0.129115,0.366695,0.593476,0.477123,928.71819,0.494993,0.445668,0.655421,0.454541,0.406866,20.867872,150.557547,37.307974,114.658765,20.475873,3,2,5,1,1,2,3,3,1,2,2,3,2,1,4,5,5,5,2.71,Average,3,4,3,5,3,3,4,2,3,3,3,4,3,3,3.32,Average,0.61
443,SIN-ANN-0443,0.660672,0.541655,128.72864,16.076921,1.370124,0.184958,0.102847,0.263247,0.899385,1499.515664,0.361719,0.699931,0.352895,0.782973,0.677381,14.969478,119.37604,36.540817,109.28567,51.306206,2,1,4,1,1,1,1,1,1,1,1,1,1,1,3,5,5,5,1.91,Below Average,1,2,1,1,1,1,1,1,2,1,1,1,1,1,1.37,Poor,-0.54
444,SIN-ANN-0444,0,0.337234,56.300372,5.459385,0.559364,0.070398,0.54877,0.825028,0.438114,487.4439,0.937256,0.187107,0.692867,0.377411,0.101144,20.361068,665.50435,19.107172,108.14624,21.851179,5,2,5,2,2,3,4,3,2,5,4,3,3,1,5,5,5,5,3.51,Good,5,4,4,5,5,5,5,5,5,4,4,4,5,5,4.97,Very Good,1.46
445,SIN-ANN-0445,0.580807,0.527368,61.042733,16.538708,1.089016,0.198115,0.219679,0.480909,0.590151,1066.512135,0.602007,0.421378,0.699615,0.546465,0.559848,30.817354,356.528271,7.316398,79.544693,0.2,2,1,4,1,1,1,2,2,1,3,2,3,2,2,5,5,4,1,2.23,Below Average,3,2,2,2,1,2,2,3,2,3,2,2,3,3,2.11,Below Average,-0.12
446,SIN-ANN-0446,0.045251,0.174843,42.254215,4.169329,0,0.102882,0.491343,0.810736,0.369421,473.20408,0.599336,0.314409,0.590677,0.307794,0.026991,46.491271,241.701176,12.466536,42.668667,11.787703,5,4,5,5,1,3,4,3,2,3,3,3,3,4,5,5,2,5,3.75,Good,5,4,5,5,5,5,5,4,5,3,5,5,5,5,4.57,Very Good,0.82
447,SIN-ANN-0447,0.643345,0.636615,108.976725,15.915969,1.439941,0.16045,0.231302,0.48418,0.869296,915.005065,0.313387,0.567681,0.614145,0.582389,0.614147,31.218759,30,21.890097,42.577068,33.185518,2,1,4,1,1,1,2,1,1,1,1,3,1,2,1,5,2,5,1.9,Below Average,1,1,2,2,2,2,2,1,1,3,2,1,2,1,1.54,Below Average,-0.36
448,SIN-ANN-0448,0.676801,0.315502,97.407827,9.353356,1.341047,0.145227,0.284076,0.621207,0.471953,741.1938,0.690851,0.388613,0.797094,0.261169,0.688046,26.362866,608.566246,10.583727,108.5644,0.2,2,2,5,1,1,1,3,3,1,3,2,4,3,2,5,5,5,1,2.65,Below Average,2,3,2,5,3,2,3,3,3,4,4,3,2,3,3.43,Average,0.78
449,SIN-ANN-0449,0.752846,0.371822,87.411193,13.663255,0.830311,0.130471,0.370625,0.626368,0.773097,1221.384669,0.687149,0.40246,0.623114,0.344911,0.733655,20.578909,635.21849,7.419598,148.018425,7.449345,1,2,4,1,1,2,3,1,1,3,2,3,3,1,5,5,5,5,2.49,Below Average,2,3,3,2,3,3,3,3,3,3,3,3,3,3,3.27,Average,0.78
450,SIN-ANN-0450,0.232823,0.18588,0,4.018628,0.504553,0.099263,0.490826,0.768619,0.356824,572.583611,0.816191,0.046149,0.771274,0.138998,0.217342,15.851585,343.376843,8.952134,96.311375,26.415667,4,3,5,2,2,3,4,3,1,4,5,4,5,1,5,5,5,5,3.62,Good,5,5,5,4,4,5,5,5,5,4,5,5,5,5,4.71,Very Good,1.09
451,SIN-ANN-0451,0.241393,0.33761,45.345141,5.072146,0.649136,0.108382,0.563665,0.61956,0.510852,394.781485,0.609396,0.295686,0.888712,0.34095,0.183016,34.313789,668.834402,15.456004,91.342444,24.118579,4,2,5,2,1,3,3,2,2,3,3,5,3,2,5,5,5,5,3.27,Average,5,4,3,4,3,5,4,3,5,5,4,3,4,4,4.35,Good,1.08
452,SIN-ANN-0452,0.556792,0.594116,62.743823,16.838784,1.345393,0.166055,0.291003,0.325839,0.537073,885.625928,0.371379,0.564846,0.443413,0.629907,0.556606,18.427094,530.913692,18.527906,115.187409,14.39126,2,1,4,1,1,1,1,2,1,1,1,2,1,1,5,5,5,5,2.09,Below Average,2,3,2,2,2,2,1,2,3,2,1,3,3,2,2.09,Below Average,0
453,SIN-ANN-0453,0.599515,0.326086,102.302957,11.919067,1.162124,0.106899,0.306648,0.543762,0.620397,971.325891,0.677994,0.653599,0.412108,0.753977,0.63336,27.322881,30,27.108832,40.354851,31.661486,2,2,5,1,1,2,2,2,1,3,1,2,1,2,1,5,2,5,2.23,Below Average,1,4,2,3,3,3,3,3,2,2,1,2,2,2,2.49,Below Average,0.26
454,SIN-ANN-0454,0.483632,0.588699,105.718979,17.81978,1.252954,0.18393,0.090237,0.48694,0.95172,1492.159512,0.436506,0.444096,0.353573,0.748036,0.543763,30.194287,542.983537,42.482522,65.93635,33.008199,3,1,4,1,1,1,2,1,1,2,2,1,1,2,5,5,4,5,2.23,Below Average,2,2,1,2,1,1,2,2,2,1,1,1,2,1,1.49,Poor,-0.74
455,SIN-ANN-0455,0.442555,0.329371,100.845463,8.928451,0.941548,0.125363,0.407326,0.743785,0.324561,317.621688,0.57466,0.408186,0.749621,0.322729,0.472183,15.771398,447.45993,14.855337,55.554056,21.746747,3,2,5,1,1,2,4,4,3,3,2,4,3,1,5,5,3,5,3.02,Average,3,4,4,5,4,3,4,3,4,4,4,4,5,3,3.8,Good,0.78
456,SIN-ANN-0456,0.136548,0.136457,82.049705,8.986087,0.576271,0.100093,0.367028,0.84559,0.476163,837.723378,0.91541,0.178025,0.547889,0.294226,0.204786,22.356865,229.922231,29.935658,45.300594,22.283188,5,4,5,2,1,2,4,3,1,5,4,2,3,1,5,5,2,5,3.37,Average,5,5,5,5,5,4,5,5,5,4,5,5,5,5,4.98,Very Good,1.61
457,SIN-ANN-0457,0.919288,0.610235,127.220739,24.919503,1.486253,0.14968,0.260346,0.300312,0.894754,1321.140858,0.321147,0.778806,0.481373,0.75916,0.954469,31.101428,537.768353,33.898202,135.557805,24.152385,1,1,3,1,1,1,1,1,1,1,1,2,1,2,5,5,5,5,1.91,Below Average,1,1,1,1,2,2,1,1,1,2,1,1,1,1,1.18,Poor,-0.73
458,SIN-ANN-0458,0.07152,0.242489,0,7.28057,0.640001,0.080599,0.47851,0.703553,0.559577,808.839028,0.771137,0.19499,0.802584,0.263138,0.083413,34.552028,612.221554,28.955272,115.709731,17.438058,5,3,5,2,2,3,4,2,1,4,4,4,3,2,5,5,5,5,3.54,Good,5,5,4,5,5,5,5,4,5,5,5,4,4,5,4.78,Very Good,1.24
459,SIN-ANN-0459,0.61458,0.557299,86.789594,8.602521,1.025181,0.214764,0.340379,0.675063,0.300021,574.447534,0.539335,0.524479,0.593243,0.512409,0.637442,25.144339,224.234649,15.532618,20,36.338968,2,1,5,1,1,2,3,4,1,2,1,3,2,2,5,5,1,5,2.46,Below Average,2,3,2,4,1,3,3,2,3,2,3,5,4,3,2.5,Average,0.04
460,SIN-ANN-0460,0.661027,0.847212,131.74692,10.122139,1.462745,0.17822,0.078764,0.416447,0.570313,1304.63325,0.327674,0.517516,0.253613,0.513422,0.59652,34.415797,886.670141,34.781512,93.739966,12.270188,2,1,5,1,1,1,2,2,1,1,2,1,2,2,5,5,5,5,2.32,Below Average,1,1,1,1,1,1,1,1,2,1,2,2,1,2,1.1,Poor,-1.22
461,SIN-ANN-0461,0.614564,0.603807,119.319162,13.133914,1.013592,0.171179,0.129586,0.401139,0.577736,969.056788,0.349366,0.7071,0.596483,0.69265,0.583476,36.461627,330.787656,48.572165,72.675876,27.741315,2,1,4,1,1,1,2,2,1,1,1,3,1,3,5,5,4,5,2.23,Below Average,2,2,2,1,1,2,2,1,2,2,1,3,2,3,1.66,Below Average,-0.57
462,SIN-ANN-0462,0.287486,0.578941,72.381434,14.912013,1.347675,0.1064,0.33495,0.340125,0.693969,783.113225,0.441157,0.576613,0.524766,0.736183,0.28546,32.674161,818.735861,24.154506,76.614628,13.449311,4,1,4,1,1,2,1,2,1,2,1,2,1,2,5,5,4,5,2.37,Below Average,3,2,1,1,4,2,1,2,2,2,1,2,3,3,1.97,Below Average,-0.4
463,SIN-ANN-0463,0.774325,0.694081,124.127031,12.546402,1.422565,0.162918,0.122625,0.426856,0.927135,947.165516,0.432849,0.717011,0.275091,0.743192,0.815129,17.709249,411.761797,8.580469,85.57144,29.031539,1,1,4,1,1,1,2,1,1,2,1,1,1,1,5,5,5,5,2,Below Average,1,1,1,1,1,1,2,1,1,1,1,1,2,1,1,Poor,-1
464,SIN-ANN-0464,0.366142,0.082805,0,9.017877,0.698175,0.081072,0.326091,0.813162,0.460286,233.180685,0.917769,0.479534,0.712939,0.321452,0.387053,21.685231,142.721187,8.412202,73.238369,26.428172,3,5,5,1,2,2,4,3,3,5,2,4,3,1,4,5,4,5,3.39,Average,4,5,5,4,4,4,4,4,3,4,4,4,4,3,4.11,Good,0.72
465,SIN-ANN-0465,0.932162,0.451027,140.494217,9.87937,0.912035,0.141331,0.271206,0.566487,0.876342,746.664674,0.437876,0.371269,0.495765,0.546276,0.97158,30.145936,307.891663,20.356765,133.822069,33.567023,1,1,5,1,1,1,3,1,1,2,3,2,2,2,5,5,5,5,2.38,Below Average,1,2,3,3,2,2,3,1,4,2,2,2,2,1,2.15,Below Average,-0.23
466,SIN-ANN-0466,0.42757,0,42.185306,9.090415,1.361991,0.153454,0.296595,0.635375,0.455057,785.494977,0.892914,0.067389,0.768728,0.452095,0.403276,27.277629,96.705992,24.201191,147.154506,14.194607,3,5,5,1,1,1,3,3,1,5,5,4,2,2,3,5,5,5,3.27,Average,3,5,2,5,3,3,5,5,5,4,3,4,4,3,3.66,Good,0.39
467,SIN-ANN-0467,0.510427,0.084832,28.117149,6.998768,1.386723,0.101104,0.398938,0.788813,0.713336,179.900822,0.50851,0.354766,0.90494,0.345073,0.483597,22.839213,424.358831,13.991009,91.74027,16.81386,2,5,5,1,1,2,4,1,4,2,3,5,3,1,5,5,5,5,3.23,Average,3,5,2,3,4,4,4,3,4,5,4,3,5,4,3.5,Good,0.27
468,SIN-ANN-0468,0.739655,0.563491,86.847705,15.184376,1.397933,0.143274,0.233323,0.317616,0.657814,943.753471,0.476467,0.767103,0.51013,0.84767,0.685219,28.833496,30,35.904666,151.925567,5.761919,1,1,4,1,1,1,1,2,1,2,1,2,1,2,1,5,5,5,1.93,Below Average,1,2,1,2,2,1,1,1,1,2,1,2,1,2,1.45,Poor,-0.48
469,SIN-ANN-0469,0.170436,0.28746,32.513418,13.648964,0.777154,0.124825,0.387674,0.669176,0.507264,946.55961,0.89274,0.330125,0.98,0.29232,0.148168,25.987196,51.141009,18.800746,20,17.568179,5,3,4,1,1,2,3,2,1,5,3,5,3,2,2,5,1,5,2.99,Average,5,4,3,3,3,4,4,4,4,5,4,4,3,3,3.66,Good,0.67
470,SIN-ANN-0470,0.460887,0.896217,112.761356,6.779608,1.475116,0.142562,0.270381,0.525459,0.69353,822.049006,0.427275,0.702726,0.304391,0.603589,0.513867,25.675293,390.48397,8.909033,99.055284,4.956358,3,1,5,1,1,1,2,2,1,2,1,1,1,2,5,5,5,5,2.36,Below Average,3,1,1,3,2,2,2,1,1,2,2,2,2,1,2.06,Below Average,-0.3
471,SIN-ANN-0471,0.776044,0.908022,145.388982,16.702548,1.539456,0.196016,0.217912,0.455043,0.677666,1425.948803,0.437427,0.718924,0.264342,0.914167,0.835544,28.863889,461.783016,45.54889,104.60312,36.861277,1,1,4,1,1,1,2,2,1,2,1,1,1,2,5,5,5,5,2.09,Below Average,1,1,1,1,1,1,1,1,1,1,1,2,1,1,1.04,Poor,-1.05
472,SIN-ANN-0472,0.581929,0.424307,58.25093,10.285392,1.383925,0.100009,0.148736,0.587581,0.667217,1032.026003,0.697153,0.78,0.529065,0.426729,0.687095,28.863408,591.490573,17.127339,78.164255,11.420026,2,2,5,1,1,1,3,2,1,3,1,2,2,2,5,5,4,5,2.51,Below Average,2,4,1,2,2,1,2,3,1,2,2,2,2,2,2.04,Below Average,-0.47
473,SIN-ANN-0473,0.379328,0.711062,113.071997,15.01647,1.171329,0.121535,0.36843,0.529025,0.649075,559.461236,0.704007,0.536994,0.540684,0.452271,0.407071,19.936541,545.355398,7.733573,124.112248,19.325983,3,1,4,1,1,2,2,2,1,4,1,2,2,1,5,5,5,5,2.48,Below Average,3,2,3,1,3,2,3,3,2,2,3,3,4,2,2.4,Below Average,-0.08
474,SIN-ANN-0474,0.079933,0.106733,18.534412,9.58634,0.192031,0.086354,0.442228,0.771078,0.348449,215.760759,0.880847,0.107565,0.837111,0.314961,0.109178,35.185258,101.928333,4.043766,51.900132,28.061,5,4,5,4,2,2,4,4,3,5,5,4,3,3,3,5,3,5,3.93,Good,5,5,5,3,5,5,5,5,5,5,4,5,4,5,4.5,Very Good,0.57
475,SIN-ANN-0475,0.36565,0.159787,56.562608,13.983361,0.169096,0.144912,0.516166,0.633684,0.266275,736.810552,0.882769,0.213186,0.98,0.287026,0.339619,19.177943,241.767783,7.55066,78.490687,16.208208,3,4,4,4,1,3,3,4,1,5,4,5,3,1,5,5,4,5,3.56,Good,3,5,4,3,3,5,4,4,5,5,5,4,4,4,4.11,Good,0.55
476,SIN-ANN-0476,0.200576,0.03562,26.101801,2.071111,0.680663,0.072087,0.353927,0.718472,0.290154,36.159113,0.780014,0.378487,0.74946,0.261005,0.165163,20.156757,30,21.190917,114.823326,0.2,4,5,5,1,2,2,4,4,5,4,3,4,3,1,1,5,5,1,3.38,Average,5,5,5,5,5,4,5,5,5,4,5,5,5,4,4.86,Very Good,1.48
477,SIN-ANN-0477,0.239297,0.725428,166.920796,6.06936,0.674835,0.122141,0.357051,0.591235,0.758231,732.873531,0.573085,0.393006,0.523021,0.377763,0.159675,20.262824,94.449877,2,111.723022,14.081329,4,1,5,1,1,2,3,1,1,3,2,2,3,1,3,3,5,5,2.54,Below Average,3,1,4,4,3,3,4,3,3,2,3,3,3,3,3.01,Average,0.47
478,SIN-ANN-0478,0.154618,0.120334,33.933071,8.044827,0.551328,0.112627,0.526779,0.701314,0.316654,202.514537,0.98,0.370551,0.895364,0.238707,0.152532,29.221578,392.73882,2,34.470399,20.659529,5,4,5,2,1,3,4,4,3,5,3,5,4,2,5,3,1,5,3.64,Good,5,5,5,5,5,5,5,5,5,5,5,5,5,5,4.85,Very Good,1.21
479,SIN-ANN-0479,0.10367,0.165389,12.098053,10.126537,0.7253,0.119359,0.48139,0.69048,0.512814,426.888598,0.695703,0.40497,0.804437,0.357466,0.055807,33.107172,354.963817,18.682673,77.250535,0.2,5,4,5,1,1,3,3,2,2,3,2,4,3,2,5,5,4,1,3.14,Average,5,5,5,5,3,5,4,4,4,5,5,5,5,5,4.57,Very Good,1.43
480,SIN-ANN-0480,0.513537,0.861561,169.097291,10.49324,1.987951,0.13912,0.158376,0.446802,0.726211,1035.036825,0.398602,0.522646,0.669216,0.706072,0.557311,18.106636,685.082314,13.018901,157.663104,23.743565,2,1,5,1,1,1,2,1,1,1,1,3,1,1,5,5,5,5,2.23,Below Average,2,1,1,2,2,1,1,2,2,3,2,2,3,2,1.76,Below Average,-0.47
481,SIN-ANN-0481,0.411952,0.615239,123.102372,6.581969,1.343324,0.114939,0.270184,0.758339,0.614824,1190.657499,0.449977,0.184451,0.599604,0.750291,0.363743,24.938751,405.942542,31.237118,20,27.62229,3,1,5,1,1,1,4,2,1,2,4,3,1,1,5,5,1,5,2.51,Below Average,3,2,2,3,3,2,4,2,5,3,1,3,2,3,2.5,Average,-0.01
482,SIN-ANN-0482,0.429346,0.630492,78.278558,10.235963,1.074054,0.119307,0.271451,0.762401,0.827472,1058.157074,0.602906,0.631622,0.676396,0.309125,0.487513,21.788119,531.570863,25.177169,51.540442,14.665698,3,1,5,1,1,1,4,1,1,3,1,3,3,1,5,5,3,5,2.54,Below Average,3,2,2,4,3,3,4,3,2,3,3,2,2,3,2.88,Average,0.34
483,SIN-ANN-0483,0.447804,0.544186,68.456087,6.170934,0.958606,0.138605,0.299131,0.71133,0.716931,885.783594,0.730439,0.369333,0.523509,0.430921,0.511265,20.404767,30,15.515445,115.365929,32.016904,3,1,5,1,1,1,4,1,1,4,3,2,2,1,1,5,5,5,2.51,Below Average,3,2,3,4,3,3,3,3,4,3,3,3,3,3,3.38,Average,0.87
484,SIN-ANN-0484,0.620436,0.717398,129.804724,8.886596,1.528682,0.212423,0.191899,0.528696,0.810129,1379.514094,0.496194,0.625271,0.259221,0.701656,0.632795,26.868305,393.842917,21.118125,149.509442,17.654981,2,1,5,1,1,1,2,1,1,2,1,1,1,2,5,5,5,5,2.22,Below Average,2,1,1,1,1,1,2,2,1,1,1,1,1,2,1.28,Poor,-0.94
485,SIN-ANN-0485,0.331247,0.288506,81.817272,12.800724,0.476765,0.148465,0.362462,0.518979,0.603506,846.879336,0.67575,0.291124,0.630011,0.402103,0.269285,22.018069,190.564704,2,164.609368,34.592118,4,3,4,2,1,2,2,2,1,3,3,3,2,1,5,3,5,5,2.85,Average,4,3,4,3,3,3,3,3,4,3,3,4,4,4,3.5,Good,0.65
486,SIN-ANN-0486,0.237675,0.367133,35.401777,9.816598,1.195949,0.109461,0.513044,0.755984,0.487929,609.300445,0.668026,0.065521,0.451645,0.238197,0.207673,39.154958,126.081248,22.046379,21.790339,25.149843,4,2,5,1,1,3,4,3,1,3,5,2,4,3,3,5,1,5,3.03,Average,4,4,3,5,4,5,4,4,5,3,4,4,5,4,4.33,Good,1.3
487,SIN-ANN-0487,0.235587,0.327586,95.829895,2.315332,0.722374,0.121746,0.340632,0.668896,0.319209,622.914271,0.83633,0.505033,0.484843,0.59271,0.243499,23.949656,115.142856,9.889859,108.395065,23.693954,4,2,5,1,1,2,3,4,1,4,2,2,1,1,3,5,5,5,2.81,Average,5,4,4,4,3,3,4,4,2,3,3,5,5,4,3.77,Good,0.96
488,SIN-ANN-0488,0.124574,0.241163,42.192366,10.221,1.212721,0.15651,0.253529,0.497219,0.615246,351.515219,0.467585,0.477463,0.805971,0.175353,0.155266,22.431617,177.47063,26.431842,132.663565,13.75694,5,3,5,1,1,1,2,2,2,2,2,4,4,1,4,5,5,5,3.02,Average,5,4,3,4,2,2,4,2,2,3,4,3,4,2,3.07,Average,0.05
489,SIN-ANN-0489,0.050487,0.382775,25.99922,9.282759,0.636324,0.078018,0.328325,0.753962,0.309215,482.694093,0.644802,0.31421,0.855454,0.224238,0.02,31.73536,466.556284,24.131666,100.102261,15.807395,5,2,5,2,2,2,4,4,2,3,3,5,4,2,5,5,5,5,3.56,Good,5,4,4,4,5,3,4,4,4,4,5,5,4,4,4.49,Good,0.93
490,SIN-ANN-0490,0.217607,0.32972,94.635618,10.307504,0.829964,0.125084,0.39865,0.717446,0.230336,555.481346,0.722883,0.346373,0.838058,0.602733,0.216157,26.80938,677.905054,33.529652,20,41.176395,4,2,5,1,1,2,4,4,1,4,3,4,1,2,5,5,1,5,2.97,Average,4,4,4,3,4,5,3,3,3,4,3,5,5,3,3.59,Good,0.62
491,SIN-ANN-0491,0.141676,0.157715,79.980937,0,0.765977,0.07175,0.521055,0.687066,0.451408,37.118029,0.98,0.291746,0.859555,0.151791,0.121983,28.680827,501.403554,20.357541,93.357588,31.069158,5,4,5,1,2,3,3,3,5,5,3,5,4,2,5,5,5,5,3.84,Good,5,5,5,5,5,5,4,5,4,5,5,5,5,5,4.96,Very Good,1.12
492,SIN-ANN-0492,0.124862,0.630379,79.546824,9.382137,0.56618,0.110816,0.220636,0.481332,0.422171,590.627854,0.613968,0.479107,0.750275,0.207341,0.164589,24.977033,321.066622,20.771024,55.460602,28.312579,5,1,5,2,1,1,2,3,1,3,2,4,4,1,5,5,3,5,2.95,Average,4,2,4,3,4,2,3,3,3,3,3,3,3,3,2.99,Average,0.04
493,SIN-ANN-0493,0.370228,0.352275,121.030063,10.310572,1.316211,0.122721,0.41247,0.559407,0.303797,1294.981788,0.842377,0.392356,0.557256,0.543734,0.347022,20.076906,235.358278,41.409734,96.21859,40.340364,3,2,5,1,1,2,3,4,1,4,2,3,2,1,5,5,5,5,2.9,Average,3,3,2,3,3,3,3,4,3,2,3,4,3,2,2.71,Average,-0.19
494,SIN-ANN-0494,0.692873,0.538483,79.734515,11.197746,1.32483,0.155121,0.29355,0.226935,0.603971,663.442799,0.472732,0.632014,0.521502,0.590067,0.645614,9.96354,63.533453,11.23179,39.744301,4.015222,2,1,5,1,1,1,1,2,1,2,1,2,1,1,2,5,2,5,1.99,Below Average,1,3,2,2,2,3,1,2,1,2,2,3,2,2,1.71,Below Average,-0.28
495,SIN-ANN-0495,0.444427,0.155826,48.139149,9.761093,0.345168,0.076351,0.322874,0.701311,0.525917,434.765486,0.507209,0.488922,0.814206,0.314216,0.384183,18.646242,190.642922,16.668271,88.213823,15.03315,3,4,5,3,2,2,4,2,2,2,2,4,3,1,5,5,5,5,3.3,Average,3,5,5,2,4,4,4,3,4,5,4,4,4,4,3.7,Good,0.4
496,SIN-ANN-0496,0.896297,0.629207,146.263893,22.535758,1.495331,0.181055,0.176314,0.360311,0.793738,1302.578891,0.248971,0.552497,0.302489,0.608862,0.951555,11,460.733813,16.608272,79.907682,10.075923,1,1,3,1,1,1,1,1,1,1,1,1,1,1,5,5,4,5,1.78,Poor,1,1,1,1,1,1,1,1,2,1,1,1,2,2,1.24,Poor,-0.54
497,SIN-ANN-0497,0.259108,0.427317,101.469537,15.991502,1.025795,0.095971,0.488179,0.616245,0.490935,771.594622,0.67512,0.361565,0.654612,0.480534,0.304333,21.691593,93.306809,31.127506,82.740564,39.157189,4,2,4,1,2,3,3,3,1,3,3,3,2,1,3,5,4,5,2.83,Average,4,3,3,3,4,4,4,3,4,3,3,3,2,3,3.49,Average,0.66
498,SIN-ANN-0498,0.82459,0.512368,148.707098,12.069329,1.455706,0.175646,0.201603,0.400903,0.882806,1371.103166,0.322043,0.740188,0.330253,0.43051,0.838826,17.524549,80.004369,5.143075,55.515418,19.32077,1,1,4,1,1,1,2,1,1,1,1,1,2,1,2,5,3,5,1.8,Poor,1,1,1,2,1,1,1,1,1,1,2,1,1,2,1.19,Poor,-0.61
499,SIN-ANN-0499,0.621989,0.491947,96.877105,12.341034,0.807007,0.146755,0.226746,0.479369,0.726639,706.766749,0.356383,0.533092,0.487849,0.558873,0.672962,19.299428,696.401723,2.330349,52.493598,9.210597,2,1,4,1,1,1,2,1,1,1,1,2,1,1,5,3,3,5,1.93,Below Average,2,3,4,2,2,2,3,2,2,2,2,1,3,3,2.47,Below Average,0.54
500,SIN-ANN-0500,0.400182,0.24921,12.500562,3.056388,0.407468,0.036574,0.546195,0.646159,0.408957,844.669236,0.879889,0.235701,0.819327,0.244087,0.37196,30.713272,30,11.206461,66.341313,18.967314,3,3,5,3,4,3,3,3,1,5,4,4,4,2,1,5,4,5,3.46,Average,5,5,5,5,5,5,4,5,5,5,5,5,4,5,5,Very Good,1.54
501,SIN-ANN-0501,0.389598,0.504886,94.213025,12.437008,0.998467,0.050445,0.310355,0.68026,0.349155,430.053932,0.952901,0.301677,0.628813,0.387039,0.422213,26.133112,543.164956,18.955221,117.825892,20.479595,3,1,4,1,3,2,3,4,2,5,3,3,3,2,5,5,5,5,3.07,Average,4,4,4,3,5,3,4,5,4,4,3,5,5,5,3.99,Good,0.92
502,SIN-ANN-0502,0.319303,0.510761,56.698515,3.923486,0.695315,0.164883,0.383457,0.598391,0.531898,474.583004,0.607677,0.519437,0.344516,0.353216,0.384091,25.497963,637.842896,2,137.429882,16.29131,4,1,5,1,1,2,3,2,2,3,2,1,3,2,5,3,5,5,2.71,Average,4,3,3,4,2,3,3,3,3,2,3,2,4,3,3.12,Average,0.41
503,SIN-ANN-0503,0.384321,0.339842,33.413169,2.582278,0.552575,0.135545,0.566264,0.737271,0.687224,323.282881,0.595881,0.529283,0.688138,0.222045,0.31694,25.086294,272.811496,25.165757,98.203102,29.594926,3,2,5,2,1,3,4,2,3,3,1,3,4,2,5,5,5,5,3.13,Average,3,4,4,5,3,5,4,4,4,4,5,3,5,4,4.44,Good,1.31
504,SIN-ANN-0504,0.525089,0.389637,34.391385,6.608914,1.210431,0.156413,0.23794,0.443425,0.601784,925.054362,0.598551,0.454538,0.742776,0.375983,0.545963,26.86737,428.558784,41.522432,29.020701,16.644882,2,2,5,1,1,1,2,2,1,3,2,4,3,2,5,5,1,5,2.55,Below Average,3,3,3,4,2,2,3,3,3,4,3,2,2,2,3.04,Average,0.49
505,SIN-ANN-0505,0.467362,0.584641,135.675575,12.947766,0.829646,0.133263,0.387293,0.548859,0.558131,237.915258,0.936979,0.319457,0.566966,0.163835,0.464004,19.707611,236.229765,22.874739,60.976321,5.261399,3,1,4,1,1,2,2,2,3,5,3,3,4,1,5,5,3,5,2.8,Average,3,3,4,3,3,4,3,4,4,3,5,4,5,3,3.78,Good,0.98
506,SIN-ANN-0506,0.131262,0.457129,69.99482,9.623842,0.032301,0.150801,0.461708,0.773061,0.243144,47.346038,0.462329,0.28341,0.860534,0.494893,0.139355,27.547002,121.553023,42.130857,105.352749,19.69727,5,1,5,5,1,3,4,4,5,2,3,5,2,2,3,5,5,5,3.65,Good,4,4,5,3,3,4,4,2,4,5,4,5,4,4,3.94,Good,0.29
507,SIN-ANN-0507,0.44074,0.270403,23.908167,5.89425,0.603356,0.072278,0.493755,0.785202,0.323595,193.903636,0.928348,0.273825,0.721001,0.216847,0.414404,29.673848,329.31155,5.866262,96.667762,44.712588,3,3,5,2,2,3,4,4,4,5,3,4,4,2,5,5,5,5,3.67,Good,4,5,5,5,5,5,5,5,4,4,5,5,5,4,5,Very Good,1.33
508,SIN-ANN-0508,0.148644,0.138127,63.369283,10.597119,0.293347,0.046813,0.349793,0.793351,0.406336,490.314927,0.877314,0.15468,0.866537,0.067496,0.136875,30.384385,317.610641,5.128305,82.713202,8.169667,5,4,5,4,4,2,4,3,2,5,4,5,5,2,5,5,4,5,4.12,Good,5,5,5,3,5,3,5,5,5,5,5,5,5,5,4.5,Very Good,0.38
509,SIN-ANN-0509,0.139597,0.147534,15.574577,4.754793,0.593185,0.07526,0.579602,0.926918,0.355935,470.021887,0.878582,0.129401,0.906075,0.079501,0.066192,28.15035,49.675925,27.369513,57.415324,31.874375,5,4,5,2,2,3,5,3,2,5,5,5,5,2,1,5,3,5,3.79,Good,5,5,5,5,5,5,5,5,5,5,5,5,5,5,5,Very Good,1.21
510,SIN-ANN-0510,0.583016,0.567027,97.431188,12.456191,1.301811,0.169543,0.214015,0.363373,0.450973,1116.712365,0.576108,0.674161,0.561745,0.553699,0.454017,15.831956,561.124141,27.646968,165.876317,7.065755,2,1,4,1,1,1,1,3,1,3,1,3,1,1,5,5,5,5,2.29,Below Average,2,2,2,2,2,2,1,2,1,3,2,3,3,2,1.89,Below Average,-0.4
511,SIN-ANN-0511,0.153587,0.078116,41.932804,7.452619,1.176206,0.113155,0.226754,0.695985,0.599332,787.140858,0.52976,0.640324,0.656628,0.425403,0.161701,20.087165,553.699794,32.868207,144.419217,13.035618,5,5,5,1,1,1,3,2,1,2,1,3,2,1,5,5,5,5,3.04,Average,4,4,2,3,4,2,4,2,3,3,4,2,3,5,3.26,Average,0.22
512,SIN-ANN-0512,0.622884,0.602241,149.385125,10.895756,1.519716,0.114531,0.308339,0.515685,0.921408,1232.181606,0.744965,0.634704,0.48276,0.60949,0.627863,23.809256,74.458162,29.940688,49.480538,13.023928,2,1,5,1,1,2,2,1,1,4,1,2,1,1,2,5,2,5,2.14,Below Average,1,1,1,3,3,2,2,3,2,3,2,1,2,1,1.76,Below Average,-0.38
513,SIN-ANN-0513,0.883887,0.460491,97.758382,9.610686,1.07805,0.157253,0.346084,0.493076,0.538679,494.782388,0.597181,0.360919,0.516131,0.632566,0.815472,22.76149,154.946364,31.315278,57.148788,2.793572,1,1,5,1,1,2,2,2,2,3,3,2,1,1,4,5,3,4,2.28,Below Average,2,3,3,3,3,3,3,3,3,2,2,3,4,3,2.5,Average,0.22
514,SIN-ANN-0514,0.477922,0.460211,100.241419,5.572029,1.527164,0.132037,0.372239,0.462486,0.383389,934.484521,0.594928,0.573259,0.626572,0.350785,0.448766,18.130912,616.347743,27.630874,55.265444,26.902784,3,1,5,1,1,2,2,3,1,3,1,3,3,1,5,5,3,5,2.59,Below Average,3,3,3,3,3,3,3,3,2,3,4,4,2,2,2.8,Average,0.21
515,SIN-ANN-0515,0.431018,0.507786,0.126804,7.963618,1.002539,0.088054,0.497887,0.676603,0.555846,913.351789,0.524548,0.465664,0.740504,0.51501,0.541513,26.870442,122.919941,15.037644,126.827884,19.472709,3,1,5,1,2,3,3,2,1,2,2,4,2,2,3,5,5,5,2.73,Average,3,4,2,4,4,4,3,3,4,3,3,3,2,3,3.31,Average,0.58
516,SIN-ANN-0516,0.114017,0.297802,22.492336,7.057502,0.565429,0.105934,0.517881,0.621166,0.496426,766.677718,0.908707,0.345496,0.671985,0.228643,0.080442,16.20872,53.315082,8.924438,33.096917,0,5,3,5,2,1,3,3,3,1,5,3,3,4,1,2,5,1,1,3.01,Average,5,5,4,4,4,5,4,4,4,3,4,3,3,5,4.28,Good,1.27
517,SIN-ANN-0517,0.151967,0.099988,80.654385,8.720495,0.394092,0.063977,0.472034,0.851003,0.271735,643.957812,0.762993,0.255352,0.864576,0.254121,0.151678,23.011461,174.23254,18.677049,114.141586,26.505604,5,5,5,3,3,3,5,4,1,4,3,5,3,1,4,5,5,5,3.93,Good,5,5,5,5,5,4,5,4,5,5,5,5,5,4,5,Very Good,1.07
518,SIN-ANN-0518,0.0418,0.031939,54.43674,8.342189,0.60752,0.061224,0.389441,0.530944,0.760095,618.203011,0.706566,0.193684,0.828619,0.197348,0.061134,24.229024,440.208331,2,117.707302,7.742614,5,5,5,2,3,2,2,1,1,4,4,4,4,1,5,3,5,5,3.5,Good,5,5,4,4,5,5,4,4,5,5,4,3,4,5,4.21,Good,0.71
519,SIN-ANN-0519,0.134133,0.043678,62.920484,7.277797,0.941456,0.089909,0.487859,0.839587,0.285491,25,0.938775,0.247352,0.932667,0.096865,0.151914,23.452201,30,2,62.877385,0.2,5,5,5,1,2,3,4,4,5,5,4,5,5,1,1,3,3,1,3.61,Good,5,5,3,5,5,5,5,5,5,5,5,5,5,4,5,Very Good,1.39
520,SIN-ANN-0520,0.531771,0.593815,77.465303,18.506358,1.248729,0.165106,0.176259,0.367319,0.551313,630.20883,0.380977,0.57091,0.512656,0.650853,0.542072,23.891045,355.45316,6.350004,62.334118,18.280045,2,1,4,1,1,1,1,2,1,1,1,2,1,1,5,5,3,5,2.01,Below Average,2,3,2,2,2,2,1,1,2,2,2,2,3,3,1.92,Below Average,-0.09
521,SIN-ANN-0521,0.546087,0.515772,65.207929,17.924268,0.710318,0.16177,0.269807,0.74021,0.536328,657.987462,0.641887,0.441871,0.659198,0.645717,0.53467,11,30,27.663939,103.944116,20.136065,2,1,4,1,1,1,4,2,1,3,2,3,1,1,1,5,5,5,2.28,Below Average,2,3,3,3,2,2,4,3,4,3,2,4,4,3,2.83,Average,0.55
522,SIN-ANN-0522,0.629706,0.945619,101.38606,16.803614,1.779701,0.150607,0.227176,0.346993,0.780086,1097.751835,0.353369,0.625292,0.235472,0.624114,0.542918,32.843428,190.268862,26.256217,60.653806,38.921499,2,1,4,1,1,1,1,1,1,1,1,1,1,2,5,5,3,5,1.95,Below Average,2,1,1,2,1,1,1,1,1,1,1,2,2,1,1.04,Poor,-0.91
523,SIN-ANN-0523,0.806232,0.365377,26.985301,18.152157,1.29611,0.188277,0.343613,0.40281,0.688433,668.338515,0.273013,0.651969,0.426435,0.647422,0.760511,26.452619,317.938214,18.748317,97.70082,23.586379,1,2,4,1,1,2,2,2,1,1,1,2,1,2,5,5,5,5,2.23,Below Average,1,3,2,2,2,3,2,1,1,2,1,2,2,2,1.86,Below Average,-0.37
524,SIN-ANN-0524,0.651334,0.686659,146.82062,18.915722,1.567808,0.193147,0.146569,0.552102,0.683501,1365.91407,0.52928,0.612962,0.635308,0.50076,0.671968,22.718757,332.019195,32.771812,49.422694,24.765243,2,1,4,1,1,1,3,2,1,2,1,3,2,1,5,5,2,5,2.22,Below Average,2,1,2,2,1,1,3,2,2,3,3,2,1,2,1.67,Below Average,-0.55
525,SIN-ANN-0525,0.766201,0.537641,61.883192,10.204806,1.073861,0.123007,0.253031,0.450496,0.677673,252.144494,0.678759,0.526185,0.883006,0.481851,0.741305,22.78195,631.53363,26.636492,92.588784,1.055937,1,1,5,1,1,1,2,2,3,3,1,5,2,1,5,5,5,2,2.42,Below Average,3,2,2,3,3,2,3,3,2,5,4,2,3,2,2.78,Average,0.36
526,SIN-ANN-0526,0.196434,0.754467,37.891006,10.200784,0.17714,0.08751,0.532238,0.691204,0.63371,144.071246,0.86658,0.30892,0.84223,0.134872,0.140014,27.15575,38.405367,12.84685,129.698305,9.030318,5,1,5,4,2,3,3,2,4,5,3,4,5,2,1,5,5,5,3.58,Good,5,3,5,5,5,5,5,5,5,5,5,4,5,5,4.8,Very Good,1.22
527,SIN-ANN-0527,0.644785,0.716417,150.801245,23.861052,0.608692,0.166051,0.349668,0.498238,0.669761,1177.885979,0.656628,0.634537,0.4082,0.417063,0.642249,17.145195,115.790603,21.669129,79.950906,8.527134,2,1,3,2,1,2,2,2,1,3,1,2,2,1,3,5,4,5,2.22,Below Average,2,1,3,1,2,3,2,2,1,2,3,2,2,2,1.88,Below Average,-0.34
528,SIN-ANN-0528,0.488636,0.243747,83.655384,4.252289,1.426619,0.138559,0.330304,0.687693,0.799384,518.980382,0.495564,0.461833,0.520124,0.540713,0.528333,17.182246,579.088011,8.970919,137.923862,24.821137,3,3,5,1,1,2,3,1,1,2,2,2,2,1,5,5,5,5,2.69,Below Average,3,3,1,3,3,2,4,2,3,3,3,2,3,3,2.78,Average,0.09
529,SIN-ANN-0529,0.479879,0.520435,36.863189,5.230529,0.867364,0.105559,0.333993,0.503165,0.195238,253.004043,0.840143,0.558168,0.95075,0.230701,0.52324,18.498351,232.002694,34.494462,143.839684,3.360891,3,1,5,1,1,2,2,5,3,4,1,5,4,1,5,5,5,4,3.03,Average,3,3,3,4,4,3,3,4,3,5,5,4,3,5,3.58,Good,0.55
530,SIN-ANN-0530,0.589245,0.567017,104.450954,5.6017,1.480959,0.142504,0.241534,0.594226,0.808885,788.132549,0.58111,0.547481,0.607347,0.565364,0.628664,40.496295,304.857655,19.457279,56.79699,30.148869,2,1,5,1,1,1,3,1,1,3,1,3,1,3,5,5,3,5,2.38,Below Average,3,2,1,4,2,2,3,3,2,3,2,1,3,2,2.23,Below Average,-0.15
531,SIN-ANN-0531,0.559575,0.579546,123.057412,13.925112,0.841009,0.143069,0.142364,0.353047,0.798655,815.419266,0.301217,0.484723,0.347562,0.683363,0.519795,26.240236,277.500636,15.553619,96.640695,6.011748,2,1,4,1,1,1,1,1,1,1,2,1,1,2,5,5,5,5,2.08,Below Average,3,2,3,3,2,1,2,1,2,1,1,1,2,2,2,Below Average,-0.08
532,SIN-ANN-0532,0.69782,0.471974,73.569492,11.210379,1.463158,0.140757,0.282551,0.699677,0.651915,1164.554676,0.707987,0.461648,0.496144,0.739807,0.651709,23.230898,616.719361,8.636047,43.22856,13.914607,2,1,5,1,1,1,3,2,1,4,2,2,1,1,5,5,2,5,2.36,Below Average,2,3,2,1,3,2,3,3,2,3,1,3,1,2,2.03,Below Average,-0.33
533,SIN-ANN-0533,0.285215,0.498177,69.033929,16.543736,0.855718,0.114709,0.271143,0.45457,0.784311,823.903688,0.673423,0.575536,0.677432,0.266366,0.297867,25.124817,532.887612,16.62257,153.369574,0.2,4,1,4,1,1,1,2,1,1,3,1,3,3,2,5,5,5,1,2.4,Below Average,4,3,3,3,3,2,3,3,3,3,4,3,4,3,3.28,Average,0.88
534,SIN-ANN-0534,0.519999,0.146572,35.755529,7.511152,0.538168,0.105088,0.373785,0.857221,0.293289,690.061713,0.98,0.430165,0.892556,0.516697,0.521149,13.450973,460.158916,26.932738,63.960351,30.087126,2,4,5,2,1,2,5,4,1,5,2,5,2,1,5,5,3,5,3.25,Average,3,4,4,5,4,4,5,5,4,5,3,5,4,5,3.99,Good,0.74
535,SIN-ANN-0535,0.623639,0.703141,117.454936,11.23226,0.596691,0.139923,0.241619,0.460286,0.507625,847.153188,0.462701,0.666913,0.392688,0.679718,0.60096,30.976885,769.628142,16.183025,57.498477,52.864368,2,1,5,2,1,1,2,2,1,2,1,1,1,2,5,5,3,5,2.28,Below Average,2,2,3,2,2,2,2,2,1,2,2,4,3,2,2.22,Below Average,-0.06
536,SIN-ANN-0536,0.423039,0.564736,95.365565,10.526277,0.800209,0.122786,0.391783,0.53903,0.490238,315.093551,0.654581,0.526582,0.700633,0.385953,0.404926,21.542585,44.702389,37.703121,62.594027,6.739455,3,1,5,1,1,2,2,3,3,3,1,4,3,1,1,5,3,5,2.58,Below Average,4,3,3,3,3,3,4,4,4,4,4,4,4,3,3.6,Good,1.02
537,SIN-ANN-0537,0.599847,0.572438,121.618166,9.346741,1.075764,0.112543,0.346228,0.708389,0.642656,945.386673,0.587395,0.404665,0.503431,0.347895,0.601429,20.160281,463.277715,30.737605,98.458841,19.967654,2,1,5,1,1,2,4,2,1,3,2,2,3,1,5,5,5,5,2.63,Below Average,2,2,2,4,4,2,4,3,3,2,4,3,3,4,2.71,Average,0.08
538,SIN-ANN-0538,0.441576,0.482608,69.270574,10.464706,1.18015,0.131177,0.396003,0.921155,0.414551,669.137713,0.87457,0.327904,0.573267,0.39295,0.424462,16.490454,76.519309,10.087041,33.162388,4.986987,3,1,5,1,1,2,5,3,1,5,3,3,3,1,2,5,1,5,2.74,Average,3,3,3,3,3,4,5,4,4,4,4,4,4,4,3.77,Good,1.03
539,SIN-ANN-0539,0.24854,0.218822,22.745582,11.706205,0.236182,0.097755,0.588383,0.744002,0.398921,178.859673,0.795935,0.372251,0.71449,0.324297,0.256457,38.696445,483.857105,9.428696,144.929348,16.609225,4,3,5,4,2,3,4,3,4,4,3,4,3,3,5,5,5,5,3.82,Good,4,4,5,4,4,4,5,5,4,4,5,5,4,5,4.49,Good,0.67
540,SIN-ANN-0540,0.554647,0.527174,85.917778,14.871022,1.252542,0.195013,0.124885,0.646573,0.983966,897.182146,0.518696,0.583203,0.36963,0.561252,0.531908,24.015582,566.696506,3.467846,63.573533,11.736084,2,1,4,1,1,1,3,1,1,2,1,1,1,1,5,4,3,5,2.02,Below Average,3,2,2,1,1,1,3,3,2,2,3,1,2,2,2.13,Below Average,0.11
541,SIN-ANN-0541,0.784699,0.89544,104.207846,15.056409,1.290894,0.096749,0.223547,0.418996,0.927198,541.149328,0.517322,0.338674,0.40506,0.535986,0.789923,19.332946,405.069698,11.921278,132.46764,21.849133,1,1,4,1,2,1,2,1,1,2,3,2,2,1,5,5,5,5,2.25,Below Average,1,1,1,1,4,2,2,2,3,1,2,1,2,3,1.74,Below Average,-0.51
542,SIN-ANN-0542,0.347682,0.398089,118.208146,7.21634,0.752412,0.098656,0.342329,0.568849,0.45194,742.412827,0.482407,0.271214,0.95196,0.345501,0.331928,11.16479,365.445011,14.726519,123.833119,28.556578,4,2,5,1,2,2,3,3,1,2,3,5,3,1,5,5,5,5,3.09,Average,3,4,4,4,5,4,3,3,5,5,4,5,4,4,4.17,Good,1.08
543,SIN-ANN-0543,0.050794,0.384589,51.750131,3.39679,0.321172,0.099116,0.440499,0.6988,0.33296,81.090108,0.98,0.409459,0.773861,0.367955,0.02,20.877781,636.128487,3.800036,100.503859,13.131864,5,2,5,3,2,2,3,4,5,5,2,4,3,1,5,5,5,5,3.65,Good,5,4,5,5,5,4,4,5,4,5,4,5,5,4,4.5,Very Good,0.85
544,SIN-ANN-0544,0.257337,0.223365,45.646061,10.136779,0.618577,0.100273,0.432833,0.731313,0.413565,458.697641,0.607068,0.404035,0.699085,0.390817,0.298638,28.741191,529.021899,2,116.19204,21.837023,4,3,5,2,1,2,4,3,2,3,2,3,3,2,5,3,5,5,3.18,Average,5,4,4,2,4,4,5,4,3,4,3,4,4,5,3.91,Good,0.73
545,SIN-ANN-0545,0.423,0.305897,57.319841,6.751855,0.690549,0.079618,0.367519,0.616609,0.216724,290.111509,0.748986,0.414716,0.81665,0.218618,0.430512,19.693779,525.240182,33.652478,57.254039,20.128603,3,2,5,1,2,2,3,4,3,4,2,4,4,1,5,5,3,5,3.12,Average,4,5,4,3,5,3,3,4,4,5,5,5,4,4,4.15,Good,1.03
546,SIN-ANN-0546,0.244606,0.190156,51.185583,0,0.474608,0.087054,0.534372,0.746492,0.391258,363.900456,0.979583,0.295389,0.765732,0.454081,0.176151,22.754836,343.559978,3.534302,130.845388,36.007967,4,3,5,2,2,3,4,3,2,5,3,4,2,1,5,5,5,5,3.47,Average,4,5,5,5,5,5,5,5,5,4,4,5,5,4,4.5,Very Good,1.03
547,SIN-ANN-0547,0.373208,0.264261,1.187252,10.463659,0.632312,0.072535,0.349772,0.846351,0.329199,534.60367,0.801712,0.297999,0.691399,0.252416,0.421086,21.671991,23.956294,5.260762,38.543758,0.37212,3,3,5,2,2,2,4,4,1,4,3,3,3,1,1,5,2,1,2.84,Average,4,4,4,4,4,3,5,4,4,4,4,5,4,5,3.96,Good,1.12
548,SIN-ANN-0548,0.424247,0.380767,106.753938,6.83326,0.201069,0.134554,0.488496,0.826591,0.470365,1005.123483,0.663029,0.351845,0.461441,0.409987,0.409692,26.59127,501.72924,30.194713,94.144359,4.381748,3,2,5,4,1,3,4,3,1,3,3,2,2,2,5,5,5,5,3.21,Average,3,3,5,4,3,4,5,3,3,3,4,4,4,4,4.09,Good,0.88
549,SIN-ANN-0549,0.492449,0.515284,73.587833,13.860649,1.073388,0.126529,0.260246,0.473229,0.656567,716.770513,0.612044,0.536322,0.678208,0.399939,0.493483,17.580816,386.272388,5.964852,102.982728,8.982104,3,1,4,1,1,1,2,2,1,3,1,3,3,1,5,5,5,5,2.48,Below Average,3,2,3,2,3,2,2,3,3,3,3,3,3,2,2.79,Average,0.31
550,SIN-ANN-0550,0.490496,0.334648,90.878351,8.977901,0.182034,0.141923,0.379876,0.590875,0.599548,351.961402,0.800759,0.450714,0.812571,0.166318,0.529523,11,532.676657,2,98.059616,20.939082,3,2,5,4,1,2,3,2,2,4,2,4,4,1,5,3,5,5,3.18,Average,3,4,5,5,3,3,3,4,3,4,5,4,5,4,3.5,Good,0.32
551,SIN-ANN-0551,0.429504,0.238794,17.30984,9.939493,0.988957,0.071423,0.423886,0.4815,0.573667,384.778269,0.725753,0.162944,0.684012,0.387922,0.390601,15.799295,30,9.873376,45.087279,24.922771,3,3,5,1,2,2,2,2,2,4,4,3,3,1,1,5,2,5,2.81,Average,4,5,3,4,5,4,3,4,5,4,4,3,4,4,4.48,Good,1.67
552,SIN-ANN-0552,0.361708,0.270671,49.650411,9.25381,0.895832,0.127717,0.52851,0.707145,0.24585,680.946651,0.697401,0.300054,0.500158,0.287545,0.39171,20.758403,91.752216,7.176252,97.028474,29.728665,3,3,5,1,1,3,4,4,1,3,3,2,3,1,3,5,5,5,3.01,Average,4,4,4,4,4,5,4,4,4,3,5,4,4,4,4.1,Good,1.09
553,SIN-ANN-0553,0.497907,0.488329,133.286417,9.083817,1.28222,0.130321,0.246087,0.41478,0.478183,1066.440966,0.430624,0.259569,0.517627,0.43932,0.52889,21.494077,429.904821,13.848935,122.335221,26.162548,3,1,5,1,1,1,2,3,1,2,3,2,2,1,5,5,5,5,2.57,Below Average,3,3,1,3,3,2,3,2,4,2,3,4,2,4,2.68,Average,0.11
554,SIN-ANN-0554,0.473176,0.407005,37.552663,12.296842,0.700452,0.096403,0.444876,0.707862,0.499232,454.74034,0.669916,0.278669,0.600918,0.436854,0.497038,25.808702,412.291542,24.706831,81.927742,0.2,3,2,4,1,2,2,4,3,2,3,3,3,2,2,5,5,4,1,2.76,Average,3,3,3,4,5,4,4,3,4,3,4,4,4,4,4.08,Good,1.32
555,SIN-ANN-0555,0.744383,0.740866,54.677089,10.619101,1.441745,0.129635,0.133203,0.48779,0.75415,1412.234612,0.714696,0.701044,0.485143,0.71951,0.732882,30.338686,878.914895,11.215814,86.411386,0.2,1,1,5,1,1,1,2,1,1,4,1,2,1,2,5,5,5,1,2.12,Below Average,1,2,2,1,2,1,3,3,1,2,1,1,1,2,1.81,Below Average,-0.31
556,SIN-ANN-0556,0.457103,0.346902,60.398412,15.714156,1.207345,0.155392,0.303236,0.617154,0.755895,849.67104,0.906187,0.578072,0.413567,0.565861,0.481439,11,54.341264,41.563867,56.718901,14.46134,3,2,4,1,1,2,3,1,1,5,1,2,1,1,2,5,3,5,2.37,Below Average,2,3,1,2,2,2,3,4,2,2,2,2,3,2,2.15,Below Average,-0.22
557,SIN-ANN-0557,0.452562,0.657599,118.478914,7.662886,1.645411,0.174264,0.127037,0.377953,0.795877,1114.727421,0.259257,0.738007,0.374636,0.748457,0.451638,24.665569,30,12.017482,76.521452,21.256218,3,1,5,1,1,1,1,1,1,1,1,1,1,1,1,5,4,5,1.97,Below Average,2,1,1,3,1,1,1,1,1,1,1,1,1,1,1.2,Poor,-0.77
558,SIN-ANN-0558,0.243144,0.175116,99.50432,7.981852,0.503311,0.083347,0.371983,0.677423,0.553711,527.289472,0.903789,0.367653,0.598148,0.212977,0.228005,13.535504,367.27215,12.819136,78.993148,23.09618,4,4,5,2,2,2,3,2,1,5,3,3,4,1,5,5,4,5,3.36,Average,4,3,4,3,4,4,4,4,4,3,5,3,3,5,3.6,Good,0.24
559,SIN-ANN-0559,0.38635,0.406435,80.209428,10.380164,0.594083,0.109142,0.226776,0.502015,0.482326,744.963713,0.636552,0.444244,0.701411,0.30993,0.408022,11,89.483627,9.948693,118.807972,40.319267,3,2,5,2,1,1,2,3,1,3,2,4,3,1,2,5,5,5,2.77,Average,4,3,4,3,3,3,2,4,3,3,3,4,2,4,3.49,Average,0.72
560,SIN-ANN-0560,0.687905,0.614942,135.477944,9.867887,1.295583,0.146998,0.160529,0.414408,0.836412,1111.820668,0.463338,0.729789,0.249667,0.706823,0.74301,12.040256,30,19.357707,124.957361,4.153569,2,1,5,1,1,1,2,1,1,2,1,1,1,1,1,5,5,5,2.02,Below Average,2,2,2,3,2,2,2,2,1,1,2,2,1,1,1.85,Below Average,-0.17
561,SIN-ANN-0561,0.568486,0.561081,155.270818,5.791462,0.707848,0.180593,0.390828,0.519838,0.537829,625.683622,0.629269,0.471207,0.548165,0.551801,0.580293,24.457014,344.964368,13.406924,130.673196,19.259211,2,1,5,1,1,2,2,2,1,3,2,2,1,1,5,5,5,5,2.43,Below Average,3,2,3,4,2,3,3,3,3,3,3,4,4,2,2.99,Average,0.56
562,SIN-ANN-0562,0.221089,0.153359,20.77707,10.241778,0.379186,0.100805,0.368075,0.741938,0.207448,245.420886,0.98,0.186451,0.814607,0.124579,0.19702,31.375634,419.905608,28.484965,54.462755,52.186546,4,4,5,3,1,2,4,4,3,5,4,4,5,2,5,5,3,5,3.8,Good,5,5,5,4,4,3,4,5,4,4,5,5,4,4,4.33,Good,0.53
563,SIN-ANN-0563,0.312426,0.277214,78.676621,14.583074,0.797371,0.115672,0.331771,0.612873,0.482998,910.334758,0.666425,0.335,0.565231,0.344456,0.242697,20.219224,746.040364,20.885374,108.242873,44.162116,4,3,4,1,1,2,3,3,1,3,3,3,3,1,5,5,5,5,2.99,Average,3,3,4,4,3,3,4,3,5,3,4,4,3,2,3.45,Average,0.46
564,SIN-ANN-0564,0.48835,0.270179,100.947369,6.883805,1.066879,0.205675,0.270997,0.350643,0.466409,1050.790628,0.404929,0.52111,0.382554,0.425634,0.463393,14.652095,712.880481,2,143.972026,17.538448,3,3,5,1,1,1,1,3,1,2,1,1,2,1,5,3,5,5,2.46,Below Average,2,3,3,1,1,2,1,1,2,2,3,3,2,2,1.98,Below Average,-0.48
565,SIN-ANN-0565,0.314354,0.565999,82.358711,9.570198,1.635385,0.144385,0.161025,0.493204,0.789499,960.286951,0.466676,0.664242,0.447152,0.730057,0.210125,19.858572,538.291156,16.393134,100.432855,20.894464,4,1,5,1,1,1,2,1,1,2,1,2,1,1,5,5,5,5,2.4,Below Average,4,3,1,2,3,1,2,2,1,2,2,1,3,2,1.74,Below Average,-0.66
566,SIN-ANN-0566,0.285461,0.32524,20.580752,2.19809,0.504689,0.093604,0.52769,0.552675,0.421972,113.676648,0.855186,0.43648,0.680053,0.197599,0.24091,31.680626,30,7.735769,83.83577,0.2,4,2,5,2,2,3,3,3,4,5,2,3,4,2,1,5,4,1,3.11,Average,5,4,5,5,4,5,3,4,4,4,4,5,5,4,4.49,Good,1.38
567,SIN-ANN-0567,0.307159,0.291697,57.910464,13.416644,0.813566,0.101387,0.370801,0.561471,0.440105,460.640131,0.685982,0.412054,0.758842,0.294696,0.296297,20.729662,545.945628,28.089947,89.872984,18.378816,4,3,4,1,1,2,3,3,2,3,2,4,3,1,5,5,5,5,3.04,Average,3,4,4,4,4,3,3,4,4,4,5,4,5,4,3.92,Good,0.88
568,SIN-ANN-0568,0.480225,0.450562,149.925911,10.917686,1.276126,0.103722,0.317491,0.485881,0.680624,940.285176,0.523938,0.396916,0.762727,0.230208,0.446763,24.763524,138.247301,8.859075,46.21395,16.344557,3,1,5,1,1,2,2,2,1,2,2,4,4,1,4,5,2,5,2.56,Below Average,3,2,4,4,4,3,2,3,3,4,4,3,3,4,3.2,Average,0.64
569,SIN-ANN-0569,0.067594,0.445758,93.412325,2.308947,0.502482,0.073539,0.496349,0.617186,0.262185,698.893208,0.671304,0.483334,0.565665,0.381186,0.125522,27.698875,740.568225,33.473141,134.622764,12.363091,5,2,5,2,2,3,3,4,1,3,2,3,3,2,5,5,5,5,3.31,Average,5,3,4,5,4,4,3,4,4,3,4,4,3,5,3.78,Good,0.47
570,SIN-ANN-0570,0.5926,0.494541,103.584051,8.286072,1.09985,0.135051,0.500629,0.645925,0.722595,590.662871,0.794922,0.591304,0.807133,0.352316,0.569195,23.714666,30,18.29661,48.085131,24.65337,2,1,5,1,1,3,3,1,1,4,1,4,3,1,1,5,2,5,2.4,Below Average,2,3,2,4,3,4,3,4,2,4,4,3,4,3,3.48,Average,1.08
571,SIN-ANN-0571,0.120315,0.3291,62.660485,8.634034,1.095218,0.123934,0.28051,0.476261,0.606611,725.215546,0.623989,0.389422,0.625239,0.592187,0.084612,13.455357,102.014483,6.610496,44.340835,2.460553,5,2,5,1,1,1,2,2,1,3,2,3,1,1,3,5,2,3,2.5,Below Average,4,4,2,3,3,2,3,3,2,2,2,3,3,4,2.5,Average,0
572,SIN-ANN-0572,0.568148,0.348824,107.075694,14.291806,0.651494,0.139613,0.448047,0.497502,0.334252,783.660143,0.531482,0.323905,0.789864,0.557262,0.596161,27.236291,460.242705,19.206531,96.16933,30.113954,2,2,4,1,1,2,2,4,1,2,3,4,1,2,5,5,5,5,2.67,Below Average,3,3,4,2,3,3,2,2,4,4,2,4,3,3,3.47,Average,0.8
573,SIN-ANN-0573,0.534896,0.261088,68.449099,11.844689,1.008103,0.05674,0.432334,0.593852,0.387082,25,0.876401,0.229783,0.869755,0.411824,0.524469,27.198191,492.59161,23.308086,74.835948,27.991765,2,3,5,1,3,2,3,3,5,5,4,5,2,2,5,5,4,5,3.4,Average,4,4,3,3,5,4,3,5,4,5,3,5,5,3,3.64,Good,0.24
574,SIN-ANN-0574,0.218783,0.170823,41.607253,3.262734,0.957711,0.132867,0.465265,0.496786,0.600295,378.345705,0.741425,0.299906,0.667994,0.31639,0.22866,12.456525,293.960105,20.076872,139.101172,0.2,4,4,5,1,1,3,2,2,2,4,3,3,3,1,5,5,5,1,3.06,Average,4,4,4,4,3,4,3,4,4,4,5,3,5,4,4.16,Good,1.1
575,SIN-ANN-0575,0,0.445298,48.113478,10.233928,0,0.137228,0.428576,0.830646,0.278235,25,0.759066,0.324299,0.675413,0.200173,0.02,21.485329,134.955235,16.714217,41.704266,26.589186,5,2,5,5,1,2,4,4,5,4,3,3,4,1,4,5,2,5,3.67,Good,5,4,5,5,4,4,4,4,5,3,5,5,5,4,4.5,Very Good,0.83
576,SIN-ANN-0576,0.448115,0.653218,118.33247,10.697971,0.861483,0.113877,0.251585,0.705239,0.654827,1189.59519,0.853918,0.573419,0.541749,0.295071,0.437592,31.781945,64.883452,8.491078,85.942546,28.431002,3,1,5,1,1,1,4,2,1,5,1,2,3,2,2,5,5,5,2.64,Below Average,3,2,3,4,4,2,4,4,2,3,3,3,2,3,3.02,Average,0.38
577,SIN-ANN-0577,0.486708,0.782994,99.303569,14.835556,1.38952,0.207646,0.127255,0.492259,0.77101,1204.309381,0.152063,0.686577,0.545539,0.495615,0.472069,27.468773,744.146592,16.380014,103.459871,10.720373,3,1,4,1,1,1,2,1,1,1,1,2,2,2,5,5,5,5,2.27,Below Average,1,1,1,1,1,1,2,1,1,2,2,1,1,1,1,Poor,-1.27
578,SIN-ANN-0578,0.652002,0.747407,68.69213,18.209503,1.910247,0.166015,0.10685,0.272594,0.811906,1545.099846,0.211421,0.506548,0.352564,0.752511,0.617153,27.868095,206.463787,23.941925,43.584899,18.991858,2,1,4,1,1,1,1,1,1,1,2,1,1,2,5,5,2,5,1.96,Below Average,2,1,1,1,1,1,1,1,2,1,1,1,1,1,1,Poor,-0.96
579,SIN-ANN-0579,0.317017,0.197707,72.330875,7.399734,0.475368,0.129313,0.467222,0.516491,0.525577,1111.897906,0.613273,0.351531,0.724973,0.351183,0.337181,27.119658,236.33119,35.126404,26.013122,17.550875,4,3,5,2,1,3,2,2,1,3,3,4,3,2,5,5,1,5,3.05,Average,5,4,4,4,4,4,2,3,5,4,4,4,3,4,3.78,Good,0.73
580,SIN-ANN-0580,0.105275,0.074241,72.579225,3.475009,1.108564,0.142176,0.271118,0.774225,0.452709,451.680435,0.801293,0.345598,0.313072,0.231914,0.144208,16.738593,574.927032,21.119403,73.869974,24.993047,5,5,5,1,1,1,4,3,2,4,3,1,4,1,5,5,4,5,3.35,Average,5,5,3,5,3,3,4,4,4,2,5,5,4,4,3.89,Good,0.54
581,SIN-ANN-0581,0.581508,0.726877,159.258644,16.607132,0.896753,0.143954,0.375993,0.34408,0.628228,732.846427,0.437751,0.662611,0.514938,0.566075,0.632522,20.417002,225.987013,7.616133,44.986494,20.251428,2,1,4,1,1,2,1,2,1,2,1,2,1,1,5,5,2,5,2.07,Below Average,2,1,3,2,2,4,1,2,1,3,2,3,2,2,2.12,Below Average,0.05
582,SIN-ANN-0582,0.896265,0.618535,119.518874,11.053063,1.922044,0.210536,0.186468,0.329147,0.820374,1219.036666,0.120654,0.648235,0.268298,0.819375,0.897413,21.074162,48.359916,6.375244,31.479705,4.384316,1,1,5,1,1,1,1,1,1,1,1,1,1,1,1,5,1,5,1.67,Poor,1,2,1,1,1,1,1,1,1,2,1,1,1,1,1.49,Poor,-0.18
583,SIN-ANN-0583,0.23164,0.260169,53.142073,7.636258,0.432511,0.099489,0.531695,0.774885,0.521262,353.55213,0.759981,0.192884,0.689494,0.430649,0.247641,18.676839,358.447147,18.855601,62.38086,43.3471,4,3,5,3,2,3,4,2,2,4,4,3,2,1,5,5,3,5,3.37,Average,5,4,5,4,5,5,4,4,5,4,4,5,5,5,4.69,Very Good,1.32
584,SIN-ANN-0584,0.424097,0.336674,70.558616,11.416348,0.460561,0.162195,0.29032,0.431948,0.648199,562.446854,0.708226,0.490776,0.566455,0.257305,0.443645,25.855803,495.485664,34.676812,56.083546,7.279421,3,2,5,2,1,1,2,2,1,4,2,3,3,2,5,5,3,5,2.8,Average,4,3,3,3,4,3,2,3,2,3,5,3,3,4,2.99,Average,0.19
585,SIN-ANN-0585,0.801624,0.733565,121.023256,10.956319,1.615548,0.18729,0.136427,0.316108,0.983275,1376.850217,0.383387,0.78,0.298579,0.673899,0.837863,27.262256,281.519181,22.052033,103.68986,31.469381,1,1,5,1,1,1,1,1,1,1,1,1,1,2,5,5,5,5,2.03,Below Average,1,1,1,1,2,1,1,2,1,1,1,1,1,2,1.09,Poor,-0.94
586,SIN-ANN-0586,0.3423,0.466193,110.647694,7.657446,1.134488,0.122263,0.394813,0.534312,0.483502,615.43078,0.644299,0.550619,0.579095,0.498246,0.336765,38.065842,312.256396,14.064671,53.453684,30.624184,4,1,5,1,1,2,2,3,1,3,1,3,2,3,5,5,3,5,2.7,Average,4,3,3,3,3,4,3,3,2,3,3,4,3,3,3.17,Average,0.47
587,SIN-ANN-0587,0,0.230846,101.666866,4.11777,1.037266,0.121845,0.396671,0.570108,0.66533,350.836648,0.696422,0.337471,0.98,0.534718,0.02,19.605191,137.482006,14.056667,104.556873,2.697809,5,3,5,1,1,2,3,2,2,3,3,5,2,1,4,5,5,4,3.14,Average,5,4,4,4,4,4,4,4,4,5,3,3,5,4,3.74,Good,0.6
588,SIN-ANN-0588,0.629855,0.328721,109.295497,11.635638,0.549403,0.134128,0.41125,0.45932,0.547276,743.449491,0.589359,0.456695,0.504981,0.470388,0.629796,24.568833,390.604772,19.336017,66.434485,42.846555,2,2,5,2,1,2,2,2,1,3,2,2,2,1,5,5,4,5,2.61,Below Average,2,3,4,2,3,4,2,3,3,2,2,3,4,3,2.71,Average,0.1
589,SIN-ANN-0589,0.652857,0.167988,69.023964,15.619714,0.628038,0.165299,0.204632,0.703445,0.516254,550.066292,0.747526,0.470695,0.516069,0.33987,0.620591,32.808619,368.282728,14.89521,83.493094,26.389963,2,4,4,2,1,1,4,2,1,4,2,2,3,2,5,5,4,5,2.89,Average,2,4,4,2,2,2,4,4,3,3,4,4,4,4,3.31,Average,0.42
590,SIN-ANN-0590,0.472279,0.356755,55.862963,13.141491,0.739303,0.145836,0.294564,0.566608,0.624885,490.378416,0.788151,0.264404,0.505,0.382127,0.449332,19.736479,454.4962,21.351534,78.484487,5.842402,3,2,4,1,1,1,3,2,2,4,3,2,3,1,5,5,4,5,2.73,Average,3,4,3,4,2,3,3,4,5,2,3,4,4,3,3.22,Average,0.49
591,SIN-ANN-0591,0.713117,0.593099,110.319497,16.09791,1.207106,0.151582,0.356599,0.552146,0.518898,1507.972566,0.610148,0.567935,0.653439,0.421907,0.66447,22.951216,367.869197,23.841989,36.977489,37.4158,1,1,4,1,1,2,3,2,1,3,1,3,2,1,5,5,2,5,2.23,Below Average,3,2,2,1,2,3,3,3,2,3,3,3,3,3,2.71,Average,0.48
592,SIN-ANN-0592,0.063405,0.185352,93.879181,7.603382,0.221484,0.130258,0.47359,0.691971,0.372993,373.657479,0.449727,0.46074,0.916604,0.413764,0.132926,16.196677,397.569016,35.503601,90.679105,38.928926,5,3,5,4,1,3,3,3,2,2,2,5,2,1,5,5,5,5,3.48,Average,5,5,5,3,4,5,4,2,3,5,3,5,5,3,4.12,Good,0.64
593,SIN-ANN-0593,0.176978,0.18591,31.992768,4.526883,0.31859,0.078874,0.543115,0.834286,0.256308,538.296656,0.884172,0.251669,0.836786,0.150618,0.164409,17.124902,66.205681,14.382148,43.49027,0.35098,5,3,5,3,2,3,4,4,1,5,3,4,4,1,2,5,2,1,3.34,Average,5,5,5,4,5,5,5,5,5,5,5,5,4,5,4.71,Very Good,1.37
594,SIN-ANN-0594,0.399108,0.374071,57.437171,9.225643,0.483845,0.14996,0.485454,0.819624,0.56299,408.371748,0.802229,0.319514,0.744945,0.241037,0.436191,18.613066,78.761625,1.5,49.042879,2.056601,3,2,5,2,1,3,4,2,2,4,3,4,4,1,2,3,2,3,2.84,Average,3,4,4,5,3,4,5,4,4,4,5,4,4,3,3.9,Good,1.06
595,SIN-ANN-0595,0.574586,0.776095,144.904577,9.694677,1.033829,0.098599,0.23253,0.453717,0.6738,116.215317,0.809251,0.725635,0.47248,0.609812,0.553017,23.408226,30,11.976626,119.049343,29.675378,2,1,5,1,2,1,2,2,4,4,1,2,1,1,1,5,5,5,2.42,Below Average,3,2,2,3,4,2,3,4,1,2,1,2,4,2,2.5,Average,0.08
596,SIN-ANN-0596,0.145996,0.310364,0,4.883395,0.879145,0.076423,0.415078,0.836352,0.20719,531.383503,0.498446,0.080067,0.73835,0.23665,0.176021,34.833526,299.642072,31.58525,105.334676,30.695534,5,2,5,1,2,2,4,4,1,2,5,4,4,2,5,5,5,5,3.42,Average,4,5,4,5,5,4,5,3,5,4,4,5,5,5,4.5,Very Good,1.08
597,SIN-ANN-0597,0.031609,0.332339,31.13984,2.817213,0.661976,0.098657,0.403473,0.826208,0.241987,436.743269,0.719375,0.360993,0.74753,0.301867,0.02,26.232904,273.058629,29.646197,75.91764,0.492024,5,2,5,1,2,2,4,4,2,4,3,4,3,2,5,5,4,1,3.22,Average,5,4,4,5,4,4,5,4,4,4,4,5,5,4,4.49,Good,1.27
598,SIN-ANN-0598,0.488856,0.389453,54.944431,9.828043,0.436076,0.139648,0.295064,0.698731,0.654185,631.72137,0.786956,0.611561,0.450112,0.409232,0.48577,37.584754,301.625517,2,64.835642,37.567479,3,2,5,3,1,1,3,2,1,4,1,2,2,3,5,3,3,5,2.75,Average,3,3,3,3,3,3,4,4,1,3,3,3,3,2,2.83,Average,0.08
599,SIN-ANN-0599,0.346497,0.120825,39.368163,15.695602,0.479888,0.125251,0.512859,0.558723,0.454985,469.541264,0.864752,0.296798,0.633988,0.371628,0.36347,31.486793,640.222329,12.844373,72.316215,25.876308,4,4,4,2,1,3,3,3,2,5,3,3,3,2,5,5,4,5,3.37,Average,4,4,5,3,4,5,3,5,5,3,5,5,3,4,3.92,Good,0.55
600,SIN-ANN-0600,0.138532,0.030146,67.71338,13.119128,0.549256,0.106378,0.367594,0.538602,0.518357,837.979318,0.758996,0.211964,0.768953,0.443189,0.108088,24.509558,524.773468,20.412112,96.699544,3.876623,5,5,4,2,1,2,2,2,1,4,4,4,2,1,5,5,5,4,3.3,Average,5,5,5,4,4,4,3,4,5,5,3,4,5,4,3.89,Good,0.59
601,SIN-ANN-0601,0.204065,0.592277,116.041416,7.46409,1.216831,0.158737,0.33181,0.566881,0.688839,1073.15983,0.71018,0.593672,0.432589,0.465454,0.176051,11,680.624501,16.283225,156.390661,28.935503,4,1,5,1,1,2,3,2,1,4,1,2,2,1,5,5,5,5,2.7,Average,5,3,3,4,3,3,3,3,2,2,3,2,2,3,3.07,Average,0.37
602,SIN-ANN-0602,0.828293,0.755673,31.14696,11.986061,1.342971,0.116192,0.152634,0.480421,0.852928,1044.699597,0.5081,0.708681,0.259735,0.710164,0.890931,20.189336,110.763645,18.741858,115.479483,0.2,1,1,5,1,1,1,2,1,1,2,1,1,1,1,3,5,5,1,1.85,Poor,2,2,2,1,3,1,3,2,1,1,2,1,3,2,1.77,Below Average,-0.08
603,SIN-ANN-0603,0.688979,0.702845,49.79756,15.153726,1.005254,0.146367,0.298675,0.482182,0.876241,1388.443807,0.540883,0.390065,0.463839,0.554135,0.777542,18.700271,793.250397,12.583,70.852696,22.756284,2,1,4,1,1,1,2,1,1,2,2,2,1,1,5,5,4,5,2.15,Below Average,2,1,2,1,3,3,2,2,3,2,2,1,1,2,2.15,Below Average,0
604,SIN-ANN-0604,0.901872,0.590674,106.894325,15.823085,1.158022,0.17776,0.131595,0.632789,0.710689,1255.067258,0.448972,0.537263,0.480754,0.253598,0.899172,23.859166,143.794051,32.471991,40.549492,0.2,1,1,4,1,1,1,3,1,1,2,1,2,3,1,4,5,2,1,1.88,Poor,1,2,2,2,2,1,3,2,2,2,3,2,2,1,2.41,Below Average,0.53
605,SIN-ANN-0605,0.477108,0.638543,143.341267,15.612925,1.182389,0.18058,0.224957,0.484481,0.913516,1601.857836,0.38295,0.520442,0.398223,0.638683,0.537963,28.366916,545.373468,43.118087,48.794649,6.538804,3,1,4,1,1,1,2,1,1,1,1,1,1,2,5,5,2,5,2.05,Below Average,2,1,2,1,1,2,2,1,2,1,1,1,1,1,1.09,Poor,-0.96
606,SIN-ANN-0606,0,0.250932,66.584105,8.189185,0.489573,0.08367,0.452506,0.829472,0.45666,347.658606,0.927985,0.335951,0.787086,0.316034,0.066712,18.60077,169.359479,32.314487,47.473556,1.437846,5,3,5,2,2,3,4,3,3,5,3,4,3,1,4,5,2,2,3.37,Average,5,4,5,5,5,5,5,5,5,5,5,5,5,4,4.82,Very Good,1.45
607,SIN-ANN-0607,0.517761,0.32846,52.906561,8.756815,0.917444,0.095248,0.296519,0.538598,0.506019,707.293694,0.556144,0.450723,0.419176,0.45107,0.516028,18.696295,293.372435,41.205075,65.099577,31.021825,2,2,5,1,2,1,2,2,1,3,2,2,2,1,5,5,4,5,2.53,Below Average,2,3,2,4,3,3,3,3,3,2,4,3,4,4,2.88,Average,0.35
608,SIN-ANN-0608,0.75995,0.480321,83.106018,16.326523,1.073018,0.170515,0.229776,0.428546,0.349511,1352.652705,0.594659,0.470051,0.589619,0.535977,0.693392,24.576486,375.574303,11.69746,112.999894,25.517354,1,1,4,1,1,1,2,4,1,3,2,3,2,1,5,5,5,5,2.4,Below Average,1,2,2,2,2,1,1,3,3,2,2,3,1,1,1.87,Below Average,-0.53
609,SIN-ANN-0609,0.499059,0.147537,50.952633,8.968635,0.517822,0.093196,0.451998,0.787846,0.308927,353.589765,0.937145,0.329033,0.799073,0.221299,0.529129,28.205646,274.750946,15.86832,119.513493,7.601635,3,4,5,2,2,3,4,4,2,5,3,4,4,2,5,5,5,5,3.66,Good,3,5,4,3,5,5,5,5,4,5,5,5,4,5,4.54,Very Good,0.88
610,SIN-ANN-0610,0.852795,0.471155,93.650347,7.947802,1.485026,0.179064,0.088673,0.220953,0.632266,1274.984713,0.266401,0.744259,0.208064,0.800704,0.79721,18.906647,330.956296,33.532518,56.313874,25.849269,1,1,5,1,1,1,1,2,1,1,1,1,1,1,5,5,3,5,1.96,Below Average,1,3,1,2,1,1,1,1,1,1,1,2,1,1,1.49,Poor,-0.47
611,SIN-ANN-0611,0.479566,0.395288,42.866629,6.861365,0.698103,0.114604,0.375041,0.66865,0.804657,291.882783,0.698283,0.518653,0.686651,0.317674,0.471851,19.904933,208.039896,2,129.629698,20.417282,3,2,5,1,1,2,3,1,3,3,2,3,3,1,5,3,5,5,2.77,Average,4,3,3,5,3,3,4,4,3,4,3,2,3,3,3.49,Average,0.72
612,SIN-ANN-0612,0.577216,0.298984,90.049262,12.940669,0.935831,0.108776,0.306033,0.659855,0.842302,1035.223036,0.316695,0.615338,0.282133,0.573064,0.553368,23.357289,493.468207,19.45192,88.281713,31.121507,2,3,4,1,1,2,3,1,1,1,1,1,1,1,5,5,5,5,2.32,Below Average,2,3,3,1,3,2,2,2,1,1,2,1,2,1,2.11,Below Average,-0.21
613,SIN-ANN-0613,0.558552,0.466578,102.637053,14.772937,1.367921,0.146648,0.22379,0.406022,0.622705,671.726156,0.596614,0.691523,0.381764,0.493934,0.532108,21.694226,574.500776,12.660206,114.590782,17.061061,2,1,4,1,1,1,2,2,1,3,1,1,2,1,5,5,5,5,2.24,Below Average,2,2,1,1,3,2,2,3,1,2,3,2,2,2,1.89,Below Average,-0.35
614,SIN-ANN-0614,0.413311,0.292099,79.665554,0,1.016401,0.095255,0.433692,0.562109,0.393091,498.426149,0.607143,0.453449,0.877579,0.368145,0.397627,35.762383,554.032622,17.626253,20,11.825423,3,3,5,1,2,2,3,3,2,3,2,5,3,3,5,5,1,5,3.06,Average,4,3,4,4,5,3,3,3,4,5,4,4,4,4,4.18,Good,1.12
615,SIN-ANN-0615,0.308198,0.618884,24.02978,9.855013,1.016051,0.083819,0.276163,0.482212,0.532771,787.099466,0.640763,0.427683,0.419572,0.463873,0.277309,24.994391,277.423716,14.693516,136.636836,0.2,4,1,5,1,2,1,2,2,1,3,2,2,2,1,5,5,5,1,2.49,Below Average,3,2,3,4,4,2,2,3,4,2,3,3,3,4,3.01,Average,0.52
616,SIN-ANN-0616,0.07206,0.096767,51.66476,1.549029,0.56234,0.06861,0.511421,0.71129,0.374318,195.359955,0.839894,0.310302,0.743013,0.361185,0.085521,20.041852,370.367533,23.230421,84.738951,32.395119,5,5,5,2,3,3,4,3,4,4,3,4,3,1,5,5,4,5,3.84,Good,5,5,4,5,5,4,4,5,5,5,5,5,4,5,4.83,Very Good,0.99
617,SIN-ANN-0617,0.422838,0.355336,125.962893,11.58699,0.89915,0.09821,0.167463,0.407869,0.556311,1479.940104,0.599847,0.490363,0.415509,0.50467,0.437046,33.036918,448.030108,5.423431,108.588136,24.172157,3,2,5,1,2,1,2,2,1,3,2,2,2,2,5,5,5,5,2.69,Below Average,3,2,2,3,3,2,2,3,2,2,3,3,2,1,2.43,Below Average,-0.26
618,SIN-ANN-0618,0.65946,0.984772,152.482927,19.706895,1.286812,0.179565,0.236641,0.452296,0.696583,1185.300654,0.403508,0.70049,0.517042,0.591564,0.690539,24.13526,263.760192,13.91532,68.188884,8.439638,2,1,4,1,1,1,2,2,1,2,1,2,1,1,5,5,4,5,2.15,Below Average,2,1,2,1,1,1,1,1,1,2,2,2,1,2,1.05,Poor,-1.1
619,SIN-ANN-0619,0.52618,0.469279,97.475576,9.548894,1.385416,0.139008,0.6,0.651649,0.368659,831.641837,0.594186,0.482417,0.310854,0.588563,0.512118,12.100913,13.237556,3.977417,20.125947,3.410243,2,1,5,1,1,4,3,3,1,3,2,1,1,1,1,5,1,4,2.22,Below Average,2,3,2,2,2,5,3,3,2,1,3,4,3,2,3,Average,0.78
620,SIN-ANN-0620,0.845635,0.622637,116.927804,3.126673,1.36795,0.162875,0.176422,0.283621,0.854669,1420.488422,0.357703,0.530746,0.269181,0.627892,0.850074,33.152942,97.567264,18.25306,70.308924,0.2,1,1,5,1,1,1,1,1,1,1,1,1,1,2,3,5,4,1,1.75,Poor,1,1,1,2,2,1,1,1,1,1,1,1,1,1,1.49,Poor,-0.26
621,SIN-ANN-0621,0.318833,0.37066,58.022084,2.885312,0.438787,0.07972,0.448836,0.734811,0.20516,546.110984,0.791927,0.279647,0.80603,0.202414,0.370764,27.788332,114.882371,19.178764,91.329446,43.374564,4,2,5,3,2,2,4,4,1,4,3,4,4,2,3,5,5,5,3.43,Average,4,3,4,4,4,5,5,4,5,4,4,5,4,4,4.49,Good,1.06
622,SIN-ANN-0622,0.519726,0.350794,48.206475,8.126604,1.241958,0.049988,0.471931,0.567836,0.602673,757.375109,0.913879,0.419613,0.405655,0.361864,0.469415,23.059072,162.040458,14.027144,40.945359,3.390743,2,2,5,1,4,3,3,2,1,5,2,2,3,1,4,5,2,4,2.77,Average,2,3,3,4,4,4,3,3,3,2,3,3,3,4,2.95,Average,0.18
623,SIN-ANN-0623,0.567809,0.220277,42.029438,20.030168,1.560306,0.121693,0.334073,0.497646,0.733529,1360.022049,0.770226,0.313648,0.674054,0.473133,0.526933,22.520992,324.593134,34.859064,115.13894,18.635856,2,3,3,1,1,2,2,1,1,4,3,3,2,1,5,5,5,5,2.58,Below Average,3,4,1,1,3,3,3,3,4,4,2,3,2,1,2.66,Average,0.08
624,SIN-ANN-0624,0.219021,0.220943,42.584461,7.53019,0.178169,0.090269,0.363367,0.726956,0.553237,862.746136,0.895148,0.249967,0.912949,0.271085,0.197333,15.927891,74.477329,2,63.088242,10.104639,4,3,5,4,2,2,4,2,1,5,4,5,3,1,2,3,3,5,3.36,Average,4,5,5,4,4,4,4,4,5,5,4,4,4,4,4.37,Good,1.01
625,SIN-ANN-0625,0.043979,0.202921,68.235601,3.316386,0.831369,0.06999,0.553194,0.773163,0.399662,88.238068,0.861469,0.196511,0.963957,0.172305,0.103991,14.458174,30,25.667446,105.632744,56.040174,5,3,5,1,3,3,4,3,5,5,4,5,4,1,1,5,5,5,3.71,Good,5,5,5,5,4,5,5,5,5,5,5,5,5,5,4.97,Very Good,1.26
626,SIN-ANN-0626,0.439486,0.400005,49.674674,5.439872,0.931576,0.14199,0.391756,0.688887,0.302178,447.09162,0.76732,0.304877,0.693414,0.350635,0.446841,26.891153,473.663791,25.835046,96.509886,9.602709,3,2,5,1,1,2,3,4,2,4,3,3,3,2,5,5,5,5,3.09,Average,3,4,3,3,2,4,4,4,4,3,4,5,3,3,3.77,Good,0.68
627,SIN-ANN-0627,0.562984,0.69819,103.878668,12.263509,1.227069,0.196936,0.196835,0.331159,0.724847,1621.224276,0.435594,0.524615,0.356714,0.620053,0.503675,30.189167,269.645074,19.828847,142.830317,10.467899,2,1,4,1,1,1,1,1,1,2,1,1,1,2,5,5,5,5,2.08,Below Average,1,1,2,2,1,2,1,2,1,2,1,1,1,1,1.32,Poor,-0.76
628,SIN-ANN-0628,0.234251,0.531532,169.815507,14.26314,0.377767,0.1014,0.465037,0.399357,0.820362,360.294797,0.619242,0.338228,0.695639,0.280908,0.275943,26.244369,349.842517,19.024696,96.394633,16.078947,4,1,4,3,1,3,1,1,2,3,3,3,3,2,5,5,5,5,2.93,Average,4,2,4,4,3,4,2,2,3,4,4,2,4,2,2.99,Average,0.06
629,SIN-ANN-0629,0.482952,0.732544,113.640732,15.960634,1.582548,0.090514,0.293765,0.583664,0.54732,702.571994,0.709281,0.627367,0.802104,0.290182,0.392666,18.2862,319.037284,2.668751,87.165936,0.2,3,1,4,1,2,1,3,2,1,4,1,4,3,1,5,4,5,1,2.48,Below Average,2,2,2,2,3,3,3,3,2,4,4,4,3,2,3.09,Average,0.61
630,SIN-ANN-0630,0.398692,0.204709,0,7.912924,0.700076,0.112639,0.384226,0.541977,0.403258,725.850652,0.488606,0.403449,0.618667,0.559301,0.464712,21.802215,41.309044,11.070505,28.439015,2.495327,3,3,5,1,1,2,2,3,1,2,2,3,1,1,1,5,1,3,2.34,Below Average,3,4,3,3,4,4,3,3,4,2,2,3,3,3,3.36,Average,1.02
631,SIN-ANN-0631,0,0.007339,73.718603,1.268921,0.488473,0.100236,0.514467,0.723684,0.383251,25,0.857137,0.444017,0.90499,0.329136,0.062782,18.21473,791.171814,11.508079,142.011356,34.699068,5,5,5,2,1,3,4,3,5,5,2,5,3,1,5,5,5,5,3.88,Good,4,5,5,5,5,5,5,5,4,5,4,5,5,5,4.58,Very Good,0.7
632,SIN-ANN-0632,0.092696,0.218024,42.686259,9.685386,0.682144,0.105842,0.517849,0.633803,0.473833,626.92546,0.814744,0.427349,0.677577,0.347849,0.081661,31.47579,333.685819,16.175655,81.930591,7.284621,5,3,5,1,1,3,3,3,1,4,2,3,3,2,5,5,4,5,3.22,Average,5,4,4,5,4,4,4,4,4,3,4,4,4,5,4.15,Good,0.93
633,SIN-ANN-0633,0.433964,0.314227,60.305845,2.961841,0.873544,0.100087,0.361029,0.648017,0.410398,127.61317,0.732609,0.206957,0.944104,0.334655,0.452202,28.947242,30,6.814618,55.350557,9.116871,3,2,5,1,1,2,3,3,4,4,4,5,3,2,1,5,3,5,3.05,Average,3,4,4,5,4,4,4,4,5,5,4,4,5,4,4.24,Good,1.19
634,SIN-ANN-0634,0.124864,0.339859,62.537108,7.072397,0.907439,0.098429,0.584355,0.727704,0.469475,216.504568,0.900938,0.157412,0.923007,0.269083,0.167004,15.005124,304.756757,13.060178,66.461529,40.237631,5,2,5,1,2,3,4,3,3,5,4,5,3,1,5,5,4,5,3.54,Good,5,4,4,5,5,5,5,5,5,5,5,4,5,4,4.82,Very Good,1.28
635,SIN-ANN-0635,0.224669,0.146326,29.030533,6.633151,0.771596,0.13462,0.299119,0.730288,0.490375,620.093262,0.764843,0.351549,0.642057,0.34615,0.238771,21.452083,490.443329,15.369208,72.388995,9.430353,4,4,5,1,1,1,4,3,1,4,3,3,3,1,5,5,4,5,3.18,Average,4,5,4,5,3,3,4,4,3,3,4,4,4,4,3.75,Good,0.57
636,SIN-ANN-0636,0.131147,0.253984,53.624907,16.286178,0.616961,0.130442,0.430454,0.782741,0.458739,119.89979,0.527556,0.507444,0.81137,0.28464,0.155747,32.58263,81.987833,21.396315,70.088184,5.042898,5,3,4,2,1,2,4,3,4,2,2,4,3,2,2,5,4,5,3.2,Average,4,5,4,4,3,4,5,3,4,4,4,5,5,5,4.16,Good,0.96
637,SIN-ANN-0637,0.662707,0.363626,110.539023,10.551839,1.404243,0.154488,0.247508,0.349197,0.582801,1005.885686,0.5414,0.531152,0.374635,0.820651,0.649341,24.915868,627.611909,23.302865,59.682283,5.730119,2,2,5,1,1,1,1,2,1,2,1,1,1,1,5,5,3,5,2.19,Below Average,2,3,2,2,2,1,1,3,2,2,1,3,2,3,2.25,Below Average,0.06
638,SIN-ANN-0638,0.681922,0.599357,128.746093,15.2293,1.537271,0.177408,0.232253,0.369706,0.694321,1377.780735,0.669927,0.644411,0.295348,0.744461,0.670578,23.568474,621.166669,17.126441,88.496506,0.2,2,1,4,1,1,1,1,2,1,3,1,1,1,1,5,5,5,1,1.98,Below Average,1,1,1,1,1,2,1,3,1,1,1,2,1,1,1.48,Poor,-0.5
639,SIN-ANN-0639,0.248832,0.194182,19.337136,11.314869,0.996957,0.130952,0.381008,0.79815,0.721479,787.178925,0.599605,0.27317,0.724454,0.565862,0.270111,11,206.504475,20.261265,67.697598,61.425003,4,3,5,1,1,2,4,1,1,3,3,4,1,1,5,5,4,5,2.94,Average,4,4,4,2,2,4,5,3,4,3,2,3,4,2,3.42,Average,0.48
640,SIN-ANN-0640,0.508617,0.29533,150.161404,13.066554,0.953916,0.126844,0.232464,0.458651,0.63017,469.824742,0.501473,0.47314,0.461658,0.413687,0.47342,13.899989,237.562717,28.339948,84.280841,12.656173,2,3,4,1,1,1,2,2,2,2,2,2,2,1,5,5,4,5,2.47,Below Average,2,3,2,3,3,2,2,2,3,2,3,2,2,4,2.83,Average,0.36
641,SIN-ANN-0641,0.134663,0.286713,75.109899,2.083061,0.910555,0.0883,0.524772,0.684154,0.684683,263.24044,0.730358,0.257939,0.793192,0.419497,0.148076,17.456655,0.370107,6.002171,39.561979,5.867926,5,3,5,1,2,3,3,2,3,4,3,4,2,1,1,5,2,5,3.09,Average,5,4,3,5,5,5,4,4,5,4,3,4,5,4,4.34,Good,1.25
642,SIN-ANN-0642,0.488897,0.60834,87.970922,10.688082,1.099261,0.138752,0.464343,0.679475,0.727975,801.105411,0.230576,0.378692,0.461192,0.680514,0.497136,22.185321,802.959508,28.230898,53.375705,2.061732,3,1,5,1,1,3,3,1,1,1,3,2,1,1,5,5,3,3,2.36,Below Average,3,3,2,3,2,3,3,1,3,2,1,1,2,2,2.46,Below Average,0.1
643,SIN-ANN-0643,0.589308,0.553357,135.584851,9.003967,0.580629,0.126686,0.294621,0.443564,0.463066,790.117999,0.498552,0.588531,0.649775,0.440189,0.62757,17.031276,347.146531,34.076966,151.430078,0.2,2,1,5,2,1,1,2,3,1,2,1,3,2,1,5,5,5,1,2.36,Below Average,3,2,3,4,3,3,3,3,2,4,3,4,3,2,3.17,Average,0.81
644,SIN-ANN-0644,0,0.144631,82.46706,3.749215,0.231314,0.077636,0.449628,0.795039,0.351762,693.602233,0.741367,0.258845,0.793578,0.259251,0.02,23.414523,153.761955,19.816954,130.403478,25.787494,5,4,5,4,2,2,4,3,1,4,3,4,3,1,4,5,5,5,3.68,Good,5,5,5,5,5,4,4,4,5,5,5,5,5,5,5,Very Good,1.32
645,SIN-ANN-0645,0.816004,0.632297,137.633845,18.479795,1.52849,0.155843,0.196604,0.38537,0.574555,1492.233935,0.270677,0.753833,0.424104,0.739635,0.833966,13.962888,35.456985,9.917732,50.38415,3.41204,1,1,4,1,1,1,1,2,1,1,1,2,1,1,1,5,3,4,1.72,Poor,1,2,1,1,1,1,2,1,1,1,1,1,1,2,1.2,Poor,-0.52
646,SIN-ANN-0646,0.493852,0.404997,52.588535,9.323148,1.260459,0.133872,0.239176,0.74139,0.296935,965.372125,0.478656,0.393107,0.513011,0.494643,0.436284,19.646117,374.703043,31.084763,87.191696,11.740347,3,2,5,1,1,1,4,4,1,2,2,2,2,1,5,5,5,5,2.75,Average,3,3,2,2,3,2,4,3,3,3,4,4,3,3,3.41,Average,0.66
647,SIN-ANN-0647,0.368127,0.419378,58.424858,8.519431,0.706021,0.119228,0.293016,0.600269,0.738278,1008.101373,0.409413,0.358847,0.79913,0.667534,0.342749,20.55482,331.084465,12.093636,178.856404,8.689741,3,2,5,1,1,1,3,1,1,2,3,4,1,1,5,5,5,5,2.65,Below Average,4,3,3,3,2,3,4,2,3,4,2,3,2,3,3.35,Average,0.7
648,SIN-ANN-0648,0.101379,0.404206,88.419059,8.763303,0.24219,0.058241,0.504644,0.716594,0.431956,162.311046,0.78134,0.199614,0.900653,0.167925,0.123506,29.497615,295.701378,15.787352,114.219096,1.730296,5,2,5,4,3,3,4,3,4,4,4,5,4,2,5,5,5,3,3.9,Good,5,4,5,4,5,5,5,5,5,5,5,4,5,5,4.5,Very Good,0.6
649,SIN-ANN-0649,0.482069,0,80.710717,8.652825,0.883144,0.108155,0.301799,0.821309,0.486465,695.510964,0.755802,0.347479,0.740205,0.165738,0.497518,16.366607,60.120465,14.798902,34.724958,11.80646,3,5,5,1,1,2,4,3,1,4,3,4,4,1,2,5,1,5,3.09,Average,4,5,3,4,3,3,5,4,4,4,5,5,4,5,4.4,Good,1.31
650,SIN-ANN-0650,0.319827,0.462708,63.938478,7.486289,0.525479,0.111962,0.313347,0.707575,0.631461,726.715622,0.579854,0.63882,0.530138,0.428198,0.370682,24.862157,690.682615,19.49693,152.93374,14.125652,4,1,5,2,1,2,4,2,1,3,1,2,2,1,5,5,5,5,2.79,Average,4,3,4,2,4,3,4,3,2,3,4,2,3,4,2.83,Average,0.04
651,SIN-ANN-0651,0.070358,0.288462,41.845926,7.301729,0.930178,0.079408,0.470463,0.774935,0.535019,619.183923,0.75155,0.31114,0.868619,0.41276,0.087945,29.341715,300.118806,28.655732,69.211489,26.202173,5,3,5,1,2,3,4,2,1,4,3,5,2,2,5,5,4,5,3.37,Average,5,4,4,5,5,4,5,5,4,5,4,5,4,4,4.5,Very Good,1.13
652,SIN-ANN-0652,0.7599,0.715965,165.559207,16.144681,1.302759,0.190241,0.222928,0.32689,0.594646,1450.432873,0.478359,0.722225,0.416825,0.513546,0.7918,14.904971,484.270631,24.433936,169.123885,14.363781,1,1,4,1,1,1,1,2,1,2,1,2,2,1,5,5,5,5,2.1,Below Average,1,1,1,1,1,1,1,2,1,1,2,1,1,1,1.21,Poor,-0.89
653,SIN-ANN-0653,0.296585,0.41491,35.738744,8.545932,1.009633,0.079516,0.403922,0.632343,0.379991,280.428452,0.89194,0.406939,0.614231,0.340157,0.304305,11,361.502312,20.289654,78.505321,6.566737,4,2,5,1,2,2,3,3,3,5,2,3,3,1,5,5,4,5,3.15,Average,4,4,4,4,4,5,5,5,4,4,4,5,4,4,4.21,Good,1.06
654,SIN-ANN-0654,0.88926,0.727778,174.398336,14.847612,1.668988,0.187882,0.337213,0.332164,0.891078,1068.60483,0.328537,0.554044,0.316453,0.732069,0.823971,19.885636,809.73248,19.445444,96.135774,28.834071,1,1,4,1,1,2,1,1,1,1,1,1,1,1,5,5,5,5,1.95,Below Average,1,1,2,1,1,2,1,1,1,1,1,1,2,2,1.32,Poor,-0.63
655,SIN-ANN-0655,0.352971,0.557585,69.675628,11.378543,1.168624,0.122746,0.416567,0.629343,0.546769,325.856727,0.451462,0.477861,0.538922,0.30846,0.372004,34.181293,475.204603,2,83.891149,0.327789,3,1,5,1,1,2,3,2,3,2,2,2,3,2,5,3,4,1,2.48,Below Average,3,3,3,3,3,3,3,2,2,3,3,3,3,4,2.81,Average,0.33
656,SIN-ANN-0656,0.607524,0.718648,154.324825,14.496743,1.2994,0.158019,0.276684,0.647102,0.5944,374.219054,0.378883,0.716634,0.375095,0.590223,0.60315,31.034691,51.793533,2,88.003711,25.454037,2,1,4,1,1,1,3,2,2,1,1,1,1,2,2,3,5,5,2.03,Below Average,3,1,1,2,3,2,3,1,1,1,3,3,3,3,1.69,Below Average,-0.34
657,SIN-ANN-0657,0.493916,0.455314,91.56959,9.153567,1.235118,0.110669,0.210156,0.437451,0.646963,1238.454934,0.613277,0.421848,0.40936,0.552841,0.507308,25.680289,85.908686,32.782817,73.575448,18.831448,3,1,5,1,1,1,2,2,1,3,2,2,1,2,2,5,4,5,2.35,Below Average,3,2,3,3,3,2,2,3,3,2,3,3,2,3,2.5,Average,0.15
658,SIN-ANN-0658,0.44873,0.261121,119.835683,7.602658,0.233927,0.130408,0.526574,0.732275,0.519293,472.948118,0.904341,0.242875,0.790461,0.080361,0.468404,10.394579,84.925156,11.949373,34.476241,5.857861,3,3,5,4,1,3,4,2,2,5,4,4,5,1,2,5,1,5,3.37,Average,4,4,5,5,4,5,5,4,5,4,5,5,5,4,4.5,Very Good,1.13
659,SIN-ANN-0659,0.759193,0.70387,121.393756,14.414276,1.379193,0.195062,0.137175,0.325277,0.766038,1255.34398,0.403767,0.595748,0.318883,0.530551,0.702479,34.133137,473.533233,12.446575,20,0.2,1,1,4,1,1,1,1,1,1,2,1,1,2,2,5,5,1,1,1.72,Poor,1,1,1,1,1,1,1,2,1,1,1,1,1,1,1,Poor,-0.72
660,SIN-ANN-0660,0.564085,0.63604,117.133355,16.968464,0.750109,0.135889,0.188919,0.369478,0.750903,1341.316549,0.654482,0.688157,0.559667,0.403284,0.609053,29.565207,30,30.102164,114.618475,0.2,2,1,4,1,1,1,1,1,1,3,1,3,2,2,1,5,5,1,1.96,Below Average,3,1,3,3,2,2,2,2,2,2,4,2,2,2,2.39,Below Average,0.43
661,SIN-ANN-0661,0.768682,0.583909,59.995401,1.07266,0.643603,0.181628,0.290902,0.644604,0.340389,242.45447,0.840999,0.592133,0.641811,0.707103,0.752091,28.025919,345.306696,17.26944,125.859395,33.206365,1,1,5,2,1,1,3,4,3,4,1,3,1,2,5,5,5,5,2.72,Average,2,3,3,3,2,2,3,4,3,3,2,5,3,3,2.6,Average,-0.12
662,SIN-ANN-0662,0.486074,0.677518,129.830658,16.724533,0.606054,0.151932,0.203079,0.588852,0.456752,888.709444,0.376792,0.737685,0.254134,0.560005,0.403734,20.162859,334.762946,19.09607,79.224835,6.596259,3,1,4,2,1,1,3,3,1,1,1,1,1,1,5,5,4,5,2.33,Below Average,3,1,4,1,2,1,3,1,2,1,2,3,2,3,2.22,Below Average,-0.11
663,SIN-ANN-0663,0.363301,0.431202,123.535593,9.806117,1.018273,0.161308,0.430039,0.657097,0.419811,618.424127,0.864061,0.393515,0.725276,0.259309,0.334311,36.515513,310.062143,14.580314,125.071501,0.2,3,2,5,1,1,2,3,3,1,5,2,4,3,3,5,5,5,1,2.92,Average,4,2,2,3,3,4,3,4,4,4,4,4,3,3,3.18,Average,0.26
664,SIN-ANN-0664,0.386816,0.409978,83.813586,11.2643,1.293674,0.170305,0.237496,0.454989,0.732248,795.26471,0.479569,0.598247,0.311957,0.525422,0.323363,29.018744,843.711067,48.898749,68.02465,16.867885,3,2,5,1,1,1,2,1,1,2,1,1,2,2,5,5,4,5,2.4,Below Average,3,3,1,2,2,2,2,2,2,1,2,2,2,2,2.04,Below Average,-0.36
665,SIN-ANN-0665,0.666573,0.689905,61.402248,19.33504,1.585349,0.185706,0.234831,0.525892,0.776937,1005.709272,0.323683,0.723146,0.255919,0.884448,0.656145,23.089272,278.458005,17.809017,100.816604,19.819742,2,1,4,1,1,1,2,1,1,1,1,1,1,1,5,5,5,5,2.04,Below Average,1,2,1,1,1,2,3,1,1,1,1,2,2,1,1.38,Poor,-0.66
666,SIN-ANN-0666,0.717398,0.804878,77.60385,18.22583,1.163033,0.135187,0.223168,0.482088,0.777274,790.261269,0.471218,0.443266,0.441399,0.508872,0.722601,23.125085,419.863848,17.411845,111.928179,2.843702,1,1,4,1,1,1,2,1,1,2,2,2,2,1,5,5,5,4,2.11,Below Average,2,2,3,1,3,1,2,2,2,1,3,2,3,1,1.66,Below Average,-0.45
667,SIN-ANN-0667,0.55986,0.538257,109.374477,13.765539,1.466461,0.153841,0.516797,0.419676,0.699249,1285.25776,0.449615,0.713393,0.65692,0.593406,0.489251,27.982591,319.412579,37.137742,97.748784,8.247988,2,1,4,1,1,3,2,2,1,2,1,3,1,2,5,5,5,5,2.38,Below Average,3,2,1,1,2,3,2,2,2,3,3,2,2,2,2.3,Below Average,-0.08
668,SIN-ANN-0668,0.470496,0.398069,51.687723,12.607989,1.093281,0.144185,0.361148,0.560572,0.625408,736.436256,0.547937,0.408917,0.507269,0.430303,0.514507,12.963859,19.311626,8.192766,31.556435,0.071504,3,2,4,1,1,2,3,2,1,2,2,2,2,1,1,5,1,1,2.09,Below Average,3,3,3,2,3,5,3,3,4,3,3,2,3,4,3.03,Average,0.94
669,SIN-ANN-0669,0.963835,0.275643,96.450688,17.03144,1.555363,0.169514,0.215121,0.417793,0.788238,1142.608585,0.194453,0.56345,0.185434,0.744556,0.974516,15.282828,596.228811,16.891961,160.332331,18.291308,1,3,4,1,1,1,2,1,1,1,1,1,1,1,5,5,5,5,2.13,Below Average,1,2,1,1,1,1,1,1,2,1,1,1,2,1,1.31,Poor,-0.82
670,SIN-ANN-0670,0.914859,0.629954,94.738464,12.48553,1.771539,0.139166,0.086661,0.306161,0.672281,1511.833537,0.524636,0.658787,0.373677,0.79605,0.960825,22.616047,279.841845,31.076338,77.646957,26.48277,1,1,4,1,1,1,1,2,1,2,1,1,1,1,5,5,4,5,1.96,Below Average,1,1,1,1,2,1,1,1,1,1,1,2,1,1,1,Poor,-0.96
671,SIN-ANN-0671,0.531302,0.383878,78.591486,4.546367,1.317277,0.172347,0.14541,0.41985,0.745263,921.268834,0.601893,0.730472,0.309494,0.547634,0.476414,23.097,30,25.934482,98.299193,37.671911,2,2,5,1,1,1,2,1,1,3,1,1,2,1,1,5,5,5,2.21,Below Average,2,2,2,3,2,1,2,2,1,1,2,2,3,2,1.56,Below Average,-0.65
672,SIN-ANN-0672,0.124698,0.232129,7.736349,8.541243,0.035233,0.106921,0.450708,0.86334,0.344722,499.861449,0.90125,0.374089,0.87436,0.186302,0.164062,19.412895,143.86921,34.000809,131.995191,0.2,5,3,5,5,1,3,5,4,2,5,3,5,4,1,4,5,5,1,3.82,Good,5,5,5,4,5,4,5,5,4,5,5,5,4,4,4.5,Very Good,0.68
673,SIN-ANN-0673,0.4573,0.675996,64.544112,12.581086,0.674856,0.12282,0.223295,0.495576,0.734595,1178.801185,0.431324,0.6148,0.538613,0.503662,0.539295,11.110364,98.341207,26.515558,51.598038,10.906941,3,1,4,1,1,1,2,1,1,2,1,2,2,1,3,5,3,5,2.12,Below Average,3,2,4,2,3,2,3,2,2,2,3,3,2,4,2.51,Average,0.39
674,SIN-ANN-0674,0.401913,0.596874,84.223328,9.28777,1.024758,0.152835,0.27817,0.574947,0.639478,706.933701,0.544781,0.493119,0.722842,0.170142,0.4043,26.782733,908.824251,20.699252,153.50994,4.0567,3,1,5,1,1,1,3,2,1,2,2,4,4,2,5,5,5,5,2.76,Average,4,2,3,3,3,3,3,3,3,3,5,3,4,2,3.25,Average,0.49
675,SIN-ANN-0675,0.672702,0.326945,46.12569,17.297444,0.743777,0.109507,0.259526,0.524078,0.385139,602.512597,0.716246,0.540848,0.631984,0.409217,0.657043,22.406588,415.634151,53.637563,34.671662,6.016712,2,2,4,1,1,1,2,3,1,4,1,3,2,1,5,5,1,5,2.37,Below Average,2,3,3,2,4,2,3,3,3,3,3,5,3,5,3.18,Average,0.81
676,SIN-ANN-0676,0.209065,0.589175,119.051645,7.889937,0.771919,0.167318,0.39736,0.649987,0.585109,833.923388,0.54348,0.450247,0.627402,0.555451,0.189229,17.140275,81.986741,14.356548,145.982888,17.632041,4,1,5,1,1,2,3,2,1,2,2,3,1,1,2,5,5,5,2.53,Below Average,4,2,3,4,2,3,4,3,2,3,2,4,4,3,2.61,Average,0.08
677,SIN-ANN-0677,0.38333,0.099896,50.506602,11.380134,0.902218,0.093497,0.495271,0.751717,0.334944,434.019009,0.838528,0.417842,0.846546,0.068246,0.289434,26.95771,580.582364,14.226391,90.192198,30.648648,3,5,5,1,2,3,4,4,2,4,2,4,5,2,5,5,5,5,3.6,Good,4,5,5,5,5,5,5,5,4,5,5,5,5,5,4.5,Very Good,0.9
678,SIN-ANN-0678,0.489522,0.496908,96.239799,9.558316,0.802259,0.136018,0.298086,0.548281,0.614849,907.266236,0.481359,0.764773,0.754864,0.49397,0.54706,16.683866,508.321518,45.603982,30.685775,23.210738,3,1,5,1,1,1,2,2,1,2,1,4,2,1,5,5,1,5,2.36,Below Average,3,3,2,2,2,3,3,2,1,4,3,2,2,2,2.49,Below Average,0.13
679,SIN-ANN-0679,0.551603,0.451317,115.16961,12.987554,1.004147,0.16088,0.282039,0.437968,0.664814,887.459259,0.477901,0.678575,0.514508,0.588387,0.571805,16.286426,102.075148,19.28372,52.52334,25.400182,2,1,4,1,1,1,2,2,1,2,1,2,1,1,3,5,3,5,2.03,Below Average,3,2,3,3,1,2,2,2,1,2,2,2,3,1,1.99,Below Average,-0.04
680,SIN-ANN-0680,0.781116,0.783117,131.340154,13.970808,1.151756,0.161101,0.083266,0.346683,0.854376,1412.002999,0.509517,0.64756,0.29694,0.62886,0.787628,19.282971,316.528013,41.254009,106.886802,2.761324,1,1,4,1,1,1,1,1,1,2,1,1,1,1,5,5,5,4,1.91,Below Average,1,1,2,1,1,1,1,2,1,1,2,2,1,1,1.04,Poor,-0.87
681,SIN-ANN-0681,0.615778,0.528386,88.203018,8.234953,1.393055,0.092565,0.390084,0.696772,0.918532,825.563395,0.710757,0.400959,0.462429,0.747512,0.574747,27.454141,115.071159,12.790556,25.547911,28.208907,2,1,5,1,2,2,3,1,1,4,2,2,1,2,3,5,1,5,2.33,Below Average,2,3,3,3,4,3,4,4,3,3,2,1,3,3,2.75,Average,0.42
682,SIN-ANN-0682,0,0.125451,108.253513,6.388802,0.983116,0.106681,0.467609,0.862006,0.45824,484.42124,0.708138,0.485402,0.674686,0.067003,0.067502,15.508923,463.775548,24.831006,128.635248,11.880748,5,4,5,1,1,3,5,3,2,4,2,3,5,1,5,5,5,5,3.55,Good,5,5,3,5,5,5,5,4,4,4,5,5,5,5,4.56,Very Good,1.01
683,SIN-ANN-0683,0.686507,0.506486,134.028761,15.448215,1.315752,0.177975,0.219785,0.347366,0.714714,1043.980695,0.41245,0.570727,0.468693,0.439724,0.689648,32.285317,504.239061,23.822764,155.618899,20.405497,2,1,4,1,1,1,1,1,1,2,1,2,2,2,5,5,5,5,2.18,Below Average,2,2,2,2,1,2,2,1,1,3,3,2,2,2,1.94,Below Average,-0.24
684,SIN-ANN-0684,0.399554,0.513559,38.852293,8.142015,0.826714,0.084673,0.418722,0.693369,0.707743,404.040907,0.691879,0.252516,0.90813,0.510477,0.449261,22.689175,641.685761,18.287622,39.113537,17.29077,3,1,5,1,2,2,3,1,2,3,3,5,2,1,5,5,2,5,2.75,Average,4,3,5,4,5,4,4,3,4,5,3,3,4,2,3.87,Good,1.12
685,SIN-ANN-0685,0.254359,0.342815,17.019723,6.201129,1.137232,0.047765,0.430119,0.851554,0.429543,470.767058,0.81606,0.195957,0.900315,0.274968,0.244229,25.404093,30,31.595456,123.549075,22.382549,4,2,5,1,4,2,5,3,2,4,4,5,3,2,1,5,5,5,3.37,Average,5,5,5,5,5,5,5,5,5,5,5,5,4,5,4.62,Very Good,1.25
686,SIN-ANN-0686,0.061564,0.161616,120.996447,11.103901,0.793711,0.131823,0.478662,0.709072,0.6267,776.961006,0.698538,0.33173,0.820257,0.275909,0.092748,19.2567,300.95904,2.2737,77.245656,1.485801,5,4,5,1,1,3,4,2,1,3,3,4,3,1,5,3,4,2,3.11,Average,4,4,4,3,4,4,5,4,4,5,4,3,4,4,4.15,Good,1.04
687,SIN-ANN-0687,0.680246,0.210791,59.509974,12.32462,0.652831,0.145671,0.367843,0.550159,0.804008,1157.813624,0.671076,0.522012,0.413184,0.806541,0.561202,25.177124,662.039298,15.376074,111.147672,8.418234,2,3,4,1,1,2,3,1,1,3,1,2,1,2,5,5,5,5,2.51,Below Average,2,4,3,4,2,3,3,3,1,2,1,2,3,3,3.05,Average,0.54
688,SIN-ANN-0688,0.096646,0.110287,90.84541,6.064581,0.328748,0.068397,0.586775,0.755864,0.45929,259.925825,0.719189,0.123234,0.820077,0.268345,0.170665,30.248841,220.866746,11.694783,103.451814,11.12523,5,4,5,3,3,3,4,3,3,4,5,4,3,2,5,5,5,5,3.97,Good,5,5,5,5,5,5,5,4,5,5,4,4,4,5,4.73,Very Good,0.76
689,SIN-ANN-0689,0.084996,0.197298,8.343184,10.058901,0.464121,0.092994,0.380768,0.759392,0.397272,413.978522,0.752316,0.250945,0.974397,0.213166,0.180638,27.65547,88.046775,5.305611,47.030437,0.039838,5,3,5,2,2,2,4,3,2,4,3,5,4,2,2,5,2,1,3.24,Average,5,5,5,4,5,5,5,5,5,5,5,5,4,5,4.84,Very Good,1.6
690,SIN-ANN-0690,0.758458,0.449854,113.20727,18.573935,1.519074,0.140768,0.375176,0.510044,0.795381,1469.886434,0.190499,0.608035,0.41929,0.720376,0.828029,17.978242,20.82916,10.469267,48.594736,0.012233,1,2,4,1,1,2,2,1,1,1,1,2,1,1,1,5,2,1,1.7,Poor,1,2,1,1,2,2,2,1,1,1,1,1,1,1,1.49,Poor,-0.21
691,SIN-ANN-0691,0.521034,0.400266,104.9007,18.716753,0.981764,0.147136,0.219999,0.481371,0.78142,975.139881,0.635967,0.62463,0.398168,0.510963,0.569095,30.24291,306.139797,14.544494,29.703414,37.344986,2,2,4,1,1,1,2,1,1,3,1,1,2,2,5,5,1,5,2.16,Below Average,2,3,2,1,3,2,2,3,2,2,2,2,2,2,2.16,Below Average,0
692,SIN-ANN-0692,0.627214,0.861573,83.410176,6.92457,1.002795,0.122406,0.386019,0.483444,0.568979,1285.443305,0.490174,0.481146,0.637843,0.67795,0.669503,24.022348,440.786567,19.806413,81.754704,19.046898,2,1,5,1,1,2,2,2,1,2,2,3,1,1,5,5,4,5,2.39,Below Average,3,1,2,3,2,3,2,2,2,3,1,3,1,2,2.31,Below Average,-0.08
693,SIN-ANN-0693,0.448878,0.543694,93.654695,9.037071,1.617436,0.130752,0.259131,0.398096,0.623852,1066.051606,0.397002,0.482246,0.298817,0.565039,0.529903,21.332082,30,14.257323,89.706392,24.722421,3,1,5,1,1,1,1,2,1,1,2,1,1,1,1,5,5,5,2.11,Below Average,3,2,1,2,2,2,1,1,2,1,2,3,2,1,2.04,Below Average,-0.07
694,SIN-ANN-0694,0.36664,0.472404,91.610509,5.277603,1.032746,0.140244,0.389466,0.438092,0.311546,580.831573,0.797536,0.452229,0.695434,0.636432,0.485824,14.859274,500.30966,12.274019,88.203451,27.665972,3,1,5,1,1,2,2,4,1,4,2,3,1,1,5,5,5,5,2.72,Average,4,3,3,2,3,3,2,4,3,3,2,4,3,3,2.84,Average,0.12
695,SIN-ANN-0695,0.161109,0.365891,102.946823,16.193456,1.656293,0.119674,0.302597,0.49393,0.629651,679.94874,0.380339,0.252922,0.571018,0.618901,0.147042,22.366215,30,15.697814,95.291115,44.935758,5,2,4,1,1,2,2,2,1,1,3,3,1,1,1,5,5,5,2.53,Below Average,5,3,2,3,3,3,3,2,4,3,2,4,3,3,3.33,Average,0.8
696,SIN-ANN-0696,0.16314,0.38258,10.673218,10.559742,0.369734,0.111653,0.374468,0.930179,0.728218,481.408182,0.818539,0.17026,0.7561,0.441543,0.135704,27.370196,894.970119,4.353037,64.635681,4.817349,5,2,5,3,1,2,5,1,2,4,4,4,2,2,5,5,3,5,3.36,Average,5,5,4,5,3,4,5,4,5,4,3,3,4,5,4.49,Good,1.13
697,SIN-ANN-0697,0.293698,0.493888,49.32325,10.922196,0.733261,0.123732,0.371658,0.524802,0.495796,807.181486,0.745694,0.269852,0.751599,0.31965,0.225424,27.76289,41.608996,5.526601,40.224234,19.04613,4,1,5,1,1,2,2,3,1,4,3,4,3,2,1,5,2,5,2.71,Average,4,3,4,4,4,3,3,4,4,4,3,4,3,4,3.6,Good,0.89
698,SIN-ANN-0698,0.237799,0.22683,15.405573,9.423398,0.857496,0.103439,0.497483,0.601467,0.534912,729.404838,0.75497,0.164939,0.654782,0.198838,0.249892,34.266946,535.74169,23.152453,80.666781,36.122421,4,3,5,1,1,3,3,2,1,4,4,3,4,2,5,5,4,5,3.23,Average,4,5,4,4,4,5,4,4,5,4,4,4,3,3,3.94,Good,0.71
699,SIN-ANN-0699,0.688779,0.764901,94.48387,11.624178,1.350411,0.1972,0.240928,0.195858,0.726091,1262.314411,0.481805,0.678804,0.351722,0.785612,0.650059,19.578817,65.487626,39.434067,98.635748,20.190884,2,1,5,1,1,1,1,1,1,2,1,1,1,1,2,5,5,5,2.01,Below Average,1,1,2,1,1,1,1,2,1,1,1,1,1,1,1.45,Poor,-0.56
700,SIN-ANN-0700,0.484613,0.528562,81.851051,2.849468,0.984938,0.063439,0.391954,0.576212,0.468322,549.16185,0.478728,0.324175,0.712715,0.395979,0.506747,23.803756,493.722886,10.568081,126.247933,22.455769,3,1,5,1,3,2,3,3,1,2,3,4,3,1,5,5,5,5,2.92,Average,2,3,2,5,4,3,3,3,3,4,3,4,3,3,3.24,Average,0.32
701,SIN-ANN-0701,0.668926,0.606271,143.092706,13.981966,1.355719,0.163257,0.341271,0.247673,0.788637,1355.867068,0.430257,0.606468,0.713729,0.687389,0.573224,17.930252,600.062301,3.454505,121.149784,0.2,2,1,4,1,1,2,1,1,1,2,1,4,1,1,5,4,5,1,2.04,Below Average,2,2,1,2,1,3,1,2,1,3,2,2,2,2,1.7,Below Average,-0.34
702,SIN-ANN-0702,0.552382,0.494767,53.32237,9.469081,1.180356,0.088202,0.31994,0.494215,0.726453,298.050424,0.679039,0.52033,0.646018,0.601658,0.493796,15.780784,488.928266,15.683798,149.466997,16.000579,2,1,5,1,2,2,2,1,3,3,1,3,1,1,5,5,5,5,2.53,Below Average,3,3,3,3,4,3,3,3,3,3,2,3,4,3,3.39,Average,0.86
703,SIN-ANN-0703,0.854465,0.754964,123.464968,17.311439,1.147604,0.180292,0.225891,0.246535,0.635236,1085.683892,0.413037,0.6394,0.486279,0.476074,0.811332,24.166903,116.15096,5.713391,68.91794,0.2,1,1,4,1,1,1,1,2,1,2,1,2,2,1,3,5,4,1,1.82,Poor,1,1,2,1,1,2,1,1,1,2,2,2,2,1,1.17,Poor,-0.65
704,SIN-ANN-0704,0.449547,0.555946,74.685358,13.115527,0.948929,0.185391,0.301315,0.489789,0.766038,1234.401944,0.413548,0.450166,0.340986,0.350424,0.463322,17.04823,47.140263,2.551105,53.442534,3.618401,3,1,4,1,1,2,2,1,1,2,2,1,3,1,1,4,3,4,2.06,Below Average,3,2,2,1,1,3,2,2,2,2,2,2,1,1,2.3,Below Average,0.24
705,SIN-ANN-0705,0.225753,0.230099,51.051158,7.790536,0.493697,0.105411,0.470979,0.654319,0.482495,595.022898,0.961556,0.103957,0.924642,0.117418,0.193013,22.039506,751.84131,26.239586,83.900001,21.791591,4,3,5,2,1,3,3,3,1,5,5,5,5,1,5,5,4,5,3.58,Good,5,5,4,4,4,5,5,5,5,5,5,5,5,5,4.76,Very Good,1.18
706,SIN-ANN-0706,0.353433,0.009894,26.36468,11.839167,0.255314,0.082035,0.567725,0.751465,0.32577,187.60445,0.869542,0.351219,0.75136,0.208298,0.390784,21.663949,30,11.936905,38.720691,5.473242,3,5,5,4,2,3,4,4,4,5,3,4,4,1,1,5,2,5,3.7,Good,3,5,5,5,5,5,5,5,5,4,5,5,5,5,4.73,Very Good,1.03
707,SIN-ANN-0707,0.299923,0.471037,95.687062,9.733283,0.401782,0.10248,0.314996,0.492376,0.488254,1119.707863,0.574505,0.542747,0.671404,0.422414,0.286874,37.172437,180.645013,17.303048,133.860533,5.355508,4,1,5,3,1,2,2,3,1,3,1,3,2,3,5,5,5,5,2.96,Average,4,3,4,3,4,3,2,3,2,3,3,4,2,3,3,Average,0.04
708,SIN-ANN-0708,0.708938,0.473748,126.767666,11.490896,1.33282,0.12353,0.153707,0.390265,0.633506,739.317401,0.45602,0.532923,0.494994,0.633873,0.656847,35.711004,268.660877,12.345581,92.137776,4.923912,1,1,5,1,1,1,1,2,1,2,1,2,1,3,5,5,5,5,2.22,Below Average,2,2,2,1,2,1,2,3,1,2,1,1,2,2,1.5,Below Average,-0.72
709,SIN-ANN-0709,0.517995,0.446113,50.930646,11.498439,0.998987,0.161618,0.474026,0.493865,0.622683,921.616505,0.657037,0.466615,0.855854,0.433376,0.475711,33.521987,343.690903,19.22876,34.458153,1.080302,2,2,5,1,1,3,2,2,1,3,2,5,2,2,5,5,1,2,2.53,Below Average,3,3,3,4,2,4,2,4,3,4,3,2,2,3,2.87,Average,0.34
710,SIN-ANN-0710,0.30575,0.113574,0,9.805025,0.474343,0.095385,0.517584,0.680824,0.519645,870.490321,0.874103,0.38375,0.717194,0.228182,0.27861,16.456165,191.302102,19.130617,82.221329,25.069727,4,4,5,2,2,3,3,2,1,5,2,4,4,1,5,5,4,5,3.41,Average,4,5,5,5,5,5,5,5,5,5,5,3,5,5,4.7,Very Good,1.29
711,SIN-ANN-0711,0.429651,0.353508,103.221438,13.252942,1.091015,0.168333,0.315144,0.630745,0.622956,682.172938,0.428102,0.497259,0.250324,0.448518,0.410469,28.206478,222.493252,32.950131,140.009351,39.852732,3,2,4,1,1,2,3,2,1,2,2,1,2,2,5,5,5,5,2.55,Below Average,3,3,3,3,2,3,3,2,3,1,3,3,3,4,2.69,Average,0.14
712,SIN-ANN-0712,0.235408,0.659406,92.6957,3.455217,1.124996,0.120182,0.351382,0.552117,0.634658,947.277378,0.617376,0.401003,0.612417,0.223095,0.242303,21.816303,118.161544,20.850511,179.066342,27.59239,4,1,5,1,1,2,3,2,1,3,2,3,4,1,3,5,5,5,2.77,Average,4,2,3,5,3,3,3,3,2,3,4,3,3,5,3.26,Average,0.49
713,SIN-ANN-0713,0.21203,0.359334,64.234946,11.385778,1.168089,0.093151,0.45327,0.778553,0.566189,702.148009,0.86066,0.194987,0.90849,0.523885,0.228228,14.910665,216.366911,9.398082,120.175062,40.118477,4,2,5,1,2,3,4,2,1,5,4,5,2,1,5,5,5,5,3.29,Average,4,4,3,3,4,4,4,5,4,5,3,4,4,5,3.73,Good,0.44
714,SIN-ANN-0714,0.466642,0.528528,61.939779,22.164758,0.913046,0.114539,0.359537,0.434345,0.621232,1660.195619,0.670944,0.452163,0.691437,0.591514,0.49506,11,205.236692,27.725012,113.572515,21.045453,3,1,3,1,1,2,2,2,1,3,2,3,1,1,5,5,5,5,2.39,Below Average,3,2,4,1,4,3,2,4,3,3,3,3,2,3,2.77,Average,0.38
715,SIN-ANN-0715,0.237543,0.357214,19.753396,6.288859,0.462642,0.073483,0.46584,0.765217,0.328512,761.504514,0.875334,0.18818,0.902748,0.313487,0.319552,17.634814,376.47404,36.242499,168.868475,26.568704,4,2,5,2,2,3,4,4,1,5,4,5,3,1,5,5,5,5,3.53,Good,5,4,5,4,5,5,4,5,5,5,5,5,4,5,4.75,Very Good,1.22
716,SIN-ANN-0716,0.37133,0.667728,131.506616,8.792198,1.149871,0.160439,0.464928,0.523786,0.596735,1188.236301,0.669325,0.418413,0.75183,0.530853,0.360654,17.17803,376.95499,14.936893,82.322633,1.868154,3,1,5,1,1,3,2,2,1,3,2,4,2,1,5,5,4,3,2.6,Below Average,4,1,3,3,2,4,3,3,3,4,2,3,3,3,3.1,Average,0.5
717,SIN-ANN-0717,0.222822,0.098578,68.729201,3.771785,0,0.071874,0.435632,0.691194,0.458323,448.444979,0.933312,0.466281,0.817713,0.307691,0.26087,21.983038,398.897697,17.324064,73.754914,0.2,4,5,5,5,2,2,3,3,2,5,2,4,3,1,5,5,4,1,3.6,Good,5,5,5,5,5,4,5,5,4,5,5,5,5,5,4.5,Very Good,0.9
718,SIN-ANN-0718,0.643266,0.479367,110.703636,6.037283,1.061637,0.180106,0.429242,0.593182,0.600495,969.886996,0.351713,0.554048,0.588284,0.571359,0.635844,18.049872,483.295968,8.802333,98.264318,0.2,2,1,5,1,1,2,3,2,1,1,1,3,1,1,5,5,5,1,2.22,Below Average,2,3,3,2,2,3,2,1,2,3,2,2,2,2,2.49,Below Average,0.27
719,SIN-ANN-0719,0.538345,0.695896,104.886919,12.697204,0.77237,0.16236,0.382833,0.498658,0.556931,812.165941,0.634297,0.443549,0.543639,0.362084,0.599688,13.795618,32.351283,6.307988,40.840012,0.712689,2,1,4,1,1,2,2,2,1,3,2,2,3,1,1,5,2,2,2.04,Below Average,2,2,3,3,3,3,3,3,4,3,4,3,3,3,3.04,Average,1
720,SIN-ANN-0720,0.30045,0.279704,60.184301,7.109398,0.940164,0.111398,0.375787,0.745448,0.408174,1629.4849,0.889495,0.619685,0.899998,0.360079,0.222057,29.87335,30,17.900137,123.54837,13.057146,4,3,5,1,1,2,4,3,1,5,1,5,3,2,1,5,5,5,3.11,Average,4,4,4,5,5,3,4,4,2,4,4,5,4,4,4.18,Good,1.07
721,SIN-ANN-0721,0.844421,0.877787,138.943251,22.511323,1.19478,0.17237,0.314391,0.705111,0.712802,1043.144416,0.420922,0.581589,0.576191,0.732984,0.832487,16.200359,370.910032,29.366098,98.2719,16.778701,1,1,3,1,1,2,4,1,1,2,1,3,1,1,5,5,5,5,2.17,Below Average,1,1,2,1,2,3,4,1,2,3,1,2,3,2,2.12,Below Average,-0.05
722,SIN-ANN-0722,0.817716,0.545015,62.469901,17.076329,1.626749,0.158064,0.281928,0.487403,0.553183,652.878969,0.43654,0.511633,0.43277,0.730966,0.772128,21.364467,93.761147,37.957057,88.934938,59.526547,1,1,4,1,1,1,2,2,1,2,2,2,1,1,3,5,5,5,2.07,Below Average,1,1,2,1,2,2,2,2,2,2,2,3,2,2,1.62,Below Average,-0.45
723,SIN-ANN-0723,0.731892,0.357128,43.676587,12.53425,0.501938,0.105414,0.402985,0.764746,0.466588,1254.522774,0.65809,0.393854,0.820741,0.325375,0.737329,26.161178,465.738726,9.83486,93.025943,0.2,1,2,4,2,1,2,4,3,1,3,2,4,3,2,5,5,5,1,2.66,Below Average,2,3,3,2,4,3,4,3,4,4,3,3,2,2,3.14,Average,0.48
724,SIN-ANN-0724,0.489761,0.338297,82.43412,7.361997,0.682431,0.069882,0.518384,0.779254,0.46824,359.643923,0.79141,0.318959,0.909895,0.077629,0.409596,19.477354,525.440367,6.708375,78.183361,22.687462,3,2,5,1,3,3,4,3,2,4,3,5,5,1,5,5,4,5,3.36,Average,3,4,4,4,4,5,5,4,4,5,5,4,5,4,4.14,Good,0.78
725,SIN-ANN-0725,0.738399,0.536772,42.713926,7.609718,1.094344,0.153054,0.251583,0.297417,0.600754,1125.148318,0.266133,0.616334,0.47911,0.648017,0.811145,11.941099,58.270731,11.361782,23.189491,3.521113,1,1,5,1,1,1,1,2,1,1,1,2,1,1,2,5,1,4,1.77,Poor,1,2,1,2,2,2,2,1,2,3,1,2,2,2,1.78,Below Average,0.01
726,SIN-ANN-0726,0.367044,0.198174,12.938811,6.06341,0.343972,0.059328,0.477475,0.846295,0.45265,42.378456,0.901571,0.289954,0.877487,0.271711,0.405622,33.020552,268.97469,5.793039,129.221226,30.537853,3,3,5,3,3,3,4,3,5,5,3,5,3,2,5,5,5,5,3.81,Good,4,5,5,5,5,5,5,5,5,5,5,5,5,4,4.62,Very Good,0.81
727,SIN-ANN-0727,0.454366,0.265257,74.809371,9.800858,0.662863,0.071126,0.450467,0.576772,0.371565,391.384789,0.786999,0.444469,0.766662,0.384976,0.387443,15.812504,30,2.748475,121.387047,11.380191,3,3,5,1,2,3,3,3,2,4,2,4,3,1,1,4,5,5,2.99,Average,3,4,4,5,5,4,4,4,4,5,3,5,4,4,4.19,Good,1.2
728,SIN-ANN-0728,0.905908,0.524147,174.764855,14.097391,1.636703,0.159782,0.15146,0.229623,0.61181,1244.218201,0.371489,0.680066,0.222523,0.822551,0.954852,18.242844,951.478949,23.300364,121.987205,29.243261,1,1,4,1,1,1,1,2,1,1,1,1,1,1,5,5,5,5,1.95,Below Average,1,1,1,1,1,1,1,1,1,1,1,2,1,1,1.1,Poor,-0.85
729,SIN-ANN-0729,0.864913,0.493055,146.895855,17.572553,1.576929,0.151634,0.328057,0.40631,0.663348,732.380854,0.792382,0.623517,0.615976,0.54197,0.932479,17.105436,115.772247,5.068295,153.680676,25.212793,1,1,4,1,1,2,2,2,1,4,1,3,2,1,3,5,5,5,2.27,Below Average,1,2,2,1,2,3,2,4,1,3,2,2,2,2,1.73,Below Average,-0.54
730,SIN-ANN-0730,0.226065,0.208327,64.91543,8.754041,1.04182,0.080918,0.446612,0.680269,0.471014,468.878004,0.712174,0.199735,0.932278,0.299012,0.160876,35.148843,773.485974,18.531483,41.601764,14.67795,4,3,5,1,2,2,3,3,2,4,4,5,3,3,5,5,2,5,3.34,Average,5,4,3,4,5,4,4,4,5,5,5,3,4,4,4.09,Good,0.75
731,SIN-ANN-0731,0.244411,0.316618,80.827762,7.866521,0.958898,0.136873,0.437274,0.742869,0.725837,1116.019897,0.765844,0.420125,0.864608,0.330727,0.327936,12.878247,10.129491,9.97148,22.630914,0.452252,4,2,5,1,1,2,4,1,1,4,2,5,3,1,1,5,1,1,2.56,Below Average,4,4,2,3,2,4,5,3,3,4,4,2,3,3,3.29,Average,0.73
732,SIN-ANN-0732,0.304928,0.40837,70.22647,8.884748,0.160529,0.1258,0.372041,0.68929,0.550334,683.964773,0.773271,0.459989,0.712169,0.419473,0.31134,21.45424,103.978929,9.970872,113.671204,0.2,4,2,5,4,1,2,3,2,1,4,2,4,2,1,3,5,5,1,2.96,Average,4,4,5,4,4,4,4,4,3,3,4,3,4,3,3.86,Good,0.9
733,SIN-ANN-0733,0.503543,0.691587,67.144535,13.977402,0.402444,0.14358,0.288544,0.472078,0.722865,967.686817,0.525348,0.62164,0.356312,0.763555,0.492744,11.2148,78.34325,4.488207,23.296774,4.816026,2,1,4,3,1,1,2,1,1,2,1,1,1,1,2,5,1,5,1.99,Below Average,3,2,3,3,3,3,3,2,2,2,2,2,3,3,2.53,Average,0.54
734,SIN-ANN-0734,0.601824,0.870335,137.769349,7.785481,1.243375,0.140135,0.247353,0.526401,0.525363,1048.994242,0.480257,0.540009,0.393481,0.323679,0.533579,30.756988,590.915012,16.514094,75.26491,0.2,2,1,5,1,1,1,2,2,1,2,1,1,3,2,5,5,4,1,2.17,Below Average,2,2,2,3,3,3,4,2,2,2,3,4,3,3,2.78,Average,0.61
735,SIN-ANN-0735,0.665964,0.195978,75.890527,7.935238,0.8977,0.141848,0.126732,0.464532,0.544139,1014.894593,0.642704,0.400976,0.689754,0.449894,0.726915,13.440523,573.530472,22.155865,122.723946,0.2,2,3,5,1,1,1,2,2,1,3,2,3,2,1,5,5,5,1,2.49,Below Average,2,4,3,3,3,1,3,3,3,3,3,4,3,3,2.83,Average,0.34
736,SIN-ANN-0736,0.328859,0.21733,52.917904,11.622874,0.750616,0.134069,0.353466,0.47713,0.66015,426.081208,0.660804,0.419956,0.384039,0.46171,0.340735,32.291928,232.880761,12.309246,167.820753,30.953915,4,3,5,1,1,2,2,2,2,3,2,1,2,2,5,5,5,5,2.87,Average,4,4,2,3,2,3,2,3,4,2,3,2,4,3,2.95,Average,0.08
737,SIN-ANN-0737,0.26202,0.599249,70.263435,1.869448,0.4265,0.100278,0.356093,0.674061,0.654148,682.835167,0.793555,0.482396,0.620744,0.373731,0.302557,24.095606,30,30.478307,91.700605,35.164492,4,1,5,3,1,2,3,2,1,4,2,3,3,1,1,5,5,5,2.87,Average,4,3,5,5,4,4,5,4,3,4,3,4,5,4,4.21,Good,1.34
738,SIN-ANN-0738,0.053657,0.315515,37.389313,10.062695,0.811015,0.094122,0.317033,0.593566,0.563627,752.284993,0.772531,0.436819,0.912353,0.242995,0.03371,35.139691,78.81664,22.275245,130.723888,31.732195,5,2,5,1,2,2,3,2,1,4,2,5,4,3,2,5,5,5,3.19,Average,5,4,4,4,4,3,3,4,4,5,4,3,3,3,3.86,Good,0.67
739,SIN-ANN-0739,0.351779,0.446683,31.99832,10.029677,1.164897,0.10195,0.379258,0.624317,0.632358,109.781523,0.501408,0.714059,0.716754,0.623438,0.439432,16.109655,908.00138,32.2406,99.940165,26.828191,3,2,5,1,1,2,3,2,4,2,1,4,1,1,5,5,5,5,2.8,Average,4,3,3,5,3,3,4,2,1,4,2,3,4,4,3.49,Average,0.69
740,SIN-ANN-0740,0.02607,0.357733,87.432105,8.428213,0.97874,0.141875,0.536058,0.723655,0.457231,482.25332,0.622907,0.509576,0.98,0.226406,0.060701,40.831958,308.000972,4.146045,31.150389,11.915956,5,2,5,1,1,3,4,3,2,3,2,5,4,3,5,5,1,5,3.25,Average,5,3,4,2,4,5,4,3,3,5,4,4,4,4,3.5,Good,0.25
741,SIN-ANN-0741,0.113519,0.151457,14.290738,3.4233,0.727859,0.153382,0.494524,0.814942,0.334994,534.17851,0.913085,0.242877,0.868027,0.273531,0.146099,36.858547,350.251326,35.961394,92.825214,14.828686,5,4,5,1,1,3,4,4,1,5,4,5,3,3,5,5,5,5,3.73,Good,5,4,5,5,4,5,5,5,5,5,5,5,5,5,4.73,Very Good,1
742,SIN-ANN-0742,0.038921,0.263648,102.199255,12.268496,0.714202,0.167491,0.363443,0.486881,0.741442,407.685778,0.653744,0.481648,0.926578,0.241138,0.076372,27.440793,563.39303,32.104951,118.022209,15.131195,5,3,4,1,1,2,2,1,2,3,2,5,4,2,5,5,5,5,3.12,Average,5,4,4,3,2,3,3,4,3,4,5,3,3,4,3.63,Good,0.51
743,SIN-ANN-0743,0.176573,0.304814,11.270247,3.544915,0.182329,0.127769,0.296825,0.734975,0.618646,298.236981,0.509142,0.423866,0.550322,0.42033,0.172716,30.992797,264.905992,28.832376,28.864017,13.231886,5,2,5,4,1,1,4,2,3,2,2,3,2,2,5,5,1,5,3.12,Average,4,4,5,5,4,4,4,3,4,3,4,3,5,4,4.19,Good,1.07
744,SIN-ANN-0744,0.345076,0.08284,65.453329,10.605739,0.76884,0.097508,0.531636,0.865947,0.339391,734.95306,0.684931,0.371067,0.814071,0.233389,0.321256,20.539442,173.852584,15.23799,40.604241,26.115804,4,5,5,1,2,3,5,4,1,3,3,4,4,1,4,5,2,5,3.44,Average,4,5,4,4,4,5,5,4,4,5,5,5,5,5,4.58,Very Good,1.14
745,SIN-ANN-0745,0.388378,0.505636,83.135601,11.208389,0.632589,0.12678,0.386816,0.371912,0.465027,758.521133,0.552619,0.455323,0.439353,0.577893,0.416431,18.822487,147.744509,16.264884,70.343094,8.744402,3,1,5,2,1,2,1,3,1,3,2,2,1,1,4,5,4,5,2.52,Below Average,4,3,3,3,3,3,2,3,3,2,3,4,2,3,2.72,Average,0.2
746,SIN-ANN-0746,0.396493,0.261452,93.687557,4.279426,0.652286,0.116645,0.3851,0.563435,0.649853,394.249969,0.812676,0.409037,0.763654,0.387374,0.401476,18.130205,17.312678,1.5,29.787272,2.999281,3,3,5,1,1,2,3,2,2,4,2,4,3,1,1,3,1,4,2.6,Below Average,3,4,4,4,4,3,3,5,3,3,4,3,5,5,3.52,Good,0.92
747,SIN-ANN-0747,0.579528,0.527436,81.199725,11.357435,1.44145,0.18037,0.1834,0.464178,0.646661,352.341912,0.819412,0.589145,0.238087,0.392013,0.602446,16.121027,390.093267,33.157964,108.973817,0.2,2,1,5,1,1,1,2,2,2,4,1,1,3,1,5,5,5,1,2.32,Below Average,2,3,2,3,2,2,2,4,2,2,4,4,4,3,2.96,Average,0.64
748,SIN-ANN-0748,0.192732,0.149673,27.88514,3.444737,0.583052,0.155894,0.407418,0.66577,0.694752,279.545677,0.755294,0.302313,0.812541,0.276587,0.200584,22.05925,353.0172,14.487412,81.036059,24.921621,5,4,5,2,1,2,3,2,3,4,3,4,3,1,5,5,4,5,3.45,Average,5,5,5,4,3,4,3,4,3,4,4,3,4,5,4.1,Good,0.65
749,SIN-ANN-0749,0.79538,0.619707,121.818651,11.450577,1.303659,0.172773,0.094279,0.254391,0.715341,958.592633,0.359996,0.66396,0.313005,0.476229,0.781985,21.293444,79.928778,12.275064,108.158586,11.239671,1,1,5,1,1,1,1,1,1,1,1,1,2,1,2,5,5,5,1.92,Below Average,1,1,1,1,1,1,1,1,1,1,3,2,1,1,1,Poor,-0.92
750,SIN-ANN-0750,0.615611,0.620081,83.857413,13.336925,0.994684,0.182884,0.391614,0.423184,0.823906,668.179265,0.411762,0.547251,0.402108,0.77838,0.579983,25.340921,277.069522,2,65.702858,39.567781,2,1,4,1,1,2,2,1,1,2,1,2,1,2,5,3,4,5,2.11,Below Average,2,3,2,2,2,3,2,1,3,3,1,1,3,2,2.28,Below Average,0.17
751,SIN-ANN-0751,0.465747,0.585895,42.060949,16.035438,0.552442,0.13715,0.278082,0.609211,0.663058,1043.579941,0.544417,0.486456,0.965518,0.455859,0.536579,23.497916,498.36153,14.604714,50.401412,49.715428,3,1,4,2,1,1,3,2,1,2,2,5,2,1,5,5,3,5,2.59,Below Average,2,3,4,2,3,2,3,3,3,4,3,3,3,3,2.84,Average,0.25
752,SIN-ANN-0752,0.564164,0.708647,151.319819,8.884248,0.745241,0.200485,0.234669,0.413351,0.807491,1167.976362,0.370307,0.540845,0.254162,0.558215,0.601814,31.221941,326.15635,2,135.358147,0.2,2,1,5,1,1,1,2,1,1,1,1,1,1,2,5,3,5,1,1.93,Below Average,2,1,3,2,2,3,2,1,2,2,2,2,1,1,1.94,Below Average,0.01
753,SIN-ANN-0753,0.051145,0.266041,38.254162,7.031301,0.073823,0.139599,0.316736,0.640611,0.342397,212.224631,0.604249,0.299097,0.948695,0.44622,0.081792,12.800108,50.932943,17.611098,117.494734,24.710946,5,3,5,5,1,2,3,4,3,3,3,5,2,1,2,5,5,5,3.6,Good,5,5,5,5,3,3,4,3,4,5,3,5,4,4,3.75,Good,0.15
754,SIN-ANN-0754,0,0.054808,59.234892,7.726745,0.513094,0.109198,0.552602,0.806029,0.324659,863.77979,0.911661,0.294202,0.642035,0.31035,0.02,25.144101,490.582991,17.299032,160.03291,0.2,5,5,5,2,1,3,4,4,1,5,3,3,3,2,5,5,5,1,3.56,Good,5,5,3,5,4,5,5,5,5,3,4,5,3,3,4.49,Good,0.93
755,SIN-ANN-0755,0.074806,0.232575,55.689285,5.663211,0.5959,0.053612,0.501718,0.694321,0.371032,176.187973,0.660349,0.339503,0.950619,0.231067,0.151615,21.997877,282.695152,17.551169,33.259577,0.2,5,3,5,2,3,3,3,3,4,3,3,5,4,1,5,5,1,1,3.38,Average,5,5,5,5,5,5,5,4,5,5,5,5,5,5,4.63,Very Good,1.25
756,SIN-ANN-0756,0.455598,0.167275,72.97824,11.796421,0.785968,0.11578,0.481414,0.632286,0.529717,304.693395,0.745976,0.193435,0.811391,0.282874,0.502313,23.617676,734.043054,35.896685,20,15.497518,3,4,5,1,1,3,3,2,3,4,4,4,3,1,5,5,1,5,3.17,Average,4,4,4,3,4,4,3,4,5,4,4,4,4,3,3.8,Good,0.63
757,SIN-ANN-0757,0.611458,0.55344,123.224863,11.782648,0.858331,0.124365,0.408964,0.582913,0.494335,351.449196,0.717795,0.656507,0.613864,0.301039,0.613729,14.321116,181.756406,13.039875,66.670711,26.155209,2,1,5,1,1,2,3,3,2,4,1,3,3,1,5,5,4,5,2.69,Below Average,3,2,3,3,2,4,3,4,2,3,4,4,4,3,3.04,Average,0.35
758,SIN-ANN-0758,0.215384,0.433852,116.808305,9.951447,0.639648,0.104485,0.340016,0.831005,0.33912,875.369438,0.860274,0.336815,0.662502,0.3659,0.185633,29.361677,463.431428,20.832569,58.897118,10.548221,4,2,5,2,1,2,4,4,1,5,3,3,3,2,5,5,3,5,3.24,Average,5,3,4,4,4,4,5,5,5,3,4,4,4,4,3.98,Good,0.74
759,SIN-ANN-0759,0.175795,0.480767,128.334816,6.606394,0.675311,0.074088,0.428709,0.51891,0.467792,484.722914,0.783218,0.155318,0.972815,0.21488,0.168757,17.550734,41.750125,8.289596,43.474711,22.91464,5,1,5,1,2,2,2,3,2,4,4,5,4,1,1,5,2,5,3.01,Average,5,3,5,5,5,4,4,4,5,5,5,5,5,5,4.5,Very Good,1.49
760,SIN-ANN-0760,0.465828,0.702953,147.950727,14.069798,0.840323,0.164699,0.309907,0.384577,0.774529,896.56465,0.430133,0.607286,0.343849,0.727971,0.504749,25.317548,352.64571,18.577373,71.842713,11.926821,3,1,4,1,1,2,1,1,1,2,1,1,1,2,5,5,4,5,2.18,Below Average,2,1,2,2,2,3,2,1,2,2,1,2,3,2,1.96,Below Average,-0.22
761,SIN-ANN-0761,0.322267,0.248241,88.996661,7.539547,0.806385,0.099924,0.57439,0.668504,0.688937,25,0.729033,0.134273,0.914525,0.320009,0.354552,26.216072,486.889393,36.467736,73.464956,22.487158,4,3,5,1,2,3,3,2,5,4,5,5,3,2,5,5,4,5,3.58,Good,4,4,5,3,4,5,4,3,5,5,4,3,5,4,4.01,Good,0.43
762,SIN-ANN-0762,0.52341,0.605132,98.799015,13.696352,0.778235,0.168865,0.343482,0.398501,0.581833,902.569689,0.692493,0.473419,0.681589,0.442787,0.4827,17.874281,638.931194,25.79027,69.121609,0.2,2,1,4,1,1,2,1,2,1,3,2,3,2,1,5,5,4,1,2.19,Below Average,3,3,4,3,2,3,2,3,3,4,3,3,3,3,3.48,Average,1.29
763,SIN-ANN-0763,0.617659,0.283627,136.457719,13.317226,0.876802,0.144243,0.226967,0.413629,0.57505,794.932513,0.50558,0.307921,0.317766,0.643414,0.597628,22.365968,22.358955,1.5,33.908343,2.237935,2,3,4,1,1,1,2,2,1,2,3,1,1,1,1,3,1,3,1.94,Below Average,2,3,3,3,3,1,2,2,2,2,2,3,3,1,2.05,Below Average,0.11
764,SIN-ANN-0764,0.363191,0.306137,55.096623,3.300619,0.887601,0.092434,0.581867,0.749691,0.359719,206.593964,0.943101,0.325246,0.757664,0.342984,0.331197,27.98915,453.397111,17.966699,92.294452,26.974118,3,2,5,1,2,3,4,3,3,5,3,4,3,2,5,5,5,5,3.34,Average,4,5,4,5,5,5,5,5,4,5,5,5,5,5,4.5,Very Good,1.16
765,SIN-ANN-0765,0.212163,0.470747,54.937197,14.583769,1.349197,0.136656,0.205798,0.499022,0.687776,1043.481644,0.437106,0.327064,0.625645,0.369827,0.258871,27.018272,409.005536,20.134436,102.814077,27.776808,4,1,4,1,1,1,2,2,1,2,3,3,3,2,5,5,5,5,2.66,Below Average,4,2,2,3,2,2,3,2,3,3,4,2,3,3,2.9,Average,0.24
766,SIN-ANN-0766,0.538184,0.330513,54.515076,8.968127,0.767783,0.09818,0.228509,0.662811,0.639859,1169.323176,0.60613,0.616274,0.682468,0.397659,0.544288,33.150626,572.865029,22.207015,52.164415,8.642151,2,2,5,1,2,1,3,2,1,3,1,3,3,2,5,5,3,5,2.63,Below Average,3,4,3,4,2,3,3,3,2,3,4,3,2,2,2.92,Average,0.29
767,SIN-ANN-0767,0.833497,0.563647,76.333472,17.341854,1.31689,0.162499,0.242041,0.344029,0.685587,1253.329073,0.685189,0.51681,0.409512,0.390017,0.8899,20.006362,30,24.974133,98.370386,15.918727,1,1,4,1,1,1,1,2,1,3,2,2,3,1,1,5,5,5,2.09,Below Average,1,3,2,2,2,2,2,3,2,2,3,2,2,2,1.97,Below Average,-0.12
768,SIN-ANN-0768,0.433788,0.15673,47.968928,6.656586,0.701489,0.143951,0.326807,0.488941,0.528481,532.855546,0.887103,0.366336,0.816213,0.284227,0.433223,13.808375,186.2115,22.6214,168.669992,19.022116,3,4,5,1,1,2,2,2,1,5,3,4,3,1,5,5,5,5,3.13,Average,4,4,4,4,3,3,3,4,3,4,4,4,5,5,3.88,Good,0.75
769,SIN-ANN-0769,0.085395,0.099033,89.653123,3.016763,0.570734,0.082394,0.514352,0.779747,0.367227,529.696303,0.746007,0.311256,0.905135,0.449482,0.100202,27.86783,394.737849,21.35758,57.819419,13.265741,5,5,5,2,2,3,4,3,1,4,3,5,2,2,5,5,3,5,3.64,Good,5,5,5,5,5,5,5,4,4,5,5,5,5,5,5,Very Good,1.36
770,SIN-ANN-0770,0.417383,0.654549,103.621964,14.254803,0.773396,0.131973,0.323838,0.426522,0.687626,1191.111406,0.399544,0.495579,0.695787,0.650751,0.363048,11,354.069754,30.452326,163.179568,9.257099,3,1,4,1,1,2,2,2,1,1,2,3,1,1,5,5,5,5,2.38,Below Average,3,1,3,1,3,2,2,2,2,3,2,2,1,1,1.68,Below Average,-0.7
771,SIN-ANN-0771,0.243762,0.777888,82.339224,10.240472,0.927431,0.156287,0.369156,0.417231,0.558111,1010.15178,0.668691,0.339628,0.457451,0.434892,0.266477,22.476246,312.170453,17.405945,133.593908,23.524041,4,1,5,1,1,2,2,2,1,3,3,2,2,1,5,5,5,5,2.7,Average,3,2,4,3,2,4,3,3,3,2,3,3,2,2,2.95,Average,0.25
772,SIN-ANN-0772,0.278778,0.398897,38.335772,13.686816,0.567525,0.063066,0.353733,0.502588,0.600275,570.372227,0.86537,0.19465,0.699071,0.130373,0.276394,26.365818,264.342229,18.422444,110.670603,29.85224,4,2,4,2,3,2,2,2,1,5,4,3,5,2,5,5,5,5,3.28,Average,4,4,4,3,4,4,3,5,5,4,5,4,3,4,3.88,Good,0.6
773,SIN-ANN-0773,0.620199,0.397536,93.267679,11.032173,1.268877,0.194784,0.166496,0.33558,0.841093,1253.535628,0.356599,0.739217,0.475109,0.699467,0.659271,19.682008,451.086515,44.702206,129.775937,21.787379,2,2,5,1,1,1,1,1,1,1,1,2,1,1,5,5,5,5,2.22,Below Average,1,2,1,1,1,1,1,1,1,1,1,2,1,1,1.4,Poor,-0.82
774,SIN-ANN-0774,0.466051,0.418302,43.596227,11.899851,0.768476,0.108331,0.368992,0.41728,0.531126,853.308419,0.425247,0.509704,0.60956,0.339088,0.482817,17.139938,402.435108,26.163727,95.095843,22.944022,3,2,5,1,1,2,2,2,1,2,2,3,3,1,5,5,5,5,2.7,Average,3,3,3,4,3,3,2,2,3,3,3,3,4,3,3,Average,0.3
775,SIN-ANN-0775,0.77031,0.552884,82.546686,4.777716,1.197196,0.187034,0.226484,0.327217,0.918834,1691.053769,0.385356,0.640145,0.267508,0.533882,0.729942,23.275382,630.190153,37.701092,85.966102,4.531983,1,1,5,1,1,1,1,1,1,1,1,1,2,1,5,5,5,5,2.04,Below Average,2,3,2,4,1,2,1,2,1,2,2,1,1,1,2.1,Below Average,0.06
776,SIN-ANN-0776,0.182455,0.573585,74.658481,14.265382,0.806941,0.117643,0.263501,0.533147,0.535344,695.880113,0.752631,0.607044,0.608971,0.302218,0.179118,15.229389,402.124821,8.071098,57.592938,30.946732,5,1,4,1,1,1,2,2,1,4,1,3,3,1,5,5,3,5,2.62,Below Average,4,2,3,2,3,3,3,4,2,3,4,4,3,3,3.35,Average,0.73
777,SIN-ANN-0777,0.807443,0.737229,149.707522,10.373469,1.391512,0.15376,0.153969,0.403608,0.786681,1403.456326,0.336661,0.560653,0.338531,0.57721,0.826995,29.233807,316.11951,9.038515,153.122053,12.335044,1,1,5,1,1,1,2,1,1,1,1,1,1,2,5,5,5,5,2.08,Below Average,1,1,2,1,2,1,1,1,1,1,1,1,1,2,1.41,Poor,-0.67
778,SIN-ANN-0778,0.30909,0.277286,42.89531,9.180827,0.47347,0.11004,0.525197,0.604793,0.739363,979.114306,0.745139,0.377095,0.623033,0.47659,0.395312,27.162224,551.38495,2,79.198939,0.2,4,3,5,2,1,3,3,1,1,4,3,3,2,2,5,3,4,1,2.88,Average,4,4,5,4,4,5,4,4,3,3,3,2,3,5,3.87,Good,0.99
779,SIN-ANN-0779,0.417042,0.197527,93.658012,8.668725,0.8352,0.124443,0.303364,0.441269,0.753717,885.164638,0.551427,0.588659,0.428917,0.532044,0.391121,27.2239,502.177344,15.678247,90.210297,12.482636,3,3,5,1,1,2,2,1,1,3,1,2,2,2,5,5,5,5,2.68,Below Average,4,4,4,3,3,2,2,2,2,2,2,2,3,3,2.94,Average,0.26
780,SIN-ANN-0780,0.190762,0.1588,81.322494,11.000843,0.295177,0.122694,0.49484,0.777881,0.292881,313.034429,0.801025,0.125238,0.944689,0.106301,0.174575,12.683929,400.904652,17.051455,160.36862,9.334066,5,4,5,4,1,3,4,4,3,4,5,5,5,1,5,5,5,5,4.12,Good,5,5,5,4,5,5,5,4,5,5,5,5,4,4,4.82,Very Good,0.7
781,SIN-ANN-0781,0.435133,0.415019,74.77957,8.531329,1.117024,0.154315,0.289178,0.5298,0.521535,1027.445484,0.505022,0.452297,0.636772,0.415587,0.46465,40.057523,722.476614,15.057158,65.910149,12.171104,3,2,5,1,1,1,2,2,1,2,2,3,2,3,5,5,4,5,2.64,Below Average,3,4,3,2,3,3,3,2,4,3,3,4,2,3,2.9,Average,0.26
782,SIN-ANN-0782,0.172582,0.298025,27.51382,9.023003,0.632942,0.091898,0.321342,0.890299,0.441606,878.129239,0.638943,0.505597,0.748419,0.460141,0.178601,31.566022,257.100998,27.638776,125.006677,26.908461,5,3,5,2,2,2,5,3,1,3,2,4,2,2,5,5,5,5,3.39,Average,5,4,4,4,4,4,5,4,3,4,3,5,4,4,4.01,Good,0.62
783,SIN-ANN-0783,0.851427,0.763537,169.120536,13.707542,1.111581,0.176192,0.115998,0.214116,0.867113,1039.16041,0.313168,0.646729,0.099256,0.679902,0.847704,24.875893,30,26.943949,61.017757,35.632235,1,1,4,1,1,1,1,1,1,1,1,1,1,1,1,5,3,5,1.66,Poor,1,1,1,1,1,1,1,1,2,1,1,1,1,1,1.2,Poor,-0.46
784,SIN-ANN-0784,0.075935,0.178383,0,12.665682,0.402851,0.139902,0.347586,0.609878,0.273241,987.776782,0.468385,0.250678,0.601943,0.542287,0.046845,11,187.48099,27.649965,88.635115,9.125441,5,4,4,3,1,2,3,4,1,2,3,3,2,1,5,5,5,5,3.29,Average,5,5,4,4,3,4,3,3,4,3,3,5,3,3,3.65,Good,0.36
785,SIN-ANN-0785,0.23833,0.151175,44.047327,8.53544,0.861685,0.122016,0.321908,0.612943,0.802011,942.208261,0.637831,0.506999,0.658466,0.515824,0.249769,17.305016,855.119535,15.253562,76.545184,17.402833,4,4,5,1,1,2,3,1,1,3,2,3,2,1,5,5,4,5,2.93,Average,5,4,3,3,2,3,4,4,3,3,3,2,2,3,3.11,Average,0.18
786,SIN-ANN-0786,0.665328,0.359142,83.827801,10.159907,0.580931,0.155812,0.33412,0.346454,0.589291,822.465003,0.503722,0.384779,0.623793,0.363641,0.723455,23.964113,389.668637,8.6573,96.365526,5.829428,2,2,5,2,1,2,1,2,1,2,2,3,3,1,5,5,5,5,2.65,Below Average,2,3,3,2,2,2,2,2,4,4,3,3,3,5,2.69,Average,0.04
787,SIN-ANN-0787,0.034762,0.315564,75.131722,4.47383,0.684382,0.105126,0.400124,0.621717,0.331883,602.862382,0.85705,0.448779,0.715982,0.375285,0.02,24.092197,58.404956,23.962777,78.608543,26.760808,5,2,5,1,1,2,3,4,1,5,2,4,3,1,2,5,4,5,3.07,Average,5,4,5,4,4,4,3,4,3,4,4,5,5,5,4.33,Good,1.26
788,SIN-ANN-0788,0.368539,0.556673,40.737863,9.255371,1.659388,0.149807,0.170344,0.601315,0.701245,906.479908,0.458058,0.587991,0.264604,0.519453,0.29233,22.054631,393.167366,8.030567,108.033634,15.466167,3,1,5,1,1,1,3,1,1,2,1,1,2,1,5,5,5,5,2.37,Below Average,3,2,2,2,2,1,3,2,2,1,3,3,3,3,2.28,Below Average,-0.09
789,SIN-ANN-0789,0.288523,0.298906,51.569172,12.817881,0,0.137031,0.296454,0.740255,0.305437,500.781183,0.683197,0.437989,0.918448,0.397846,0.295187,28.67988,842.938403,36.675632,93.015139,17.961543,4,3,4,5,1,1,4,4,1,3,2,5,3,2,5,5,5,5,3.48,Average,4,4,5,4,4,3,4,4,4,5,3,5,5,5,4.04,Good,0.56
790,SIN-ANN-0790,0.603333,0.316303,176.571666,8.352941,1.038287,0.170169,0.1946,0.443919,0.866764,1169.957941,0.624397,0.534862,0.438246,0.513613,0.610843,24.472604,279.515621,20.289997,116.189746,8.099093,2,2,5,1,1,1,2,1,1,3,1,2,2,1,5,5,5,5,2.42,Below Average,2,3,2,2,2,2,3,3,2,2,2,1,3,2,2.08,Below Average,-0.34
791,SIN-ANN-0791,0.888856,0.860945,120.656006,8.996581,1.544694,0.162124,0.225152,0.4352,0.823642,1406.84994,0.282631,0.683065,0.288941,0.73355,0.858831,24.04675,636.228752,27.286427,108.865751,32.830778,1,1,5,1,1,1,2,1,1,1,1,1,1,1,5,5,5,5,2.04,Below Average,1,1,2,1,2,1,2,2,1,1,1,1,1,1,1.42,Poor,-0.62
792,SIN-ANN-0792,0.213206,0.117376,105.917664,8.300729,0.796217,0.100002,0.376282,0.703826,0.380651,447.179067,0.808297,0.325153,0.520855,0.498528,0.253558,26.512717,274.224341,7.402516,98.844897,23.60942,4,4,5,1,1,2,4,3,2,4,3,2,2,2,5,5,5,5,3.26,Average,4,4,3,3,4,3,5,4,5,4,3,5,4,3,3.78,Good,0.52
793,SIN-ANN-0793,0.229968,0.205087,0,12.676083,0.500973,0.06339,0.529415,0.667308,0.636137,322.897499,0.752645,0.476118,0.720097,0.132227,0.307591,17.806862,237.726889,3.154912,69.798403,50.186237,4,3,4,2,3,3,3,2,3,4,2,4,5,1,5,4,4,5,3.35,Average,5,5,5,3,5,5,4,4,4,4,5,3,5,4,4.12,Good,0.77
794,SIN-ANN-0794,0.459932,0.727397,102.350548,13.595875,0.606081,0.175448,0.261589,0.440034,0.818361,803.13214,0.561613,0.774525,0.4772,0.335617,0.44504,17.815682,181.600784,19.62985,67.288053,31.351227,3,1,4,2,1,1,2,1,1,3,1,2,3,1,5,5,4,5,2.42,Below Average,3,1,3,2,1,3,2,3,1,2,3,2,2,2,2.36,Below Average,-0.06
795,SIN-ANN-0795,0.276141,0.389525,100.558031,6.597231,0.703809,0.136168,0.488349,0.712718,0.623669,206.022503,0.601696,0.296581,0.666568,0.63098,0.312225,17.639337,537.492603,30.531253,59.417154,50.587236,4,2,5,1,1,3,4,2,3,3,3,3,1,1,5,5,3,5,2.96,Average,4,3,3,3,3,4,3,3,4,3,2,3,4,3,3.29,Average,0.33
796,SIN-ANN-0796,0.494922,0.533097,89.687106,6.971096,0.696424,0.154518,0.404759,0.933129,0.519049,394.462971,0.715468,0.411222,0.629505,0.288013,0.444819,15.230831,342.217166,18.681842,87.410002,10.403718,3,1,5,1,1,2,5,2,2,4,2,3,3,1,5,5,5,5,2.92,Average,4,3,3,5,3,4,5,4,3,4,5,4,4,3,4.19,Good,1.27
797,SIN-ANN-0797,0.326744,0.070001,33.427476,15.183323,1.512453,0.126661,0.416901,0.714233,0.651754,810.188715,0.551668,0.472058,0.650052,0.407001,0.3238,33.152557,308.52912,2,22.77887,6.671536,4,5,4,1,1,2,4,2,1,3,2,3,2,2,5,3,1,5,2.87,Average,3,5,3,2,3,4,4,2,3,3,4,3,4,3,3.46,Average,0.59
798,SIN-ANN-0798,0.404683,0.102364,16.304618,13.025405,0.723108,0.080448,0.409808,0.776029,0.257232,365.134929,0.98,0.205085,0.786211,0.176187,0.403689,20.959772,333.319619,22.452118,55.675313,11.792958,3,4,4,1,2,2,4,4,2,5,4,4,4,1,5,5,3,5,3.36,Average,4,5,4,4,5,4,4,5,5,5,5,5,5,5,4.5,Very Good,1.14
799,SIN-ANN-0799,0.685204,0.595169,89.858265,9.307438,0.808754,0.08844,0.36623,0.468714,0.825388,1089.130699,0.731982,0.28766,0.607396,0.460924,0.697027,19.417726,63.138707,5.544083,36.079122,0,2,1,5,1,2,2,2,1,1,4,3,3,2,1,2,5,2,1,2.23,Below Average,2,3,4,3,4,3,2,4,4,3,3,1,2,3,2.51,Average,0.28
800,SIN-ANN-0800,0.447646,0.06779,50.010962,5.003076,0.851064,0.136129,0.365613,0.502408,0.309123,444.901472,0.805853,0.550562,0.791972,0.225304,0.474481,24.14925,224.25924,6.658869,97.357489,26.3516,3,5,5,1,1,2,2,4,2,4,1,4,4,1,5,5,5,5,3.26,Average,3,4,4,5,4,4,3,4,3,4,4,5,3,3,3.82,Good,0.56
801,SIN-ANN-0801,0.334383,0.850237,133.139179,12.084309,1.257879,0.153156,0.285098,0.492197,0.786128,644.403403,0.28932,0.635449,0.56294,0.594372,0.23314,26.917722,398.832958,11.197885,67.357669,10.885222,4,1,4,1,1,1,2,1,1,1,1,3,1,2,5,5,4,5,2.32,Below Average,4,1,1,3,2,2,2,1,2,3,2,1,3,2,2.35,Below Average,0.03
802,SIN-ANN-0802,0.708341,0.633937,182.663668,12.864102,0.988446,0.180495,0.154901,0.321529,0.979418,1145.749563,0.29759,0.691111,0.476866,0.473981,0.705941,20.869287,338.369502,18.611524,109.137503,24.734485,1,1,4,1,1,1,1,1,1,1,1,2,2,1,5,5,5,5,2,Below Average,1,2,1,1,1,1,1,1,1,1,2,1,1,1,1.12,Poor,-0.88
803,SIN-ANN-0803,0.600518,0.605002,102.169401,21.619469,1.553607,0.171766,0.211609,0.407459,0.863159,1419.368148,0.169691,0.680718,0.411095,0.843947,0.670495,26.587735,330.741259,2,113.802283,13.153285,2,1,3,1,1,1,2,1,1,1,1,2,1,2,5,3,5,5,1.96,Below Average,2,2,1,1,1,2,1,1,1,2,1,1,1,1,1.08,Poor,-0.88
804,SIN-ANN-0804,0.952191,0.573237,76.235163,12.963552,1.278452,0.180567,0.200716,0.454582,0.62242,490.633857,0.488833,0.713588,0.592595,0.663081,0.936473,22.846218,45.158967,10.98036,27.285046,0.566117,1,1,4,1,1,1,2,2,2,2,1,3,1,1,1,5,1,1,1.72,Poor,1,2,2,3,1,2,2,2,1,2,1,3,2,2,1.5,Below Average,-0.22
805,SIN-ANN-0805,0.611508,0.5312,56.098827,11.409892,1.514468,0.118614,0.389839,0.23653,0.65087,1235.528019,0.461672,0.739381,0.325189,0.616451,0.605968,19.574709,88.767192,2,120.254404,23.224408,2,1,5,1,1,2,1,2,1,2,1,1,1,1,2,3,5,5,2.03,Below Average,2,3,1,2,2,4,1,2,1,2,2,2,1,2,1.86,Below Average,-0.17
806,SIN-ANN-0806,0.483073,0.401336,87.274651,11.654119,1.246337,0.165563,0.336848,0.607491,0.662876,950.516318,0.601022,0.340995,0.917837,0.216861,0.514884,34.114832,710.790217,7.489891,106.894623,11.631475,3,2,5,1,1,2,3,2,1,3,3,5,4,2,5,5,5,5,3.04,Average,2,4,2,2,3,3,4,3,4,4,4,3,2,3,3.32,Average,0.28
807,SIN-ANN-0807,0.512469,0.621549,105.557619,19.690951,1.840641,0.181696,0.275145,0.570699,0.825842,1010.19484,0.611601,0.369677,0.318979,0.455346,0.563028,22.280939,30,17.300014,78.24458,23.888161,2,1,4,1,1,1,3,1,1,3,3,1,2,1,1,5,4,5,2.14,Below Average,2,2,1,2,1,2,3,3,3,1,2,1,2,3,1.5,Below Average,-0.64
808,SIN-ANN-0808,0.625947,0.722445,101.970835,16.722512,0.564033,0.190285,0.242556,0.394407,0.705545,1003.986949,0.270532,0.388115,0.519446,0.673071,0.643372,12.692488,501.918035,2,57.136471,27.009632,2,1,4,2,1,1,1,1,1,1,2,2,1,1,5,3,3,5,2.02,Below Average,2,1,4,2,1,2,2,1,3,2,2,2,2,1,2.13,Below Average,0.11
809,SIN-ANN-0809,0.497477,0.574993,142.917446,16.060934,1.793733,0.178527,0.422303,0.52689,0.838196,1124.155671,0.41571,0.595845,0.537033,0.522983,0.563232,26.776172,254.333648,33.1887,103.287979,0.2,3,1,4,1,1,2,2,1,1,2,1,2,2,2,5,5,5,1,2.21,Below Average,2,2,1,2,1,3,3,2,2,2,2,1,1,1,1.87,Below Average,-0.34
810,SIN-ANN-0810,0.221524,0.444214,56.137077,8.579714,1.650803,0.124304,0.405243,0.484447,0.339617,640.165571,0.475655,0.484569,0.431473,0.473381,0.215685,11,422.826757,22.263353,20,13.580329,4,2,5,1,1,2,2,4,1,2,2,2,2,1,5,5,1,5,2.63,Below Average,4,3,2,4,2,3,2,3,2,2,3,4,4,2,2.9,Average,0.27
811,SIN-ANN-0811,0.6206,0.328092,61.900683,6.037183,0.3693,0.083867,0.504016,0.604504,0.484066,804.708807,0.692005,0.358476,0.904138,0.345399,0.568348,15.111341,38.250482,8.63593,39.231118,7.743963,2,2,5,3,2,3,3,3,1,3,3,5,3,1,1,5,2,5,2.91,Average,3,3,5,4,5,5,4,4,4,5,3,4,4,4,3.9,Good,0.99
812,SIN-ANN-0812,0.510553,0.440851,103.081485,13.429577,0.740908,0.134216,0.188991,0.548955,0.57999,1158.127504,0.579156,0.61976,0.38933,0.591703,0.53692,18.354905,251.619113,26.0116,113.212025,18.394495,2,2,4,1,1,1,2,2,1,3,1,1,1,1,5,5,5,5,2.28,Below Average,3,3,2,2,2,1,3,3,2,2,2,2,1,3,2.26,Below Average,-0.02
813,SIN-ANN-0813,0.702736,0.354984,96.345434,10.57355,1.076319,0.11474,0.325243,0.555298,0.78994,905.20143,0.414734,0.586919,0.533351,0.577176,0.708335,23.248749,187.85619,36.118309,87.29148,29.784719,1,2,5,1,1,2,3,1,1,2,1,2,1,1,5,5,5,5,2.33,Below Average,1,2,2,2,3,2,2,2,2,2,2,1,3,2,1.83,Below Average,-0.5
814,SIN-ANN-0814,0.30826,0,27.187585,3.096313,0.722479,0.128045,0.465246,0.726916,0.643275,950.585352,0.729631,0.305978,0.786092,0.413641,0.285574,11,426.134776,4.708613,160.354244,8.304334,4,5,5,1,1,3,4,2,1,4,3,4,2,1,5,5,5,5,3.35,Average,5,5,5,5,4,4,4,5,5,4,4,3,3,5,4.48,Good,1.13
815,SIN-ANN-0815,0.209078,0.295786,0,7.07842,0.574015,0.103735,0.430742,0.658688,0.438366,685.137559,0.74467,0.40104,0.587289,0.315444,0.266782,29.618939,436.999837,8.749744,73.755853,17.484454,4,3,5,2,1,2,3,3,1,4,2,3,3,2,5,5,4,5,3.17,Average,5,4,4,5,4,5,4,4,4,3,4,5,3,4,3.96,Good,0.79
816,SIN-ANN-0816,0.372055,0.422827,45.691855,10.876728,0.830146,0.128751,0.300993,0.529938,0.45382,571.674524,0.846893,0.310763,0.46372,0.415233,0.414214,18.660776,116.753644,7.303633,62.963895,18.703585,3,2,5,1,1,2,2,3,1,4,3,2,2,1,3,5,3,5,2.64,Below Average,3,3,3,3,3,3,2,4,3,3,2,4,3,2,2.68,Average,0.04
817,SIN-ANN-0817,0.605963,0.831227,138.345725,14.198429,1.784594,0.203413,0.173437,0.30261,0.709941,1596.824704,0.496778,0.629753,0.265357,0.789816,0.585864,20.982556,61.103442,1.878964,27.692593,1.463936,2,1,4,1,1,1,1,1,1,2,1,1,1,1,2,3,1,2,1.56,Poor,1,1,1,1,1,2,1,2,2,1,1,1,1,2,1.27,Poor,-0.29
818,SIN-ANN-0818,0.546858,0.256752,118.962653,18.528335,1.019229,0.176873,0.346066,0.298901,0.753232,1247.823978,0.708812,0.619144,0.539652,0.559589,0.607837,24.068752,30,2.955371,79.048656,24.105825,2,3,4,1,1,2,1,1,1,4,1,2,1,1,1,4,4,5,2.18,Below Average,3,3,3,2,1,3,1,3,2,3,2,2,1,3,2.48,Below Average,0.3
819,SIN-ANN-0819,0.697324,0.42327,59.819821,11.535477,0.948575,0.138092,0.119253,0.364943,0.824134,1596.360214,0.490366,0.590817,0.466938,0.718886,0.674277,18.468057,30,2,139.045878,29.007921,2,2,5,1,1,1,1,1,1,2,1,2,1,1,1,3,5,5,2.03,Below Average,2,3,3,2,3,1,2,2,2,2,2,1,1,2,2.31,Below Average,0.28
820,SIN-ANN-0820,0.719932,0.692205,148.15833,12.727372,0.675248,0.197018,0.173149,0.453996,0.807416,1083.829942,0.791537,0.720365,0.442397,0.621648,0.741834,25.304947,413.596714,2,54.523195,27.766295,1,1,4,1,1,1,2,1,1,4,1,2,1,2,5,3,3,5,2.03,Below Average,1,1,4,1,1,2,1,4,2,2,2,1,2,3,1.59,Below Average,-0.44
821,SIN-ANN-0821,0.235849,0.305445,12.036542,10.41204,0.262758,0.084597,0.46489,0.769896,0.42644,295.053832,0.98,0.224061,0.919154,0.210086,0.271004,23.031791,65.55521,9.867821,27.336449,0,4,2,5,4,2,3,4,3,3,5,4,5,4,1,2,5,1,1,3.36,Average,4,5,5,4,5,5,5,5,5,5,5,5,4,5,4.7,Very Good,1.34
822,SIN-ANN-0822,0.419751,0.117894,91.933183,13.19599,0.6077,0.120441,0.36491,0.431076,0.534077,1134.592017,0.357298,0.426241,0.40351,0.277425,0.47554,27.836437,449.662429,22.40427,36.724024,24.327369,3,4,4,2,1,2,2,2,1,1,2,2,3,2,5,5,2,5,2.7,Average,3,4,3,3,3,4,2,2,3,2,4,3,2,4,2.94,Average,0.24
823,SIN-ANN-0823,0.074099,0.438884,122.36008,7.02497,0.630391,0.131851,0.458122,0.804235,0.621614,480.18167,0.601742,0.312472,0.918681,0.463625,0.074745,35.566123,563.625193,18.435439,20.718637,13.20683,5,2,5,2,1,3,4,2,2,3,3,5,2,3,5,5,1,5,3.23,Average,5,3,4,4,4,4,5,3,4,5,4,4,5,3,4.24,Good,1.01
824,SIN-ANN-0824,0.213655,0.547452,75.803685,8.669727,0.916944,0.115425,0.383824,0.660896,0.433429,1041.645282,0.694295,0.280772,0.485282,0.332424,0.196121,34.255012,51.908105,25.13995,110.40218,10.86822,4,1,5,1,1,2,3,3,1,3,3,2,3,2,2,5,5,5,2.77,Average,4,3,2,3,3,3,3,4,4,2,3,3,4,3,3.21,Average,0.44
825,SIN-ANN-0825,0.667665,0.864146,140.422354,17.60658,1.163449,0.142342,0.222093,0.327125,0.769241,709.284005,0.366949,0.70241,0.373279,0.735744,0.683737,28.417872,344.387728,29.435266,96.699815,21.026909,2,1,4,1,1,1,1,1,1,1,1,1,1,2,5,5,5,5,2.03,Below Average,2,1,1,1,1,1,1,1,1,1,1,1,2,1,1.26,Poor,-0.77
826,SIN-ANN-0826,0.544107,0.802469,115.091696,10.697618,0.422271,0.151825,0.249344,0.442391,0.690441,610.690589,0.652819,0.669849,0.471518,0.660473,0.506096,33.39946,496.397502,16.028352,76.380569,16.163561,2,1,5,3,1,1,2,2,1,3,1,2,1,2,5,5,4,5,2.5,Below Average,3,1,2,2,2,2,2,3,2,2,2,3,2,2,2.01,Below Average,-0.49
827,SIN-ANN-0827,0.59497,0.527901,93.090193,11.804337,1.532219,0.110878,0.262669,0.542864,0.738006,1423.820284,0.426371,0.477871,0.596316,0.494021,0.625461,19.081552,423.235037,15.123328,71.555189,26.197326,2,1,5,1,1,1,2,1,1,2,2,3,2,1,5,5,4,5,2.34,Below Average,2,3,2,4,3,2,2,2,3,3,2,2,2,3,2.5,Average,0.16
828,SIN-ANN-0828,0.281347,0,0,8.570071,0.892273,0.078192,0.427196,0.700043,0.45509,365.19978,0.595534,0.287048,0.273993,0.425281,0.244435,22.81061,359.775134,2,74.385609,33.860527,4,5,5,1,2,2,4,3,2,3,3,1,2,1,5,3,4,5,3.13,Average,4,5,4,4,4,4,5,4,4,2,3,4,4,5,4.45,Good,1.32
829,SIN-ANN-0829,0.554921,0.426225,176.066928,16.695522,1.299537,0.13592,0.104832,0.491174,0.680209,1146.069662,0.5282,0.549893,0.365328,0.530607,0.567825,21.250222,886.528477,7.801657,62.014719,9.236294,2,2,4,1,1,1,2,2,1,2,1,1,2,1,5,5,3,5,2.2,Below Average,2,2,1,2,2,1,3,2,2,1,2,3,1,1,1.85,Below Average,-0.35
830,SIN-ANN-0830,0.447359,0.38909,67.714533,13.881212,1.456504,0.122196,0.441287,0.197828,0.501067,875.758381,0.665011,0.595194,0.753878,0.219395,0.407335,33.00724,38.501601,3.577977,37.590024,11.687553,3,2,4,1,1,2,1,2,1,3,1,4,4,2,1,5,2,5,2.43,Below Average,3,3,2,2,3,4,1,3,2,3,4,4,3,4,3.05,Average,0.62
831,SIN-ANN-0831,0.444931,0.439543,59.137653,10.578076,1.632163,0.150388,0.184228,0.347512,0.721222,907.868391,0.373359,0.468842,0.351814,0.487094,0.490533,31.787565,515.412464,19.528051,160.263469,31.823328,3,2,5,1,1,1,1,1,1,1,2,1,2,2,5,5,5,5,2.39,Below Average,3,3,2,2,1,2,1,1,2,2,2,1,2,3,1.83,Below Average,-0.56
832,SIN-ANN-0832,0.537049,0.597163,89.173101,11.732689,1.554304,0.202981,0.405773,0.414583,0.472797,1029.069312,0.437266,0.665557,0.371871,0.45963,0.505617,31.360117,306.397574,26.91859,100.966258,28.964071,2,1,5,1,1,2,2,3,1,2,1,1,2,2,5,5,5,5,2.42,Below Average,2,2,1,2,2,2,2,2,2,1,2,2,2,2,1.75,Below Average,-0.67
833,SIN-ANN-0833,0.589604,0.600688,141.385019,4.423585,0.604694,0.109237,0.327554,0.728682,0.626964,427.188999,0.521677,0.406229,0.429104,0.557001,0.622758,18.907484,425.862777,29.930084,87.440956,16.555969,2,1,5,2,1,2,4,2,2,2,2,2,1,1,5,5,5,5,2.62,Below Average,2,3,3,4,4,3,3,3,3,2,3,2,4,4,3.29,Average,0.67
834,SIN-ANN-0834,0.708187,0.73386,166.540432,8.429,0.705072,0.187573,0.197027,0.347801,0.688934,1145.776362,0.266519,0.664605,0.378483,0.218463,0.770308,15.845107,81.302711,10.315296,42.025317,0,1,1,5,1,1,1,1,2,1,1,1,1,4,1,2,5,2,1,1.79,Poor,2,1,2,3,2,2,2,1,1,1,4,2,2,2,2.06,Below Average,0.27
835,SIN-ANN-0835,0.326125,0.308056,60.514403,4.786466,0.412071,0.106429,0.43292,0.662208,0.343081,914.917102,0.465318,0.347738,0.481626,0.142664,0.282445,23.60176,665.17129,40.355874,96.099915,12.376284,4,2,5,3,1,2,3,4,1,2,3,2,5,1,5,5,5,5,3.22,Average,4,4,5,4,4,4,3,3,4,4,5,4,3,4,3.91,Good,0.69
836,SIN-ANN-0836,0.340653,0.526198,94.046318,9.386009,0.217853,0.107644,0.204186,0.372818,0.668501,580.83866,0.655861,0.239047,0.838997,0.457997,0.387743,20.89408,340.749641,36.89573,115.921997,24.909964,4,1,5,4,1,1,1,2,1,3,4,4,2,1,5,5,5,5,3.01,Average,4,3,4,4,3,2,2,3,4,4,3,3,3,4,3.21,Average,0.2
837,SIN-ANN-0837,0.080387,0.135373,0,3.736454,0.356389,0.124194,0.553297,0.670303,0.199386,330.409469,0.898115,0.179565,0.98,0.149601,0.073799,24.209888,633.807532,2,145.971147,15.445654,5,4,5,3,1,3,3,5,3,5,4,5,5,1,5,3,5,5,3.95,Good,5,5,5,5,4,5,5,5,5,5,5,5,5,5,5,Very Good,1.05
838,SIN-ANN-0838,0.521285,0.480207,71.403139,9.086794,1.314053,0.123896,0.29742,0.51718,0.775392,788.809066,0.611724,0.417153,0.636098,0.375094,0.478698,21.821645,39.958581,33.657333,43.214312,12.416681,2,1,5,1,1,1,2,1,1,3,2,3,3,1,1,5,2,5,2.2,Below Average,3,3,2,3,3,2,2,3,3,3,3,3,3,3,2.73,Average,0.53
839,SIN-ANN-0839,0.803199,0.599343,108.730703,14.363148,1.552925,0.135934,0.288259,0.236603,0.772369,1150.05025,0.548068,0.461574,0.451269,0.587293,0.864598,14.335966,393.695001,39.992224,52.674713,35.601733,1,1,4,1,1,1,1,1,1,2,2,2,1,1,5,5,3,5,1.97,Below Average,2,3,2,3,2,2,2,2,2,3,2,2,2,2,2.34,Below Average,0.37
840,SIN-ANN-0840,0.370584,0.627501,157.172957,4.358473,1.230873,0.130354,0.251569,0.420629,0.952644,294.318313,0.238912,0.452909,0.680935,0.810789,0.327794,13.09717,297.390253,2,26.628172,20.260077,3,1,5,1,1,1,2,1,3,1,2,3,1,1,5,3,1,5,2.23,Below Average,3,1,2,4,2,2,2,1,3,3,1,1,3,2,2.16,Below Average,-0.07
841,SIN-ANN-0841,0.208214,0.127676,84.959643,8.409596,0.70296,0.112092,0.269692,0.59449,0.566579,569.725967,0.640489,0.181435,0.723402,0.453917,0.242752,16.818783,40.531125,8.146135,45.736229,2.026857,4,4,5,1,1,1,3,2,1,3,4,4,2,1,1,5,2,3,2.76,Average,5,5,4,4,4,3,3,4,4,4,3,3,4,4,3.71,Good,0.95
842,SIN-ANN-0842,0.347685,0.42099,94.647923,15.202137,0.42764,0.149572,0.430306,0.619807,0.585024,949.279967,0.658613,0.517229,0.601446,0.72101,0.37109,23.869438,502.083362,25.829395,89.530012,22.884764,4,2,4,3,1,2,3,2,1,3,2,3,1,1,5,5,5,5,2.88,Average,3,3,4,1,3,4,2,3,2,3,1,4,3,2,3.08,Average,0.2
843,SIN-ANN-0843,0.201313,0.216548,41.12172,8.825987,0.573326,0.101508,0.485043,0.762941,0.419618,574.684434,0.781479,0.338593,0.863482,0.313859,0.195061,34.333436,154.757228,18.47692,100.584442,26.809806,4,3,5,2,1,3,4,3,1,4,3,5,3,2,4,5,5,5,3.42,Average,5,5,5,5,4,5,5,4,5,5,4,5,5,4,4.73,Very Good,1.31
844,SIN-ANN-0844,0.127557,0.357412,35.547257,9.966852,0.081159,0.080651,0.236855,0.785707,0.704107,336.970712,0.705358,0.402046,0.686616,0.489788,0.181407,19.120754,452.081949,24.571097,92.657565,31.085164,5,2,5,5,2,1,4,1,3,4,2,3,2,1,5,5,5,5,3.43,Average,4,4,5,4,5,2,5,4,4,4,2,3,5,4,3.7,Good,0.27
845,SIN-ANN-0845,0.801194,0.456016,105.076252,14.55144,1.656615,0.183324,0.186343,0.588222,0.708759,897.946893,0.355428,0.492561,0.443478,0.507294,0.785221,11,412.066307,15.206387,40.250933,12.349979,1,1,4,1,1,1,3,1,1,1,2,2,2,1,5,5,2,5,2.03,Below Average,1,2,1,2,2,2,3,2,2,2,2,3,3,4,1.89,Below Average,-0.14
846,SIN-ANN-0846,0.398977,0.221585,27.784841,9.957733,0,0.101612,0.519013,0.595993,0.642071,689.903995,0.396236,0.475402,0.511961,0.568757,0.359948,26.905658,511.281594,15.523814,105.12047,19.154073,3,3,5,5,1,3,3,2,1,1,2,2,1,2,5,5,5,5,3.08,Average,3,4,5,4,4,4,3,2,4,3,3,3,4,4,3.5,Good,0.42
847,SIN-ANN-0847,0.379465,0.740619,96.648864,17.385686,1.469324,0.156044,0.272288,0.317759,0.82294,1226.058048,0.404213,0.709859,0.316896,0.712277,0.330914,29.950929,453.64681,12.548179,46.92691,42.85721,3,1,4,1,1,1,1,1,1,2,1,1,1,2,5,5,2,5,2.05,Below Average,3,1,1,1,2,2,1,2,1,1,1,1,1,1,1.19,Poor,-0.86
848,SIN-ANN-0848,0.237086,0.739039,59.901027,12.485411,0.938873,0.162543,0.302933,0.283223,0.585433,890.566179,0.615936,0.468532,0.698387,0.115735,0.281615,14.105103,436.380338,30.466413,85.050733,18.629095,4,1,4,1,1,2,1,2,1,3,2,3,5,1,5,5,5,5,2.72,Average,3,2,2,2,2,3,1,3,3,4,4,3,3,3,2.9,Average,0.18
849,SIN-ANN-0849,0.83824,0.746542,106.051861,12.473236,0.73278,0.16325,0.248717,0.329853,0.557637,861.969871,0.527179,0.597889,0.621198,0.373495,0.859241,29.790123,433.029621,26.417672,60.502412,12.99215,1,1,4,1,1,1,1,2,1,2,1,3,3,2,5,5,3,5,2.16,Below Average,1,2,2,1,3,2,1,2,2,3,3,3,2,3,2.1,Below Average,-0.06
850,SIN-ANN-0850,0.051,0.081919,29.200683,7.313554,0.164272,0.096319,0.466009,0.56839,0.358837,301.036601,0.979176,0.302661,0.886645,0.320555,0.051935,22.597665,712.78968,24.720043,45.388914,14.49074,5,5,5,4,2,3,3,3,3,5,3,5,3,1,5,5,2,5,3.88,Good,5,5,5,4,5,4,4,5,5,4,4,5,5,5,4.5,Very Good,0.62
851,SIN-ANN-0851,0.422377,0.363307,79.160392,5.946293,0.533451,0.097746,0.407631,0.490423,0.457337,203.813574,0.801824,0.230159,0.730269,0.51215,0.414213,21.360592,58.78437,11.901928,76.945743,10.512443,3,2,5,2,2,2,2,3,3,4,4,4,2,1,2,5,4,5,3.03,Average,4,3,5,4,4,4,3,5,5,4,2,4,4,5,3.67,Good,0.64
852,SIN-ANN-0852,0.420712,0.590395,123.100732,17.8435,1.112059,0.140894,0.332183,0.53269,0.703045,1116.847707,0.452769,0.432862,0.454145,0.267373,0.440034,20.459013,361.459458,12.725352,95.090194,13.511435,3,1,4,1,1,2,2,1,1,2,2,2,3,1,5,5,5,5,2.43,Below Average,3,2,2,1,2,3,2,2,1,2,4,2,2,2,1.83,Below Average,-0.6
853,SIN-ANN-0853,0.096294,0.339618,52.855875,15.329747,0.584748,0.126483,0.224262,0.571975,0.480214,518.556355,0.856584,0.432389,0.665087,0.305637,0.077999,24.915174,30,17.563627,94.221391,20.031875,5,2,4,2,1,1,3,3,1,5,2,3,3,1,1,5,5,5,2.92,Average,5,4,5,3,4,3,4,5,4,3,4,4,4,5,4.49,Good,1.57
854,SIN-ANN-0854,0.592857,0.494198,81.928218,12.670208,1.531519,0.175579,0.166113,0.503817,0.585733,644.583246,0.489693,0.569842,0.469145,0.488117,0.676075,14.820968,571.581793,12.46921,139.105198,0.2,2,1,4,1,1,1,2,2,1,2,1,2,2,1,5,5,5,1,2.08,Below Average,2,2,1,3,2,2,2,2,2,2,3,3,3,1,2.34,Below Average,0.26
855,SIN-ANN-0855,0.266725,0.526134,80.99836,11.278698,0.52841,0.097976,0.4424,0.626042,0.782985,715.634563,0.812466,0.504184,0.526707,0.211921,0.300267,25.21364,565.756532,20.357478,67.32586,12.629499,4,1,5,2,2,2,3,1,1,4,2,2,4,2,5,5,4,5,2.94,Average,4,3,3,4,4,4,3,4,4,4,4,3,3,3,3.76,Good,0.82
856,SIN-ANN-0856,0.635911,0.822951,126.327273,15.625508,1.639009,0.14717,0.248044,0.362105,0.758557,1141.605521,0.365158,0.588124,0.409113,0.696147,0.67172,27.817133,479.420579,21.264818,180.020124,20.187282,2,1,4,1,1,1,1,1,1,1,1,2,1,2,5,5,5,5,2.08,Below Average,1,1,2,1,2,1,1,1,1,2,1,1,1,1,1,Poor,-1.08
857,SIN-ANN-0857,0.063247,0.089519,47.883878,2.473611,1.209164,0.060996,0.43175,0.692604,0.26829,145.98317,0.88631,0.315693,0.834103,0.127054,0.068811,29.654082,245.418045,25.617044,86.298017,36.434946,5,5,5,1,3,2,3,4,4,5,3,4,5,2,5,5,5,5,3.93,Good,5,5,3,5,5,5,5,5,4,5,5,5,5,5,4.85,Very Good,0.92
858,SIN-ANN-0858,0.168984,0.498513,74.210538,11.929177,0.698635,0.121071,0.465399,0.686631,0.449041,898.955419,0.714306,0.598182,0.727082,0.296484,0.185257,32.733246,60.356617,23.869688,91.439283,22.690964,5,1,5,1,1,3,3,3,1,4,1,4,3,2,2,5,5,5,2.96,Average,4,3,3,4,4,4,4,4,3,4,5,3,3,3,3.49,Average,0.53
859,SIN-ANN-0859,0.877134,0.625714,149.264262,11.918297,1.902912,0.177771,0.305882,0.209007,0.82302,1817.077085,0.259986,0.61247,0.378708,0.765407,0.899247,27.233729,410.028682,22.748026,20,25.018857,1,1,5,1,1,2,1,1,1,1,1,1,1,2,5,5,1,5,1.92,Below Average,1,1,1,2,1,2,1,1,1,2,1,1,1,1,1,Poor,-0.92
860,SIN-ANN-0860,0.607588,0.621396,112.065801,12.55558,1.281407,0.166297,0.334536,0.285825,0.64989,1223.547347,0.332446,0.63922,0.518753,0.844975,0.614604,24.371427,614.341166,14.384167,133.13048,4.152021,2,1,4,1,1,2,1,2,1,1,1,2,1,1,5,5,5,5,2.14,Below Average,2,2,2,2,2,3,2,1,2,2,1,2,1,3,1.81,Below Average,-0.33
861,SIN-ANN-0861,0.319864,0.296634,38.184692,10.322964,0.558064,0.167499,0.415612,0.702549,0.476339,1017.769373,0.552809,0.514001,0.652662,0.342853,0.338003,28.558792,268.504911,8.851582,92.891468,38.670154,4,3,5,2,1,2,4,3,1,3,2,3,3,2,5,5,5,5,3.21,Average,4,4,4,3,2,3,4,3,2,3,4,4,3,3,3.01,Average,-0.2
862,SIN-ANN-0862,0.659168,0.876243,195.536332,12.24799,1.898695,0.180906,0.255599,0.564014,0.662606,220.698053,0.485369,0.657959,0.492266,0.834323,0.673944,22.511151,593.696163,28.16673,63.491147,23.276174,2,1,4,1,1,1,3,2,3,2,1,2,1,1,5,5,3,5,2.26,Below Average,2,1,1,2,2,2,2,2,1,3,1,1,3,2,1.5,Below Average,-0.76
863,SIN-ANN-0863,0.530825,0.442261,84.910486,14.79687,1.763938,0.157091,0.157344,0.440627,0.71698,1379.057497,0.418659,0.666724,0.241312,0.40065,0.52559,19.11187,30,34.773659,103.168182,17.47796,2,2,4,1,1,1,2,1,1,2,1,1,2,1,1,5,5,5,2.07,Below Average,2,2,1,2,1,2,2,1,2,1,2,2,2,2,1.49,Poor,-0.58
864,SIN-ANN-0864,0.285008,0.542724,55.137911,7.462074,0.347532,0.079919,0.350213,0.512185,0.430254,437.515363,0.875302,0.379801,0.98,0.201658,0.295719,26.186339,162.38852,32.271008,83.812815,12.403935,4,1,5,3,2,2,2,3,2,5,3,5,4,2,4,5,4,5,3.34,Average,5,4,4,4,4,4,2,5,4,5,5,4,5,4,4.03,Good,0.69
865,SIN-ANN-0865,0.207354,0.07482,37.956799,2.900792,0.45567,0.074297,0.459694,0.821033,0.467021,311.92726,0.98,0.20824,0.887443,0.238875,0.239473,31.451326,565.412824,37.20269,85.812208,30.158913,4,5,5,2,2,3,4,3,3,5,4,5,4,2,5,5,5,5,3.93,Good,4,5,5,5,5,5,5,5,5,5,5,5,4,5,4.94,Very Good,1.01
866,SIN-ANN-0866,0.441475,0.324724,76.927404,8.615225,0.575954,0.099051,0.517279,0.645654,0.46792,599.684243,0.773019,0.253048,0.98,0.127148,0.424467,11.772344,336.184803,39.370588,56.539252,43.225451,3,2,5,2,2,3,3,3,1,4,3,5,5,1,5,5,3,5,3.26,Average,3,4,3,4,4,5,4,4,4,5,5,4,4,4,4.22,Good,0.96
867,SIN-ANN-0867,0.580529,0.328002,83.930995,11.892872,1.247488,0.147474,0.372591,0.485483,0.573001,260.164055,0.6026,0.670906,0.579897,0.585126,0.580291,24.437266,329.696391,9.58723,152.490375,9.344083,2,2,5,1,1,2,2,2,3,3,1,3,1,1,5,5,5,5,2.62,Below Average,3,4,2,3,2,3,2,3,2,3,3,3,4,3,2.91,Average,0.29
868,SIN-ANN-0868,0.113062,0.141046,0,7.822783,0.896167,0.065877,0.6,0.713836,0.499671,323.973992,0.832215,0.342454,0.674081,0.295575,0.154961,27.232502,140.920305,17.118971,69.774153,34.754336,5,4,5,1,3,4,4,3,3,4,3,3,3,2,4,5,4,5,3.61,Good,5,5,4,4,5,5,4,5,4,4,5,4,5,5,4.95,Very Good,1.34
869,SIN-ANN-0869,0.755407,0.783343,149.304834,12.86158,1.074916,0.16159,0.284628,0.530757,0.545699,1171.853207,0.454203,0.600812,0.532242,0.644253,0.834297,28.075792,118.354766,10.174655,78.676312,23.685386,1,1,4,1,1,1,2,2,1,2,1,2,1,2,3,5,4,5,2.02,Below Average,2,1,2,1,2,2,2,2,2,3,2,3,2,3,1.84,Below Average,-0.18
870,SIN-ANN-0870,0.497526,0.377373,27.603324,17.069759,0.885887,0.118919,0.164265,0.48443,0.607999,481.032848,0.679702,0.340396,0.546148,0.449552,0.478928,19.336735,6.435535,6.798824,32.292059,1.134309,3,2,4,1,1,1,2,2,2,3,3,2,2,1,1,5,1,2,2.17,Below Average,3,4,3,2,3,1,1,3,3,4,3,2,4,3,2.97,Average,0.8
871,SIN-ANN-0871,0.349934,0.514441,65.357984,15.129274,1.446115,0.203786,0.200628,0.419711,0.813814,848.616919,0.448471,0.486808,0.312777,0.385947,0.314756,21.056922,480.300603,12.295723,107.267442,23.586172,4,1,4,1,1,1,2,1,1,2,2,1,3,1,5,5,5,5,2.42,Below Average,3,3,2,2,1,1,1,2,2,1,3,2,2,2,2.03,Below Average,-0.39
872,SIN-ANN-0872,0.794936,0.769013,115.412596,12.204955,1.507081,0.189596,0.19808,0.656237,0.899186,1533.027112,0.704897,0.696418,0.542869,0.639481,0.777409,11.129628,118.596085,24.999485,90.02661,0.2,1,1,4,1,1,1,3,1,1,4,1,2,1,1,3,5,5,1,1.96,Below Average,1,1,2,2,1,2,3,4,1,3,1,1,1,3,2.24,Below Average,0.28
873,SIN-ANN-0873,0.885508,0.61023,126.80356,8.343846,2.207835,0.191018,0.127446,0.294921,0.550728,1573.72933,0.26999,0.678089,0.44769,0.514152,0.822853,20.057059,32.581584,1.5,39.048,3.858906,1,1,5,1,1,1,1,2,1,1,1,2,2,1,1,3,2,4,1.74,Poor,1,1,1,1,1,1,1,1,1,2,2,2,1,1,1.27,Poor,-0.47
874,SIN-ANN-0874,0.656024,0.51551,99.705423,7.317143,0.300275,0.12036,0.206225,0.775109,0.565876,970.808012,0.783987,0.610345,0.879048,0.199879,0.719307,17.572223,665.606597,23.586637,54.580663,32.337557,2,1,5,3,1,1,4,2,1,4,1,5,4,1,5,5,3,5,2.87,Average,3,2,4,4,3,3,4,4,2,4,4,2,2,3,3.36,Average,0.49
875,SIN-ANN-0875,0.244574,0.207687,54.695906,2.467536,0.895566,0.108767,0.491927,0.830611,0.371716,363.905236,0.679812,0.290573,0.672134,0.385575,0.229449,20.124087,1.614884,10.601783,33.816985,3.060319,4,3,5,1,1,3,4,3,2,3,3,3,3,1,1,5,1,4,2.87,Average,5,5,3,4,4,4,5,3,4,4,4,4,4,4,4.21,Good,1.34
876,SIN-ANN-0876,0.721405,0.555057,142.385222,11.692924,1.471208,0.155145,0.195448,0.37167,1.001183,1629.929034,0.357066,0.626259,0.368691,0.660274,0.711132,15.307256,46.60842,9.455938,63.994391,0.297968,1,1,5,1,1,1,1,1,1,1,1,1,1,1,1,5,3,1,1.59,Poor,1,1,1,2,3,1,1,1,1,1,1,1,1,2,1.34,Poor,-0.25
877,SIN-ANN-0877,0.313572,0.415976,92.654827,6.006245,0.301966,0.109373,0.388968,0.684705,0.355489,353.427354,0.642887,0.611,0.976714,0.325149,0.309468,16.453613,251.082861,22.330834,58.755696,27.643974,4,2,5,3,1,2,3,3,2,3,1,5,3,1,5,5,3,5,3.14,Average,4,3,5,4,5,4,4,4,3,5,4,4,4,4,3.89,Good,0.75
878,SIN-ANN-0878,0.42945,0.588041,72.581608,10.319283,0.787948,0.163454,0.397779,0.621635,0.781525,1045.209876,0.702078,0.355672,0.764737,0.426682,0.393908,37.697325,602.657338,23.486731,170.000756,28.010319,3,1,5,1,1,2,3,1,1,4,3,4,2,3,5,5,5,5,2.85,Average,3,3,3,3,2,4,4,4,4,4,3,2,2,3,2.93,Average,0.08
879,SIN-ANN-0879,0.202577,0.520537,95.980908,13.084525,1.064694,0.136145,0.38074,0.510038,0.68899,802.315822,0.683534,0.396581,0.526191,0.614524,0.176867,23.068708,749.567528,21.06569,106.467223,0.2,4,1,4,1,1,2,2,2,1,3,2,2,1,1,5,5,5,1,2.36,Below Average,4,3,3,3,2,4,3,3,3,2,2,3,2,3,2.6,Average,0.24
880,SIN-ANN-0880,0.383447,0.148301,67.161331,4.208751,0.968272,0.122188,0.579718,0.851431,0.384968,319.324644,0.730023,0.048235,0.98,0.217059,0.413722,23.962115,515.093581,19.510871,79.253708,26.191745,3,4,5,1,1,3,5,3,3,4,5,5,4,1,5,5,4,5,3.59,Good,4,5,4,4,4,5,5,4,5,5,4,4,5,4,4.41,Good,0.82
881,SIN-ANN-0881,0.065778,0.085147,53.816539,10.474696,0.298549,0.06983,0.452873,0.587033,0.396634,392.591243,0.878503,0.461047,0.789612,0.224261,0.076898,37.024623,811.806449,17.446514,126.467695,14.815773,5,5,5,4,3,3,3,3,2,5,2,4,4,3,5,5,5,5,4.03,Good,5,5,5,4,5,5,3,5,4,5,5,5,5,5,4.77,Very Good,0.74
882,SIN-ANN-0882,0.187492,0.313496,56.54109,6.998738,0.938725,0.099112,0.353927,0.634352,0.515784,1057.873456,0.807654,0.280356,0.791061,0.425546,0.20059,20.43517,722.770749,2,88.114534,51.183237,5,2,5,1,2,2,3,2,1,4,3,4,2,1,5,3,5,5,3.05,Average,5,5,4,3,4,3,4,4,4,5,2,4,3,4,3.96,Good,0.91
883,SIN-ANN-0883,0.831609,0.363295,104.766222,14.072215,1.341434,0.140357,0.120541,0.405907,0.606551,818.179054,0.414624,0.394131,0.385858,0.567989,0.866556,20.746964,30,13.267864,145.931014,8.301906,1,2,4,1,1,1,2,2,1,2,2,1,1,1,1,5,5,5,2.03,Below Average,1,3,2,2,2,2,2,2,3,2,3,3,2,3,2.28,Below Average,0.25
884,SIN-ANN-0884,0.493265,0.473116,142.857643,6.223402,0.761115,0.145071,0.25417,0.630592,0.715907,889.822734,0.654367,0.608597,0.744025,0.375346,0.395581,22.641388,311.779053,5.218541,79.851883,0.2,3,1,5,1,1,1,3,1,1,3,1,4,3,1,5,5,4,1,2.42,Below Average,3,2,2,4,3,2,3,3,3,4,3,3,3,3,3.1,Average,0.68
885,SIN-ANN-0885,0.346194,0.346834,119.306235,10.680087,0.979922,0.118307,0.294131,0.651702,0.395704,678.528135,0.686161,0.413521,0.671246,0.647612,0.311867,13.065102,389.544273,22.755954,144.107079,6.502223,4,2,5,1,1,1,3,3,1,3,2,3,1,1,5,5,5,5,2.79,Average,3,3,2,3,3,2,3,3,3,3,2,3,2,2,2.5,Average,-0.29
886,SIN-ANN-0886,0.557382,0.294989,43.330599,8.396702,0.583117,0.131689,0.247629,0.488484,0.382251,633.197485,0.78552,0.277658,0.648116,0.561158,0.637142,24.505567,252.790923,9.555644,113.047819,16.121506,2,3,5,2,1,1,2,3,1,4,3,3,1,1,5,5,5,5,2.84,Average,2,4,3,2,3,2,2,4,4,3,3,4,2,3,2.91,Average,0.07
887,SIN-ANN-0887,0.796735,0.785743,76.083675,10.867315,0.901457,0.138638,0.380778,0.40304,0.730907,1453.911899,0.605795,0.770919,0.461444,0.615711,0.807051,28.522714,156.403899,11.773953,85.866469,34.378854,1,1,5,1,1,2,2,1,1,3,1,2,1,2,4,5,5,5,2.24,Below Average,1,1,2,3,2,2,2,2,1,3,2,2,1,3,2.14,Below Average,-0.1
888,SIN-ANN-0888,0.639569,0.635836,96.506715,14.069065,1.313681,0.146111,0.355213,0.511183,0.555564,1081.183108,0.473586,0.700312,0.362729,0.453757,0.701029,25.341767,30,22.511429,141.420184,4.067207,2,1,4,1,1,2,2,2,1,2,1,1,2,2,1,5,5,5,2.12,Below Average,1,2,3,1,2,3,2,2,1,2,3,3,2,2,1.75,Below Average,-0.37
889,SIN-ANN-0889,0.808549,0.782874,116.621802,17.027199,1.614401,0.172032,0.225661,0.297107,0.73548,1271.677169,0.375142,0.565261,0.233496,0.396375,0.791773,21.883089,311.363657,2,89.46139,10.096924,1,1,4,1,1,1,1,1,1,1,1,1,3,1,5,3,5,5,1.92,Below Average,1,1,1,1,1,2,1,1,2,1,4,2,1,1,1.31,Poor,-0.61
890,SIN-ANN-0890,0.319657,0.38267,57.377467,2.786758,0.819093,0.096824,0.449899,0.553695,0.441065,689.628167,0.754439,0.165028,0.701303,0.421037,0.35531,22.614952,161.902014,8.910109,75.04204,24.209318,4,2,5,1,2,2,3,3,1,4,4,4,2,1,4,5,4,5,3.06,Average,4,4,4,4,5,4,3,4,5,4,3,4,4,4,3.98,Good,0.92
891,SIN-ANN-0891,0.249743,0.555538,96.579502,15.091252,1.210262,0.143032,0.356306,0.674378,0.696988,1004.557689,0.647741,0.576224,0.35213,0.202257,0.22561,25.564269,913.086122,32.26585,59.318724,29.180315,4,1,4,1,1,2,3,2,1,3,1,1,4,2,5,5,3,5,2.58,Below Average,3,2,3,2,3,4,4,3,3,2,4,2,2,3,2.64,Average,0.06
892,SIN-ANN-0892,0.331001,0.402615,116.570137,8.43108,1.310819,0.149761,0.36579,0.595387,0.443731,993.52181,0.604632,0.45492,0.625438,0.227553,0.261335,29.089551,30,47.844833,81.371154,37.407859,4,2,5,1,1,2,3,3,1,3,2,3,4,2,1,5,4,5,2.83,Average,3,2,3,4,2,3,3,3,3,4,4,4,3,1,3.34,Average,0.51
893,SIN-ANN-0893,0.443732,0.285962,69.216064,14.453284,0.372492,0.059628,0.421902,0.579861,0.51046,610.698292,0.702284,0.412973,0.939925,0.281269,0.463285,24.166947,168.028474,11.537199,124.56332,34.50282,3,3,4,3,3,2,3,2,1,4,2,5,3,1,4,5,5,5,3.19,Average,3,4,5,4,5,4,4,4,4,5,5,4,4,3,4.35,Good,1.16
894,SIN-ANN-0894,0.455042,0.613816,74.529253,14.372937,1.012984,0.155446,0.192742,0.562578,0.725578,679.747391,0.478708,0.531261,0.749418,0.267531,0.428323,19.112641,844.879511,12.519978,44.765103,6.514778,3,1,4,1,1,1,3,1,1,2,1,4,3,1,5,5,2,5,2.36,Below Average,3,2,3,2,3,2,4,3,3,3,4,1,3,3,2.88,Average,0.52
895,SIN-ANN-0895,0.401661,0.64482,95.976874,10.503366,1.074411,0.129075,0.290549,0.296773,0.934889,765.298478,0.435463,0.544033,0.613012,0.463644,0.370303,21.654693,228.707417,32.868845,136.481544,13.260871,3,1,5,1,1,1,1,1,1,2,1,3,2,1,5,5,5,5,2.37,Below Average,3,2,2,2,3,2,1,2,2,3,2,2,3,3,2.49,Below Average,0.12
896,SIN-ANN-0896,0.245039,0.272325,65.054416,15.018684,0.101172,0.096737,0.582399,0.688299,0.406187,393.293771,0.770282,0.41519,0.830274,0.47571,0.251512,24.289903,135.952507,29.734533,79.925222,0.2,4,3,4,5,2,3,3,3,2,4,2,4,2,1,4,5,4,1,3.25,Average,4,4,5,3,4,5,4,4,4,4,3,5,5,4,4.14,Good,0.89
897,SIN-ANN-0897,0.291457,0.008365,77.277069,7.160762,0.549827,0.053199,0.535962,0.719646,0.444924,127.792732,0.953578,0.183145,0.98,0.03,0.289505,29.615913,30,17.016931,116.610573,21.589417,4,5,5,2,3,3,4,3,4,5,4,5,5,2,1,5,5,5,3.92,Good,5,5,5,5,5,5,5,5,5,5,5,5,5,4,4.97,Very Good,1.05
898,SIN-ANN-0898,0.525947,0.420293,74.291449,0,0.677834,0.130054,0.472726,0.720899,0.442052,273.691612,0.533877,0.301786,0.728894,0.227309,0.570996,28.268844,174.051759,35.068081,140.340908,0.2,2,2,5,1,1,3,4,3,3,2,3,4,4,2,4,5,5,1,2.91,Average,3,4,4,5,4,4,4,3,4,4,5,4,5,4,4.26,Good,1.35
899,SIN-ANN-0899,0.314065,0.221851,0,5.444964,1.145809,0.140945,0.339276,0.745863,0.59507,663.694954,0.747017,0.41182,0.706531,0.408567,0.329813,34.765911,712.965752,15.683849,97.294571,22.648385,4,3,5,1,1,2,4,2,1,4,2,4,2,2,5,5,5,5,3.12,Average,3,4,1,3,3,3,5,3,3,3,3,3,3,2,2.72,Average,-0.4
900,SIN-ANN-0900,0.660126,0.677881,158.147467,16.518183,1.15796,0.17204,0.35036,0.506283,0.877923,1389.034129,0.44563,0.70459,0.674861,0.674284,0.644258,21.603192,123.348871,19.798047,111.07609,24.051137,2,1,4,1,1,2,2,1,1,2,1,3,1,1,3,5,5,5,2.16,Below Average,2,2,2,2,2,3,2,1,1,3,1,1,1,1,1.5,Below Average,-0.66
901,SIN-ANN-0901,0.54323,0.647751,109.089855,0.278198,0.388089,0.068127,0.381171,0.841684,0.63738,523.996798,0.584117,0.283406,0.788628,0.247758,0.591601,25.471166,242.310222,19.765331,136.327596,43.777777,2,1,5,3,3,2,4,2,1,3,3,4,4,2,5,5,5,5,3.14,Average,3,3,5,5,5,4,5,3,3,4,4,3,4,5,3.75,Good,0.61
902,SIN-ANN-0902,0.305482,0.320003,105.887067,15.002583,1.178241,0.142165,0.484932,0.356645,0.556775,252.115911,0.41058,0.630282,0.637969,0.447014,0.341466,32.388652,506.416016,17.020873,79.65529,36.804222,4,2,4,1,1,3,1,2,3,2,1,3,2,2,5,5,4,5,2.7,Average,3,3,2,2,3,4,2,2,3,3,3,3,4,2,2.79,Average,0.09
903,SIN-ANN-0903,0.360798,0.409174,68.868792,5.216899,1.374333,0.157151,0.432824,0.793363,0.532084,367.637509,0.727701,0.292967,0.874332,0.114064,0.440398,20.266711,56.56672,17.852872,21.357203,4.226438,3,2,5,1,1,2,4,2,2,4,3,5,5,1,2,5,1,5,2.92,Average,4,4,3,4,3,4,5,4,4,4,4,4,5,3,4.34,Good,1.42
904,SIN-ANN-0904,0.655942,0.685772,74.567325,5.255477,1.503682,0.157554,0.296878,0.597773,0.480117,354.180051,0.431094,0.467276,0.429057,0.681652,0.707575,28.995597,590.519144,14.805908,133.740281,30.844321,2,1,5,1,1,1,3,3,2,2,2,2,1,2,5,5,5,5,2.52,Below Average,2,2,1,4,1,2,3,2,2,2,1,3,3,3,2.18,Below Average,-0.34
905,SIN-ANN-0905,0.306322,0.552784,81.491203,15.388748,0.890289,0.136823,0.512811,0.593059,0.465027,583.418497,0.725929,0.184513,0.609579,0.130039,0.305629,15.12915,54.438313,8.744616,20,21.295627,4,1,4,1,1,3,3,3,1,4,4,3,5,1,2,5,1,5,2.79,Average,4,3,4,3,3,5,4,4,5,3,4,5,3,4,3.5,Good,0.71
906,SIN-ANN-0906,0.761239,0.521946,108.282567,15.941566,1.402273,0.168764,0.175434,0.3995,0.738125,1322.099631,0.449402,0.695173,0.185228,0.602734,0.751026,18.655663,426.174107,15.037911,29.105977,31.099623,1,1,4,1,1,1,1,1,1,2,1,1,1,1,5,5,1,5,1.79,Poor,2,2,1,1,1,1,1,2,1,1,2,1,1,3,1.17,Poor,-0.62
907,SIN-ANN-0907,0.496712,0.560519,57.684426,7.868505,0.672929,0.092789,0.264335,0.367924,0.679543,1094.219127,0.548102,0.425522,0.565246,0.396853,0.511964,28.444582,343.541712,17.204613,113.000603,34.053911,3,1,5,1,2,1,1,2,1,2,2,3,3,2,5,5,5,5,2.61,Below Average,2,3,4,3,4,3,2,4,3,3,3,2,2,2,3.08,Average,0.47
908,SIN-ANN-0908,0.524804,0.506453,84.961362,16.492041,1.364188,0.163777,0.177856,0.439426,0.863616,1074.293605,0.385856,0.508262,0.537588,0.582138,0.519221,14.610387,457.859569,29.872368,57.407187,23.976076,2,1,4,1,1,1,2,1,1,1,2,2,1,1,5,5,3,5,2.06,Below Average,2,2,1,1,1,2,1,1,2,2,1,2,1,1,1.31,Poor,-0.75
909,SIN-ANN-0909,0.638911,0.503702,82.600225,10.226725,0.77101,0.143229,0.265792,0.563655,0.527821,1099.028709,0.720449,0.518966,0.604392,0.456242,0.527443,23.868646,399.397292,37.975534,90.900451,1.176936,2,1,5,1,1,1,3,2,1,4,2,3,2,1,5,5,5,2,2.46,Below Average,2,3,4,2,3,2,3,3,3,3,3,4,2,3,2.85,Average,0.39
910,SIN-ANN-0910,0.327277,0.199265,27.99203,10.690854,0.605447,0.118652,0.248498,0.659286,0.468763,401.756049,0.781025,0.433778,0.676923,0.215532,0.303761,30.796623,473.400908,35.300637,107.572037,13.759594,4,3,5,2,1,1,3,3,2,4,2,3,4,2,5,5,5,5,3.26,Average,4,4,4,3,4,2,3,5,3,3,4,5,4,4,3.5,Good,0.24
911,SIN-ANN-0911,0.463114,0.656511,105.537886,12.573252,1.230865,0.176871,0.235184,0.350116,0.740157,875.086098,0.432968,0.514487,0.515917,0.554616,0.454425,24.679064,245.461804,2,111.113054,23.240667,3,1,4,1,1,1,1,1,1,2,2,2,1,1,5,3,5,5,2.15,Below Average,2,2,2,1,2,2,2,1,2,2,2,2,3,2,1.69,Below Average,-0.46
912,SIN-ANN-0912,0.66033,0.271775,69.394999,14.964083,0.605284,0.097308,0.449217,0.674785,0.441994,1096.012802,0.521651,0.460223,0.447264,0.716085,0.748625,31.634057,519.641169,25.384193,53.826298,24.312797,2,3,4,2,2,2,3,3,1,2,2,2,1,2,5,5,3,5,2.66,Below Average,2,4,4,3,3,4,4,3,3,3,2,4,2,3,3.18,Average,0.52
913,SIN-ANN-0913,0.706836,0.579452,96.587028,12.668873,1.624435,0.163799,0.184019,0.346202,0.578391,1002.412275,0.490085,0.549439,0.595761,0.672302,0.723421,42.272627,30,18.822978,106.3665,10.071568,1,1,4,1,1,1,1,2,1,2,1,3,1,3,1,5,5,5,2.02,Below Average,2,2,1,2,1,2,1,2,2,3,1,3,3,3,1.94,Below Average,-0.08
914,SIN-ANN-0914,0.59284,0.722414,113.04316,15.42027,1.253557,0.160055,0.323174,0.2107,0.812786,1112.802994,0.473139,0.697021,0.515505,0.569574,0.613294,16.625784,271.50742,19.19891,91.01256,14.775705,2,1,4,1,1,2,1,1,1,2,1,2,1,1,5,5,5,5,2.14,Below Average,2,2,2,3,2,3,1,2,1,2,2,1,2,2,2.3,Below Average,0.16
915,SIN-ANN-0915,0.374754,0.676126,85.43337,11.499032,0.812935,0.165059,0.335386,0.286701,0.683086,997.058907,0.567848,0.651365,0.435686,0.714519,0.42907,23.831456,142.503828,45.720253,36.239691,7.537554,3,1,5,1,1,2,1,2,1,3,1,2,1,1,4,5,2,5,2.26,Below Average,2,2,3,3,2,2,1,2,2,3,1,2,2,2,2,Below Average,-0.26
916,SIN-ANN-0916,0,0.308911,57.830756,4.11449,0.287925,0.088195,0.487257,0.871108,0.529666,757.419682,0.852217,0.437916,0.562491,0.160324,0.02,29.543588,576.649354,17.447891,140.280553,37.385401,5,2,5,4,2,3,5,2,1,5,2,3,4,2,5,5,5,5,3.63,Good,5,4,5,5,4,5,5,5,3,3,5,4,4,4,4.02,Good,0.39
917,SIN-ANN-0917,0.506123,0.406751,28.149161,6.176556,0.582768,0.075199,0.393821,0.874161,0.494534,659.197252,0.868777,0.339767,0.843362,0.263959,0.46895,24.654214,599.009543,29.532317,143.002218,2.3262,2,2,5,2,2,2,5,3,1,5,3,4,3,1,5,5,5,3,3.12,Average,3,4,4,5,4,4,5,5,4,4,4,4,4,4,4.49,Good,1.37
918,SIN-ANN-0918,0.482658,0.381777,51.995107,3.493349,0.783796,0.091509,0.192727,0.445334,0.377282,327.503548,0.631936,0.47745,0.494713,0.266333,0.416779,11.626652,662.216397,36.267138,76.781552,31.512119,3,2,5,1,2,1,2,3,3,3,2,2,3,1,5,5,4,5,2.81,Average,2,4,4,5,4,3,3,3,3,3,5,4,4,3,3.26,Average,0.45
919,SIN-ANN-0919,0.264756,0.347013,0,11.840496,0.623995,0.103838,0.393127,0.833197,0.626287,668.913926,0.684211,0.182461,0.489702,0.32922,0.312459,31.310919,30,6.927894,47.134159,1.155241,4,2,5,2,1,2,4,2,1,3,4,2,3,2,1,5,2,2,2.72,Average,4,4,4,4,4,4,5,3,5,3,4,3,5,5,4.13,Good,1.41
920,SIN-ANN-0920,0.818532,0.705106,76.264876,10.073774,1.114815,0.21922,0.231547,0.563669,0.67768,1282.422648,0.420158,0.583437,0.436512,0.699875,0.87233,12.744004,52.045173,5.704622,44.50834,2.230425,1,1,5,1,1,1,3,2,1,2,1,2,1,1,2,5,2,3,1.92,Below Average,1,2,2,2,1,2,3,2,2,2,2,3,2,2,2,Below Average,0.08
921,SIN-ANN-0921,0.493389,0.488147,130.267982,11.863855,0.714738,0.109192,0.3339,0.526209,0.589983,507.983421,0.576862,0.355624,0.702333,0.602191,0.469706,21.958012,474.352833,20.32038,75.842056,34.88147,3,1,5,1,1,2,2,2,1,3,3,4,1,1,5,5,4,5,2.63,Below Average,3,3,3,2,4,3,3,3,4,3,2,3,2,2,2.78,Average,0.15
922,SIN-ANN-0922,0.440722,0.441901,101.816485,12.679357,1.766741,0.163499,0.42235,0.612402,0.462208,734.342324,0.660991,0.556098,0.485509,0.472679,0.574384,22.761471,88.173807,30.195967,123.988643,37.247395,3,2,4,1,1,2,3,3,1,3,1,2,2,1,2,5,5,5,2.5,Below Average,2,3,2,3,2,3,3,3,3,2,3,4,3,2,2.59,Average,0.09
923,SIN-ANN-0923,0.535063,0.232104,50.564861,12.711175,0.484362,0.110121,0.297395,0.526557,0.368446,276.760838,0.856607,0.136636,0.795966,0.472566,0.511918,24.781228,236.159358,11.562904,110.807034,13.007304,2,3,4,2,1,1,2,3,3,5,5,4,2,1,5,5,5,5,3.1,Average,3,4,5,4,3,4,4,4,5,5,3,4,5,4,4.18,Good,1.08
924,SIN-ANN-0924,0.10371,0.515165,75.046224,4.222718,0.448633,0.16082,0.272212,0.698855,0.41712,285.072113,0.774578,0.291252,0.87074,0.348829,0.069025,29.66596,297.646548,5.00491,70.827678,13.173113,5,1,5,3,1,1,3,3,3,4,3,5,3,2,5,5,4,5,3.37,Average,5,3,4,4,3,3,4,4,4,5,3,4,5,4,3.7,Good,0.33
925,SIN-ANN-0925,0.751381,0.691518,117.985571,5.846231,0.937421,0.173433,0.154117,0.382625,0.739171,1165.495427,0.285066,0.733861,0.332024,0.607536,0.763199,19.393259,204.788816,24.107118,123.530369,28.399944,1,1,5,1,1,1,1,1,1,1,1,1,1,1,5,5,5,5,1.99,Below Average,1,1,1,4,1,1,1,1,1,1,1,1,1,1,1.26,Poor,-0.73
926,SIN-ANN-0926,0.543483,0.542359,124.982848,17.352006,1.186672,0.164953,0.178835,0.700578,0.866307,1041.797154,0.326317,0.555761,0.297378,0.453548,0.592204,18.828371,309.825591,24.864998,69.993427,37.48923,2,1,4,1,1,1,4,1,1,1,1,1,2,1,5,5,4,5,2.15,Below Average,2,3,3,1,2,2,3,1,2,2,2,2,2,2,2.14,Below Average,-0.01
927,SIN-ANN-0927,0.624028,0.58449,104.792357,8.320488,1.311513,0.136024,0.358498,0.542748,0.555404,636.653552,0.749399,0.500421,0.467752,0.472376,0.660069,19.273684,437.853825,2,105.136588,23.092009,2,1,5,1,1,2,2,2,1,4,2,2,2,1,5,3,5,5,2.45,Below Average,3,2,2,4,3,3,3,3,2,3,3,3,4,3,3.02,Average,0.57
928,SIN-ANN-0928,0.82398,0.557004,134.183062,14.998631,1.211324,0.16946,0.24489,0.431661,0.857274,977.844844,0.263991,0.654284,0.331593,0.679922,0.772746,21.302815,104.293575,22.809735,140.005951,26.385876,1,1,4,1,1,1,2,1,1,1,1,1,1,1,3,5,5,5,1.87,Poor,1,1,2,2,1,1,2,1,1,1,1,1,1,1,1.34,Poor,-0.53
929,SIN-ANN-0929,0.507177,0.449392,2.449898,7.533684,0.549675,0.10729,0.312933,0.70367,0.507851,486.172815,0.579827,0.430772,0.772445,0.152894,0.51482,18.034357,49.916595,9.104221,42.138309,2.870803,2,2,5,2,1,2,4,2,2,3,2,4,4,1,1,5,2,4,2.68,Below Average,3,4,5,4,4,3,5,3,3,4,5,3,4,4,3.66,Good,0.98
930,SIN-ANN-0930,0.658441,0.635228,91.319635,8.872948,0.776774,0.099841,0.302932,0.662577,0.578324,827.658318,0.773458,0.563375,0.70164,0.511652,0.691944,22.66425,233.608242,16.977754,58.982892,31.766902,2,1,5,1,2,2,3,2,1,4,1,4,2,1,5,5,3,5,2.6,Below Average,2,2,4,4,3,3,4,4,2,4,3,3,3,2,3.13,Average,0.53
931,SIN-ANN-0931,0.215684,0.403018,30.248857,5.852612,1.538513,0.110647,0.254758,0.483152,0.612223,714.24972,0.772958,0.252442,0.686359,0.558084,0.145382,20.444663,384.594691,2,128.172664,32.78377,4,2,5,1,1,1,2,2,1,4,3,3,1,1,5,3,5,5,2.71,Average,5,3,2,4,3,2,2,4,5,4,2,3,3,2,2.85,Average,0.14
932,SIN-ANN-0932,0.831355,0.878753,156.838779,14.323903,1.680203,0.168469,0.230282,0.459406,0.801596,1110.844906,0.3095,0.59672,0.311379,0.644067,0.812126,37.431624,425.119502,17.457837,127.161465,38.296348,1,1,4,1,1,1,2,1,1,1,1,1,1,3,5,5,5,5,2.03,Below Average,2,1,1,1,2,2,1,1,1,1,1,1,1,1,1.49,Poor,-0.54
933,SIN-ANN-0933,0.182646,0.291326,57.121516,2.097615,0.368143,0.088341,0.547231,0.813448,0.319595,640.523163,0.890678,0.13069,0.829354,0.15619,0.162421,19.938664,459.914241,31.804641,103.569632,10.795002,5,3,5,3,2,3,4,4,1,5,5,4,4,1,5,5,5,5,3.84,Good,5,4,5,5,5,5,5,5,5,5,5,5,5,5,4.98,Very Good,1.14
934,SIN-ANN-0934,0.82228,0.526616,121.778109,16.358339,1.73729,0.199014,0.161166,0.354019,0.789714,1528.831093,0.287619,0.536828,0.348614,0.672414,0.767282,20.279531,324.450068,20.616199,148.167198,36.408483,1,1,4,1,1,1,1,1,1,1,1,1,1,1,5,5,5,5,1.9,Below Average,1,1,1,1,1,1,1,1,1,1,1,1,1,1,1,Poor,-0.9
935,SIN-ANN-0935,0.382128,0.326756,61.564804,7.514119,0.52528,0.120992,0.483025,0.552861,0.510883,60.842687,0.629767,0.238271,0.700707,0.369318,0.458258,27.936748,516.384019,23.203719,98.323935,35.916896,3,2,5,2,1,3,3,2,5,3,4,4,3,2,5,5,5,5,3.33,Average,3,4,4,4,4,5,3,4,5,4,3,4,5,3,3.88,Good,0.55
936,SIN-ANN-0936,0.084704,0.111729,37.209034,1.544262,0.734885,0.064099,0.489068,0.732117,0.415927,373.395165,0.98,0.272674,0.902595,0.37112,0.137379,14.174065,103.136036,4.842247,22.776764,0,5,4,5,1,3,3,4,3,2,5,3,5,3,1,3,5,1,1,3.3,Average,5,5,5,5,5,5,5,5,5,5,4,5,5,5,5,Very Good,1.7
937,SIN-ANN-0937,0.230892,0.382846,78.076699,10.773091,0.515858,0.146364,0.275556,0.505539,0.427201,965.829995,0.564572,0.474236,0.494225,0.60244,0.223301,19.097387,9.069239,6.346294,19.631016,4.097349,4,2,5,2,1,1,2,3,1,3,2,2,1,1,1,5,1,5,2.46,Below Average,4,3,4,3,2,3,3,3,3,2,2,3,3,3,2.8,Average,0.34
938,SIN-ANN-0938,0.205634,0.018366,34.549817,3.856484,0.409418,0.09267,0.484987,0.685772,0.3555,863.512208,0.861027,0.263295,0.742966,0.437753,0.131083,24.743515,579.052051,32.771375,89.845958,38.16139,4,5,5,3,2,3,3,3,1,5,3,4,2,1,5,5,5,5,3.63,Good,4,5,5,5,4,5,5,5,5,4,4,5,4,5,4.58,Very Good,0.95
939,SIN-ANN-0939,0.488501,0.493641,73.778666,8.257051,1.67544,0.093712,0.461538,0.603904,0.493938,445.69666,0.512906,0.444443,0.590029,0.567222,0.548033,16.054533,484.875755,7.161025,154.119537,28.952755,3,1,5,1,2,3,3,3,2,2,2,3,1,1,5,5,5,5,2.77,Average,3,3,3,4,3,4,4,3,5,2,3,4,4,4,3.49,Average,0.72
940,SIN-ANN-0940,0.304121,0.50068,124.350175,6.859041,0.966899,0.188327,0.393692,0.382042,0.559062,630.107189,0.468867,0.399779,0.519834,0.402211,0.325689,33.537904,30,22.186264,99.480533,19.25838,4,1,5,1,1,2,1,2,1,2,2,2,2,2,1,5,5,5,2.43,Below Average,4,3,3,4,2,3,2,3,4,3,3,3,3,4,3.17,Average,0.74
941,SIN-ANN-0941,0.232031,0,10.933926,9.12433,0.799249,0.092953,0.543318,0.828004,0.415249,406.828762,0.826414,0.369166,0.916637,0.188992,0.138956,37.772881,415.942988,37.606757,70.12318,36.065737,4,5,5,1,2,3,4,3,2,4,3,5,4,3,5,5,4,5,3.69,Good,5,5,5,4,5,5,5,5,4,5,5,4,5,4,4.76,Very Good,1.07
942,SIN-ANN-0942,0.287619,0.427558,101.040209,9.22492,1.324342,0.175712,0.061075,0.516144,0.833053,1147.179307,0.597132,0.550715,0.410235,0.435727,0.273462,29.510581,353.338598,2,68.511463,30.440119,4,2,5,1,1,1,2,1,1,3,1,2,2,2,5,3,4,5,2.51,Below Average,3,2,1,3,2,1,2,2,2,2,2,2,1,3,1.87,Below Average,-0.64
943,SIN-ANN-0943,0.378845,0.433805,57.644313,12.432054,0.970769,0.111876,0.270661,0.62055,0.496284,956.140943,0.610365,0.622985,0.748708,0.496933,0.360747,25.438302,383.533882,7.320908,125.973747,23.257906,3,2,4,1,1,1,3,3,1,3,1,4,2,2,5,5,5,5,2.71,Average,3,3,4,3,3,3,4,2,2,4,3,3,2,3,2.89,Average,0.18
944,SIN-ANN-0944,0.103225,0.253571,76.520457,10.45893,0.356853,0.09209,0.430815,0.698239,0.318009,278.625224,0.71903,0.56452,0.83774,0.3792,0.129008,26.003196,353.07776,7.842973,62.521573,28.378094,5,3,5,3,2,2,3,4,3,4,1,4,3,2,5,5,3,5,3.5,Good,5,5,5,4,5,3,5,4,3,5,4,5,5,5,4.5,Very Good,1
945,SIN-ANN-0945,0.300905,0.399836,92.072425,10.424649,0.801615,0.177241,0.347429,0.546828,0.389887,924.461664,0.61932,0.355633,0.507888,0.322013,0.286138,37.400567,599.085399,29.785968,128.406628,0.2,4,2,5,1,1,2,2,3,1,3,3,2,3,3,5,5,5,1,2.81,Average,3,3,4,3,2,3,3,3,3,3,4,5,2,4,3.36,Average,0.55
946,SIN-ANN-0946,0.277861,0.152232,72.653649,7.888651,0.676355,0.135299,0.367101,0.597897,0.304666,564.117594,0.796571,0.324972,0.892099,0.419857,0.243758,20.251299,149.040641,7.33535,126.303279,25.267426,4,4,5,1,1,2,3,4,1,4,3,5,2,1,4,5,5,5,3.27,Average,3,4,3,4,4,3,3,4,4,5,3,5,4,3,3.65,Good,0.38
947,SIN-ANN-0947,0.558837,0.313568,13.736546,9.103159,0.772601,0.12144,0.467499,0.656332,0.250105,697.046537,0.825664,0.382818,0.571578,0.361514,0.591501,22.217454,30,32.829036,131.762179,0.2,2,2,5,1,1,3,3,4,1,4,2,3,3,1,1,5,5,1,2.6,Below Average,3,4,4,4,4,4,4,4,3,3,4,5,4,4,3.78,Good,1.18
948,SIN-ANN-0948,0.47483,0.719295,175.764601,19.705223,0.352771,0.165015,0.134822,0.315851,0.769611,1573.141263,0.493787,0.670669,0.254785,0.859293,0.429235,29.850462,320.779075,6.551044,97.900094,36.677952,3,1,4,3,1,1,1,1,1,2,1,1,1,2,5,5,5,5,2.34,Below Average,2,1,2,1,1,1,1,1,1,1,1,1,1,1,1.29,Poor,-1.05
949,SIN-ANN-0949,0.594665,0.294716,2.659021,8.14792,1.041189,0.097775,0.379464,0.524841,0.451014,837.693946,0.734724,0.471324,0.900877,0.170826,0.615573,21.322724,411.533784,10.792744,58.732924,8.06665,2,3,5,1,2,2,2,3,1,4,2,5,4,1,5,5,3,5,2.97,Average,2,4,3,4,3,3,3,3,3,3,5,4,2,3,3.29,Average,0.32
950,SIN-ANN-0950,0.202484,0.718786,66.034105,13.272465,1.249142,0.185588,0.296679,0.324108,0.796617,1502.664213,0.308175,0.55815,0.349553,0.740011,0.158236,22.34464,23.840758,7.858231,43.165428,3.099785,4,1,4,1,1,1,1,1,1,1,1,1,1,1,1,5,2,4,1.85,Poor,4,2,1,2,1,2,2,1,3,2,1,2,2,2,2.06,Below Average,0.21
951,SIN-ANN-0951,0.577619,0.587113,81.062724,18.528439,1.782845,0.197446,0.224757,0.310667,0.720855,1252.965331,0.311468,0.580084,0.262787,0.684456,0.578301,24.163167,366.695184,12.032269,88.660535,0.2,2,1,4,1,1,1,1,1,1,1,1,1,1,1,5,5,5,1,1.83,Poor,1,2,1,1,1,2,1,1,2,1,1,1,1,1,1.39,Poor,-0.44
952,SIN-ANN-0952,0.394733,0.205893,56.940964,5.445333,0.866036,0.104775,0.312436,0.476032,0.650235,1355.902275,0.771029,0.458705,0.591595,0.482954,0.417842,27.961861,423.492159,2,177.97634,0.2,3,3,5,1,1,2,2,2,1,4,2,3,2,2,5,3,5,1,2.64,Below Average,3,4,3,4,4,2,3,4,3,3,3,1,3,4,3.29,Average,0.65
953,SIN-ANN-0953,0.474558,0.824955,108.564463,14.504067,1.324162,0.138904,0.160174,0.308726,0.595098,794.363267,0.505479,0.65395,0.500263,0.367058,0.466883,15.1334,71.436211,5.181968,33.44085,2.136309,3,1,4,1,1,1,1,2,1,2,1,2,3,1,2,5,1,3,1.97,Below Average,2,1,1,2,2,1,1,2,1,2,2,3,3,2,1.5,Below Average,-0.47
954,SIN-ANN-0954,0.913409,0.87473,164.174333,11.371756,1.314402,0.134142,0.100828,0.552196,0.812367,912.833765,0.279336,0.591893,0.477156,0.813452,0.896126,24.514074,311.028848,9.344148,128.382843,22.250771,1,1,5,1,1,1,3,1,1,1,1,2,1,1,5,5,5,5,2.14,Below Average,1,1,1,1,2,1,3,1,2,2,1,1,1,1,1.47,Poor,-0.67
955,SIN-ANN-0955,0.712468,0.634167,120.895086,10.234412,1.412669,0.207687,0.124435,0.288028,0.780804,1253.428985,0.378656,0.641786,0.284476,0.66551,0.679518,22.303719,30,22.006172,134.876447,25.947777,1,1,5,1,1,1,1,1,1,1,1,1,1,1,1,5,5,5,1.83,Poor,1,1,1,1,1,1,1,1,1,1,2,1,1,1,1.49,Poor,-0.34
956,SIN-ANN-0956,0.495689,0.459308,65.058099,10.680909,1.179035,0.141739,0.325316,0.51008,0.505089,785.565918,0.834851,0.238692,0.681222,0.482469,0.533886,27.84702,350.917279,2.894449,111.940554,18.690375,3,1,5,1,1,2,2,2,1,4,4,3,2,2,5,4,5,5,2.77,Average,3,4,3,4,2,2,2,3,4,3,3,4,3,3,3.02,Average,0.25
957,SIN-ANN-0957,0.46194,0.449565,93.538736,12.30916,0.712363,0.103953,0.304749,0.813023,0.576565,510.394343,0.95083,0.329274,0.672642,0.097606,0.354592,29.400549,166.906743,11.975191,73.809243,30.652565,3,2,4,1,1,2,4,2,1,5,3,3,5,2,4,5,4,5,2.97,Average,3,4,5,4,4,3,5,5,4,4,5,3,3,4,4.22,Good,1.25
958,SIN-ANN-0958,0.248829,0.493778,23.946756,10.634577,0.487232,0.139764,0.424434,0.547639,0.457979,1181.131532,0.770411,0.437524,0.80576,0.28987,0.246795,27.118077,306.326873,16.91734,55.520209,6.641228,4,1,5,2,1,2,2,3,1,4,2,4,3,2,5,5,3,5,2.95,Average,5,3,4,4,3,4,3,5,3,4,3,4,3,3,3.63,Good,0.68
959,SIN-ANN-0959,0.104334,0.134578,23.237836,6.668529,0.745762,0.116438,0.6,0.784352,0.280844,312.824639,0.9646,0.285664,0.748469,0.185229,0.095018,14.776271,428.606157,31.002274,114.849883,31.261143,5,4,5,1,1,4,4,4,3,5,3,4,4,1,5,5,5,5,3.75,Good,5,5,4,5,4,5,5,5,4,4,5,5,5,4,4.74,Very Good,0.99
960,SIN-ANN-0960,0.764779,0.633648,94.289874,17.015983,1.856346,0.170863,0.22194,0.3482,0.660429,849.200762,0.347875,0.78,0.370949,0.793927,0.702133,13.664683,83.252097,14.321741,69.982,15.628943,1,1,4,1,1,1,1,2,1,1,1,1,1,1,2,5,4,5,1.79,Poor,2,1,1,1,1,2,1,1,1,1,1,1,2,2,1.26,Poor,-0.53
961,SIN-ANN-0961,0.453652,0.376271,82.455393,7.153121,0.774712,0.085409,0.25309,0.40962,0.37328,699.823261,0.978422,0.579876,0.684293,0.356558,0.461069,10.87858,68.782326,6.919864,41.809736,0,3,2,5,1,2,1,2,3,1,5,1,3,3,1,2,5,2,1,2.45,Below Average,3,3,4,3,4,2,2,5,1,3,3,5,4,3,2.89,Average,0.44
962,SIN-ANN-0962,0.557735,0.362318,56.407196,8.421029,1.025975,0.130456,0.396779,0.597629,0.684963,141.941794,0.734555,0.378093,0.748603,0.292376,0.553222,25.000405,634.227585,22.256165,56.833069,38.271453,2,2,5,1,1,2,3,2,4,4,3,4,3,2,5,5,3,5,2.97,Average,2,4,2,4,4,4,3,3,3,3,4,3,5,2,3.28,Average,0.31
963,SIN-ANN-0963,0.655913,0.498792,111.839769,11.714403,1.665235,0.163466,0.134098,0.245976,0.81992,1209.564645,0.436644,0.580558,0.272053,0.616623,0.624442,17.72681,266.727843,21.611767,133.433188,18.01379,2,1,5,1,1,1,1,1,1,2,1,1,1,1,5,5,5,5,2.13,Below Average,1,2,1,1,2,1,1,2,2,1,1,1,1,1,1.19,Poor,-0.94
964,SIN-ANN-0964,0.456855,0.19069,44.883945,9.554512,0.377957,0.076321,0.505654,0.659054,0.701025,462.059045,0.770274,0.461565,0.868732,0.139909,0.468623,28.753359,521.966198,26.571694,97.90758,37.76041,3,3,5,3,2,3,3,1,2,4,2,5,5,2,5,5,5,5,3.46,Average,3,5,4,3,4,5,4,4,3,4,5,3,4,5,3.96,Good,0.5
965,SIN-ANN-0965,0.666945,0.653475,136.07991,9.862473,1.638939,0.132176,0.225039,0.62791,0.723169,350.739209,0.641754,0.669429,0.278286,0.584335,0.68366,33.451807,30,21.845803,104.827816,23.338638,2,1,5,1,1,1,3,1,2,3,1,1,1,2,1,5,5,5,2.21,Below Average,2,2,2,2,2,2,3,2,1,1,3,2,4,2,2.21,Below Average,0
966,SIN-ANN-0966,0.194522,0.16346,70.849558,3.570444,0.341146,0.037673,0.524197,0.873571,0.320594,236.230657,0.886854,0.292574,0.655298,0.165052,0.227088,19.515721,223.409098,10.1102,105.785174,21.850015,5,4,5,3,4,3,5,4,3,5,3,3,4,1,5,5,5,5,4.03,Good,5,5,5,5,5,5,5,5,5,4,5,5,5,5,4.83,Very Good,0.8
967,SIN-ANN-0967,0.544346,0.316304,100.103347,13.403761,1.114579,0.157592,0.225555,0.577971,0.504355,850.439377,0.598611,0.363872,0.503523,0.329903,0.524509,20.517434,340.619472,11.274142,112.428875,38.052971,2,2,4,1,1,1,3,2,1,3,3,2,3,1,5,5,5,5,2.58,Below Average,2,3,2,3,2,3,3,3,2,3,3,3,3,3,2.77,Average,0.19
968,SIN-ANN-0968,0.491734,0.759994,124.180332,16.217545,1.120327,0.189502,0.254737,0.559246,0.791154,1170.477759,0.386718,0.649374,0.476735,0.619944,0.490732,29.407282,448.146254,8.497581,99.317841,0.2,3,1,4,1,1,1,3,1,1,1,1,2,1,2,5,5,5,1,2.11,Below Average,3,1,1,1,2,2,2,1,1,2,1,1,1,1,1.38,Poor,-0.73
969,SIN-ANN-0969,0.517288,0.455619,86.187899,9.852205,1.466886,0.126976,0.30704,0.637318,0.613969,896.487269,0.674933,0.483643,0.784761,0.670354,0.557003,21.325119,48.6941,2,86.613606,10.06152,2,1,5,1,1,2,3,2,1,3,2,4,1,1,1,3,5,5,2.34,Below Average,3,3,2,4,2,3,3,4,3,4,2,2,2,3,3.17,Average,0.83
970,SIN-ANN-0970,0.545626,0.369996,119.412663,13.233806,0.336777,0.120131,0.224827,0.629451,0.435986,472.726347,0.584616,0.710538,0.383805,0.441958,0.557019,24.56327,30,8.241004,57.801184,12.116151,2,2,4,3,1,1,3,3,2,3,1,1,2,1,1,5,3,5,2.41,Below Average,3,3,4,3,4,3,4,3,2,2,4,4,3,1,2.87,Average,0.46
971,SIN-ANN-0971,0.452903,0.445777,91.825564,10.278801,0.829254,0.148132,0.416988,0.628201,0.619852,837.532049,0.55433,0.439601,0.782405,0.333725,0.44964,19.996994,508.256511,10.738657,46.456766,30.785054,3,2,5,1,1,2,3,2,1,3,2,4,3,1,5,5,2,5,2.73,Average,3,3,2,3,3,4,3,3,4,4,3,2,2,4,3.12,Average,0.39
972,SIN-ANN-0972,0.074588,0,56.600031,8.657693,0.768079,0.080257,0.381808,0.765095,0.358648,376.360791,0.796355,0.339806,0.742235,0.360758,0.04043,19.630801,431.45381,17.106006,20,37.929436,5,5,5,1,2,2,4,3,2,4,3,4,3,1,5,5,1,5,3.43,Average,5,5,5,5,5,4,5,4,4,5,5,5,5,5,4.76,Very Good,1.33
973,SIN-ANN-0973,0.15418,0.105178,15.133087,7.888876,0.255807,0.073642,0.468041,0.728528,0.371052,414.905021,0.954048,0.396475,0.794725,0.118933,0.100656,22.789523,215.92585,15.709081,20,28.233641,5,4,5,4,2,3,4,3,2,5,2,4,5,1,5,5,1,5,3.76,Good,5,5,5,4,5,5,4,5,4,5,5,5,5,5,4.73,Very Good,0.97
974,SIN-ANN-0974,0.118068,0.450883,46.261805,18.409186,1.565321,0.117405,0.173698,0.240474,0.629939,845.996049,0.562441,0.461847,0.643617,0.380074,0.062949,25.567664,425.454839,47.768859,38.952662,32.567978,5,1,4,1,1,1,1,2,1,3,2,3,3,2,5,5,2,5,2.57,Below Average,4,2,1,1,3,1,1,2,2,3,4,3,2,2,2.31,Below Average,-0.26
975,SIN-ANN-0975,0.083948,0.264119,18.855846,6.537744,0.62216,0.062143,0.51505,0.856004,0.393727,25,0.901288,0.398227,0.932889,0.348515,0.034499,11,469.441724,13.868786,26.50624,27.033033,5,3,5,2,3,3,5,3,5,5,2,5,3,1,5,5,1,5,3.69,Good,5,5,3,5,5,5,5,5,4,5,4,4,5,5,4.76,Very Good,1.07
976,SIN-ANN-0976,0.229483,0.266233,80.215874,0,0.31718,0.103363,0.224023,0.801303,0.557208,992.568506,0.759052,0.226022,0.552508,0.183469,0.192631,32.599835,396.601872,14.859643,155.782745,30.342548,4,3,5,3,1,1,4,2,1,4,4,3,4,2,5,5,5,5,3.39,Average,4,4,5,5,4,2,5,5,5,3,5,4,3,4,4.06,Good,0.67
977,SIN-ANN-0977,0.385859,0.5152,90.140684,10.599407,1.159009,0.097914,0.329299,0.730645,0.716537,524.313812,0.958642,0.199229,0.80124,0.511218,0.385358,26.359413,629.696109,34.033386,90.013024,24.466733,3,1,5,1,2,2,4,1,1,5,4,4,2,2,5,5,5,5,3.01,Average,4,4,3,4,4,3,5,5,5,5,3,3,4,4,4.17,Good,1.16
978,SIN-ANN-0978,0.497693,0.019078,1.864329,10.513419,0.448535,0.184588,0.310505,0.453918,0.605853,681.415167,0.633235,0.557013,0.89186,0.333802,0.472832,19.418405,372.65,31.81482,58.131923,43.92028,3,5,5,3,1,2,2,2,1,3,1,5,3,1,5,5,3,5,3.16,Average,2,4,4,3,2,3,2,3,3,4,4,3,3,2,3.18,Average,0.02
979,SIN-ANN-0979,0.515588,0.60727,169.079259,10.172388,0.897584,0.094067,0.28612,0.476959,0.622755,25,0.835844,0.243135,0.913949,0.567269,0.490569,31.404232,725.954581,25.555717,40.276116,8.628991,2,1,5,1,2,1,2,2,5,4,4,5,1,2,5,5,2,5,2.85,Average,3,2,2,3,4,3,3,4,4,5,2,2,5,4,3.49,Average,0.64
980,SIN-ANN-0980,0.21982,0.350589,32.561265,13.09417,0.594801,0.154427,0.439756,0.326793,0.880757,1301.920179,0.635625,0.438021,0.679381,0.640008,0.145855,22.958363,443.567316,20.39602,109.805646,21.377452,4,2,4,2,1,2,1,1,1,3,2,3,1,1,5,5,5,5,2.64,Below Average,4,4,3,3,3,4,2,3,3,4,2,2,2,3,3.04,Average,0.4
981,SIN-ANN-0981,0.577447,0.551858,146.94943,9.218905,1.933977,0.120879,0.419471,0.429227,0.934868,618.853113,0.624564,0.352332,0.548861,0.384637,0.4884,25.323118,89.924438,31.03776,57.030585,0.2,2,1,5,1,1,2,2,1,1,3,3,2,3,2,2,5,3,1,2.21,Below Average,3,2,2,3,3,2,2,4,4,3,4,1,2,2,3,Average,0.79
982,SIN-ANN-0982,0.613534,0.312025,52.023405,10.325724,0.732097,0.12649,0.225705,0.589545,0.659874,1021.050776,0.605629,0.457924,0.626352,0.524017,0.639056,18.571846,449.963463,32.722923,161.29696,28.652404,2,2,5,1,1,1,3,2,1,3,2,3,2,1,5,5,5,5,2.62,Below Average,2,3,3,3,3,2,3,2,2,3,2,2,3,2,2.24,Below Average,-0.38
983,SIN-ANN-0983,0.313115,0.329303,87.142597,17.259667,0.417528,0.113495,0.349328,0.681139,0.763312,295.172152,0.608345,0.277616,0.716486,0.275238,0.326841,23.815014,30,6.704064,131.338275,7.674633,4,2,4,3,1,2,3,1,3,3,3,4,3,1,1,5,5,5,2.97,Average,4,4,4,4,4,3,4,3,4,4,4,3,5,3,4.01,Good,1.04
984,SIN-ANN-0984,0.189998,0.16078,106.544509,12.044956,1.326469,0.089787,0.40469,0.681466,0.440311,245.677631,0.75188,0.237671,0.465286,0.099212,0.260782,11.255912,41.992405,8.882339,38.57002,1.022305,5,4,4,1,2,2,3,3,3,4,4,2,5,1,1,5,2,2,3.07,Average,4,4,4,3,5,4,4,4,4,3,5,4,4,4,4,Good,0.93
985,SIN-ANN-0985,0.532973,0.549306,100.914285,9.188582,0.998564,0.121834,0.393078,0.683858,0.664245,1076.807736,0.650128,0.408719,0.554137,0.226032,0.535597,14.509471,51.578784,10.084499,17.394571,1.467209,2,1,5,1,1,2,3,2,1,3,2,3,4,1,2,5,1,2,2.28,Below Average,3,4,3,4,3,3,3,4,3,3,4,2,2,3,3.28,Average,1
986,SIN-ANN-0986,0.654098,0.734089,126.276071,14.162659,1.592528,0.164577,0.317497,0.251534,0.768475,875.649568,0.208276,0.537174,0.230781,0.821254,0.646987,30.601873,224.048065,7.680673,139.160714,38.274793,2,1,4,1,1,2,1,1,1,1,1,1,1,2,5,5,5,5,2.08,Below Average,2,1,1,1,2,2,1,1,2,1,1,2,2,1,1.26,Poor,-0.82
987,SIN-ANN-0987,0.25922,0.462935,109.746696,8.574665,1.502222,0.110049,0.467526,0.773078,0.455105,480.533602,0.653206,0.346318,0.714575,0.152252,0.279549,19.598468,275.029708,13.228506,86.549676,17.262068,4,1,5,1,1,3,4,3,2,3,3,4,4,1,5,5,5,5,3.15,Average,4,3,2,3,3,5,4,3,4,4,5,4,4,3,3.5,Good,0.35
988,SIN-ANN-0988,0.24148,0.193407,60.525516,4.081397,0.558742,0.063615,0.472377,0.782627,0.44657,438.157792,0.838744,0.193993,0.684526,0.284382,0.233886,30.349924,30,10.458431,92.046489,39.51435,4,3,5,2,3,3,4,3,2,4,4,3,3,2,1,5,5,5,3.4,Average,4,5,5,5,5,5,5,5,5,5,4,5,5,5,4.87,Very Good,1.47
989,SIN-ANN-0989,0,0.303143,0,4.604741,0.216624,0.086,0.549349,0.58032,0.549078,116.527105,0.976903,0.186091,0.957245,0.07296,0.032713,19.921332,335.638657,26.034746,72.580904,18.077907,5,2,5,4,2,3,3,2,4,5,4,5,5,1,5,5,4,5,3.85,Good,5,5,5,5,5,5,4,5,5,5,5,4,5,5,4.83,Very Good,0.98
990,SIN-ANN-0990,0.459374,0.372403,98.689727,10.218841,1.218905,0.140999,0.16161,0.373699,0.64286,723.703027,0.391226,0.49877,0.270377,0.333047,0.417221,21.081193,476.0881,39.282686,97.414277,17.950118,3,2,5,1,1,1,1,2,1,1,2,1,3,1,5,5,5,5,2.45,Below Average,2,3,2,1,3,2,2,2,2,2,4,3,2,4,2.17,Below Average,-0.28
