child_id,spacing_std,baseline_std,local_baseline_drift,avg_slant,avg_size_variation,curve_smoothness,loop_roundness,stroke_continuity,stroke_thickness_consistency,density_distribution,contrast_score,blur_score,ink_density,text_visibility_score,word_detection_ratio,spacing_score,alignment_score,slant_score,size_score,curve_score,loop_score,continuity_score,thickness_score,density_score,contrast_quality_score,blur_quality_score,ink_density_score,text_visibility_quality_score,word_detection_score,overall_score,label,teacher_spacing_rating,teacher_alignment_rating,teacher_size_rating,teacher_slant_rating,teacher_curve_rating,teacher_loop_rating,teacher_stroke_continuity_rating,teacher_legibility_rating,teacher_overall_rating,teacher_overall_label,teacher_vs_system_score_difference
001,0,0.589311695,0,0.2557013375418527,0.1793313462510364,0.2346413937426328,0.3447250047231009,0.7057109181302547,0.587467401,75.65090083,22.20373148490383,574.0116858535351,20.204664082292968,101.71585798933084,0.3822507452967451,5,1,5,4,1,2,4,2,5,1,5,5,5,1,3.38,Above Average,4,2,4,4,2,4,3,3,4,Good,0.62
002,0,0.7947040716575279,0,0.5966364542643229,0,0.2256774505366807,0.3987694234284287,0.833064949,0.2584903261655303,49.22290739021077,23.760098314355435,627.3527190979103,22.84849396667252,110.42553105719526,0.2623125294283175,5,1,5,5,1,2,4,4,5,1,5,5,5,1,3.61,Good,5,3,5,5,3,4,4,4,5,Very Good,1.39
003,0,0.7582517894916315,196.5,9.190992391109466,0.8408997843968654,0.2081220008923965,0.4591857305847928,0.4921945025824984,0.5955405231860359,2003.8674896724117,29.04658978859366,1014.334265722318,18.81149334065912,100.9577749162742,17.907725649400202,5,1,5,1,1,3,2,2,1,2,5,5,5,5,2.99,Average,4,2,3,3,2,3,2,4,3,Average,0.01
004,0,0.9874388356027088,0,12.643789812922478,0.5314201797141386,0.1424447447825555,0.2186583149880828,0.674657142,0.2912040472654444,94.20817360532536,29.891777401309422,1052.5118264741448,19.724486260780772,104.11934748299704,0.5694436846999616,5,1,4,2,1,1,3,4,5,2,5,5,5,1,3.09,Above Average,3,2,3,4,3,2,3,3,3,Average,-0.09
005,0,0,0,0,0,0,0,0,0,0,30.44836583966413,1163.1016940999305,20.6660589,107.22235960557396,0,5,5,5,5,5,1,1,5,5,2,5,5,5,1,4.17,Very Good,4,5,5,5,4,3,3,4,5,Very Good,0.83
006,0,0.4914321800848055,3.5,6.439598815781729,0.719479061,0.1666022135993349,0.2663424999192557,0.5727100023330406,0.4824780388060233,170.02095837589383,16.55240494984456,171.77089210903156,13.756171536947868,66.72180629666904,2.173830140998327,5,1,5,1,1,1,3,3,4,1,4,5,4,3,2.92,Average,3,3,3,4,2,2,4,3,3,Average,0.08
007,0.4609306409130816,0.6306175962215518,143.4235639419819,0.8990574433253362,1.931336549099778,0.2058249322985275,0.4619307917750149,0.5134808680327105,0.941894838,2126.143536275523,26.27896972472129,571.8811218598121,17.129551906229967,94.52814058105056,43.51413774508308,3,1,5,1,1,3,2,1,1,2,5,5,5,5,2.71,Average,3,2,2,4,1,3,2,4,3,Average,0.29
008,0.4609306409130816,0.5394516367936677,147.34677844393403,0.8117440905835893,1.543139124821135,0.1928953482304859,0.4483478980622847,0.3758233718148587,0.9365580460219426,1891.7736130850608,24.916005811914093,541.5012483726463,15.309301693687166,88.38590798701854,80.52274854330828,3,1,5,1,1,2,1,1,1,1,5,5,5,5,2.54,Average,3,2,2,4,2,3,2,3,2,Below Average,-0.54
009,0,0.2217786972770833,76.83893688893816,0.9173812866210938,1.1176273495857658,0.2080462488962324,0.46767414,0.3407593137694522,0.679708985,2557.2950119113298,27.17283622552176,760.9333309741604,16.570727491589246,93.29860058752864,89.89243495169605,5,3,5,1,1,3,1,2,1,2,5,5,5,5,3.15,Above Average,4,3,2,4,3,3,3,3,3,Average,-0.15
010,0,0.8113899974457791,18.567565673326705,8.484798976353236,0.5305659533162479,0.1979540984964462,0.3991526601423465,0.7191941215498309,0.6614200443020807,785.7344749953326,26.760822425241543,557.9899611825596,19.432023024436997,101.67648028593176,9.383906854673564,5,1,5,2,1,2,4,2,1,2,5,5,5,5,3.16,Above Average,4,3,3,4,3,3,4,4,4,Good,0.84
011,0,0.8441712416057863,71.93231773928768,0.4750033291903409,0.9714152653397472,0.1972328403655184,0.3943976894064074,0.465366566,0.6126944618937701,1346.8828821204504,29.120303468763236,834.4490583363216,14.226010602036975,87.23818354049254,26.630813568979377,5,1,5,1,1,2,2,2,1,2,5,5,5,5,2.93,Average,3,3,3,3,2,2,3,3,3,Average,0.07
012,0.3464373464373464,0.5189233261860763,77.53985223,0.3633895874023437,0.9762739961879058,0.2007476113090465,0.3949127548721509,0.4377745802427779,0.6163656538177339,1439.630875920369,24.26948086667625,639.0193334502037,11.28125068164892,75.97849247828489,65.08648761502339,4,1,5,1,1,2,2,2,1,1,5,5,4,5,2.71,Average,4,1,2,4,3,2,3,3,3,Average,0.29
013,0,0.78,0,20.753795623779297,0.7537654462802729,0.278501889,0.5202066290901839,0.3802228088525842,0.6135836228905682,4030.515424326261,30.5188985,999.4546904810318,14.191677865711014,87.83448285,45.07490916330696,5,1,3,1,1,3,1,2,1,2,5,5,5,5,2.71,Average,4,2,2,4,1,4,2,3,3,Average,0.29
014,0,0.1289719626168224,0,0.7955703735351562,0,0.136251186,0.1879803277791756,0.8957672332389046,0.3837513492018273,200.2569467050169,33.56334288973405,964.6718884110824,19.261020584190035,104.56473319743714,0.5189174068116652,5,4,5,5,1,1,5,3,3,2,5,5,5,1,3.82,Good,5,4,4,5,3,4,5,4,4,Good,0.18
015,0,0.8946338358400268,0,1.5343039830525715,1.1715218652387025,0.1630580302074636,0.2709706895547432,0.6445548976563772,0.5685423772687832,232.68124557184845,31.880369886431264,778.4426616325319,19.97159647155452,105.85497435787916,2.323075514734489,5,1,5,1,1,1,3,2,3,2,5,5,5,3,2.95,Average,4,2,3,3,1,3,3,4,3,Average,0.05
016,0,0.4102564102564102,0,0,0,0.1437515675457497,0.1493873817934235,0.7385581509298178,0.2869008653516425,161.12320174800823,34.28781682223203,843.1118695,24.26892710430586,119.9506897240336,0.3785207128414915,5,2,5,5,1,1,4,4,4,2,5,5,5,1,3.65,Good,4,3,4,5,3,3,4,4,4,Good,0.35
017,0,0,0,0,0,0,0,0,0,0,32.184712871572415,846.1201590968635,20.577739695386757,107.82557552194646,0,5,5,5,5,5,1,1,5,5,2,5,5,5,1,4.17,Very Good,5,5,4,5,4,3,4,3,4,Good,-0.17
018,0,0.6085512455975506,0,2.3014559745788574,1.1340940078939936,0.2119388469387394,0.2900740798093941,0.5405260634243154,0.628351872,262.35975723585244,30.894850210123167,737.4788911,18.166041964737435,99.94555099927388,3.166395569603038,5,1,5,1,1,1,2,2,3,2,5,5,5,4,2.94,Average,4,2,2,4,2,2,2,3,2,Below Average,-0.94
019,0,0.6582879897229933,0,15.748724619547524,0.8852067346892025,0.07882902,0.2126798695352889,0.6386576019403553,0.5152307817466879,212.3075305764875,17.72371285058978,453.6586359967545,13.645261835876523,79.79764193292445,1.381572591511626,5,1,4,1,2,1,3,2,3,1,5,5,4,2,2.73,Average,3,3,2,4,2,2,2,3,3,Average,0.27
020,0,0.803644242,170,0.7628143310546875,0.7928543065612559,0.1915695309582278,0.4440960682101437,0.3764767803116272,0.5898762812898983,3127.3264365866758,32.54630782547371,877.6843980559147,17.81710723,99.72447560621386,38.21585370816927,5,1,5,1,1,2,1,2,1,2,5,5,5,5,2.87,Average,3,2,3,4,2,3,1,3,3,Average,0.13
021,0,1.294480438483523,0,0,0.45591767,0.057047552,0.2191363633646265,0.6774511224793138,0.5748118147781707,128.79774882443144,20.66404947239187,161.54506355418738,29.527868502182475,115.0701365981621,0.5282576844418668,5,1,5,2,3,1,3,2,4,1,4,5,5,1,3.06,Above Average,4,3,2,4,3,3,3,3,3,Average,-0.06
022,0,0,0,0,0,0.1822759224795965,0.1724766871378998,0.4903225806451612,0.2625782593404686,40.18568014714805,21.33809282193311,558.299071,21.30423163045819,104.58174130234111,0.045406544,5,5,5,5,1,1,2,4,5,1,5,5,5,1,3.88,Good,4,4,4,5,3,3,4,4,4,Good,0.12
023,0,0,0,0,0,0,0,0,0,0,21.639062751554807,626.0186074966202,25.612432787367013,117.65682973787844,0,5,5,5,5,5,1,1,5,5,1,5,5,5,1,4.12,Very Good,5,5,5,5,5,4,4,3,5,Very Good,0.88
024,0.9563826411531684,0.515264639,130.03026769491103,2.142754304668178,1.254448651700458,0.1840567198108417,0.4296617858478748,0.5470544768412168,0.6128710562465509,1606.9322547637744,31.359002393160303,1041.2375330111097,8.899050947653315,72.37665404,83.30369929463357,1,1,5,1,1,2,2,2,1,2,5,5,4,5,2.42,Below Average,1,2,1,3,2,2,2,3,1,Poor,-1.42
025,0,0.9586080781350456,0,1.628082275390625,0.435806094,0.2052441792663922,0.4247557587947964,0.6177894350352433,0.5122161241972645,154.15460258156344,18.78661074814103,348.07155794750946,17.564283135623814,92.08615478094195,0.2947210795804117,5,1,5,3,1,2,3,2,4,1,5,5,5,1,3.15,Above Average,4,3,2,4,3,4,4,4,3,Average,-0.15
026,0.077966102,0.545278242,70.5447317,0.8162450194358826,0.9115945772984424,0.1748768318130632,0.3915828585906757,0.483974157,0.5935122012188957,592.3592295295182,19.264201601776428,214.35002421494644,13.000913179288382,70.06984276024801,24.12472146759867,5,1,5,1,1,2,2,2,1,1,5,5,4,5,2.82,Average,4,2,3,4,3,3,3,3,3,Average,0.18
027,0,0.5762135938560375,29.25,0.7288473198811213,0.4685776096593428,0.1969273593726315,0.4035586869939043,0.5433110377085066,0.47749458,426.8855631710134,21.18184228371956,250.03084371527493,14.272222559515376,78.41067319,10.212899439418775,5,1,5,2,1,2,2,3,2,1,5,5,4,5,3.05,Above Average,4,2,3,4,2,4,3,4,3,Average,-0.05
028,0.8994197292069632,0.5139010685100094,152.07074334811765,0.9102401733398438,1.7631666433290736,0.1638757180598442,0.3990437055439446,0.426075139,0.7224370869213156,823.7449058496262,16.106013548443446,171.4842161,11.933763456808434,61.00271875027202,76.67677086037055,1,1,5,1,1,2,2,1,1,1,4,5,3,5,2.21,Below Average,2,2,1,4,1,2,2,2,2,Below Average,-0.21
029,0,0,0,0,0,0,0,0,0,0,25.57686148899528,425.4424083339499,30.54249644,134.41592007796822,0,5,5,5,5,5,1,1,5,5,2,5,5,5,1,4.17,Very Good,4,5,4,5,5,4,3,4,5,Very Good,0.83
030,0,0.7152681094269808,0,9.572480774,0.2157686780999031,0.2210884586940568,0.3123092956918214,0.6806385954597114,0.5458252665567143,112.15292909705286,22.593070852699448,524.1507616580445,19.92740351841112,101.07874598158308,0.3336029628725212,5,1,5,4,1,2,3,2,4,1,5,5,5,1,3.26,Above Average,4,3,4,4,3,3,3,3,3,Average,-0.26
031,0,0.9586080781350456,0,1.628082275390625,0.435806094,0.2052441792663922,0.4247557587947964,0.6177894350352433,0.5122161241972645,154.15460258156344,18.78661074814103,348.07155794750946,17.564283135623814,92.08615478094195,0.2947210795804117,5,1,5,3,1,2,3,2,4,1,5,5,5,1,3.15,Above Average,4,3,3,4,3,3,3,4,3,Average,-0.15
032,0,0,0,4.398704528808594,0.1496662954709576,0.1373680787545731,0.1099554052021131,0.366504854,0.2123269909131478,89.00312104390248,18.675733841769624,339.9220984763318,16.77465444503286,89.66183025598339,0.2926865676946534,5,5,5,5,1,1,1,4,5,1,5,5,5,1,3.82,Good,4,3,5,5,3,3,3,5,4,Good,0.18
033,0,0.5545657015590201,0,0.2427711486816406,0.337268439,0.2281381870921047,0.5912299728143432,0.7027265429975214,0.4908801921298803,196.1284063,17.986832261641993,325.7256613901769,18.953359896419787,95.85349582008035,0.3942271433958383,5,1,5,3,1,3,4,3,4,1,5,5,5,1,3.32,Above Average,4,3,3,4,2,4,3,3,3,Average,-0.32
034,0,1.0679199417277794,0,2.28254509,0.2338259100549332,0.1742656945219726,0.3612815257536787,0.64755723,0.5101648480458784,106.61290971323382,31.663431044751004,866.2561692689487,14.086612531715726,88.09155311752268,0.8041430016932003,5,1,5,4,1,2,3,2,4,2,5,5,5,2,3.36,Above Average,3,3,3,4,3,2,4,3,3,Average,-0.36
035,0,0.8980820226726235,168,2.0831694155931477,0.7214992815952177,0.2251234249990552,0.5016607270945863,0.3873168819619613,0.5670749283547994,2925.194217484829,29.669744051472247,1668.7027519518058,18.95427703857422,101.6977031414588,41.28150939941406,5,1,5,1,1,3,1,2,1,2,5,5,5,5,2.93,Average,3,3,2,4,2,4,2,3,3,Average,0.07
036,0,0,0,5.273895740509033,0.2107975992548699,0.2096083551192538,0.5402596497571833,0.5072347266881029,0.3350619653370632,290.56534931443946,29.91491557,1628.8677916346558,21.376877422480614,109.08809005262115,0.6056201550387598,5,5,5,4,1,3,2,4,3,2,5,5,5,1,3.82,Good,4,4,5,4,4,3,3,3,4,Good,0.18
037,0,0.5227197515316827,103,1.5402552485466003,0.7166004901277427,0.2112781639751206,0.4989067299407571,0.3355109316123252,0.5375934439073871,2285.5840531825866,27.447670469102817,1412.671425117714,14.790649414062502,88.09578347673892,76.18265787760417,5,1,5,1,1,3,1,2,1,2,5,5,5,5,2.93,Average,3,3,2,3,2,3,3,5,3,Average,0.07
038,0,0.3939393939393939,0,0,0,0.1433376834027352,0.1512556493130771,0.716105102,0.2793312176852958,143.97656344182144,34.046925690392285,841.4562454990795,24.09373918,119.30468037313796,0.3936775054700898,5,2,5,5,1,1,4,4,4,2,5,5,5,1,3.65,Good,5,3,4,4,3,3,4,4,4,Good,0.35
039,0.6692472486558555,0.6383995071172817,162.87268712120596,2.278973088377998,1.2847371787994073,0.1816553571412183,0.4305069910512804,0.5693462048494562,0.6338857123667591,865.2144281584755,22.69631768794737,406.6937321781793,9.615034936135851,70.19326365238125,59.96185317286235,2,1,5,1,1,2,3,2,1,1,5,5,4,5,2.54,Average,3,2,3,4,2,2,3,3,3,Average,0.46
040,0,0.3636363636363636,0,3.183484912,0.047619048,0.040868377,0.024074981,0.725852967,0.05794377,62.91975519819828,33.68452355774063,868.8122781620142,22.46911045856056,114.2495932,0.4862890005563539,5,2,5,5,4,1,4,5,5,2,5,5,5,1,3.95,Good,5,4,4,4,4,3,4,4,4,Good,0.05
041,0,0,0,2.436645508,0,0.2461950563508595,0.061818116,0.9092741935483872,0.3189341834791111,125.69097908052996,23.581022675858257,495.4424190178543,21.65923197599072,106.7682072659013,0.1997135256803765,5,5,5,5,1,1,5,4,4,1,5,5,5,1,4,Very Good,4,5,5,4,4,3,3,4,5,Very Good,1
042,0,0.6085512455975506,0,2.3014559745788574,1.1340940078939936,0.2119388469387394,0.2900740798093941,0.5405260634243154,0.628351872,262.35975723585244,30.716458246137705,705.6126708642868,18.04962462755507,99.50710300573404,4.543893204262462,5,1,5,1,1,1,2,2,3,2,5,5,5,5,2.99,Average,4,2,1,4,2,3,3,3,2,Below Average,-0.99
043,0.8232690539869203,0.4245884892399366,53.67816529842997,7.921761773148989,1.398852036819927,0.102335347,0.2017303815757503,0.5936550720594798,0.653465965,383.1224098,17.318961568762365,7.663395732698198,2.9503836039624183,18.276971169538257,20.754043479370917,1,2,5,1,1,1,3,2,2,1,1,4,1,5,2.15,Below Average,1,2,2,3,3,1,2,3,2,Below Average,-0.15
044,0.8390872314145419,0.520623891,37.571047060572674,5.567474513121371,1.222956000627602,0.1334123512001158,0.3211178043838294,0.4685767286304651,0.6802480608157848,1743.283545615089,15.265407476206375,6.2490972965663785,13.017494171582571,47.31009598250754,38.45410747341021,1,1,5,1,1,2,2,2,1,1,1,5,2,5,2.09,Below Average,2,2,2,4,1,2,2,2,2,Below Average,-0.09
045,0.7710254563288641,0.5528917240973132,60.855242502943405,8.718630151521593,0.9563557926565024,0.1032582503746866,0.2784407211509802,0.6584826866723353,0.7081400717059753,1574.0148529153023,17.94440645578595,6.644640837426891,8.520737447927129,35.19887965541705,33.16239088271262,1,1,5,1,1,1,3,1,1,1,1,5,2,5,2.03,Below Average,2,2,1,3,2,2,2,3,2,Below Average,-0.03
046,0.7156119945761378,0.7244400437479169,154.57774030738574,5.846015192498671,2.7215653930057697,0.1246322486234886,0.3201727239349109,0.6987068311136319,0.8287403160940277,298.52739798085344,21.18144315351864,5.667663481670909,3.365909352022059,21.25521598099259,48.40845045700572,1,1,5,1,1,2,3,1,3,1,1,4,1,5,2.1,Below Average,2,1,2,3,1,2,2,2,2,Below Average,-0.1
047,0.9323583252597843,0.633473668,52.75483537042242,8.205525066130436,1.8731774115037267,0.1047670275149028,0.2111326219588968,0.6323755452203571,0.8591312247465593,388.9296412222512,28.46131968325905,5.873030428631485,4.290827333537582,27.69044488510542,32.82048643024918,1,1,5,1,1,1,3,1,2,2,1,5,1,5,2.08,Below Average,2,2,2,3,2,2,3,2,2,Below Average,-0.08
048,0.7069482073317237,0.6863214143198981,319.9070316,3.9511742715405513,3.3203060971049347,0.093863096,0.2966128072293587,0.6983382472299363,0.8817543691720695,922.5197109309108,15.824729044805467,6.403283986857777,5.436812257455066,24.863129693453708,81.27856285743465,1,1,5,1,2,1,3,1,1,1,1,5,1,5,2.03,Below Average,2,2,2,3,2,2,3,2,2,Below Average,-0.03
049,1.1236515130073812,0.4003536374661421,231.3372511954529,8.463123482882336,2.526186149182956,0.1018917989853118,0.293803595,0.6276808713207406,0.8273259000188685,762.5324694293583,17.85715883,6.351903699150996,5.018988715277778,24.62073592852933,85.19237642973856,1,2,5,1,1,1,3,1,1,1,1,5,1,5,2.08,Below Average,1,3,1,3,2,2,3,2,2,Below Average,-0.08
050,0.8394362142950813,0.5231344271141211,62.63912182865221,5.510644618723844,1.2082033210131735,0.1180191666536933,0.2951652348859203,0.5381806267675615,0.6896717634395793,1027.8197199434503,16.260329407439485,6.920151167079971,7.904156454248366,32.53464918317284,35.85154813878677,1,1,5,1,1,1,2,2,1,1,1,5,1,5,1.97,Poor,1,1,1,2,1,1,1,2,2,Below Average,0.03
051,0.714586807,0.8005163257162478,223.2537116097193,6.714078820516578,3.91140448,0.1112810411316415,0.3242717989920935,0.7138179332753397,0.7454874695918544,1447.1740635953329,42.32852605,13.092262656814246,11.68121138,57.51712344299558,89.91211735345179,1,1,5,1,1,2,4,1,1,3,1,5,3,5,2.31,Below Average,2,3,2,3,2,2,2,3,3,Average,0.69
052,0.7209151084443656,0.2583452951898037,82.01272704107751,5.592325325883352,1.372036036328648,0.1133680845198625,0.2430798525681912,0.648240674,0.7673395013517339,406.3797040637456,14.639656678202725,6.199741168099739,4.766582414215686,22.239549698558395,28.322682100183822,1,3,5,1,1,1,3,1,2,1,1,5,1,5,2.25,Below Average,2,2,1,3,1,1,3,2,2,Below Average,-0.25
053,0.7655923120577353,0.5643185902745131,98.54275271,8.175391674542627,1.376368386154782,0.1111833112616789,0.3631806746875303,0.6343621192002866,0.6829964907478756,1867.4566694897624,15.191534120607562,9.075346814925032,7.558019301470588,31.177359646208046,40.63335343903186,1,1,5,1,1,2,3,2,1,1,1,5,1,5,2.09,Below Average,2,2,2,3,2,3,2,2,2,Below Average,-0.09
054,0.9772939188306924,0.3352670061674104,169.1359921898389,8.021436575055123,2.796484603430239,0.1279759674138186,0.2516525304516843,0.611205363,0.9009573869119776,2158.15591,13.88492213585101,14.464682885139364,5.465686274509804,24.785988179968854,104.10966062857436,1,2,5,1,1,1,3,1,1,1,1,5,1,5,2.08,Below Average,1,1,1,3,1,1,3,2,3,Average,0.92
055,1.3936979203671744,0.7158721250102167,294.07353272022203,5.884802084851574,2.124233647014092,0.1080245879384101,0.3464139731035331,0.6878941327037129,0.7784232592624025,3085.8291482417726,16.31514863599514,7.753868106194623,13.939903109681373,50.75267045766115,112.0114075903799,1,1,5,1,1,2,3,1,1,1,1,5,3,5,2.15,Below Average,1,1,1,4,2,2,2,2,2,Below Average,-0.15
056,0.9246937311004532,0.5830128700516781,81.77472324294887,7.410279839477014,2.1367462063186062,0.1143209325360046,0.2544104638777429,0.5920197775711329,0.7421743536118363,1142.7473075071132,24.107036414676777,6.67645428,6.901456546160131,33.42553327382702,37.78819763582516,1,1,5,1,1,1,3,1,1,1,1,5,1,5,1.97,Poor,1,1,1,3,1,1,2,2,1,Poor,-0.97
057,1.0355570908795853,0.811005636,298.16469768137887,8.194659141088845,2.349383313609231,0.098971281,0.3311939683269598,0.7163498418535501,0.7799228378968145,2345.4355123601745,13.67389294193389,13.488826088795737,12.64172123927696,46.1109928,82.53169838899102,1,1,5,1,2,2,4,1,1,1,1,5,2,5,2.21,Below Average,3,2,2,3,1,2,2,2,3,Average,0.79
058,0.8500265454151631,0.4356476154861416,21.41417986608816,8.144877537,0.9278773337694316,0.1001259753254595,0.2063797025869604,0.6241299381794683,0.7707596571201153,369.0213358915061,14.740019472536286,5.477453435596001,2.877548317504085,16.550400032339997,12.803731681474671,1,2,5,1,1,1,3,1,2,1,1,4,1,5,2.09,Below Average,2,2,1,3,1,1,2,2,2,Below Average,-0.09
059,0.6867542939257224,0.61113837,104.9942561,9.430015259023223,1.9576940177555544,0.099618586,0.2729925361244578,0.6474565677414511,0.7500013200650266,1381.008320888163,12.515773727172435,9.463342910067237,5.599780113868464,24.003561496198337,46.74770380157271,2,1,5,1,2,1,3,1,1,1,1,5,1,5,2.14,Below Average,1,1,1,2,2,2,3,3,2,Below Average,-0.14
060,1.3510125002247264,0.5823813509410559,54.53703825587714,8.031646603887731,0.9954794689884984,0.099768064,0.2644899933699809,0.6246360953275343,0.738815776,1216.0001156859396,13.634026775905236,6.046788345477482,3.9106939976511432,19.153774215453797,16.943526922487745,1,1,5,1,2,1,3,1,1,1,1,5,1,5,2.03,Below Average,2,1,1,2,2,2,2,3,2,Below Average,-0.03
061,1.0767655226201895,0.8898911983377078,269.59969209036075,7.855372573503039,3.435455546,0.1291552183297353,0.3224910524211017,0.6785502614312611,0.7437522512378091,983.5147557837256,24.71545279,6.422820992392172,5.874095243566177,30.622294226836942,64.85544641033498,1,1,5,1,1,2,3,1,1,1,1,5,1,5,2.03,Below Average,2,2,2,3,1,2,2,2,2,Below Average,-0.03
062,1.104204853568982,0.5940663943393918,82.36625353848399,10.157348458691844,1.8136466300582132,0.096618126,0.2354721329367625,0.6191895093357364,0.6894681324036765,730.5513985640717,17.661064011230113,8.326106822358232,3.827821819,21.146608144345976,23.004078584558822,1,1,5,1,2,1,3,2,1,1,1,5,1,5,2.09,Below Average,2,2,2,2,3,1,2,2,2,Below Average,-0.09
063,0.9476740370031864,0.5848255013828737,88.45878907060597,6.654959670350522,1.1701518221336498,0.1034674843114584,0.2983322621404626,0.5832982882616037,0.6585647334148639,1194.271251077986,15.12684054602156,20.38532768949367,7.279611226000816,31.440786719962595,43.09052510978349,1,1,5,1,1,1,3,2,1,1,1,5,1,5,2.03,Below Average,2,2,2,3,2,2,2,3,2,Below Average,-0.03
064,1.020471287119703,0.4695740983582868,64.71680374567151,6.236352422219865,1.0811067212599068,0.1296822128602756,0.2927076676363331,0.6199086075748022,0.7477596500078945,866.5147262264398,15.185852509786429,13.006288515730844,3.6892760033700975,19.96138311657659,16.50737687653186,1,1,5,1,1,1,3,1,1,1,1,5,1,5,1.97,Poor,1,1,1,3,2,1,3,2,1,Poor,-0.97
065,0.9806833551742404,0.7578967178369577,23.947608840412435,7.580123181309965,0.848425691,0.1126505700475897,0.2311696627762845,0.6111522401280984,0.7173221727433977,433.3616603,14.41456143,5.023627643768508,3.593566496,18.49034296679573,14.749181410845589,1,1,5,1,1,1,3,1,2,1,1,5,1,5,2.03,Below Average,2,1,1,3,1,2,3,2,1,Poor,-1.03
066,1.0900960452751975,0.6632422716358738,33.12016200805777,9.119191598735355,0.9185245201524318,0.1201847616446811,0.2626354041452225,0.6239900574507212,0.7162856748448143,731.1883406760975,16.592866857451973,6.287066547736399,5.021837022569445,23.990651151207963,21.379793453839863,1,1,5,1,1,1,3,1,1,1,1,5,1,5,1.97,Poor,1,1,2,3,1,1,1,2,2,Below Average,0.03
067,0.9870728336169126,0.5902059982624099,24.979051742443342,9.322004340851128,0.9228274541078912,0.118826446,0.2334366121176486,0.648206029,0.7344962472057012,551.3918506991365,16.93994927149122,7.525671427981389,4.480993732128268,22.66552297492855,18.802785437091504,1,1,5,1,1,1,3,1,1,1,1,5,1,5,1.97,Poor,1,1,1,3,1,1,1,2,1,Poor,-0.97
068,0.9151301015251232,0.6081168747364238,36.55177323208963,8.372408352283218,0.982369992,0.1237435111298564,0.2475713788535255,0.6283454018079178,0.7565084255384836,755.6178212621147,17.63880304918293,5.612343600464299,4.944908790339053,24.21536225565505,21.59329682393791,1,1,5,1,1,1,3,1,1,1,1,5,1,5,1.97,Poor,1,2,2,3,2,1,2,2,1,Poor,-0.97
069,0.6333050948035158,0.8428881737450123,358.5852672077054,5.653814459148841,2.724008464112452,0.107397543,0.2769452453277993,0.7193261857178306,0.8660659739141976,822.4871839268948,19.930306980490958,10.344944578702512,6.2303650301266345,29.690743038495636,98.29205282373366,2,1,5,1,1,1,4,1,1,1,1,5,1,5,2.14,Below Average,2,1,2,3,2,2,3,2,2,Below Average,-0.14
070,0.8979591516758336,0.4366619987925204,106.85778106213222,7.058027304939388,1.9701339484539528,0.111699565,0.2253169042523548,0.6088605001856221,0.7766761275117816,1234.296963347959,12.731101236518638,5.687992104743362,4.676633348651961,20.96424987468954,53.04701063368056,1,2,5,1,1,1,3,1,1,1,1,5,1,5,2.08,Below Average,1,2,2,3,2,2,3,3,2,Below Average,-0.08
071,0.8185109566238697,0.3964656446002723,188.968071,5.922861199965121,3.148511646452504,0.1062210798470458,0.2653304949457082,0.6525547897964681,0.6614331108527699,734.8571143734218,10.640222265210706,6.345634333077513,6.082819521037582,24.20313312902585,52.15263416564543,1,2,5,1,1,1,3,2,1,1,1,5,1,5,2.14,Below Average,1,2,2,3,1,1,2,3,2,Below Average,-0.14
072,0.7749287396215082,0.5398436863884427,50.92539079867348,7.553515703231096,1.6182315497928417,0.1262644337416405,0.2176856728838963,0.5662488968384145,0.6974497883505802,723.3435793379135,12.303428293375523,6.377290579778579,5.028163934844772,21.873935009199933,50.23111979166666,1,1,5,1,1,1,3,2,1,1,1,5,1,5,2.03,Below Average,2,2,2,2,2,1,3,3,2,Below Average,-0.03
073,0.8072018296080742,0.4504874371371865,24.89197266090592,9.605039011309112,0.761520166,0.1127789413216885,0.2172090629930128,0.6654747703728605,0.6746046792733965,238.60380668931103,13.963650772851574,5.7176507974527455,2.310120826,14.48395294319312,13.393379161560455,1,1,5,1,1,1,3,2,3,1,1,3,1,5,2.05,Below Average,2,1,2,3,2,2,2,2,2,Below Average,-0.05
074,0.9698121995623572,0.3886087656423911,21.525342687466207,5.900291653253414,1.0853712383006102,0.1091902603053847,0.2199912126464601,0.6158146130539603,0.7581202128964133,430.4876752173112,12.14623391342936,5.722710263184909,2.346502565870098,13.684895680643464,11.47894167432598,1,2,5,1,1,1,3,1,2,1,1,3,1,5,2.04,Below Average,1,2,1,3,2,2,3,2,2,Below Average,-0.04
075,0.974681636,0.6428537008919954,74.73251865679853,9.220099371,5.656546259,0.1188990810583457,0.1740078402580996,0.7059522601496651,1.127832197413685,150.8117454914927,13.341255941347605,5.124150976431175,1.6427632250816993,12.111332743562016,29.849853515625004,1,1,5,1,1,1,4,1,4,1,1,3,1,5,2.11,Below Average,2,1,1,3,1,1,2,2,1,Poor,-1.11
076,0.7880948260064427,0.5483322187028576,71.99709350819015,10.085696192435275,4.044979991653236,0.1238764814916503,0.2442229752746255,0.6590433216904169,0.6563678111717219,419.57418258297577,12.342884526219413,5.896856968206981,1.6704564312704249,11.772497253741678,28.48876155,1,1,5,1,1,1,3,2,2,1,1,3,1,5,1.99,Poor,1,2,1,3,2,2,2,2,2,Below Average,0.01
077,0.8271527568522963,0.4971323765952029,52.03989546986061,7.378858541,2.0771528398440915,0.1204718280988556,0.2108296033264591,0.5991135141494001,0.6685372002128833,507.16705362953394,12.870441353283736,4.968317614286256,7.793479370915032,30.31249055081559,108.23632333792892,1,1,5,1,1,1,3,2,1,1,1,5,1,5,2.03,Below Average,2,2,2,2,2,2,2,2,2,Below Average,-0.03
078,1.000515118886389,0.5971883171482566,103.7930723845714,5.747481829948254,1.378160603602805,0.1348349056517091,0.287149977,0.4985712350012863,0.7107794210600119,1335.2412537070752,12.923202203223122,15.903050628388357,9.055447049,35.21824731028373,82.88331674,1,1,5,1,1,1,2,1,1,1,1,5,2,5,1.97,Poor,1,1,2,3,1,2,1,2,1,Poor,-0.97
079,0.9676417303542446,0.4243679558223545,44.18849165237325,10.157300906448528,1.1173953528163183,0.1028427084683853,0.2554847792688091,0.6858249643181673,0.719557173,1503.5951130526855,17.204315634780965,5.389732989236395,7.430659275428922,31.43310894260089,49.55043817657271,1,2,5,1,1,1,3,1,1,1,1,5,1,5,2.08,Below Average,1,2,1,4,2,2,3,2,2,Below Average,-0.08
080,0.8305554199139101,0.4404379459889017,83.59189265455105,11.871825782862384,1.1708213233034963,0.1501685130328341,0.2981910696219321,0.5775858073992245,0.7411826391832496,1273.2009321068483,13.057008424950704,5.067353744858419,4.4640235651552285,20.42731028242688,42.06564510569853,1,2,5,1,1,1,3,1,1,1,1,5,1,5,2.08,Below Average,2,2,2,4,1,1,3,1,2,Below Average,-0.08
081,1.369917597236681,0.5728794546425495,81.27891801115305,4.717099605963148,1.5670012591751166,0.132321033,0.2438386881736226,0.4153186518498749,0.7380520026533244,1151.849321082878,13.44771318174514,4.847743353152798,5.2282803786243885,22.89347206206101,37.64889282992529,1,1,5,1,1,1,2,1,1,1,1,5,1,5,1.91,Poor,1,1,1,3,1,1,2,2,1,Poor,-0.91
082,1.026992082448246,0.5788038892443663,92.27441916,5.425973811036065,1.633498205983729,0.1377814454408385,0.2626205071729378,0.5082611414630528,0.7411930387812125,1474.7807389344828,15.326771520295653,5.292786043452924,5.891767514297386,25.867966907385277,25.857149011948525,1,1,5,1,1,1,2,1,1,1,1,5,1,5,1.91,Poor,2,1,1,2,2,2,2,2,1,Poor,-0.91
083,0.7091355047844671,0.6513309633436051,104.2476468943054,9.796477400868602,1.8974871223997607,0.1391030668123745,0.2552293378558465,0.6578796395447294,0.8613113614692829,342.6951523893474,14.242367131137907,4.537002844894301,2.9458598217933005,16.412463315438284,30.095254736008982,1,1,5,1,1,1,3,1,3,1,1,4,1,5,2.04,Below Average,2,1,1,2,2,2,2,2,2,Below Average,-0.04
084,0.6773683604389708,0.5755430316154889,162.53012795729228,4.889716162690388,3.2697701934136534,0.1185190648894859,0.3183181534869267,0.6541177037895254,0.7884505841982037,491.7442113870369,14.905811072406884,7.505650408999398,5.349160986008987,24.250953535130343,65.69608800551471,2,1,5,1,1,2,3,1,2,1,1,5,1,5,2.2,Below Average,2,1,2,4,2,3,2,2,2,Below Average,-0.2
085,0.8208355051144371,0.8503978398128303,54.580094669743765,7.077778310959156,1.0088594590129616,0.1284373955147311,0.2429986260986122,0.6022438004898354,0.6999092658461249,672.8217541,17.76184980961639,5.866375438313832,4.064414828431373,21.660806933933696,22.988049874897875,1,1,5,1,1,1,3,2,1,1,1,5,1,5,2.03,Below Average,1,2,2,3,2,1,2,2,2,Below Average,-0.03
086,0.7542805697584665,0.4535154506439571,47.02399025288244,6.202017135479871,1.7003582365622931,0.1215068314800221,0.3652965169179395,0.5684496875370607,0.7838995264596673,903.5902628956018,17.592664072626658,6.946120876677447,6.307436874489379,28.41325474744921,20.23071289,1,1,5,1,1,2,3,1,1,1,1,5,1,5,2.03,Below Average,1,2,2,3,2,2,2,2,2,Below Average,-0.03
087,1.087889410583317,0.6169287872149933,42.27095759484832,5.244724337235991,0.8077183912464875,0.1347787339402081,0.2826910645248995,0.5098552589192892,0.710472254,1239.2898213739354,12.729962963698966,4.765652268,3.822707631229575,18.30966960230301,14.745646956699346,1,1,5,1,1,1,2,1,1,1,1,5,1,5,1.91,Poor,1,1,1,2,1,1,2,2,1,Poor,-0.91
088,0.827330093,0.4008679164097555,181.04088678510067,5.710830322291591,2.757033484673428,0.127629857,0.2959773019650425,0.6832282278947003,0.8800143164744703,263.5260791764186,11.574521205290154,5.8680865681936245,2.6343730851715685,14.277188514979144,27.464759178410947,1,2,5,1,1,1,3,1,3,1,1,4,1,5,2.15,Below Average,1,3,1,3,1,2,2,2,2,Below Average,-0.15
089,0.7994311067280101,0.6315593896681979,29.285816287898456,7.409388627752912,0.974105763,0.1380633879712612,0.2733370714266165,0.5805128380882036,0.7001767795871741,709.0318621830759,11.906763226105824,5.001249410766952,4.691154130923202,20.526968946899213,19.76047092013889,1,1,5,1,1,1,3,1,1,1,1,5,1,5,1.97,Poor,1,1,1,3,1,1,2,2,1,Poor,-0.97
090,0.9404136722386182,0.4884825303627005,54.93654343350914,6.784913042888922,0.7663155741818208,0.1269633179332508,0.3234028354555791,0.5399924759320508,0.6725793982879226,1707.379634051386,13.012180334759892,6.038063657699321,4.657979728349673,21.08383572,17.438637727226308,1,1,5,1,1,2,2,2,1,1,1,5,1,5,2.03,Below Average,1,2,1,3,2,3,2,1,2,Below Average,-0.03
091,0.7645870468572197,0.6485456007276493,41.28472995,5.149263872638826,0.9431097515497064,0.1367091811776152,0.3042899527157474,0.6358019326573682,0.6945103050421609,952.6735055591116,13.58651806,5.7296176024728425,5.679907705269608,24.40594390411756,23.65160973243464,1,1,5,1,1,2,3,2,1,1,1,5,1,5,2.09,Below Average,2,1,2,2,2,2,3,2,2,Below Average,-0.09
092,0.6439149216933284,0.7547192452494486,406.7856433567267,7.148616141310105,3.1027739472497537,0.1452715438670204,0.2786480230860281,0.7401276048373415,0.9247334864152053,504.8799689822791,13.037407987171695,3.3241493185497704,2.1420547385620914,13.27728314,51.7123433,2,1,5,1,1,1,4,1,1,1,1,3,1,5,2.04,Below Average,1,2,1,3,2,1,3,2,2,Below Average,-0.04
093,0.9456024969075418,0.4421111080531626,21.855432994721006,6.735877660696938,0.9699233904376188,0.1326942194971886,0.2129223198433315,0.6408244206170229,0.714420953,252.50829991773517,11.412530530442533,3.3894924467324565,1.5522955601511437,10.702101190347944,7.829438253165849,1,2,5,1,1,1,3,1,3,1,1,3,1,5,2.1,Below Average,1,2,2,3,2,1,1,2,1,Poor,-1.1
094,0.7076011572716345,0.7104899464464629,122.67734141667071,5.831907529830932,3.311173614723456,0.1185965794871151,0.2474037230332247,0.6750250548785223,0.6507106634061052,386.32763753054775,15.217414162950728,5.013442314841046,4.4371521395016345,21.421507731464374,58.85144601460376,1,1,5,1,1,1,3,2,2,1,1,5,1,5,2.09,Below Average,2,2,2,4,1,2,2,2,2,Below Average,-0.09
095,0.7694698737918958,0.6275444986231824,34.279744978394845,7.155701208362976,1.2513068123351545,0.1362978947360297,0.2488524036589682,0.5872008153413381,0.7819995589733292,774.0359068529381,13.854185156381496,5.259126128007332,6.246840533088236,26.193526790256183,22.37326229319853,1,1,5,1,1,1,3,1,1,1,1,5,1,5,1.97,Poor,1,1,1,2,1,1,1,2,1,Poor,-0.97
096,0.7772298269635667,0.4862691141961958,38.86553303768949,9.889918997631234,1.1711240990084235,0.1490637111821364,0.276844103,0.5811095285584219,0.7852041539588659,932.9420429039586,13.534530531791397,5.464501288977553,4.395361008986928,20.49979842175424,17.43508731617647,1,1,5,1,1,1,3,1,1,1,1,5,1,5,1.97,Poor,1,2,1,3,2,1,3,1,1,Poor,-0.97
097,0.6312786358771699,0.3073183328220233,68.57449171272727,8.196952016665302,0.9176969768322376,0.1256771652600972,0.2617686138607482,0.6944505662277868,0.6773551910156222,240.40451637236407,17.10442458164031,4.266361868861489,2.801904616013072,17.38456232574552,13.390251608455884,2,2,5,1,1,1,3,2,3,1,1,4,1,5,2.33,Below Average,2,2,2,4,1,2,2,2,2,Below Average,-0.33
098,0.8145000279554652,0.4543956529154018,90.34976725764116,11.777144468191898,0.8846870342085557,0.1091576610259456,0.303584867,0.5943277625957838,0.689437162,1968.3823187935773,14.689855573320065,4.542275741233224,5.005616830065359,22.81600585097943,24.30187748927696,1,1,5,1,1,2,3,2,1,1,1,5,1,5,2.09,Below Average,2,2,2,3,1,3,1,2,2,Below Average,-0.09
099,0.5729674797665837,0.4241635330319438,50.144007942386544,8.821646370585002,0.758917894,0.1233782893837113,0.3075363190886105,0.6934840924679642,0.6990953321272441,316.6934152921827,13.487989762564752,6.017763589297774,2.9906269148284315,16.31765198469745,10.62121821384804,2,2,5,1,1,2,3,2,3,1,1,4,1,5,2.39,Below Average,2,3,2,3,2,1,2,3,1,Poor,-1.39
100,0.5865342147977047,0.4275046624792593,49.13092414776362,9.218499835580587,0.7969878176288153,0.1535103833138468,0.2801986804727486,0.5714468829360018,0.6764480916292303,342.49553974088974,15.168521474813842,4.490097847698004,2.2169085733251634,14.683996242152212,9.740644467422385,2,2,5,1,1,1,3,2,3,1,1,3,1,5,2.28,Below Average,2,2,2,2,3,2,2,1,2,Below Average,-0.28
101,0.7318228122496446,0.5163015318530213,35.14281960586119,9.416414513806751,0.8321505013270338,0.1172984617794947,0.2820409888387813,0.5371700509647513,0.6577754460521724,1180.0570794811083,10.816246113474437,5.31841346,6.900985817504085,26.642921855210886,27.37332612081291,1,1,5,1,1,1,2,2,1,1,1,5,1,5,1.97,Poor,2,1,1,2,1,2,2,1,1,Poor,-0.97
102,0.6640868619210265,0.5891908157581071,43.69083329072272,8.181648964734421,0.8877784265807638,0.1449269544045227,0.2556028735607144,0.690089478,0.7392616524304877,201.2963698594603,19.22040860244602,7.164745283817343,3.330253650939542,20.31743978242337,13.284377553104576,2,1,5,1,1,1,3,1,3,1,1,4,1,5,2.15,Below Average,3,1,2,4,2,2,2,2,2,Below Average,-0.15
103,0.6723767157735984,0.6287253471682791,53.14277293023255,8.805073527129073,0.9833456950892976,0.119908099,0.324620226,0.6303675685040475,0.7335739081402765,1333.6621076180422,12.94614808876868,4.770657232545141,4.477586933210785,20.382900567271207,16.28232070823121,2,1,5,1,1,2,3,1,1,1,1,5,1,5,2.14,Below Average,2,2,2,4,2,2,2,3,2,Below Average,-0.14
104,0.6526736123087099,0.3608127172671556,40.73605057393688,9.964834445593308,0.8863143895314652,0.1523610593631108,0.2706331242111184,0.6918080627366165,0.6715143163723319,318.99913919261337,14.151934762042451,4.926541589276922,2.4410232843137254,14.891691392890095,9.297329771752452,2,2,5,1,1,1,3,2,3,1,1,3,1,5,2.28,Below Average,2,2,2,4,2,2,3,3,2,Below Average,-0.28
105,0.8477525167135123,0.3799865739638665,51.946510889465046,9.038972817836925,0.937540589,0.1415839783526778,0.3006344064121819,0.5112344091845122,0.6770072240884659,1883.5135396632816,12.841869108524367,5.686605897473859,6.040629467933006,25.11148354780859,22.780171313316995,1,2,5,1,1,2,2,2,1,1,1,5,1,5,2.14,Below Average,2,2,2,4,1,1,2,2,2,Below Average,-0.14
106,0.9458401559969208,0.5650205488011533,85.68903459029073,8.05054802,1.2418542560113703,0.1339469174821868,0.244856695,0.5008425322198761,0.7719065092589228,1448.1132184382368,13.158268258061808,4.561078906572069,4.762968175551471,21.32414654634253,54.06744664011438,1,1,5,1,1,1,2,1,1,1,1,5,1,5,1.91,Poor,1,1,1,3,1,1,1,2,2,Below Average,0.09
107,0.7687743290858943,0.5851168938657357,258.34180874863307,4.906328799,3.218605132405417,0.1005240825001805,0.2448578383300811,0.684654186,0.7312224069164057,582.4592666,12.127784418443674,4.775838040806252,5.289553972630719,22.41013793119462,44.00676253574346,1,1,5,1,1,1,3,1,1,1,1,5,1,5,1.97,Poor,2,1,1,3,2,1,2,2,1,Poor,-0.97
108,0.6372338696921617,0.5500107686536395,64.92764614950016,7.861909652533739,1.0340540929378512,0.1451282380131699,0.2696586559795041,0.655431738,0.67932064,339.09291711734005,16.72081367875708,4.689324416621099,3.8802482255923207,20.47008395781761,19.47814542,2,1,5,1,1,1,3,2,3,1,1,5,1,5,2.26,Below Average,1,1,2,3,1,2,3,2,2,Below Average,-0.26
109,0.7657708134049886,0.6272686312457535,54.32456737,7.125689486139699,1.1448631395939224,0.1137848384128733,0.2723017705400612,0.5911619300511296,0.7579722071048236,1462.4062624067792,14.201737559823457,5.385128481075109,7.377905752144607,29.773098884453063,24.41384708180147,1,1,5,1,1,1,3,1,1,1,1,5,1,5,1.97,Poor,2,1,2,3,1,1,2,1,2,Below Average,0.03
110,0.6817166307235708,0.5255420611820272,192.02809338223145,7.427771174744384,3.787849664287142,0.1320928835872756,0.2423748387650879,0.7036110588745078,0.7460741176955159,787.1551244128525,20.09048697965465,4.2997022276377095,4.001496758,22.479703985262663,66.44688425500408,2,1,5,1,1,1,4,1,1,1,1,5,1,5,2.14,Below Average,2,1,1,3,1,2,3,3,2,Below Average,-0.14
111,0.6891925989357435,0.545548977,96.06969745010862,8.052108277331342,1.3064942930618355,0.1017264526572709,0.2699066500805676,0.5954791508200244,0.6688249120444243,3010.3728337090515,16.46273689532266,7.174460396,9.267993004493464,36.752793500714745,62.30701720792485,2,1,5,1,1,1,3,2,1,1,1,5,2,5,2.21,Below Average,2,2,1,3,1,1,2,3,2,Below Average,-0.21
112,0.6565178911628903,0.6328548069782298,211.38416253203368,3.8677050295201214,2.239849758419576,0.091603578,0.3083125396086892,0.5392357616851474,0.7962677943567977,1319.7273702182836,14.633968048688676,6.377318587151451,9.084512548508988,35.20825352858645,40.01958709916258,2,1,5,1,2,2,2,1,1,1,1,5,2,5,2.21,Below Average,2,2,2,4,2,2,2,2,2,Below Average,-0.21
113,0.991846172,0.5684370308529827,55.86688064364311,7.959019158186951,1.0621919877066297,0.1227085730149245,0.2859900229836153,0.6618922333564894,0.6976525310561119,1265.0026457982317,14.401027693309285,6.080561841806046,6.573095383986928,27.52785618279603,21.564159517973856,1,1,5,1,1,1,3,2,1,1,1,5,1,5,2.03,Below Average,1,2,1,3,1,2,2,2,2,Below Average,-0.03
114,0.6274826745117957,0.5911374351183417,91.69534624313896,7.173305344221921,1.866910861717908,0.1203710244689833,0.2198833747103029,0.6629230765996565,0.7408857850387538,331.08367298209095,15.274751416521733,5.825678142889552,3.184742647058824,17.77417146372629,26.608551623774517,2,1,5,1,1,1,3,1,3,1,1,4,1,5,2.15,Below Average,2,3,2,3,1,2,2,3,2,Below Average,-0.15
115,0.7719654975812352,0.54324068,86.18136194879942,5.056038359106888,2.3769196254411056,0.1315731060517422,0.2443125078623896,0.6366447101272502,0.684588983,225.86122085050903,14.52262431460198,4.216856764,2.947128395629085,16.524383020565796,17.850246055453432,1,1,5,1,1,1,3,2,3,1,1,4,1,5,2.1,Below Average,1,2,2,3,1,1,2,2,2,Below Average,-0.1
116,0.7432510996308612,0.5501549545059938,243.42996421384984,7.3209572467310675,3.2687406844560325,0.1253406511721798,0.2655327203288191,0.6476251913063115,0.8633898257691419,751.4721592396791,14.673878182389869,5.454413580366478,3.0733794168709148,17.102518699844325,89.59459890727123,1,1,5,1,1,1,3,1,1,1,1,4,1,5,1.92,Poor,2,2,1,3,1,1,2,2,2,Below Average,0.08
117,0.943678715,0.6032831482929705,66.07170060640136,8.390137015967756,1.2013201033603105,0.1083637687184823,0.2794237071454555,0.574858405,0.798941453,1495.7053280895038,24.0614282,5.597876891209867,10.631175321691176,44.48402775613992,37.17833276,1,1,5,1,1,1,3,1,1,1,1,5,2,5,2.03,Below Average,2,1,2,2,2,1,3,2,2,Below Average,-0.03
118,0.588380765,0.6086341469060965,136.68916327951848,5.204863749902342,1.7956487562059404,0.1051661659845913,0.2660399717076088,0.6237569821684705,0.7808730449241409,658.2935944775654,18.848219699146966,6.161999181269767,6.2480692146650325,28.78451741169556,39.02530445772059,2,1,5,1,1,1,3,1,1,1,1,5,1,5,2.08,Below Average,2,1,3,2,2,1,2,2,2,Below Average,-0.08
119,0.8015056284305724,0.5493607508788612,110.1082637,5.210189535746125,1.591311008,0.1001516002197094,0.24569268,0.6754066597667908,0.7877679201159901,521.8268043042233,20.68257353392846,6.813778513780721,6.270105698529411,29.832981713930533,42.62538136999592,1,1,5,1,1,1,3,1,1,1,1,5,1,5,1.97,Poor,1,1,1,2,2,1,1,2,2,Below Average,0.03
120,0.7716881493438036,0.4919131635139521,106.6455445402866,7.627012160102369,2.339290545673033,0.1058307375043248,0.2108815585052064,0.6859704351378679,0.7854932970046047,515.3096835835331,19.99574951140751,5.552809828174298,5.808735766441994,27.979363037847165,84.5114395,1,1,5,1,1,1,3,1,1,1,1,5,1,5,1.97,Poor,1,2,1,3,2,1,2,2,1,Poor,-0.97
121,0.8496150152503383,0.5069637553356439,40.95631772489906,9.928106292136132,1.2631205489659736,0.1149338324150233,0.2095048017882232,0.7245259531931791,0.7151974222842904,339.5584027705991,12.35907879813587,4.872573090277517,2.5171616498161766,14.218281657544216,13.379799836601308,1,1,5,1,1,1,4,1,3,1,1,4,1,5,2.1,Below Average,2,2,2,4,1,1,2,2,2,Below Average,-0.1
122,0.9596172164246718,0.586912713,121.31189941406464,7.965552503998215,1.0728373436984768,0.113011466,0.3074171638354153,0.5811253621161888,0.7129202783197729,2754.129828524733,17.52162264836127,5.671647050302735,7.111752579,30.66323376511777,35.795842588337415,1,1,5,1,1,2,3,1,1,1,1,5,1,5,2.03,Below Average,2,2,1,3,1,2,2,3,2,Below Average,-0.03
123,0.7100388164924089,0.5980588421928618,183.9303185321584,6.581897379282643,2.8264127459047854,0.127930112,0.2893011799217501,0.6297492669498822,0.7434525246052828,489.74290289090686,11.526606442186685,8.073910542096167,3.5394725924223858,17.189112052570117,52.35112208946079,1,1,5,1,1,1,3,1,2,1,1,5,1,5,2.03,Below Average,2,2,2,3,1,2,1,2,2,Below Average,-0.03
124,0,0.4621738551466275,112.51182038296074,1.6428754429022472,0.645919987,0.1284686059389757,0.2809250713102144,0.4981299692950329,0.4956817806702173,1124.0902739029748,16.10553519032509,331.00043670077383,12.245334201388888,74.7887702,32.18815104166667,5,1,5,2,1,1,2,3,1,1,5,5,4,5,2.93,Average,3,2,2,4,3,2,3,3,2,Below Average,-0.93
125,0,0.6883182641543475,47.89572005931219,2.0521931052207947,1.1999321887580685,0.1019566411594451,0.2784148029403516,0.6350401017281724,0.8758654086189049,384.2206578412879,25.60262963470526,369.28278715684206,21.63226996527778,107.69812471318598,8.770182291666668,5,1,5,1,1,1,3,1,2,2,5,5,5,5,2.93,Average,3,2,2,4,2,3,4,3,3,Average,0.07
126,0.4497110581480877,0.4223056507060356,51.39090679684326,4.466840668158098,1.3986881823087869,0.091685654,0.3027025752064389,0.5630311492723673,0.5199931184757448,147.9680612798163,20.44397670275788,163.04785147281223,3.803927951388889,37.938557352826834,33.36610243055556,3,2,5,1,2,2,3,2,4,1,4,5,2,5,2.84,Average,3,3,2,4,3,2,3,3,3,Average,0.16
127,0.1641791044776119,0.5213158234560634,9,8.243345217271285,1.221024881085917,0.1510572285679903,0.2393756092670801,0.7380462560928305,0.3827484858784873,238.6719758600663,19.89884464588418,220.3830533521864,14.26215277777778,74.77418599149406,7.261067708333334,5,1,5,1,1,1,4,3,3,1,5,5,4,5,3.06,Above Average,4,2,2,4,2,3,4,3,3,Average,-0.06
128,0,0.468414748,58.16666666666666,2.9721443142209734,1.1052716060304375,0.090629714,0.1892600823582126,0.563012395,0.7388767858813574,157.23627060867332,23.51315068031432,323.1706715,13.27517361111111,81.58209617349048,14.878580729166666,5,1,5,1,2,1,3,1,4,1,5,5,4,5,3,Above Average,5,3,2,4,3,3,3,4,4,Good,1
129,0,0.8245453821691999,18,4.972823208,0.6018050037394191,0.098252019,0.3194078018676516,0.6803191537956413,0.584114833,76.84777805066734,22.349649435042696,245.4353015966898,23.31304253472222,105.6574825,4.876519097222222,5,1,5,2,2,2,3,2,5,1,5,5,5,5,3.35,Above Average,4,3,3,5,3,3,3,3,4,Good,0.65
130,0.578005115,0.57596337,15.519619943916709,3.444025468826294,0.6652544804954679,0.1407555885824379,0.1977544396590296,0.6544736701660724,0.3312527856935161,80.03800035,20.84297740811108,204.22115051080087,21.54275173611111,95.47185896346896,6.306206597222222,2,1,5,1,1,1,3,4,5,1,5,5,5,5,2.9,Average,3,2,2,4,3,2,3,3,3,Average,0.1
131,0,0.544608674,6,6.933263808488846,1.0674477715125723,0.126850002,0.3199078610201473,0.6014176243638224,0.5387972255320176,80.96119337904645,22.769672819112607,332.3009795475701,25.75824652777778,118.65957599288964,4.361979166666666,5,1,5,1,1,2,3,2,5,1,5,5,5,5,3.18,Above Average,4,2,3,4,3,3,3,4,3,Average,-0.18
132,0.3678383541218475,0.4814229560758638,22.42196968765211,1.0269095765219791,0.7739485893664216,0.1279046733240641,0.3401964479735317,0.6217001328558502,0.7619267714512807,179.4862366450535,23.058273562487223,341.55235134387425,23.137586805555557,110.94189719791028,8.457465277777777,3,1,5,1,1,2,3,1,4,1,5,5,5,5,2.83,Average,3,2,2,4,2,3,2,3,3,Average,0.17
133,0,0.6102598371698251,57.75,2.3253565701571377,0.8090580909748383,0.1520349759251832,0.2594880789201286,0.6310270134100494,0.4537170513877335,226.85140158003517,25.260965146731447,286.08240035725225,10.88617621527778,73.89725125492429,7.070421006944444,5,1,5,1,1,1,3,3,3,2,5,5,4,5,3.05,Above Average,5,3,3,4,2,3,3,3,3,Average,-0.05
134,0,0.5662262530993875,16.5,3.814113379,0.4836413425201183,0.1066522235174243,0.3365426063614682,0.7874728946414046,0.4319377855312597,161.19266920862032,29.384884544427752,330.00889206265936,19.10188802083333,101.99810633471388,2.208767361111111,5,1,5,2,1,2,4,3,4,2,5,5,5,3,3.3,Above Average,4,3,3,4,3,2,2,3,3,Average,-0.3
135,0,0.6416966025539921,4,0.7212223573164507,0.7179253253209354,0.1147775688423742,0.2239025218232787,0.5916894131630033,0.9649960337111412,224.14215004547103,21.98058304455464,208.00536076268324,16.86425781,82.38360103604565,9.318142361,5,1,5,1,1,1,3,1,3,1,5,5,4,5,2.88,Average,3,2,2,4,2,3,3,2,3,Average,0.12
136,0.7395286360048915,0.6943584370288578,17.794572857741404,10.148512983864004,0.6744204757317229,0.1208054412226158,0.2981859440466954,0.5713974778366814,0.5001503061720168,363.5738034662285,20.614625381105323,181.17908904605443,14.503797743055555,71.93661482432478,17.509874131944443,1,1,5,1,1,1,3,2,2,1,5,5,4,5,2.43,Below Average,2,1,2,3,1,1,2,2,2,Below Average,-0.43
137,0,0.4613396342860884,85.25,5.360662937164307,0.6220684987532724,0.1094594557437504,0.2619971129163034,0.3905071872949616,0.8048360653031802,270.0780422482186,18.33676685,207.6205703559028,10.618815104166666,61.78688577555598,11.550672743055555,5,1,5,2,1,1,1,1,3,1,5,5,3,5,2.81,Average,4,2,3,4,2,2,2,3,3,Average,0.19
138,0.1406844106463878,0.9117929454443569,41.22857879993808,1.4435605449335915,1.290575490517735,0.1393161729170802,0.2646622965668236,0.6424354100237304,0.9111209598697813,403.78447635025583,22.61441982198953,195.2638322,24.790147569444446,105.2040358366904,14.582139756944446,5,1,5,1,1,1,3,1,2,1,5,5,5,5,2.88,Average,3,2,2,3,2,3,3,3,2,Below Average,-0.88
139,0.3770491803278688,0.3099303103263051,56.59710390206264,8.581579123,1.557881961376086,0.1085768322469814,0.2098374356584765,0.7532466548750245,0.8568316768997709,210.60622512778448,29.160827106966487,295.97713190827426,19.09559461805556,101.46491059847736,7.652886284722222,3,2,5,1,1,1,4,1,3,2,5,5,5,5,2.94,Average,3,3,2,4,3,2,3,4,3,Average,0.06
140,0.8891257995735607,0.5755539454088419,16.396488492355672,1.091126220566886,0.4917017473654644,0.1358776376795286,0.2940198375225797,0.5576038354444978,0.4784574779575532,383.4940368416678,27.562682260254725,289.01117553640177,14.602647569444445,86.49040139210086,13.023220486111112,1,1,5,2,1,1,3,3,2,2,5,5,5,5,2.71,Average,3,3,3,4,3,2,3,3,3,Average,0.29
141,0,0.6822610600450488,41.68479827621679,6.748547444740932,1.0240520993465407,0.1075915535120673,0.2931938850983002,0.61176726,1.0359349247727363,139.6165959884185,26.179778277928264,357.66411379166595,15.29025607638889,88.96065737,8.846571180555555,5,1,5,1,1,1,3,1,4,2,5,5,5,5,3.05,Above Average,4,2,3,4,3,2,3,4,3,Average,-0.05
142,0,0.5485227273634183,49.5,2.148079514503479,1.345469846640592,0.1161554297644365,0.2337066490771846,0.6351355842340566,0.6916518015872622,168.07206950873925,24.981290740699905,324.6337665771485,22.52973090277778,110.0798380786833,5.795681423611112,5,1,5,1,1,1,3,2,4,1,5,5,5,5,3.06,Above Average,4,2,2,4,2,2,4,4,3,Average,-0.06
143,0.208695652,0.6592977536709534,92.68508800720237,0.6567551891009012,0.8639612681973708,0.08381902,0.2712102600356298,0.6051824721656662,1.029392186412475,438.38267114038575,20.83795449386804,364.11167753312736,9.991753472222223,70.39423766360069,30.70496961805556,4,1,5,1,2,1,3,1,2,1,5,5,4,5,2.77,Average,3,2,2,3,3,3,2,3,3,Average,0.23
144,0,0.3842831472663839,17,7.852645337581634,1.012422339895273,0.063182691,0.3997374363323545,0.827276361,0.7272236906984724,48.10615176416534,20.62591266462715,122.71835170295503,8.237738715277777,47.29800764844241,4.985026041666667,5,2,5,1,3,2,4,1,5,1,3,5,2,5,3.15,Above Average,4,3,2,4,3,3,3,3,3,Average,-0.15
145,0.5379487018252845,0.4251885275654687,62.76350337573697,2.018099144101143,0.7907842145067411,0.076945466,0.1587644602800491,0.5391915857411842,0.8544091817003324,233.01704446808088,21.90801289169118,208.01114202982112,9.950086805555555,61.60538106549437,21.34646267361111,2,2,5,1,2,1,2,1,3,1,5,5,3,5,2.59,Average,2,2,2,4,2,3,2,3,2,Below Average,-0.59
146,0.076923077,0.5445638370757856,27.430328015614545,1.0999333124894362,0.6664348327345705,0.085775042,0.2450286790864638,0.6162756455716263,0.4494083849848269,255.8042691711867,20.303174833249884,352.44998855579047,11.814561631944445,75.59527231245828,9.913953993055555,5,1,5,1,2,1,3,3,3,1,5,5,4,5,3.06,Above Average,4,3,2,4,3,3,3,4,4,Good,0.94
147,0.2363784871584851,0.4458281564084876,79.62996632648809,1.0178979237874348,0.7065611578285262,0.079471987,0.3882989841060281,0.6486480458431392,0.5634978885575306,183.2286845489861,23.71316075392744,359.6382638055825,13.47048611111111,82.26803871029705,10.263563368055555,4,2,5,1,2,2,3,2,4,1,5,5,4,5,3.12,Above Average,3,2,2,4,3,3,3,3,3,Average,-0.12
148,0,0.7088265240415534,0,3.5731120904286704,0.4599663010587197,0.2304715257827535,0.2839302219677087,0.8093237942194081,0.4254540363513308,209.3505707251202,13.884641668310213,152.25963693559436,6.281901041666667,41.01398765271454,0.8450520833333334,5,1,5,2,1,1,4,3,3,1,4,5,2,2,2.86,Average,4,2,2,4,2,2,4,3,3,Average,0.14
149,0,0.5090993781157598,0,0.2273450940847396,1.3670042457036866,0.176083498,0.3456850317224212,0.643521255,0.4495443033538562,155.0863735234041,24.535380424905757,353.2685234184924,20.21929253472222,102.92556781661956,1.4764539930555556,5,1,5,1,1,2,3,3,4,1,5,5,5,2,3.03,Above Average,4,3,3,4,3,3,4,4,3,Average,-0.03
150,0,0.5374115360300535,73.5,1.036822421210153,0.5290001962935607,0.1119383685022416,0.3676654252740606,0.6427053554103143,0.5833305298660942,289.0114282052317,21.982720159529297,256.7090893889062,21.870225694444446,102.2729461019886,15.07324219,5,1,5,2,1,2,3,2,3,1,5,5,5,5,3.17,Above Average,4,3,3,4,2,3,3,4,3,Average,-0.17
151,0,0.5334182318860472,47.48823135099163,7.521340384085973,0.7380823903980578,0.160148114,0.3769912170312078,0.5058683649324752,0.5309837254934947,962.7437951905983,28.132476629913448,316.9784472,18.38085938,99.20881643995672,28.408854166666668,5,1,5,1,1,2,2,2,1,2,5,5,5,5,2.93,Average,3,2,2,4,1,3,2,4,3,Average,0.07
152,0,0.502386443,46.5,1.1468596024946731,0.4839907674860625,0.1020435738594434,0.3315334524182249,0.6724128222666657,0.6931183613268648,110.41378790114162,17.674222024027923,100.3093995857898,6.366644965277778,37.96798586642628,3.170355902777778,5,1,5,2,1,2,3,2,4,1,3,5,2,4,2.92,Average,3,2,3,3,2,2,2,3,3,Average,0.08
153,0,0.2994613322942666,59.32795658957855,0.3802382151285807,1.091066258,0.1726954463165376,0.3782600381416663,0.4573571393781062,0.5280602695167577,1156.2257343771491,23.30252002953313,228.1257187370006,21.983723958333336,100.41500376346664,33.08496094,5,3,5,1,1,2,2,2,1,1,5,5,5,5,3.1,Above Average,4,3,3,5,3,3,3,4,3,Average,-0.1
154,0.5868714419044897,0.326614217,33.436504394944386,1.241903238929808,1.1289118618033165,0.1130856707827494,0.1695294528094464,0.5370223678069205,0.9711003511524506,94.25707946,18.221436415983465,143.0201011917491,7.346571180555555,45.45244187,14.866861979166668,2,2,5,1,1,1,2,1,5,1,4,5,2,5,2.55,Average,2,3,3,3,2,3,2,3,3,Average,0.45
155,0.5835545620299556,0.3229708041364389,24.45575564401039,4.036244894227674,0.907194808,0.099990207,0.1170334105482016,0.6089906983982079,1.322525814166466,142.21508384286474,22.57937777584666,90.21312585816442,8.097005208333332,44.602017098739765,16.25737847222222,2,2,5,1,2,1,3,1,4,1,3,5,2,5,2.57,Average,2,3,2,3,3,2,2,2,3,Average,0.43
156,0,0.5305171933847063,57.16666666666666,0.3948242664337158,0.9696787756479248,0.1391459289864444,0.3097712057011774,0.6467965580560853,0.6101213125778239,459.3035454310327,24.799194826930925,377.8550824584855,22.33083767361111,109.3921104342988,22.05305989583333,5,1,5,1,1,2,3,2,2,1,5,5,5,5,3,Above Average,3,3,3,4,3,3,4,3,3,Average,0
157,0.2945205479452055,0.6309155501881984,27.75,5.647274247237614,0.8135091764864243,0.1644541256956202,0.3689708439880032,0.6740183335648661,0.6544176819938805,122.25008050064945,24.76352608438355,414.6673567674001,11.21538628472222,76.02792189635844,3.173611111111111,4,1,5,1,1,2,3,2,4,1,5,5,4,4,2.9,Average,3,3,2,3,2,2,4,3,3,Average,0.1
158,0,1.0885145739561994,14.455638526360204,1.3017120415514165,0.6460297248781788,0.1452106867644771,0.3346624977836968,0.4530709007879458,0.5616262825040926,552.5968860393774,29.26512645587195,406.8704068516755,19.65483940972222,103.59708145710265,15.492838541666668,5,1,5,2,1,2,2,2,1,2,5,5,5,5,3.04,Above Average,4,4,3,4,1,3,3,3,3,Average,-0.04
159,0.018036072,0.5053518255373082,23.538845677726776,2.956855363845825,0.6185890627363827,0.1189357017501337,0.2509334849428839,0.631515492,0.5642922864566529,248.5949461987033,24.97403233833888,299.4904369459917,23.542860243055557,113.06464059293526,17.01128472222222,5,1,5,2,1,1,3,2,3,1,5,5,5,5,3.11,Above Average,4,2,4,3,2,3,3,4,3,Average,-0.11
160,0.5119733570135399,0.3283136993350612,31.500799674713672,1.8447001708878408,1.5864059701294184,0.092944676,0.2540988219675754,0.6378615751310418,0.7923750693575061,154.52471170784136,29.212335866805443,132.9383351752387,9.979166666666666,57.83750145,12.87348090277778,2,2,5,1,2,1,3,1,4,2,4,5,3,5,2.72,Average,2,3,2,5,3,2,3,4,3,Average,0.28
161,0.9144537585356424,0.5328721386060283,31.391476089210823,3.1324391505297493,1.1334131126983715,0.128044932,0.2312456553974763,0.4409906595516417,0.5446716180857906,345.21358802929734,28.263119196384263,481.1731718674542,19.63465711805556,103.0355309523588,17.04665798611111,1,1,5,1,1,1,2,2,3,2,5,5,5,5,2.54,Average,2,2,2,4,3,3,2,4,3,Average,0.46
162,0.9004329004329005,0.5480513701235834,73.65587243,2.422201454639435,0.8342889461579648,0.137484499,0.3269192071396859,0.513851674,0.4769109407889699,385.7844412167711,22.27330421287309,553.0071098205555,11.24121094,74.86028491893654,27.04980469,1,1,5,1,1,2,2,3,2,1,5,5,4,5,2.49,Below Average,1,2,1,3,2,1,2,2,2,Below Average,-0.49
163,0,0.3597433210474305,22.12690669750293,2.6875089009602866,0.708400665,0.090382359,0.2801881599279576,0.6068370786342706,0.8642447748447348,325.3908157223017,21.57460134836448,266.2782510803117,9.54546441,66.05151901138007,4.295464409722222,5,2,5,1,2,1,3,1,3,1,5,5,4,5,3.05,Above Average,4,4,2,4,4,3,4,4,4,Good,0.95
164,0,0.3952309503207222,20.380750722188814,4.571565282344818,1.092673565818017,0.098712358,0.2564012626849164,0.5703045147478931,0.5886582299662846,232.12048712066832,29.432262468254294,309.1017955630256,21.60101996527778,109.51919112996048,10.988172743055555,5,2,5,1,2,1,3,2,3,2,5,5,5,5,3.22,Above Average,4,3,2,4,3,2,3,4,3,Average,-0.22
165,0,0.4079083495880029,1.5,0,1.244549635385242,0.096948347,0.2755109877374755,0.5732897955484093,0.6150479092369033,1119.7910862088372,24.10442350442405,449.7872974160088,20.287651909722225,102.91516748137867,18.08224826388889,5,2,5,1,2,1,3,2,1,1,5,5,5,5,3.05,Above Average,3,3,3,4,3,2,3,4,3,Average,-0.05
166,0.9543743761370532,0.5139613423300958,20.48356532676772,2.4632640017403498,0.4980523868400209,0.1325959701810685,0.3993689220204017,0.5655375649202756,0.4641668415460876,531.3410033,25.862485671980785,217.13678882807855,14.168836805555555,77.15143213546492,30.30902777777777,1,1,5,2,1,2,3,3,1,2,5,5,4,5,2.65,Average,3,3,3,3,2,2,2,4,3,Average,0.35
167,0,0.4614282285112545,215,0,0.3854180995177516,0.078725518,0.1228600566544857,0.3030560997216346,0.8221194936874806,537.0511362066127,18.48614349599324,175.32022998279996,5.286458333333333,42.634469746276615,11.283854166666666,5,1,5,3,2,1,1,1,1,1,4,5,2,5,2.76,Average,5,1,3,4,2,1,2,4,3,Average,0.24
168,0.6094665644624585,0.7024513145915798,26.603935182009767,0.608959538,0.7911419802666643,0.1460464815478059,0.3514741620056055,0.5470417102201067,0.5033299696891202,390.6179411940225,27.09105894739428,294.20085379621605,15.440321180555555,89.28657839498541,15.641710069444445,2,1,5,1,1,2,2,2,2,2,5,5,5,5,2.65,Average,2,3,2,4,3,3,3,4,3,Average,0.35
169,0,0.5587091629910212,0,1.6698934078216552,0.790794878,0.1110271049313225,0.3104821171917917,0.5947202102853821,0.4806072283238426,1708.6129686810175,20.40568019151381,173.28225147704018,3.293185763888889,37.41062253512759,64.76963975694444,5,1,5,1,1,2,3,3,1,1,4,4,2,5,2.73,Average,4,3,2,4,2,2,3,3,3,Average,0.27
170,0.7911477800096243,0.6283934069808741,48.12822767,3.0035642286141715,1.004820602247066,0.1393603386789757,0.3166955280319644,0.5181478895284669,0.7932629986891389,507.3254496253725,28.629646925536544,388.2602733425376,13.08452690972222,83.56840419193495,27.90028211805556,1,1,5,1,1,2,2,1,1,2,5,5,4,5,2.36,Below Average,2,2,2,3,2,2,2,4,2,Below Average,-0.36
171,0.5716051714749458,0.6989970526108642,34.666666666666664,4.414443767987764,0.8500187164544112,0.126360193,0.3559663196154177,0.5848130719565671,0.5867158809163437,367.6802399700667,26.78797975424698,298.3387576,17.62326388888889,96.09765730106396,10.473958333333332,2,1,5,1,1,2,3,2,2,2,5,5,5,5,2.71,Average,2,2,2,4,2,2,3,3,3,Average,0.29
172,0,0.6877085038162003,50.5,4.756364754268101,0.6479390965872465,0.1329551127224175,0.1879089754049134,0.5355771511569782,0.7603737036422751,84.44587493445648,21.88119121731947,249.5015657508273,14.615885416666666,79.73840843374246,1.6853298611111112,5,1,5,2,1,1,2,1,5,1,5,5,4,3,2.95,Average,4,2,2,3,2,2,3,2,3,Average,0.05
173,0.4722334134256141,0.4579886025237127,40.81745514,2.790442298959803,0.7669043548004492,0.1425520674889745,0.34483337,0.550742734,0.5393119482067521,610.6092069003976,25.09771300423837,343.0337876,12.110460069444445,78.88023671045252,36.35687934027778,3,1,5,1,1,2,3,2,1,2,5,5,4,5,2.7,Average,3,3,2,3,2,2,3,3,3,Average,0.3
174,0.3630289532293986,0.4401064162260995,58.19439795440724,2.151388915379842,0.9806327762617448,0.1266279399241984,0.3162328817182663,0.5461790744647504,0.6664980466831392,246.8076722846726,24.39127957632152,261.5759038483408,12.81488715277778,76.79789163132818,12.85915798611111,3,2,5,1,1,2,2,2,3,1,5,5,4,5,2.83,Average,4,2,2,4,3,3,3,3,3,Average,0.17
175,0.8933429935050758,0.3006869578277064,43.067221985765286,1.971161596915301,0.8814700056555752,0.1189843884106461,0.2023692750212311,0.4927663326803171,0.6718185383004187,281.54100160557255,27.20075618,241.9408790848332,8.745659722222223,64.03144517,17.182942708333336,1,2,5,1,1,1,2,2,3,2,5,5,3,5,2.53,Average,3,2,2,3,2,2,3,4,3,Average,0.47
176,0.8920618249930891,0.4371463451148633,14.910494670161595,1.7341326765897798,0.6036814464929766,0.097514053,0.1849195742647688,0.4990251399517627,0.4547944985208982,242.30043036602723,25.86625110944504,405.6502175949839,25.10959201388889,118.26190159638918,20.97384982638889,1,2,5,2,2,1,2,3,3,2,5,5,5,5,2.89,Average,2,3,2,4,3,2,2,3,3,Average,0.11
177,0,0.6918279630177363,53.10458108981912,2.047611989080906,1.1117711251181956,0.083527735,0.1535417415572852,0.5207543627903016,0.6550899844956907,206.8503551486892,20.882013584311068,293.4436146726714,6.433268229166666,59.08517294692268,17.458658854166668,5,1,5,1,2,1,2,2,3,1,5,5,3,5,2.88,Average,4,3,2,3,3,2,3,4,3,Average,0.12
178,0,0.662271209,14.715507967543436,0.8538611994849311,0.8750085519871152,0.1123612876842921,0.253395892,0.6445846285406436,0.6242890553425271,280.9625777098556,28.96550150229853,472.0647714421296,14.755750868055555,88.75000335531593,11.15060763888889,5,1,5,1,1,1,3,2,3,2,5,5,5,5,3.05,Above Average,3,3,3,3,3,3,3,3,3,Average,-0.05
179,0,0.4477172466604653,51.945652092386815,3.4777518738257256,0.9636727003916166,0.1734114705183114,0.3164621639763033,0.4268441304649149,0.4463802682890191,705.2581254781273,29.549093460579503,298.51449747433014,10.76584201388889,76.92352251938944,43.509982638888886,5,2,5,1,1,2,2,3,1,2,5,5,4,5,3.04,Above Average,4,3,4,4,2,2,3,4,4,Good,0.96
180,0,0.6644966766639915,0,3.799792766571045,0.5974074819218899,0.1266031527869413,0.2314531860897379,0.635304059,0.4254211025623086,163.87590462081994,23.50120904183192,185.05952690326905,45.01681857638889,165.30701294040955,3.735677083333333,5,1,5,2,1,1,3,3,4,1,5,5,5,4,3.18,Above Average,4,2,3,4,2,2,3,3,4,Good,0.82
181,0.5490709640493994,0.5406772288715284,60.49295816871234,1.618385598773048,0.8631097258699025,0.1501997831577985,0.348873658,0.5839025611629455,0.723961037,353.6971757811488,30.86485855520006,374.51091195774666,19.79546440972222,104.8188225067667,23.79611545138889,2,1,5,1,1,2,3,1,2,2,5,5,5,5,2.65,Average,2,3,2,4,2,2,3,4,2,Below Average,-0.65
182,0,0.5330607945086459,41.48359782961079,0.764357179,0.4726884210918894,0.1788257247340066,0.3201600269573567,0.4468424541031524,0.5037612769241934,278.127406,27.101789408104327,213.01277671966557,9.014756944444445,61.89644320935206,4.163302951388889,5,1,5,2,1,2,2,2,3,2,5,5,3,5,3.04,Above Average,5,2,3,4,3,3,4,3,3,Average,-0.04
183,0.5910385200291761,0.4270853065413918,36.36026550363824,3.6446700353046944,1.2497390195315266,0.1686717433354958,0.2774691109666257,0.5066223842166981,1.074913040517506,562.1242121203566,29.816769104346623,361.7125371395111,13.773003472222223,86.22739496883997,68.30327690972223,2,2,5,1,1,1,2,1,1,2,5,5,5,5,2.58,Average,2,3,2,4,2,2,2,3,2,Below Average,-0.58
184,0.4074074074074074,0.5200489855989395,15.799984563664404,2.1692836710384915,0.7433796821298696,0.1177170631615708,0.2228256776828681,0.4072616520577274,0.8142855943847375,190.43364059872425,28.588789254982927,412.1425493846705,24.676323784722225,118.32336598165811,13.27539063,3,1,5,1,1,1,2,1,4,2,5,5,5,5,2.77,Average,3,2,2,4,3,2,2,3,3,Average,0.23
185,0.7779206406740231,0.4766398591051078,24.527597846748098,8.101432740688324,0.6513433732355081,0.1591967548942974,0.3213277536200515,0.5670246724490041,0.7099310761815899,361.4604561,30.74026771954288,312.56020373075506,13.468532986111112,85.77573281810479,23.99012586805556,1,1,5,1,1,2,3,1,2,2,5,5,5,5,2.54,Average,3,4,3,4,3,2,3,4,3,Average,0.46
186,0.1583884726993213,0.6777560069842493,4.75,4.846695582,0.8604484627403842,0.1413347726393276,0.3093415610734249,0.6629438401013893,0.7397545895721332,384.6204178926823,22.81301838911192,420.3689377439711,16.06640625,89.60572794455595,4.777018229166666,5,1,5,1,1,2,3,1,2,1,5,5,5,5,2.94,Average,4,2,2,3,2,2,3,3,3,Average,0.06
187,0.4313548431885672,0.4940995056999993,44.10055488564217,3.684558868408203,0.8508208814304062,0.1110640146220791,0.177821451,0.5388638121355634,0.8794801049741041,280.4377775418427,23.99513936310822,133.57710686153837,7.754123263888888,48.61765015937461,27.50477430555556,3,1,5,1,1,1,2,1,3,1,4,5,2,5,2.43,Below Average,2,1,1,3,3,1,2,2,2,Below Average,-0.43
188,0,0.6852068816552124,9.5,4.884970392499652,0.3029696909078785,0.1268660657369214,0.3377110548607726,0.6815864317676724,0.3540024199727613,153.73490363290168,22.967540440470557,202.37810216417543,8.023871527777777,55.79319501998615,1.5251736111111112,5,1,5,3,1,2,3,3,4,1,5,5,3,3,3.18,Above Average,4,2,3,4,3,4,3,5,3,Average,-0.18
189,0,0.3699250635530932,66.25,1.1845318930489677,1.105802474805073,0.095494608,0.2394162712611126,0.577767818,1.1647312681127835,200.8997917397137,22.75627945193494,352.9260306796604,9.315104166666668,69.32345222596747,7.045898437500001,5,2,5,1,2,1,3,1,3,1,5,5,4,5,3.05,Above Average,4,3,2,3,3,2,5,3,3,Average,-0.05
190,0.5527643092156906,0.4711047049272977,9.042071178,2.791380912065506,0.7221085937518075,0.1404788148716543,0.1968873489066633,0.5483684516265421,0.3741051824358124,271.3507515752307,25.278623996024297,398.9704757,9.151367188,70.09341356051215,17.15277777777778,2,1,5,1,1,1,2,3,3,2,5,5,4,5,2.65,Average,3,2,3,4,2,2,3,4,2,Below Average,-0.65
191,0,0.4859167481135768,0.5,0.2873659133911133,0.6145534706976458,0.083905096,0.3764937632189542,0.6144713958702148,0.3817706349393732,181.7781206013648,24.567217196901986,194.99638423755312,7.509548611111111,54.31189285553964,5.243815104166667,5,1,5,2,2,2,3,3,4,1,5,5,3,5,3.23,Above Average,4,3,2,4,3,4,4,4,4,Good,0.77
192,0,0.4308750543519622,48.333333333333336,0.9475792249043784,1.2964801208137906,0.1407506053014176,0.3247739597967665,0.5918127410011055,0.4041179567872743,278.86630548029666,26.45194155572493,404.77006211013673,10.780164930555555,75.56646556952913,13.609266493055555,5,2,5,1,1,2,3,3,3,2,5,5,4,5,3.22,Above Average,4,3,3,4,3,3,4,4,4,Good,0.78
193,0,0.5964525480952051,175.75,1.5513217789786202,1.9070002367052492,0.096224164,0.2193505222527115,0.6604767426236384,0.4194620963650945,284.0834591541937,28.58242073390868,312.8277669216392,9.728949653,73.47805932528767,9.814670138888888,5,1,5,1,2,1,3,3,3,2,5,5,4,5,3.11,Above Average,4,2,3,4,3,2,3,4,4,Good,0.89
194,0,0.724569404,0,4.319667816162109,0.3363832301714369,0.176013894,0.361383578,0.5476978768688366,0.3611395839938207,259.3605397835261,23.61386545417727,202.00457786041892,8.420355902777779,57.26845822146387,1.9055989583333333,5,1,5,3,1,2,2,3,3,1,5,5,3,3,3.06,Above Average,4,2,3,4,2,3,4,3,4,Good,0.94
195,0,0.4969336232795714,27.19260539142416,2.282814247267587,0.5059563927617544,0.135209251,0.3509834309698193,0.5828501620460883,0.3976072896997524,208.9002119345387,29.565112119384438,459.4068595,12.13042534722222,81.17383210135888,4.285264756944445,5,1,5,2,1,2,3,3,3,2,5,5,4,5,3.22,Above Average,4,3,3,4,3,3,4,5,3,Average,-0.22
196,0,1.277214826749654,8,6.436861685344151,0.7985404201628615,0.1365312905818989,0.3606928869631125,0.8135820774737302,0.3843815018023537,85.9990273,31.852212700040145,506.0253060338892,14.60698784722222,89.74706989168673,1.638129340277778,5,1,5,1,1,2,4,3,5,2,5,5,5,3,3.25,Above Average,4,2,2,4,2,3,4,3,3,Average,-0.25
197,0.2226415094339622,1.0732191323592042,65.42190403,2.004681746164957,1.1328999873334888,0.091879894,0.2677462111863687,0.6489142517888973,0.8733401804833125,194.3025883010729,30.90206530270912,217.2746780168274,10.90332031,69.88846139,9.734266493055555,4,1,5,1,2,1,3,1,4,2,5,5,4,5,2.94,Average,3,2,2,3,3,3,3,3,3,Average,0.06
198,0,0.5164835042206847,37.10329133564993,4.8747359097003935,0.8430573881103037,0.163416807,0.272173423,0.4993199307190601,0.6182660665180318,380.8627921604101,28.133266737674465,431.47607729762393,10.05034722222222,74.21767504,20.35785590277778,5,1,5,1,1,1,2,2,2,2,5,5,4,5,2.87,Average,3,2,1,3,2,2,3,4,3,Average,0.13
199,0,0.3806696131367135,0,9.742567698160808,0.6517211707694216,0.1130732451603881,0.3029857395718216,0.611565492,0.3898951444505024,113.53969823654256,28.308334503453278,333.4147600858889,12.252712673611112,80.91230527255996,2.9771050347222223,5,2,5,1,1,2,3,3,4,2,5,5,4,4,3.23,Above Average,4,3,3,3,3,3,3,4,4,Good,0.77
200,0,0.4243399372986353,85,0.2646216262470592,0.9934907374751578,0.115169384,0.3437777196978896,0.6141863594336084,0.6530515611784096,152.17889996532045,26.01094148,330.72971798193186,11.619249131944445,77.86321813826993,7.463650173611111,5,2,5,1,1,2,3,2,4,2,5,5,4,5,3.22,Above Average,3,3,3,3,3,3,3,3,3,Average,-0.22
201,0,0.862858515,9,1.5462287589907646,0.4704607670500627,0.1209001295506514,0.2977013623503374,0.7514666750678278,0.3414523929871293,104.5507755599336,25.466880663020905,311.74211677545503,17.57248263888889,95.45088824817712,1.7023654513888888,5,1,5,2,1,1,4,4,4,2,5,5,5,3,3.3,Above Average,4,3,2,4,2,2,4,3,3,Average,-0.3
202,0.3808630393996248,0.52113613,38.125,2.8238518658806298,0.7433875329603953,0.1652978944643219,0.2558212348651935,0.522173582,0.4327215144859884,372.8834381707807,31.35365802804591,503.5215299025877,9.429904514,73.96654255568963,13.55251736111111,3,1,5,1,1,1,2,3,2,2,5,5,4,5,2.7,Average,3,3,2,3,3,2,3,3,3,Average,0.3
203,0.5574691670972554,0.5540740260142477,27.056962105147534,1.6856046347391038,0.4689422922116869,0.1138693976953182,0.3270836817336849,0.6025641600801711,0.4877537526891561,376.0920431909449,43.67237206251861,128.99517519988157,8.213440111420613,59.37602388550931,19.617949164345404,2,1,5,2,1,2,3,3,2,3,3,5,3,5,2.74,Average,2,2,2,4,3,3,2,4,3,Average,0.26
204,0,0.4541399920031223,23.25,8.387878000736237,0.5774404731225549,0.1406154070610564,0.3583144113452214,0.716970005,0.396506753,376.9487966968055,50.60747388,75.43208938208032,8.825218023255815,59.32259994932798,10.554090531561462,5,1,5,2,1,2,4,3,2,4,2,5,3,5,3.15,Above Average,4,2,3,4,2,3,3,3,3,Average,-0.15
205,0,0.7231803428511496,588.1758996158283,4.688507397969564,2.7834450088064844,0.1133523471030184,0.4875559317636151,0.6298547224511636,0.8896521594821921,3235.295729965016,37.87535042374036,61.97851793,13.70789748953975,66.25921947382432,87.88515516039051,5,1,5,1,1,3,3,1,1,3,2,5,4,5,2.87,Average,4,3,3,4,2,3,4,3,2,Below Average,-0.87
206,0,0.6027021135209573,17.03370198814981,2.224858057769862,0.5577212069446421,0.1301215451529913,0.3160986861955906,0.5066094441838574,0.6804414854907095,286.24284311887544,25.10108336975285,176.3066446311897,15.791298522595596,77.55510171578217,10.410812572421785,5,1,5,2,1,2,2,2,3,2,4,5,4,5,3.06,Above Average,3,2,3,4,3,2,3,3,4,Good,0.94
207,0,0.8225940258107903,40.16666666666666,3.773459281240191,0.90087227,0.091442467,0.2919959029575574,0.5733351706305189,0.4625148628119592,209.1042562504779,60.02933896468671,564.0224631183719,25.969401041666668,137.92287260734335,9.75640191,5,1,5,1,2,1,3,3,3,5,5,5,5,5,3.32,Above Average,4,3,2,4,3,3,3,4,3,Average,-0.32
208,0,0.5984768164957928,19,4.365138265821669,0.9224281775648632,0.1437910446162333,0.3509970344733388,0.4799589015822191,1.0694698806355736,462.0268867618827,21.177541287476934,63.354946269613386,20.531426056338027,78.51854343971388,15.34225352112676,5,1,5,1,1,2,2,1,2,1,2,5,4,5,2.71,Average,3,2,2,3,2,2,2,3,3,Average,0.29
209,0,0.9733658368916532,28.33333333333333,5.132084479698768,0.4406851817439149,0.1617957070000096,0.3620679559704051,0.5519292825875131,0.4634836391576991,387.0587363074756,19.87450544341093,70.23432838653015,15.78610248447205,64.31899301377463,12.353907867494824,5,1,5,3,1,2,3,3,2,1,2,5,3,5,3.05,Above Average,4,3,3,4,2,2,3,2,3,Average,-0.05
210,0,0.5734517948889464,29,9.425113677978516,0.6442195379186642,0.1171538961523391,0.3890212381835168,0.7253276925601667,0.5263813459320573,856.8781360023993,17.37492960144892,38.10146558200645,22.99786931818182,81.49121931347057,11.90898944805195,5,1,5,2,1,2,4,2,1,1,1,5,4,5,2.9,Average,4,3,2,4,3,2,3,3,3,Average,0.1
211,0,0.4993794074316309,56.5,4.808607152530125,1.5479221184230658,0.089038263,0.2677720184462557,0.6729784377259076,0.699198111,146.52572915789696,20.59662163208933,105.31050594974978,29.275959889167435,108.65724107852196,4.430168887716057,5,1,5,1,2,1,3,2,4,1,3,5,5,5,3.05,Above Average,4,3,3,4,3,3,2,4,3,Average,-0.05
212,0.6702127659574468,0.4291978258623454,22.58329778591927,5.207620644051096,0.775700385,0.1099324206962907,0.2937767761474503,0.7246842838346874,0.5708883113953226,225.56641088016488,19.28558960019786,94.34615859,22.77098349678995,87.39036114949562,6.100082712985939,2,2,5,1,1,1,4,2,3,1,3,5,5,5,2.76,Average,3,2,2,3,2,2,4,3,2,Below Average,-0.76
213,0,0.6096682114351923,16.166666666666668,7.824192514022191,0.7734875855953132,0.1317119186576671,0.2924942461780358,0.8427527012722337,0.8064753420308685,72.13986103655482,19.763786122384683,152.30582913050566,30.75206370078165,117.36866707658788,0.8560705676090291,5,1,5,1,1,1,4,1,5,1,4,5,5,2,2.93,Average,4,2,2,4,2,3,4,3,3,Average,0.07
214,0,0.3916962108756237,23,4.719207715988159,0.450552029,0.123281479,0.3921359347681158,0.6156114499493748,0.4721545105773604,87.63732425433464,14.43850702289722,18.506186309742443,20.09804428807947,69.36400500666127,1.3308153973509933,5,2,5,2,1,2,3,3,5,1,1,5,4,2,3.1,Above Average,3,3,2,5,3,3,2,4,3,Average,-0.1
215,0.068062827,0.2993936816847675,35.55902760825223,2.809699687090787,0.6324980229156503,0.1038440932495003,0.2446924527528413,0.5879024571402596,0.7938884157744117,363.2576614095378,39.53647832387228,144.64652799600026,45.52498808199587,170.8078562075238,6.4401914825997135,5,3,5,2,1,1,3,1,2,3,4,5,5,5,3.28,Above Average,5,3,3,3,2,3,4,3,3,Average,-0.28
216,0.6313437889433227,0.5892435529316511,30.633443700541186,5.3604202019540885,0.5719509051738141,0.1060894065246657,0.2284171550688632,0.4747339485412101,0.4643109228081066,190.92123499816225,30.93144625786104,149.52144443809618,33.18905927220722,129.9850453893618,11.124066423009694,2,1,5,2,1,1,2,3,4,2,4,5,5,5,2.85,Average,3,2,2,2,2,2,3,3,3,Average,0.15
217,0,0,0,0,0,0.1142996528745182,0.2481034350808245,0.3223140495867768,0.203469899,33.289971796657056,22.862759360661165,183.52504316503004,78.88745431,266.4462469397861,0.068429207,5,5,5,5,1,1,1,4,5,1,5,5,5,1,3.82,Good,5,4,5,5,3,3,3,4,4,Good,0.18
218,0,0.946681547,8.5,0,0.5612384242153501,0.097690138,0.2282035251747625,0.5995069175964894,0.5992696779720511,352.1315670573685,39.85131059283677,102.18499419571668,45.91033688225012,167.8751653627404,3.360281264897505,5,1,5,2,2,1,3,2,2,3,3,5,5,4,3.09,Above Average,4,4,2,3,3,2,3,3,3,Average,-0.09
219,0,0.2853421075537139,0,12.886603037516275,0.5263157894736842,0.09009698,0.07695627,0.7321011443741648,0.2278662146663019,60.03557476366984,35.98720823753972,54.86701093,15.216709041792468,69.13043233681437,0.3386699507389162,5,3,4,2,2,1,4,4,5,3,2,5,4,1,3.31,Above Average,4,3,3,5,3,3,3,4,4,Good,0.69
220,0,0.694977709,0,31.788821856180828,0,0.1023275825804871,0.095309564,0.4946160097521332,0.1726941750308837,29.49038167077939,19.11211440563639,114.52978349610076,15.86405529953917,68.60120145104578,0.6302637851581122,5,1,2,5,1,1,2,5,5,1,3,5,4,1,3.02,Above Average,3,3,4,3,2,2,2,4,3,Average,-0.02
221,0,0.54513962,2,0,0,0,0,0.9583333333333334,0.1185979166307334,4.003565868815943,12.227513717262152,51.68059208985636,10.120471158430002,41.64322954290672,0.089484348,5,1,5,5,5,1,5,5,5,1,2,5,2,1,3.61,Good,4,3,4,4,4,3,4,3,4,Good,0.39
222,0,0.6971048421470465,0,0,0.048765985,0.050496859,0.2445782026982841,0.7745363505192987,0.6072193141593993,75.04986945109934,19.479239240939677,164.34338570450868,69.01736055935166,233.22603986897568,0.2732202447163515,5,1,5,5,3,1,4,2,5,1,4,5,5,1,3.51,Good,5,4,5,5,4,4,4,4,4,Good,0.49
223,0,0.3567525370804059,0,0,0,0.092465391,0.066220103,0.4875072296124927,0.1698642381924875,60.76136273741543,13.783769636245994,50.91063134009124,9.862843635785794,41.57147886,1.4825997139679008,5,2,5,5,2,1,2,5,5,1,2,5,2,2,3.41,Above Average,3,3,5,4,3,3,3,4,4,Good,0.59
224,0,0.2572050027188689,0,14.036243438720703,0.3333333333333333,0.2425926709249423,0.5491248777594591,0.9603012219380508,0.434310317,47.394850828183394,31.43463587285266,182.53098862141752,74.17666454791038,256.5004104422992,0.099912601,5,3,4,3,1,3,5,3,5,2,5,5,5,1,3.61,Good,4,4,3,5,3,4,4,4,5,Very Good,1.39
225,0,0,0,0,0,0,0,0,0,0,19.27675887562916,121.20330122549564,70.02234626,231.82574833360425,0,5,5,5,5,5,1,1,5,5,1,3,5,5,1,4.04,Very Good,5,5,5,5,5,4,3,4,5,Very Good,0.96
226,0,0,0,0,0,0,0,0,0,0,22.614377843800256,175.62882017480797,87.83509454949944,292.37535458787926,0,5,5,5,5,5,1,1,5,5,1,4,5,5,1,4.08,Very Good,5,5,5,5,5,4,4,4,5,Very Good,0.92
227,0,0.7107991501414668,3,0.025949113,0.5774958783800194,0.1296833786396899,0.3907574293239448,0.6688710361307194,0.7839301460474153,352.33196033317944,27.65122555185603,106.95881079744436,20.94390592722072,87.35321163733462,3.8876529477196886,5,1,5,2,1,2,3,1,2,2,3,5,5,4,2.98,Average,4,2,2,3,2,3,3,3,3,Average,0.02
228,0,0.7006068872578854,0,1.3564469814300537,0.5839017573709293,0.1541369857529607,0.4120573548636315,0.4358219972347179,0.4712153337006836,2768.756817628747,15.373892578891436,69.73819867823597,20.758084379469253,76.93501929567708,13.28559510567297,5,1,5,2,1,2,2,3,1,1,2,5,4,5,2.88,Average,3,2,3,4,2,2,3,4,3,Average,0.12
229,0,0,0,0,0,0.2330495913413864,0.1985064990271498,0.5714285714285714,0.2263315676477133,35.122009560324926,32.81495845618726,148.95927663305628,60.09057683139997,211.57513738559916,0.1343754965835054,5,5,5,5,1,1,3,4,5,2,4,5,5,1,3.95,Good,4,4,4,5,3,4,5,3,5,Very Good,1.05
230,0,0.6817237766927294,18.75,0.2130935375507061,0.5159845052080604,0.087342151,0.4882672652754729,0.7629181748258284,0.6605638242599945,61.18751878,22.077125732483825,83.57567188102502,70.10040918480853,229.6973576,0.895935961,5,1,5,2,2,3,4,2,5,1,2,5,5,2,3.21,Above Average,5,3,3,4,3,3,4,4,4,Good,0.79
231,0,0.2180063860692699,10.5,0,0.1655653657998514,0.098541895,0.5274732766564223,0.6584253379528244,0.3736513151608852,34.95606262571789,18.026764494016177,143.51274365449984,60.47185364690927,204.78021755318588,0.2125377403464166,5,3,5,4,2,3,3,3,5,1,4,5,5,1,3.69,Good,5,4,4,4,4,4,4,4,4,Good,0.31
232,0.974634,0.60833,59.249173,8.392894,1.433564,0.113716,0.243048,0.647271,0.74361,665.425727,17.984823,6.034554,5.244424,25.029789,44.112,1.052443,1.001666,4.995747,1.021271,0.941858,0.987509,3.019615,1.034936,0.990375,1.015064,1.009929,5,0.955471,5,0.250187,Poor,1,1,1,3,1,1,1,2,1,Poor,0.75
233,0.88294,0.556516,47.527281,6.795672,1.151235,0.132662,0.268626,0.604079,0.774813,826.67282,14.575325,9.099615,5.043932,22.956799,19.21,0.981201,1.019973,4.989995,1.09343,0.967228,0.956045,3.030739,1.056874,1.020228,1.033433,1.057054,4.996239,0.943082,4.978717,0.584583,Poor,1,1,2,2,2,1,3,1,1,Poor,0.415
234,0.965166,0.593308,96.371809,6.361952,1.684527,0.123068,0.263384,0.536825,0.719846,1248.427265,17.768899,12.365508,7.978316,34.278003,63.31,1.023013,0.910913,5,1.030115,1.035636,1.002887,2.32906,1.01354,1.019353,0.977205,0.951175,4.959662,1.627182,4.970171,0.353344,Poor,1,1,1,2,1,1,3,2,1,Poor,0.647
235,0.94114,0.648996,41.01518,8.252824,1.024598,0.125466,0.266904,0.605416,0.705098,1043.160304,15.299884,6.00135,6.10101,26.703883,22.221,1.012214,1.036733,5,1.084176,1.079141,0.958055,2.962343,0.97302,1.028984,1.024556,1.072221,4.99332,1.001967,5,0.947709,Poor,2,2,2,3,1,1,2,2,2,Below Average,1.052
236,0.96505,0.530141,76.613519,7.176661,1.195594,0.1377,0.251798,0.530237,0.780621,1227.224609,13.759957,7.405873,4.301119,21.114775,39.758,1.061245,0.971198,5,1.007589,1.003229,0.949729,2.33889,1.062685,1.002834,1.013932,1.005402,5,1.007025,4.96781,0.642583,Poor,1,1,1,2,1,2,1,2,2,Below Average,1.357
237,0.744521,0.553388,236.957711,7.339093,3.289348,0.120577,0.267736,0.632261,0.867695,736.440544,14.112158,5.522085,3.100508,16.830997,91.858,1.000219,1.025982,4.960289,1.013287,0.99459,1.029841,3.038348,0.979931,1.032565,0.961308,1.144583,4.047569,1.054253,4.9096,0.748412,Poor,1,2,1,2,2,1,1,1,1,Poor,0.252
238,0.848486,0.554756,38.835923,9.185883,1.091311,0.136151,0.263504,0.594761,0.745267,859.850863,15.866364,5.534743,4.65976,22.151032,19.155,1.100789,0.956059,4.976137,0.999825,0.986276,0.959171,2.976138,1.014083,0.981296,1.015853,0.996012,5,1.04947,4.986736,1.430968,Poor,1,1,1,3,1,1,2,1,1,Poor,-0.431
239,0.898143,0.568427,167.8435,6.387185,2.249058,0.133456,0.275606,0.567543,0.774281,1041.088791,13.936352,10.930661,6.311576,26.675887,85.548,0.861,1.03729,5,0.999617,1.007205,1.030565,2.547006,0.966405,1.027886,0.973571,1.041503,4.591752,1.512522,4.94731,0.961812,Poor,2,1,1,2,1,1,2,1,1,Poor,0.038
240,0.783513,0.563824,58.385335,6.450981,1.190189,0.119601,0.281404,0.579353,0.726444,1258.667666,14.989168,6.007091,7.36216,31.060329,29.556,0.985509,0.971446,5,1.068675,1.00153,0.979695,2.536528,1.437023,0.949409,0.99499,1.002447,5,1.037739,5,1.185449,Poor,1,1,3,3,1,1,2,2,1,Poor,-0.185
241,0.844022,0.520567,35.927572,9.751728,1.041257,0.140089,0.257955,0.607171,0.770866,789.408834,14.402205,6.155869,4.479931,21.757133,18.82,1.072127,0.917779,5,0.923348,1.064544,1.010134,2.954353,1.080396,1.025759,0.924354,1.011739,4.970754,1.004452,4.981392,0.59038,Poor,1,2,1,3,2,1,1,2,1,Poor,0.41
242,0.903136,0.579225,91.190412,7.426924,2.482177,0.130882,0.265045,0.578461,0.69692,961.956793,12.566986,11.710878,6.176321,25.665639,61.272,0.992622,1.024656,4.995361,1.030554,0.992672,1.033183,2.431919,1.40036,1.370633,0.962395,0.970371,4.150572,1.629608,4.998136,1.642981,Poor,1,1,1,2,1,1,2,1,2,Below Average,0.357
243,0.778125,0.596308,64.652264,8.671401,2.743989,0.123849,0.250609,0.625348,0.711653,887.039389,13.305929,5.649298,4.323916,19.413095,27.128,0.961915,0.922483,4.974683,0.977534,0.998911,0.999662,2.990253,1.582003,1.489613,0.971903,0.957824,3.927964,1.010239,5,0.700094,Poor,1,1,1,3,1,1,2,1,1,Poor,0.3
244,0.964166,0.520393,54.979187,7.312489,1.039583,0.131389,0.27405,0.618628,0.782615,828.36051,15.934016,9.627266,4.108366,22.001015,18.085,0.970853,0.969862,5,1.036615,1.048812,1.062003,2.950429,1.052224,0.954229,1.01405,1.070847,4.985097,0.957848,4.916403,1.104976,Poor,1,1,2,2,2,1,1,2,1,Poor,-0.105
245,0.749019,0.524249,111.708842,7.946923,1.654246,0.110229,0.263074,0.594726,0.672447,987.873895,11.112014,5.067727,6.342788,25.155394,33.966,1.004816,0.951687,4.977587,0.977089,1.029002,1.015352,2.348857,1.681152,0.97886,0.994551,1.00723,5,0.996059,4.985968,1.190035,Poor,1,1,1,3,2,1,1,2,1,Poor,-0.19
246,0.839288,0.551649,62.45969,8.333697,1.766472,0.121964,0.263257,0.588179,0.748523,1077.575023,20.194659,5.994386,5.741261,28.440144,28.817,0.984455,1.005182,5,0.99107,1.003809,0.968931,3.051694,0.980187,1.013589,0.979534,1.004253,4.993273,0.993501,4.959449,1.396992,Poor,2,1,2,3,2,1,1,2,1,Poor,-0.397
247,0.838122,0.545732,32.121858,9.255706,0.873313,0.120854,0.259609,0.590796,0.685548,933.711554,13.099845,6.211104,5.892999,25.289455,23.811,1.091258,1.041979,5,1.002513,1.001305,1.076467,2.383162,1.575086,0.980555,1.00326,1.042352,4.985576,0.998495,5,0.542985,Poor,1,1,2,3,1,1,2,2,1,Poor,0.457
248,1.02974,0.644748,33.657104,9.034643,0.958622,0.120162,0.25677,0.62192,0.725176,725.47625,17.321281,6.136967,5.05389,23.676541,22.39,1.079207,1.007522,4.963831,0.965343,1.016742,0.963479,2.998632,1.043546,0.939727,1.080229,1.062668,4.950517,0.943454,4.988663,0.920028,Poor,1,1,1,2,2,1,1,3,2,Below Average,1.08
249,1.094196,0.55386,92.64699,4.808164,1.592005,0.118084,0.254298,0.522932,0.75408,902.477946,16.271707,5.535496,5.678469,25.654133,39.776,1.015018,0.979587,5,1.069508,0.955688,1.069497,2.397828,0.969335,1.097089,1.006201,1.054816,5,0.932776,5,0.613548,Poor,1,2,2,2,1,1,1,1,1,Poor,0.386
250,0.865233,0.548136,64.48267,8.510279,1.055648,0.12431,0.255016,0.514241,0.724622,1319.664216,12.150633,4.817614,5.64371,23.694992,43.181,1.018886,0.933919,4.984852,1.01107,1.025646,0.93608,2.006367,1.460377,0.992856,0.99621,1.018018,5,1.026985,5,0.772562,Poor,1,2,1,3,1,2,1,2,1,Poor,0.227
251,0.833186,0.620103,65.736076,7.251126,1.567934,0.118097,0.264787,0.583511,0.75243,1337.289909,18.491078,5.978634,7.128974,31.873531,30.478,0.946075,0.971655,5,1.059546,1.016024,0.994696,3.000581,1.051116,0.953436,1.027076,0.949116,4.95316,0.936088,5,1.357214,Poor,1,2,1,4,2,1,1,2,2,Below Average,0.643
252,0.928704,0.538096,66.16,7.864985,1.381246,0.140874,0.273257,0.549148,0.757771,1189.355682,14.116652,5.449296,5.09335,23.090114,21.386,1.031678,1.009769,4.988132,1.00326,1.031188,1.013685,2.468973,1.008824,0.97495,1.021439,1.018848,5,1.025311,5,1.096164,Poor,2,1,1,2,1,2,2,1,1,Poor,-0.096
253,0.872985,0.557925,165.505063,6.276853,2.437918,0.126591,0.26269,0.560615,0.78551,1124.099395,14.707303,5.427973,4.541955,21.35015,55.065,0.993006,0.995737,5,0.926071,0.939757,0.968707,2.503664,1.043144,0.969808,1.011467,1.042794,4.517433,1.041423,4.903016,1.049558,Poor,1,2,2,2,1,2,2,2,1,Poor,-0.05
254,1.076681,0.647966,37.97436,7.003724,0.859875,0.123226,0.270644,0.556699,0.700164,1076.803677,14.035092,5.417861,4.38762,20.506832,16.904,0.989077,1.014489,5,1.002269,0.943991,1.001693,2.365746,0.912671,0.972098,0.942702,1.023474,5,1.07435,4.977072,1.190811,Poor,1,1,1,3,1,2,1,2,1,Poor,-0.191
255,0.785203,0.557423,44.576629,8.780752,1.163308,0.138628,0.270019,0.58273,0.761354,1128.330462,14.174859,5.494965,5.514986,23.668774,19.933,1.042029,0.977533,5,0.945055,0.988398,1.069711,2.919686,1.047537,0.925945,0.996397,0.993099,5,0.873818,4.923288,1.005489,Poor,1,1,1,2,2,1,2,2,1,Poor,-0.005
256,0.848796,0.589682,70.425101,7.659023,1.208312,0.131967,0.254022,0.539221,0.766135,1448.160821,13.62089,4.81918,5.982113,24.810721,40.035,0.936475,1.04644,4.994376,1.04598,1.010892,0.931866,2.410189,1.030317,0.969373,0.956386,0.992825,4.992921,0.959525,4.986954,0.258703,Poor,1,1,1,3,1,1,2,2,2,Below Average,1.741
257,0.968502,0.576923,70.329676,5.322613,1.126332,0.116286,0.269317,0.580177,0.72616,924.636468,16.199161,5.780527,4.948228,24.470917,26.335,0.999133,0.957334,5,1.032874,1.030162,0.968907,2.412383,0.918813,1.06838,1.020329,0.989566,5,1.030037,5,0.792067,Poor,1,1,2,2,1,2,2,1,1,Poor,0.208
258,0.92827,0.598916,36.707859,8.64937,0.994541,0.128096,0.247475,0.63558,0.776979,756.82653,17.962646,5.53867,4.988679,24.543801,21.256,1.043925,0.97299,4.96779,0.999952,1.07728,1.012366,3.037431,0.970728,1.0031,0.952938,0.977156,5,0.998464,5,0.93873,Poor,2,1,1,3,1,1,2,2,1,Poor,0.061
259,0.888862,0.577824,91.219476,6.483361,1.883759,0.109405,0.247363,0.630207,0.769689,878.744888,22.066807,6.711953,6.583273,32.444344,40.333,1.068367,1.01729,5,1.007931,1.059469,1.064464,2.980783,1.03673,1.021388,1.066962,1.027242,4.973253,0.968093,4.99964,1.536179,Poor,1,1,2,2,2,1,2,3,2,Below Average,0.464
260,0.976565,0.574488,89.206012,6.919161,1.449695,0.133508,0.25017,0.483141,0.778956,1451.396287,13.833709,4.969357,5.341056,23.297755,41.144,1.016759,0.975144,4.953169,1.041735,0.914696,1.022687,2.018374,1.08204,1.013007,0.917663,0.966555,5,1.014223,5,0.9012,Poor,1,1,2,3,1,1,1,2,1,Poor,0.099
261,0.978262,0.584133,47.119932,8.843459,1.391841,0.120795,0.245255,0.620199,0.721301,779.220753,19.462124,7.21171,5.320586,26.448195,25.858,0.959126,1.00274,5,0.996906,0.970255,1.031465,3.074905,0.97595,1.049379,1.035571,0.89387,4.969552,0.974566,5,1.129865,Poor,2,1,1,3,1,2,1,1,2,Below Average,0.87
262,0.851082,0.487434,50.623519,8.00983,0.944841,0.125478,0.285121,0.573217,0.699052,1028.029493,12.869893,9.046974,5.430066,23.804782,22.498,0.998236,1.014082,4.982627,1.020802,1.02215,1.026878,2.503512,1.555662,1.001116,1.00733,0.971438,4.988933,1.02214,5,0.530882,Poor,1,1,2,2,1,1,2,2,1,Poor,0.469
263,0.853212,0.540811,64.582751,8.307842,1.070151,0.135432,0.2627,0.522278,0.714574,1286.533232,12.30539,4.954083,5.689771,23.101873,43.515,0.912444,1.00536,5,1.007315,0.988539,0.990723,1.991134,1.472539,0.966148,0.989386,1.049164,4.99834,0.947739,5,1.253086,Poor,1,1,1,3,1,1,2,2,1,Poor,-0.253
264,0.749698,0.487228,103.61561,7.728864,2.282926,0.110662,0.204377,0.695859,0.781587,521.491173,19.972918,5.759112,5.770535,27.540448,84.961,1.009164,0.939874,5,0.985288,1.015153,1.093173,3.036877,0.944854,0.977489,0.931088,1.043243,5,0.984836,5,0.937361,Poor,2,1,1,2,2,1,2,2,1,Poor,0.063
265,0.929025,0.612836,139.766618,8.289795,2.064588,0.120434,0.263222,0.634536,0.797855,728.409885,15.767304,5.886018,3.967701,20.383235,54.392,0.954627,0.962944,4.996628,0.990909,0.99012,1.067093,3.032767,0.982396,1.009293,1.020209,0.991647,4.489534,0.993939,4.893307,1.185562,Poor,1,2,1,3,1,1,2,2,2,Below Average,0.814
266,0.778967,0.560953,35.31959,8.833918,1.179144,0.136967,0.267922,0.596244,0.788261,857.327611,13.487846,5.394243,5.231109,23.042562,19.951,1.046821,0.989082,5,0.976617,0.95172,0.966138,2.994214,1.021259,1.11345,1.025465,1.009129,5,0.976992,5,1.238104,Poor,1,1,1,2,1,2,2,1,2,Below Average,0.762
267,0.871896,0.554792,37.270865,8.776136,1.046327,0.130525,0.262942,0.609493,0.755352,819.731977,16.067486,5.520811,4.80061,22.368018,20.339,0.989983,1.039513,5,0.994822,1.042027,0.985645,2.985957,0.964784,0.982554,1.007328,0.962799,5,1.071205,5,0.793857,Poor,1,2,1,3,2,2,3,1,1,Poor,0.206
268,0.980541,0.545626,51.490319,7.254434,1.026821,0.117544,0.271456,0.617846,0.756692,817.132113,16.087021,9.144844,4.298398,21.930153,19.141,0.953783,1.001887,4.932461,0.913796,1.028667,0.947787,2.977603,0.943305,0.943645,0.984046,0.983595,5,1.01798,4.989555,1.31242,Poor,1,2,1,2,1,1,1,2,1,Poor,-0.312
269,0.880549,0.561153,63.694923,7.677397,1.238239,0.131489,0.26716,0.514395,0.697763,1290.032696,12.890757,5.375,6.346971,26.476701,26.031,0.980254,1.040938,5,1.011611,1.068189,1.051872,1.964926,1.567142,0.97539,0.999296,1.000609,5,0.954829,5,1.225702,Poor,1,1,2,4,1,1,2,2,2,Below Average,0.774
270,0.881671,0.614909,62.122014,6.205069,1.440704,0.137896,0.253581,0.543819,0.759965,1081.320794,14.919179,5.185759,6.018723,26.486849,24.282,1.02881,1.060668,4.987514,0.95814,1.033771,1.031851,2.514294,0.949377,1.049566,1.023034,0.945061,5,0.942361,4.980695,0.813674,Poor,1,2,2,3,1,1,2,2,2,Below Average,1.186
271,0.810819,0.575409,48.108769,6.486315,1.094248,0.127615,0.287842,0.571877,0.703857,899.835387,14.481006,6.135584,6.257963,27.382863,28.565,1.002169,0.97891,4.982989,1.016647,1.033599,0.940089,2.467503,1.518793,0.961968,1.015705,0.986851,4.973639,0.969233,5,0.684662,Poor,1,2,1,2,1,1,2,2,1,Poor,0.315
272,0.902009,0.600896,82.485961,6.279225,1.327009,0.120808,0.276624,0.541144,0.721775,1408.830469,13.853889,11.179907,8.334107,32.552124,56.991,1.057269,1.03577,4.963831,1.061836,1.046482,1.019455,2.416472,1.002628,0.968181,1.018704,0.987341,4.910602,1.594208,5,0.956286,Poor,2,1,1,2,1,1,2,2,2,Below Average,1.044
273,0.84957,0.607867,61.99989,7.264681,1.69886,0.133966,0.24761,0.580406,0.745693,966.287263,19.164965,6.035029,6.441057,30.263713,30.63,0.996108,1.001303,5,1.014686,1.025679,0.956557,2.993015,0.951501,1.025251,1.021209,0.996047,5,0.937739,5,1.031687,Poor,2,2,1,3,1,2,2,1,2,Below Average,0.968
274,0.863631,0.549295,97.395903,6.579794,1.432571,0.117461,0.242358,0.583804,0.772666,979.163591,16.438504,5.824637,5.360793,25.302847,48.323,0.999612,1.00835,4.991473,0.970693,1.025228,0.999366,2.451591,1.027077,1.012238,0.989687,0.984384,4.941459,0.966899,5,0.77958,Poor,1,1,1,2,1,2,1,2,1,Poor,0.22
275,0.84555,0.539835,58.007954,8.811349,1.001614,0.124561,0.26636,0.521155,0.713292,1324.993366,11.807395,5.062753,5.908888,24.181095,40.661,1.013595,1.035046,5,0.921332,0.989846,1.017952,1.943295,1.601432,0.996433,0.915216,0.918321,5,0.953085,5,0.837463,Poor,1,1,1,2,1,1,2,1,1,Poor,0.163
276,0.848761,0.471997,47.489274,8.492936,1.160152,0.145367,0.280411,0.606989,0.755386,917.450829,14.114396,8.312063,4.17108,20.091688,17.448,0.999628,1.096472,4.98783,1.050767,1.025884,0.953035,3.054425,0.957584,0.91072,1.034133,1.042758,5,0.989559,5,0.808547,Poor,1,1,1,2,2,1,2,1,1,Poor,0.191
277,0.83734,0.556631,162.164969,7.23278,2.788642,0.114689,0.257572,0.610751,0.817077,934.790225,19.233592,6.01735,4.781239,24.387819,66.145,0.997704,1.030976,4.873496,1.044404,0.980241,1.086914,2.97957,1.001131,1.026415,0.964968,1.03491,4.442663,1.051564,5,0.789122,Poor,2,2,1,3,1,2,2,2,2,Below Average,1.211
278,0.903754,0.559778,47.529135,6.975325,1.022654,0.131056,0.280435,0.60452,0.742398,783.463533,13.516796,9.038706,4.152484,20.556299,16.929,1.023224,1.05695,5,1.036918,1.016182,0.990583,2.955327,0.965228,1.021824,0.98155,0.990614,4.99358,1.014331,4.952826,1.364835,Poor,1,2,1,2,1,1,2,2,2,Below Average,0.635
279,0.784214,0.563651,78.466197,7.140828,1.709691,0.112974,0.237941,0.634177,0.777489,1023.769936,16.873714,5.55836,6.595638,28.886137,53.194,1.033138,1.094461,4.991427,1.055366,0.986669,0.988332,2.966125,0.958531,0.978567,0.988104,0.938838,4.939237,0.952502,5,1.14029,Poor,1,1,2,3,2,2,2,1,1,Poor,-0.14
280,0.986997,0.50507,71.340122,6.791696,1.462853,0.123231,0.283526,0.602339,0.739759,957.883128,18.462132,10.984089,4.796486,25.109961,24.185,0.978258,0.961435,5,0.98804,1.018796,1.022615,2.973177,1.036717,0.997232,0.945598,1.0402,4.981131,0.998219,5,0.846127,Poor,1,2,1,2,1,1,2,1,1,Poor,0.154
281,0.964651,0.587438,84.614435,6.893566,1.93769,0.127441,0.246683,0.560346,0.734713,1298.366187,21.766359,5.983396,6.573209,30.456813,33.42,0.965361,1.027487,5,1.05284,1.031008,1.009787,2.570662,0.955744,0.984648,0.970997,1.019052,5,1.02089,5,1.21075,Poor,1,1,1,3,1,2,1,2,1,Poor,-0.211
282,0.815297,0.60798,51.340678,7.35302,1.546394,0.130207,0.254067,0.577974,0.76282,904.147376,17.809559,5.824751,6.609867,28.7899,27.839,1.016692,0.967589,4.975677,1.010911,1.00282,0.983625,2.929671,0.97745,0.997247,1.017185,0.986344,5,0.985357,4.956681,1.204691,Poor,2,1,1,3,1,1,1,1,1,Poor,-0.205
283,0.755844,0.583217,255.179571,4.93465,3.176219,0.094086,0.232452,0.668799,0.721393,580.399945,11.853444,4.855976,5.304555,22.985136,43.77,1.008594,0.948191,4.990537,0.94791,1.026979,1.04945,2.943978,0.947567,1.036208,1.048399,1.095423,5,1.00603,5,1.145043,Poor,2,1,1,2,1,1,2,2,1,Poor,-0.145
284,0.77253,0.511685,56.595828,9.791056,2.596635,0.130642,0.244079,0.607815,0.710299,677.313917,13.145465,5.6555,2.975489,16.068522,22.563,0.928124,0.969576,4.934551,0.995852,1.045839,1.031199,2.991431,1.471951,1.59146,1.068271,0.992359,3.981786,0.941203,4.954378,0.378631,Poor,2,1,1,2,1,1,1,1,1,Poor,0.621
285,1.144489,0.572754,86.868337,5.293582,1.602255,0.144341,0.252818,0.470866,0.748827,1345.775923,14.403541,5.065452,5.658337,24.471163,30.456,0.909709,0.977675,4.992788,0.979494,0.960257,0.96466,2.002821,1.059482,0.944063,0.98895,1.039082,5,0.99625,4.981971,0.966269,Poor,2,1,2,3,1,1,2,1,1,Poor,0.034
286,0.868493,0.609614,44.131574,7.794865,1.074166,0.118053,0.252601,0.594911,0.769757,1100.651245,15.640598,5.47609,6.279768,26.494079,23.346,1.073734,1.040381,5,1.040226,0.999285,0.906088,3.002725,1.088716,0.978484,1.003902,0.996183,4.982653,0.992107,5,1.350086,Poor,1,2,2,2,1,2,2,2,1,Poor,-0.35
287,0.960877,0.56943,61.888176,8.610417,1.122751,0.124251,0.241334,0.564349,0.774222,1099.579431,14.375472,5.733593,4.608376,22.285947,39.14,1.022389,0.957384,5,1.030846,1.008773,1.020198,2.381207,1.027031,0.998015,1.029248,1.002343,4.900752,0.979454,5,1.024722,Poor,1,1,2,2,1,1,2,1,1,Poor,-0.025
288,0.95807,0.591942,92.645038,6.292063,1.752936,0.120057,0.269814,0.529826,0.734589,1242.150089,18.075374,12.189663,7.954482,34.489846,63.512,0.997289,0.973724,4.915644,1.003324,0.928089,1.030992,2.389405,0.97718,0.951234,1.011364,0.952497,4.962684,1.54366,5,1.286614,Poor,1,2,2,3,1,1,2,2,1,Poor,-0.287
289,0.744326,0.557498,159.771503,8.548951,3.695069,0.123397,0.248976,0.662028,0.750279,586.235264,13.519593,5.585864,2.379565,14.078254,57.897,0.997,1.007838,4.999913,1.003107,1.003121,1.015262,2.944898,1.539644,1.497365,0.996393,1.092103,3.416832,0.967598,5,1.133764,Poor,1,1,1,3,1,1,2,2,1,Poor,-0.134
290,0.754502,0.502943,103.260503,7.708139,2.328984,0.107254,0.220812,0.681287,0.801173,526.68419,20.688532,5.730387,5.773144,28.115727,86.896,0.989883,1.004302,4.889243,0.937972,1.014684,0.965292,3.017925,1.005664,1.044084,1.014514,1.021393,5,0.951892,5,0.494445,Poor,2,2,1,4,1,1,1,2,2,Below Average,1.506
291,0.912448,0.568481,87.046533,5.541997,1.290535,0.135742,0.292924,0.510271,0.706521,1216.029159,14.716677,12.406928,8.634243,33.88323,65.214,0.995938,0.96518,4.95119,0.965504,0.985437,1.030616,2.036527,1.457867,1.006119,1.03326,1.090373,5,1.652291,4.939574,0.781469,Poor,2,1,2,2,1,1,2,2,2,Below Average,1.219
292,0.95786,0.566879,84.533583,7.720937,1.550981,0.128341,0.242301,0.542908,0.739343,1345.16727,16.955426,5.437858,5.592402,24.85803,46.482,0.959946,0.979911,4.99244,1.00121,1.026944,0.94536,2.286291,1.010098,0.985561,0.995865,0.974327,4.993072,1.05946,4.935069,1.177398,Poor,2,1,1,4,1,2,2,2,1,Poor,-0.177
293,0.795341,0.59272,62.462671,8.645908,2.611011,0.1307,0.253169,0.652884,0.734599,924.185263,13.280402,5.598772,4.461118,20.999775,26.187,1.00625,0.961347,4.963099,0.99208,0.996518,1.047844,2.981776,1.506494,1.550911,0.994725,1.047388,3.912686,0.971561,5,0.918029,Poor,1,2,1,3,1,1,1,2,1,Poor,0.082
294,0.918997,0.547516,45.898765,7.173293,1.077725,0.12265,0.271673,0.576355,0.699752,808.292669,16.530151,7.379195,6.57356,28.18129,28.279,1.001434,1.006793,4.976606,0.991413,0.954498,1.043336,2.403297,1.563019,0.989176,1.075724,1.01634,5,0.979939,5,1.108295,Poor,1,2,1,2,1,2,1,1,1,Poor,-0.108
295,0.892604,0.548202,47.105244,6.933875,1.05838,0.124617,0.265686,0.594653,0.709594,827.868199,16.566887,7.148649,6.362832,28.317781,29.282,0.98634,0.959808,5,0.990702,1.042442,0.975985,2.418771,1.639922,0.999431,1.037418,1.004522,4.984413,1.042896,4.988784,1.434059,Poor,1,1,1,3,1,1,2,1,1,Poor,-0.434
296,1.040339,0.518804,80.763945,5.840829,1.376113,0.133553,0.279337,0.559241,0.732266,1198.718463,15.326195,8.627346,4.912718,23.065848,21.483,0.997924,1.019328,5,1.034565,0.970499,1.015055,2.458414,1.076511,0.961369,0.990466,0.99598,5,0.984956,5,1.00136,Poor,2,1,1,3,1,1,1,1,1,Poor,-0.001
297,0.888526,0.529423,50.710421,6.728269,1.134507,0.12783,0.27218,0.60449,0.742629,823.980892,14.518052,9.595431,4.747546,22.904512,19.275,1.048429,1.025067,4.959372,0.964693,1.034881,0.993101,2.953433,0.947763,0.972592,1.008801,0.963325,4.987305,1.020868,5,1.329555,Poor,2,2,1,2,2,1,2,2,1,Poor,-0.33
298,1.023117,0.589332,96.803938,5.451225,1.52086,0.132142,0.273717,0.504515,0.724238,1432.638932,14.264507,9.998302,7.31698,30.398171,49.991,0.986188,1.03688,5,1.045032,1.02981,0.982213,2.03522,0.989701,1.038264,1.074151,1.043664,5,1.374004,4.978065,0.881203,Poor,1,2,1,3,1,1,2,2,2,Below Average,1.119
299,1.205862,0.584335,87.292044,4.993094,1.61325,0.138411,0.25496,0.461806,0.755152,1301.85141,14.304251,5.12007,5.602913,24.686309,31.642,0.947412,0.950497,4.982693,1.031697,1.031691,0.927364,2.021356,0.996511,0.958316,1.087631,1.010558,5,1.102701,4.976755,1.418306,Poor,1,1,1,3,1,1,2,1,1,Poor,-0.418
300,0.856872,0.564886,151.69888,7.639515,2.102836,0.12899,0.256595,0.561726,0.810223,1154.687814,13.717235,4.756916,4.088415,20.078464,69.017,0.986789,1.041056,4.941808,0.989811,0.980615,0.990051,2.44427,1.02377,1.034575,0.968732,1.030495,4.541436,0.969493,4.911413,1.197082,Poor,2,1,1,3,2,1,2,3,2,Below Average,0.803
301,0.85972,0.608992,57.182842,7.455831,1.619742,0.124838,0.27012,0.593047,0.736649,933.170383,18.588343,5.799681,5.745031,27.392212,30.562,1.014335,1.011256,5,1.06528,0.942984,0.978253,3.007009,1.038084,0.941271,1.01388,0.991641,4.978716,1.045926,4.999337,1.608921,Poor,1,2,1,3,1,2,2,2,2,Below Average,0.391
302,1.046553,0.539622,50.872811,7.553145,0.99984,0.125265,0.287203,0.630131,0.731221,813.639883,16.107059,10.382062,4.280594,21.617487,19.082,1.045526,1.059435,4.971997,0.949572,0.994915,0.979454,3.036828,0.930507,1.01689,0.982385,0.981298,4.977922,0.966478,4.99344,0.708774,Poor,2,1,2,2,1,1,2,2,1,Poor,0.291
303,0.813241,0.538172,65.912622,8.254634,2.884637,0.123696,0.26288,0.604635,0.679954,668.457582,14.371694,6.184922,4.221369,19.977368,31.148,0.9684,0.980771,5,0.954244,1.0244,0.942364,2.572044,2.052792,1.606746,1.010891,1.025204,3.84651,1.02512,5,0.97489,Poor,1,1,2,3,2,1,2,2,2,Below Average,1.025
304,0.863827,0.57993,140.759798,8.084609,2.219188,0.122307,0.247861,0.648243,0.79823,668.349703,15.937863,6.447792,3.758325,19.699575,57.541,0.905467,0.953272,4.998403,0.983461,0.961979,1.024799,2.960865,1.008694,1.004972,1.002308,0.966833,4.457386,1.049077,5,0.972234,Poor,1,2,1,2,3,1,2,2,1,Poor,0.028
305,0.74802,0.613041,183.073865,5.795179,2.391242,0.106258,0.254087,0.646387,0.727774,926.730775,12.918321,5.07023,5.957854,24.810616,38.479,0.964798,1.011503,5,0.960713,1.069104,0.997375,3.005979,1.072735,0.968359,0.980494,0.986179,4.945094,1.011034,5,1.181443,Poor,2,1,1,2,1,2,2,2,2,Below Average,0.819
306,0.822861,0.575458,168.062489,7.515813,2.745437,0.124148,0.269602,0.60117,0.805876,923.96543,19.454066,5.974062,5.013239,23.971212,66.356,0.984548,1.020204,4.977394,0.981959,0.927087,1.004327,2.940083,0.947613,1.003475,0.995146,1.041084,4.401119,1.01684,5,0.766538,Poor,2,1,2,2,1,1,3,2,1,Poor,0.233
307,0.77384,0.589209,31.49954,8.171771,0.894055,0.129824,0.271015,0.560598,0.676404,895.982614,11.591524,5.133319,5.583183,22.82292,22.883,1.017163,0.967997,4.954382,0.975687,0.963443,1.003377,2.629894,1.353438,1.056754,1.041003,0.980057,5,1.027017,4.966342,0.99804,Poor,2,2,1,3,1,1,3,2,1,Poor,0.002
308,0.856313,0.580809,54.266342,9.745891,2.830534,0.123525,0.236365,0.642656,0.700152,473.532506,14.061002,6.362196,2.737206,16.01525,25.013,1.015605,1.047375,5,0.956913,0.99471,1.036655,3.001858,1.672298,1.669191,0.984296,0.9572,3.772994,1.017153,5,0.833577,Poor,2,1,1,2,1,1,2,1,1,Poor,0.166
309,0.877157,0.608937,29.610067,7.992164,1.091666,0.130694,0.245789,0.618638,0.778699,684.391273,15.113176,6.234316,5.45914,24.740613,20.591,1.046298,1.045238,4.974765,1.034037,1.007704,0.970814,2.981426,0.976172,0.948517,0.962099,0.979269,5,1.076419,5,0.859379,Poor,1,1,1,2,2,2,2,2,1,Poor,0.141
310,0.768935,0.578338,199.183799,4.89882,2.559492,0.105299,0.245597,0.695433,0.7756,565.372815,15.827059,5.61048,5.65401,25.773046,43.806,0.964557,0.976401,4.992925,0.883683,1.021421,1.047722,3.023562,1.027782,1.002414,1.086175,0.954428,4.973659,1.019655,4.984113,0.739203,Poor,1,1,1,3,1,1,3,1,1,Poor,0.261
311,0.774201,0.56007,81.495906,7.601338,1.783828,0.112586,0.240431,0.633724,0.785678,979.923106,16.792497,5.426875,6.509041,27.865635,55.926,1.002137,1.029876,5,0.990941,0.989755,0.991273,2.970513,0.94936,1.002876,1.005702,1.003934,5,0.9631,5,0.937907,Poor,1,1,1,3,2,1,2,1,2,Below Average,1.062
312,1.124994,0.573801,57.130255,6.635284,1.265933,0.125045,0.240348,0.534182,0.745512,976.624182,15.512456,5.193086,5.050047,23.597134,29.176,0.981314,1.037906,5,1.04716,0.96307,1.049213,2.58201,1.079121,1.001277,1.012237,1.000947,4.940949,1.067855,5,1.494925,Poor,1,1,1,3,2,2,2,2,1,Poor,-0.495
313,0.779535,0.488803,69.883688,8.838733,1.700772,0.128749,0.248219,0.623445,0.781891,760.93938,16.520213,5.581438,5.006782,24.130032,44.476,1.005082,0.965871,5,1.022824,0.977428,1.024366,3.014115,0.935921,1.001786,1.038296,1.137687,4.975397,1.010518,4.935902,0.848824,Poor,1,1,1,2,2,1,2,2,1,Poor,0.151
314,0.949677,0.566956,37.684434,7.773142,1.044358,0.1188,0.256566,0.598626,0.717208,718.47119,16.886992,7.602051,5.556033,26.805717,25.361,0.996197,0.997767,5,1.008979,1.076783,0.927347,2.673892,1.306127,1.017136,0.958517,0.976932,4.97393,0.969586,4.98798,0.916334,Poor,1,1,1,2,1,1,2,2,2,Below Average,1.084
315,1.154487,0.584189,87.343601,5.179927,1.588599,0.132138,0.256274,0.475163,0.737868,1348.536985,14.480805,5.183178,5.686732,24.62028,30.725,0.956836,1.053334,4.957393,1.013279,1.010455,0.986072,2.012062,0.968138,0.984728,0.947794,1.017186,5,1.037589,5,0.938669,Poor,1,1,2,3,1,2,2,1,1,Poor,0.061
316,0.986903,0.580477,86.58834,6.33373,1.84866,0.123948,0.250336,0.547594,0.742715,1335.040255,19.479318,5.665204,6.444361,29.698343,30.509,1.040587,0.967522,4.9583,0.995944,1.073106,1.014467,2.430044,1.035427,0.9751,1.059901,1.062825,5,0.968469,5,1.177985,Poor,1,1,1,3,1,1,2,2,1,Poor,-0.178
317,0.897597,0.585245,66.550849,7.745849,1.256976,0.132857,0.256475,0.542655,0.77902,1206.624871,13.576134,4.73388,5.34822,23.331548,42.888,1.017362,1.02026,5,0.967606,0.950957,0.947276,2.392387,0.884129,1.007516,0.963024,0.95573,4.987284,1.040322,4.975352,1.110495,Poor,2,1,2,3,1,1,1,1,2,Below Average,0.89
318,0.939573,0.568288,85.448958,5.311669,1.233724,0.112977,0.27458,0.606525,0.769039,830.668241,17.326889,6.126111,5.275903,24.979372,31.363,0.999362,1.040732,4.941267,0.953201,1.060486,1.014023,2.563722,0.939438,0.960208,0.971367,0.916153,5,1.010952,5,0.825648,Poor,1,2,1,3,1,1,1,1,2,Below Average,1.174
319,0.842327,0.595805,68.242166,7.543794,1.200249,0.122529,0.260121,0.556,0.760348,1479.75472,13.979158,5.147036,6.132337,25.995946,37.648,0.923606,0.953772,5,0.923468,1.065163,0.921903,2.490404,1.068075,0.98537,1.01126,0.993076,5,1.053521,5,0.296671,Poor,1,1,1,3,1,1,2,2,1,Poor,0.703
320,0.982431,0.564089,70.112106,6.132281,1.428576,0.129707,0.25574,0.587351,0.738465,941.185638,15.576793,4.898081,4.68716,22.094246,44.473,0.996277,1.053205,5,1.092101,0.950147,1.009393,2.45305,1.020304,0.991468,0.999137,0.970521,5,0.997321,5,0.891511,Poor,1,1,2,3,1,2,1,2,1,Poor,0.108
321,0.839903,0.555054,39.487982,7.818397,0.848489,0.123186,0.280727,0.519876,0.680406,1210.337011,11.646759,5.175709,5.7582,23.22452,23.505,1.012661,0.949001,5,0.971437,0.931656,1.021597,2.007879,1.64826,0.998686,1.018769,0.954358,5,1.008388,5,0.714225,Poor,2,1,1,2,2,1,1,2,1,Poor,0.286
322,1.004486,0.584347,64.690685,5.280287,1.070772,0.119175,0.273811,0.571055,0.749077,982.580425,15.047307,5.428926,4.589954,22.270547,24.568,1.017172,0.960489,5,0.98663,1.000761,1.017126,2.354828,1.025091,0.949901,0.98207,1.002228,5,1.054964,5,1.367769,Poor,1,1,1,2,2,1,2,1,1,Poor,-0.368
323,0.962347,0.563877,87.522835,7.96211,1.253502,0.131585,0.247035,0.508614,0.775355,1444.633184,13.532931,4.525062,4.746903,21.276537,53.722,0.96424,0.936715,4.942351,1.034591,1.001998,1.014048,1.963091,1.031681,1.059556,0.986934,1.048048,4.979694,1.003037,5,1.337314,Poor,2,1,1,3,1,1,1,2,1,Poor,-0.337
324,0.833558,0.582817,167.686341,6.206112,2.695846,0.106006,0.252709,0.634541,0.738648,882.913739,18.480724,5.776013,6.104753,27.894233,40.917,0.979682,0.970964,4.980255,0.989592,0.928156,1.043562,3.026517,0.925342,0.974672,0.911403,0.988984,5,1.00482,4.940517,1.118072,Poor,1,1,1,3,1,2,2,2,1,Poor,-0.118
325,0.747374,0.553855,243.062193,7.471383,3.321269,0.127579,0.255733,0.662159,0.845225,750.013809,14.993638,5.371125,3.050562,17.224876,90.8,0.955479,0.959107,4.967262,1.023249,1.044383,0.957771,3.043262,1.013844,0.995501,1.03835,0.962729,4.060507,0.971246,5,0.659087,Poor,1,1,1,3,1,1,2,2,1,Poor,0.341
326,0.991977,0.577942,58.814828,7.918159,1.117228,0.124547,0.246751,0.589264,0.713622,904.923098,14.952946,11.19608,6.656266,28.449499,48.023,1.025204,0.942785,5,0.948729,0.992115,1.037622,2.632267,1.004199,1.013126,1.012608,1.002658,4.982961,1.460642,4.969749,0.481456,Poor,1,1,1,2,2,2,2,2,1,Poor,0.519
327,0.945118,0.558609,84.347576,5.715351,1.280842,0.125318,0.293271,0.52702,0.690274,1187.796019,14.299304,11.675728,8.573709,32.793471,60.125,1.036,0.954839,4.986102,0.971541,0.993216,1.004335,2.012932,1.394642,1.087952,1.004922,0.967402,4.956657,1.568726,5,0.766665,Poor,1,1,1,2,1,1,2,2,2,Below Average,1.233
328,1.073727,0.539446,93.362678,6.208226,1.91158,0.111315,0.226259,0.546743,0.743918,846.774459,16.705192,5.121433,5.437197,24.904214,59.88,1.018253,1.109902,5,0.949532,0.938528,0.995589,2.540022,1.026286,0.978907,1.040066,1.055094,5,0.957343,5,0.766018,Poor,1,2,2,2,1,1,2,1,1,Poor,0.234
329,0.79006,0.502811,87.331942,6.437549,1.799174,0.097868,0.244883,0.615585,0.728373,767.142419,17.727771,6.166785,6.765553,30.651651,59.91,0.992426,1.023213,4.971958,0.957244,0.987742,1.043429,2.497122,1.435026,0.917687,0.967988,1.081038,4.971926,0.983976,4.9766,1.56275,Poor,1,2,1,3,1,1,2,2,2,Below Average,0.437
330,0.930933,0.551855,41.000313,7.413328,0.960037,0.136446,0.275888,0.536411,0.746889,1105.729175,12.999435,5.003157,3.980986,19.624882,16.805,1.101381,0.935062,5,1.091878,0.926718,1.049527,2.523905,1.006958,1.014874,0.941693,1.102029,4.994635,1.012746,4.973816,1.049907,Poor,1,1,2,2,2,1,2,2,1,Poor,-0.05
331,0.909818,0.591122,56.281348,8.119293,1.097449,0.122833,0.248903,0.586164,0.763305,1037.971742,15.206595,5.278319,4.792407,22.95273,35.032,1.065039,1.001686,5,1.080978,0.992918,1.017223,2.551374,0.999283,1.011222,1.00488,1.04184,4.985957,0.951649,4.993803,1.17036,Poor,2,1,1,3,2,1,2,3,1,Poor,-0.17
332,0.996982,0.600514,32.413922,8.112116,0.883719,0.123519,0.253058,0.625327,0.726614,795.382727,15.34272,6.555,4.222495,20.590679,16.924,1.040399,1.007439,4.944616,0.98958,0.993021,1.059188,2.696636,1.01894,1.005923,0.980698,1.007043,4.998929,1.062222,5,1.29163,Poor,1,1,1,3,2,1,2,1,1,Poor,-0.292
333,0.908093,0.614817,160.463308,6.745085,2.213533,0.10851,0.250065,0.66204,0.728169,648.613478,14.185657,5.419088,5.26831,23.252803,35.019,0.996812,1.010885,4.972713,1.000625,1.032721,0.98538,3.059687,1.001027,1.063327,0.958048,0.988926,4.980146,1.040425,5,0.865423,Poor,1,1,1,2,1,2,1,2,1,Poor,0.135
334,1.035373,0.525396,95.364252,6.416555,2.019341,0.118202,0.222435,0.587419,0.758378,799.988123,17.61045,5.331828,5.721769,26.062102,64.552,0.979077,0.973157,5,0.940776,0.943106,1.061299,2.621167,1.016573,1.036934,1.030972,0.992525,4.941255,1.051324,5,1.035453,Poor,1,2,1,2,1,1,3,1,1,Poor,-0.035
335,0.912315,0.607295,53.041221,7.888688,1.412702,0.113503,0.244583,0.600452,0.736591,919.073272,19.771055,6.09852,5.628911,26.858397,27.835,0.986523,1.005269,4.996453,0.994783,1.033028,0.964082,2.99743,0.935888,1.016255,1.098559,1.033823,4.965378,0.978996,4.948616,1.182507,Poor,1,1,1,2,1,1,2,1,1,Poor,-0.183
336,0.875105,0.591092,61.453766,7.543591,1.119087,0.135304,0.263135,0.532935,0.726822,1118.624418,12.753745,4.862234,4.703275,21.219308,38.478,1.046826,0.962926,4.987826,1.006634,0.98521,0.95099,2.468814,1.039986,1.024684,0.954685,1.102831,4.999773,0.992429,4.991123,0.488522,Poor,1,1,2,3,1,1,1,2,1,Poor,0.511
337,0.79468,0.557528,108.756016,5.16152,1.569557,0.095105,0.253552,0.683345,0.766943,515.241719,21.143698,6.68243,6.182347,29.512108,43.157,1.048013,1.033715,5,1.000517,0.952096,0.946577,2.963016,0.988574,1.066935,1.052817,0.925786,5,0.99807,4.959007,1.182672,Poor,2,1,1,3,1,1,2,1,1,Poor,-0.183
338,0.9064,0.636757,32.715478,8.141123,1.137169,0.131656,0.253363,0.598366,0.764483,748.379288,14.764361,5.631627,5.74668,25.272084,21.912,0.949414,0.951599,5,1.061996,0.968102,1.051856,2.967174,1.033928,1.065214,1.046593,1.035468,4.972303,0.97819,5,0.656838,Poor,1,1,2,2,1,2,2,2,1,Poor,0.343
339,1.179099,0.580259,92.805936,5.215081,1.466983,0.125162,0.257904,0.441316,0.723636,1222.529472,13.150669,10.020856,6.891239,28.738377,59.473,0.986478,0.940585,5,0.989859,0.973216,0.894595,2.021919,1.044965,0.958918,0.952278,1.003478,4.9487,1.386368,4.95245,0.58251,Poor,1,1,1,3,2,1,1,2,2,Below Average,1.417
340,0.864958,0.60921,69.944465,6.527236,1.3403,0.123624,0.267623,0.573732,0.768487,1463.744761,14.684452,5.372262,6.817897,27.983032,24.563,0.990355,0.947087,5,0.976821,0.954135,1.00928,2.670226,0.963352,1.030752,1.017906,0.940915,4.995646,0.98838,4.969449,1.097509,Poor,1,1,1,2,2,2,2,2,2,Below Average,0.902
341,0.849213,0.598569,73.768526,7.352341,1.732628,0.119435,0.251093,0.588111,0.732218,1256.63156,20.213167,6.090931,6.959081,32.525228,32.963,1.026688,1.054412,5,1.022804,0.961221,0.996618,2.954046,1.022153,1.036249,1.038633,0.998871,5,0.994187,4.977541,1.20138,Poor,2,1,1,2,2,1,2,2,1,Poor,-0.201
342,0.84568,0.532611,92.164205,7.464352,2.237205,0.106097,0.234754,0.641708,0.77467,857.077555,21.837136,6.211338,6.449798,31.070268,59.712,1.034976,0.98199,5,1.000821,0.950819,1.074506,2.998423,1.005282,0.999371,0.978814,0.962064,5,0.968846,4.926823,0.892146,Poor,1,1,1,3,1,1,2,1,1,Poor,0.108
343,0.895466,0.642436,33.513837,7.789489,1.106024,0.123481,0.254202,0.595351,0.754727,749.963176,14.862216,5.731399,5.742867,25.895236,21.812,0.945047,0.988365,5,1.054666,1.01395,1.059212,3.013912,0.976699,1.039009,0.927702,0.997684,4.957304,1.006303,4.985865,0.93763,Poor,1,2,1,3,1,1,2,2,2,Below Average,1.062
344,1.010884,0.601088,65.41184,6.549287,1.63935,0.125849,0.259673,0.568785,0.728401,1180.405613,19.655803,5.859534,5.667668,27.28985,29.141,0.946943,0.995283,4.985205,1.017045,0.991722,1.007782,2.590774,1.058288,1.03522,0.962928,1.015308,4.975879,0.961608,4.978816,0.601522,Poor,2,1,1,3,1,1,2,2,1,Poor,0.398
345,0.874912,0.61822,69.512443,6.659649,1.303603,0.121845,0.264006,0.57131,0.747427,1456.269383,14.570839,5.459827,6.844352,27.356549,24.685,0.977615,1.062557,5,0.979084,0.950824,1.030069,2.614417,0.998133,1.013853,1.074626,1.008673,5,1.024014,4.925552,0.464573,Poor,1,2,1,2,1,1,2,2,2,Below Average,1.535
346,0.765324,0.582327,45.562711,8.25292,0.964229,0.109422,0.272099,0.57642,0.713072,1349.797774,12.768645,5.377037,7.064699,28.377521,25.393,0.948184,1.029781,5,1.035809,0.905593,1.016964,2.573644,1.470625,0.938447,0.979609,0.975086,4.961683,1.046624,4.977571,0.532791,Poor,2,1,1,2,1,1,1,1,1,Poor,0.467
347,0.841951,0.601165,65.924113,7.439444,1.214546,0.124065,0.259713,0.555392,0.747318,1450.417577,13.36994,5.132752,6.267722,26.74091,35.109,1.00333,0.972533,5,1.007096,1.039175,0.969211,2.604467,0.98132,0.934215,1.052705,0.933265,4.957883,1.031444,5,1.140681,Poor,1,1,1,3,1,2,2,1,1,Poor,-0.141
348,0.909662,0.54171,79.663576,5.69155,1.264098,0.125713,0.298955,0.518868,0.714758,1143.772512,14.730001,10.48916,8.387843,34.167952,55.182,1.014781,1.026247,5,1.031684,0.979252,0.956749,2.008342,1.711961,1.032307,0.971999,1.055756,4.92542,1.38553,5,0.826081,Poor,1,2,1,3,1,1,1,2,2,Below Average,1.174
349,0.768525,0.556018,65.624083,7.26544,1.748664,0.127327,0.228084,0.621097,0.802476,643.89347,16.700443,5.318336,5.980299,27.170919,51.284,1.05084,1.02675,5,1.024983,0.95879,1.048421,3.021307,1.019592,1.02394,0.940812,0.954643,5,1.005797,5,0.942546,Poor,1,2,1,2,1,1,2,2,1,Poor,0.057
350,0.965198,0.596965,56.179882,8.363663,1.573494,0.117804,0.249749,0.640046,0.72693,850.395096,21.172793,7.102115,5.707542,27.988266,29.135,1.022414,1.08031,4.996352,1.036063,1.066156,0.942643,2.957864,1.010857,0.977097,0.983141,0.973563,4.994083,0.963839,4.94881,1.030486,Poor,1,1,2,2,1,1,2,1,2,Below Average,0.97
351,0.95622,0.587235,49.39302,6.940408,1.094066,0.123583,0.285038,0.5716,0.698645,909.387453,16.112487,6.744913,6.798226,29.43008,30.354,1.039915,0.924638,5,0.942805,0.961892,0.994688,2.458026,1.602542,1.009257,1.071425,1.009641,4.962011,0.944245,4.965083,0.557016,Poor,1,1,1,3,1,1,1,2,1,Poor,0.443
352,0.889587,0.556185,37.257617,9.498311,1.085459,0.134213,0.274238,0.610912,0.761978,837.907394,14.747384,5.792472,4.579852,21.448785,18.803,1.034734,1.032715,5,0.998206,1.078585,0.966154,3.017633,0.990336,1.059656,1.00129,0.958717,5,0.95512,4.96511,0.989226,Poor,2,2,1,3,1,1,2,2,2,Below Average,1.011
353,0.796665,0.638333,30.006808,7.298853,1.073965,0.136375,0.260005,0.585344,0.746182,729.560919,12.948097,5.072724,5.239942,23.432891,21.864,1.017472,1.000581,5,1.072214,0.986626,1.00575,3.002883,1.016083,1.038294,1.009258,1.054926,4.994616,0.93747,4.991699,0.600502,Poor,2,1,2,3,2,2,2,3,1,Poor,0.399
354,0.867771,0.5509,73.061681,7.937347,1.677981,0.122988,0.221439,0.656244,0.758074,625.612735,18.559229,5.676735,5.412268,26.078282,53.028,1.039858,0.980273,4.964297,1.002162,1.006699,0.974224,2.914063,0.938723,0.980263,0.950707,0.9808,4.957722,1.060176,5,0.717404,Poor,1,2,1,3,1,1,2,2,1,Poor,0.283
355,1.161342,0.542258,73.714713,4.967658,1.422194,0.131015,0.268523,0.464353,0.731956,1105.303077,14.420007,5.604288,6.337731,26.475862,36.968,0.963072,1.058465,4.964498,0.92255,1.02969,0.965026,1.99807,1.441751,1.006788,0.972604,0.978323,4.931568,0.968177,5,0.896894,Poor,2,2,1,3,2,1,2,2,2,Below Average,1.103
356,1.138327,0.595261,92.993269,5.382691,1.46879,0.137647,0.269539,0.471136,0.730033,1283.687507,13.268014,11.035062,7.37953,29.515877,63.19,1.031377,1.009891,5,1.019373,0.96786,1.003655,1.980119,1.087994,1.047292,0.995393,1.000212,5,1.485049,5,0.752234,Poor,1,1,1,2,1,2,1,2,2,Below Average,1.248
357,1.089416,0.580239,161.377997,5.999765,2.438369,0.127372,0.253853,0.533598,0.78733,936.429072,13.994287,5.05705,4.215571,20.388192,65.801,0.985812,0.957918,4.997701,0.994276,1.012879,1.051165,2.472092,1.049026,0.996927,1.050355,1.003646,4.547775,0.971057,4.975096,0.996511,Poor,1,1,1,3,1,1,2,2,1,Poor,0.003
358,0.798033,0.637423,30.377543,7.516216,0.975189,0.140336,0.272879,0.586849,0.690811,713.334449,12.181702,5.151771,4.766313,20.976927,19.995,1.042153,1.077802,4.99783,0.93649,0.993188,1.007439,2.967043,0.952086,0.980281,0.9508,1.036507,5,1.027015,4.944216,0.751002,Poor,1,2,2,2,1,2,2,2,1,Poor,0.249
359,0.802786,0.638213,28.89244,7.465456,0.975217,0.146701,0.263829,0.584108,0.713232,705.13087,11.817625,5.01455,4.626435,20.361752,19.301,0.992899,0.916321,4.975889,1.022338,0.984858,0.983524,3.035959,1.063112,0.970511,1.048198,0.92998,4.966167,1.021432,5,1.240866,Poor,1,2,1,3,2,1,1,2,1,Poor,-0.241
360,1.158113,0.587063,87.721638,4.916763,1.601967,0.129158,0.250944,0.466025,0.743214,1315.385569,14.462562,5.142134,5.57564,23.864144,31.496,1.039007,1.077563,5,0.986882,1.002231,1.006392,1.951683,1.018733,0.999531,0.987626,0.988654,5,0.983431,5,0.856527,Poor,2,1,1,3,1,2,1,2,2,Below Average,1.143
361,0.865003,0.590641,113.121569,7.074224,1.811319,0.121577,0.245622,0.647055,0.759485,709.324182,15.593594,5.359979,5.160478,23.226497,29.162,0.955181,0.980944,4.977971,0.973532,0.971435,1.040824,3.014558,0.959329,0.979367,1.023173,0.99982,5,1.031003,4.928823,1.260887,Poor,1,1,2,2,1,1,2,2,1,Poor,-0.261
362,0.876605,0.538618,70.147816,6.474074,1.220776,0.124445,0.273146,0.530298,0.709717,1175.01449,15.317493,6.18394,6.678741,28.69822,42.463,1.041759,1.004458,5,1.061304,0.96107,0.986929,1.96998,1.630855,0.92731,0.933053,1.040792,5,1.030139,4.963813,0.939972,Poor,1,2,1,3,1,1,2,1,1,Poor,0.06
363,1.00157,0.602989,53.313931,6.98625,1.972159,0.129946,0.27687,0.562058,0.68375,957.308265,12.771044,5.131585,3.090094,16.241726,18.132,0.931013,1.01602,4.962778,1.067457,1.012962,0.995936,2.358289,1.340624,1.330143,1.004873,1.040117,4.22648,1.009631,4.982015,0.781277,Poor,1,1,2,3,1,1,2,2,1,Poor,0.219
364,0.860825,0.552899,64.770029,7.701955,1.086012,0.124182,0.282425,0.514484,0.674128,1270.197905,12.118941,9.947381,7.735698,30.273713,50.842,0.979643,1.060726,4.948148,1.003936,1.019182,0.976221,1.973732,1.587242,1.027917,1.051554,1.0482,5,1.429371,5,0.769612,Poor,1,3,1,2,1,1,1,2,1,Poor,0.23
365,1.000159,0.556042,89.266421,6.217067,1.233038,0.131547,0.288116,0.538938,0.712132,1151.314265,13.718279,14.820133,7.215396,29.332976,55.128,1.014696,0.9596,5,1.057271,0.986475,1.016738,2.434378,0.97259,0.969119,1.012792,0.991523,4.975473,1.617027,5,0.768244,Poor,1,1,1,2,1,1,1,1,1,Poor,0.232
366,0.767459,0.594354,77.179682,6.255069,1.289701,0.110818,0.253581,0.62413,0.78174,1072.731214,16.55167,6.047571,6.920711,29.94294,32.524,0.984848,1.022374,5,1.002284,0.976969,0.991511,3.040191,0.992131,1.016185,0.993517,0.98994,5,0.99044,5,1.020929,Poor,1,1,1,3,1,2,2,2,1,Poor,-0.021
367,0.773428,0.54057,73.582961,7.409723,1.873288,0.118113,0.226884,0.647224,0.780496,612.522511,17.245204,5.547921,6.084998,27.65445,56.789,1.038399,0.984304,4.957278,1.046031,1.014036,0.971862,3.014787,1.003861,0.96803,1.090754,1.01753,4.995568,0.992345,4.95133,1.317633,Poor,1,2,1,2,2,1,2,2,1,Poor,-0.318
368,0.891057,0.588387,167.334285,6.498363,2.231885,0.126844,0.270004,0.570724,0.786594,1058.822326,13.821124,11.224025,6.260394,27.042934,87.382,0.999574,0.979133,5,1.03539,0.9981,0.952923,2.511462,0.941671,1.027185,0.96001,0.967583,4.552911,1.604,5,1.29573,Poor,1,1,1,3,2,1,2,1,2,Below Average,0.704
369,0.796585,0.594119,46.357491,6.140342,1.226211,0.127047,0.272868,0.568955,0.763667,908.094304,14.950311,5.950225,6.884991,28.411417,28.008,1.020725,0.989591,5,1.008809,1.024681,1.029233,2.542555,1.417726,1.006576,0.983713,0.927712,5,0.993669,4.936167,0.826158,Poor,1,1,1,2,1,2,1,2,1,Poor,0.174
370,0.899904,0.617403,143.507078,8.145855,2.21302,0.125864,0.258847,0.650854,0.7733,753.121719,15.693093,5.801048,3.945302,20.010238,58.926,1.004977,0.974775,5,1.048184,1.012754,1.027879,3.03816,1.00235,1.012664,0.995385,0.960306,4.42075,1.018025,4.971664,0.924578,Poor,1,1,1,2,1,2,3,3,2,Below Average,1.075
371,1.065391,0.604306,35.621249,6.738209,0.855248,0.12018,0.264134,0.564801,0.72372,965.627528,14.217336,5.766879,4.036449,19.578082,15.779,1.000364,1.015419,5,0.965141,1.015399,0.992048,2.354942,0.962989,0.979626,1.028679,0.992641,4.995074,0.959959,5,0.418493,Poor,1,1,1,3,2,1,2,2,1,Poor,0.582
372,0.794661,0.540477,80.960063,6.961091,1.294238,0.097128,0.261279,0.623001,0.760556,772.555956,17.114567,6.097979,6.668384,28.633746,37.08,1.028152,1.027112,5,0.973761,0.993612,0.969383,2.601747,1.329391,1.006889,1.039091,1.048076,5,1.006099,4.993834,1.106542,Poor,1,1,2,3,2,1,2,2,1,Poor,-0.107
373,1.174419,0.563656,91.681075,4.852817,1.588008,0.124944,0.238632,0.51148,0.754568,934.76581,15.836462,5.576816,5.691306,25.605688,39.43,0.967893,1.073616,4.974809,0.994938,0.95573,0.999819,2.373386,0.996278,1.000805,1.049106,0.979951,5,1.020363,5,1.314389,Poor,1,2,1,2,1,1,2,2,2,Below Average,0.686
374,0.878373,0.592937,181.739021,5.499825,2.509238,0.114646,0.266554,0.602088,0.716473,919.644182,12.66894,9.768067,6.764367,27.871082,61.8,0.9563,0.954705,5,0.969011,1.015432,0.965545,2.540383,1.039336,1.042835,0.946981,0.970404,5,1.4536,4.967761,1.249085,Poor,1,1,1,2,1,1,2,2,1,Poor,-0.249
375,0.899594,0.560127,54.669455,8.397341,1.428404,0.117233,0.228049,0.673826,0.740873,539.64782,17.515165,6.705546,5.011858,23.825828,43.649,1.073226,0.942557,4.989645,1.068739,1.020025,1.015893,3.0043,0.945128,0.994527,1.051467,1.003479,5,0.98553,4.965142,0.695638,Poor,2,1,1,1,1,2,2,1,1,Poor,0.304
376,0.781014,0.562526,180.473057,5.116998,2.402947,0.103403,0.234228,0.694537,0.78494,542.424064,16.548645,5.942074,5.806175,26.445328,44.018,1.089246,0.948562,5,0.969434,0.92573,1.032142,2.972578,1.008975,0.946003,1.028743,0.942995,4.925528,1.058406,4.955398,0.715203,Poor,2,1,1,3,1,1,1,1,1,Poor,0.285
377,0.813409,0.566996,192.322136,5.912353,2.78253,0.091849,0.24513,0.658543,0.738081,799.849226,16.073612,5.536164,5.995197,27.141499,40.911,0.994599,1.023528,4.975292,1.086217,0.968121,0.919552,2.943849,1.013079,1.039732,1.02537,1.022671,5,1.039612,4.969005,1.151437,Poor,1,2,1,3,1,1,1,2,1,Poor,-0.151
378,0.900648,0.55587,49.627609,6.950662,1.080731,0.127423,0.26999,0.579421,0.72352,882.143924,16.870703,6.120175,6.512453,28.598737,28.348,0.892385,0.982004,4.984713,0.988608,0.996271,1.017236,2.545666,1.541142,0.942345,1.011726,1.019035,5,0.987111,4.976901,1.222672,Poor,1,2,1,3,2,1,1,2,1,Poor,-0.223
379,0.978742,0.629858,35.22086,8.658478,0.955337,0.116515,0.25339,0.631232,0.726971,738.502743,17.248311,5.816888,4.905044,23.671448,21.729,1.082653,1.003415,4.990107,1.055425,1.011638,0.975316,3.005359,1.01235,0.986933,1.01822,1.051463,5,0.97142,4.97832,1.066473,Poor,2,1,2,3,1,1,2,2,1,Poor,-0.066
380,0.899001,0.599126,34.765954,8.248242,0.99091,0.128692,0.23739,0.617956,0.764487,760.897549,17.463723,5.672745,5.016254,24.373555,21.238,0.989617,1.040875,5,0.992519,1.048375,0.939025,2.990481,0.98533,0.987542,0.992845,0.944129,5,0.996302,4.964946,1.228054,Poor,1,1,2,2,2,2,3,2,2,Below Average,0.772
381,0.96432,0.577041,70.518702,5.327073,1.13228,0.111882,0.267042,0.564872,0.743834,939.867366,16.015279,5.628071,4.916317,23.527641,27.015,1.018934,0.937381,5,1.053315,0.989508,1.006238,2.385444,1.058703,1.013416,1.055631,0.98872,4.9715,1.030779,5,0.845064,Poor,1,1,1,3,2,1,2,1,2,Below Average,1.155
382,1.085268,0.624814,38.880921,7.009435,0.850107,0.132148,0.268407,0.544919,0.71761,988.564121,14.174564,5.467285,4.428476,20.635948,17.347,1.060251,0.9435,5,1.017194,0.97097,0.994544,2.41801,0.973355,0.993888,0.971723,0.934097,5,0.975827,5,1.794635,Poor,1,1,2,2,1,1,1,2,1,Poor,-0.795
383,0.775778,0.53835,85.307597,7.24372,1.833274,0.109066,0.227467,0.647333,0.777267,878.131767,17.85421,5.493194,6.53762,28.978053,60.443,0.993699,1.018473,5,0.932288,1.037062,0.977561,3.045361,1.007165,0.974016,0.999991,1.057619,4.970017,0.931617,4.989773,1.446492,Poor,1,1,1,2,1,2,2,2,1,Poor,-0.446
384,0.910209,0.5901,121.615815,7.462762,1.864526,0.112686,0.243998,0.646753,0.721621,579.553119,15.264519,6.492629,4.813332,22.488282,29.21,0.942993,1.006681,5,0.98877,1.048015,1.008512,2.940956,0.996678,1.023181,1.075861,1.066424,4.982699,0.993197,4.951288,0.905177,Poor,2,2,1,3,1,2,2,1,2,Below Average,1.095
385,0.894156,0.572767,181.029241,6.462505,2.611812,0.134468,0.268413,0.586727,0.806504,1073.538918,15.028765,5.432921,4.344565,20.318403,61.622,0.982681,0.947412,4.971794,1.068166,0.986224,0.941979,2.471043,0.977468,1.001616,0.955244,1.049524,4.477392,1.039355,4.978264,1.113946,Poor,1,1,1,2,1,2,2,1,2,Below Average,0.886
386,0.86024,0.560594,62.473198,8.431959,1.048734,0.131827,0.255976,0.504324,0.73285,1320.833915,12.379466,4.894497,5.603694,23.871235,43.394,1.060078,0.983455,4.987259,1.058884,1.044462,1.010287,1.965999,1.377618,0.942759,0.960369,0.991729,4.952328,1.028827,4.896857,0.801632,Poor,1,1,2,3,2,1,1,1,1,Poor,0.198
387,0.764257,0.510965,160.249766,8.297575,2.391554,0.134128,0.268506,0.631065,0.824111,810.178535,14.225323,5.357207,3.63758,18.586977,59.168,1.014615,0.995842,5,1.046322,1.00522,0.961311,2.941269,1.002106,1.062114,1.039711,1.065656,4.35846,0.999496,4.99942,1.123769,Poor,2,1,1,3,2,1,1,1,1,Poor,-0.124
388,0.897097,0.598637,74.105441,6.145747,1.363172,0.121851,0.263115,0.565491,0.719703,1494.007326,14.747781,5.36463,6.875085,27.753753,24.99,1.011833,0.989476,5,0.987402,0.996004,0.978573,2.39599,0.949616,1.061495,1.019467,0.978108,4.988156,0.961739,4.983688,0.732496,Poor,1,2,2,3,1,2,2,1,1,Poor,0.268
389,0.945719,0.566105,65.634809,8.095205,1.154273,0.12752,0.255777,0.551677,0.76712,1170.982103,14.813213,5.054787,4.763942,22.636427,41.294,1.047139,1.054997,5,0.934811,0.968939,0.913057,2.360245,0.96921,0.934176,1.033997,0.978571,5,0.99565,5,1.000334,Poor,1,1,1,3,1,1,1,2,1,Poor,0
390,1.070507,0.576297,168.252997,4.793914,2.343796,0.11492,0.236715,0.544226,0.746029,899.09616,13.371899,4.792381,5.273188,22.29076,41.787,1.039662,1.03843,5,0.994692,0.898485,1.050003,2.499961,1.010306,0.966942,1.034701,1.011948,5,0.955723,4.95512,0.964827,Poor,1,1,1,3,1,1,1,1,1,Poor,0.035
391,1.01097,0.574839,90.516947,5.378418,1.674005,0.13732,0.269649,0.499492,0.734356,1464.579024,15.167947,5.291306,5.87104,25.666813,25.879,1.061997,1.032508,4.999287,1.055322,0.995136,1.030442,1.99707,0.945647,1.055382,0.964918,0.979233,4.967657,1.031565,5,1.17387,Poor,1,2,1,2,1,1,2,2,1,Poor,-0.174
392,0.860273,0.586446,163.018506,6.254387,2.501506,0.108477,0.250555,0.627016,0.722559,895.991956,18.793274,5.953521,6.096839,28.942855,40.615,0.980149,1.019969,5,0.978992,1.062816,1.000752,2.950677,0.954453,1.042879,0.977883,1.003562,5,0.995503,5,0.679531,Poor,1,1,1,2,1,1,2,1,1,Poor,0.32
393,0.952607,0.598128,61.211903,7.804909,1.703725,0.119361,0.253983,0.603557,0.737443,980.188612,21.02918,6.554168,6.044239,29.831599,31.011,1.012309,1.034141,4.990767,0.976559,0.942864,0.982379,3.003047,0.994594,1.015316,1.010793,0.973454,5,0.994558,5,1.013524,Poor,1,1,2,4,1,1,2,1,1,Poor,-0.014
394,0.784487,0.539129,98.276172,7.13041,2.523884,0.114132,0.250381,0.661803,0.762936,481.352062,17.572082,6.409237,4.433793,23.412157,36.649,0.930705,0.993034,5,1.056317,0.960889,0.989418,3.021294,1.426803,1.395928,0.973346,1.024162,4.363103,1.036786,4.996033,0.342735,Poor,1,1,2,3,1,1,3,1,1,Poor,0.657
395,0.783799,0.591018,64.913145,6.37849,1.37399,0.114855,0.238926,0.621854,0.778963,684.032999,16.753098,5.88612,6.358201,27.849673,30.388,0.940885,0.928235,4.983904,0.972937,0.973232,0.91752,2.957052,0.978239,1.043192,0.982871,0.929028,5,1.013555,4.931147,0.989227,Poor,1,1,2,3,1,1,1,2,2,Below Average,1.011
396,1.028236,0.608713,59.949484,8.445087,1.056762,0.118015,0.258595,0.565535,0.749659,1102.464708,14.439583,5.423847,4.859807,22.434338,38.933,1.009635,1.022358,5,1.044922,0.96581,0.989322,2.492856,0.956195,0.951681,1.016709,1.020183,4.989864,0.947336,4.985604,0.759054,Poor,1,2,1,3,2,1,2,1,1,Poor,0.241
397,0.751105,0.595295,47.533639,7.850626,1.056223,0.112191,0.277737,0.565795,0.711053,1399.111374,12.838205,5.232389,7.16574,28.663877,25.652,0.995772,0.953849,5,1.010421,0.978051,0.979807,2.635931,1.354553,0.941699,0.935797,1.007782,4.98366,0.941833,4.95112,1.200079,Poor,2,1,1,3,1,1,2,2,1,Poor,-0.2
398,1.01794,0.61471,58.233101,8.727403,1.08577,0.119654,0.252181,0.568413,0.73688,1050.774567,14.720894,5.664439,4.904919,22.834777,36.885,1.012816,0.989929,5,1.018933,1.033462,1.015216,2.554224,0.981375,0.989456,1.014431,0.945297,4.983309,1.016456,5,1.643293,Poor,1,1,2,3,1,1,1,1,1,Poor,-0.643
399,0.761952,0.502168,161.337668,7.533947,2.634656,0.115265,0.23874,0.660981,0.813578,617.528817,17.812292,5.565701,4.769094,22.928621,86.465,0.951274,0.949913,4.997792,1.003127,1.001802,1.019919,2.982382,0.996616,0.956233,1.051636,0.972728,4.609123,1.007478,4.941777,1.178993,Poor,2,1,1,3,1,1,2,1,1,Poor,-0.179
400,0.984043,0.59413,56.480394,8.726614,1.085941,0.130081,0.231354,0.562286,0.748151,1002.465964,15.311432,6.077581,4.631388,22.060957,36.253,0.998566,1.004002,5,0.963438,0.979971,0.998434,2.413732,1.002414,1.019172,1.004095,1.029143,4.97721,1.013947,5,0.913231,Poor,1,2,1,2,1,1,2,1,1,Poor,0.087
401,0.89772,0.543116,30.252168,9.446521,1.039725,0.13299,0.255869,0.619332,0.765708,723.20291,15.587709,6.661315,4.477236,21.435171,18.336,1.00183,0.971873,4.99346,1.022426,1.027314,0.905016,3.043572,0.970619,0.972675,0.990595,0.958703,5,1.018104,4.978722,1.047544,Poor,1,1,2,2,1,2,2,2,1,Poor,-0.048
402,0.812969,0.514088,50.164933,7.278054,1.183775,0.129793,0.286851,0.556227,0.733779,986.577521,14.709846,6.325088,6.513869,27.475886,27.152,1.009293,1.019014,4.96043,1.003048,1.051057,1.064695,2.434206,1.591152,0.993395,0.983606,1.0554,5,1.02468,4.978938,1.290789,Poor,1,2,1,3,1,1,2,2,1,Poor,-0.291
403,0.697232,0.574102,90.288624,5.447236,1.55779,0.113529,0.287402,0.559399,0.731787,1168.510324,17.355803,3.723391,9.535965,37.861841,37.847,1.47107,0.966005,5,1.058582,0.973698,1.464287,2.55468,1.469263,1.049266,0.97961,1.069357,5,1.472728,5,2.32029,Below Average,2,2,1,3,1,1,2,2,1,Poor,-1.32
404,0.92225,0.43779,104.028193,8.977021,1.453056,0.098396,0.244755,0.635063,0.73506,431.258735,15.708362,3.83158,3.351339,18.502763,41.028,1.031465,1.316279,4.999314,0.951578,1.009185,1.039105,2.923701,1.571881,2.234421,0.971502,0.898576,3.879145,0.983464,5,2.304454,Below Average,1,1,2,3,1,2,2,3,2,Below Average,-0.304
405,0.709122,0.688086,295.452427,5.711204,2.751011,0.11671,0.286585,0.708408,0.870293,601.201892,17.093399,11.829109,4.891895,23.584407,73.473,1.663137,1.366008,5,1.009936,1.024643,0.9583,3.610455,1.045122,1.664861,0.941645,0.890176,4.643503,0.927996,4.990496,2.268629,Below Average,2,2,1,3,2,2,3,2,2,Below Average,-0.269
406,0.784721,0.766853,246.878616,7.533262,2.187117,0.135076,0.265711,0.682946,0.847311,490.243201,13.65879,5.731531,2.704969,14.758988,36.528,1.563978,1.094605,5,0.961509,0.980533,0.981485,3.606578,0.984247,1.325718,1.022419,0.994201,3.70557,1.050408,4.980094,2.404918,Below Average,1,1,2,3,2,1,2,2,2,Below Average,-0.405
407,0.900098,0.802737,227.474834,6.752775,2.811588,0.117721,0.298168,0.678904,0.739285,863.835079,21.452813,3.629828,5.872922,29.802832,53.399,1.361331,1.016572,4.988658,1.001507,0.991283,1.610406,3.054785,1.008605,1.010678,1.036968,0.952953,5,1.024017,5,2.127803,Below Average,2,1,1,3,1,2,2,2,2,Below Average,-0.128
408,0.81576,0.459261,57.240652,7.699812,1.460808,0.114886,0.202944,0.577051,0.683947,518.005243,15.143864,10.051469,3.671691,19.765441,32.305,1.002815,1.609417,5,0.974142,0.989568,1.050116,2.957363,1.962697,1.658454,1.033278,1.102945,4.435614,0.943727,4.934782,2.213168,Below Average,1,2,1,3,1,1,2,2,2,Below Average,-0.213
409,0.829508,0.618368,69.32338,6.25727,0.9781,0.127923,0.305801,0.611722,0.694584,1601.531953,15.200371,0,6.100793,26.8543,28.912,0.988598,1.045037,5,0.969568,0.959838,1.976177,2.998183,1.618048,1.009085,0.977636,0.966979,5,0.980422,4.984416,2.195203,Below Average,2,1,2,3,1,2,2,2,2,Below Average,-0.195
410,0.671964,0.784512,230.150328,7.224633,1.988194,0.111225,0.281277,0.672109,0.720003,653.330931,19.86789,67.41015,9.413844,45.056094,67.739,1.614555,0.996837,5,1.027007,1.035336,0.986876,3.586784,1.413758,1.396903,0.934673,2.371726,5,2.148435,4.989724,2.279036,Below Average,2,1,1,3,2,2,2,2,2,Below Average,-0.279
411,0.998322,0.551612,96.097685,7.767186,1.82647,0.117502,0.234664,0.621132,0.820631,1319.793704,14.112177,6.973969,4.546657,21.42488,60.68,1.015749,1.503228,5,1.023344,1.032187,1.07899,2.942892,0.950647,1.412276,0.992088,0.881285,4.975164,1.048726,5,2.304755,Below Average,1,2,2,3,2,1,2,2,2,Below Average,-0.305
412,0.759236,0.515251,119.557157,7.304826,2.092002,0.11438,0.251505,0.620271,0.702373,434.144696,14.384754,11.244689,3.250488,17.428807,38.392,1.109131,1.394022,5,1.005952,1.005033,0.957713,3.004197,1.457879,2.014947,0.971194,0.91576,4.445056,1.024547,5,2.276471,Below Average,2,2,1,3,2,2,2,2,2,Below Average,-0.276
413,0.830101,0.445734,25.535677,8.909678,0.851115,0.106024,0.207481,0.635824,0.72034,322.446866,14.07565,2.879706,2.558235,16.111921,13.498,1.004079,1.477378,4.97799,0.899121,1.031618,1.059062,3.064282,1.475468,2.596383,0.958751,1.050215,3.483552,0.988089,4.975752,2.215421,Below Average,2,2,2,3,2,2,3,2,3,Average,0.785
414,0.611615,0.392101,44.850914,9.483784,0.820091,0.154197,0.270466,0.634605,0.670016,352.3221,14.859793,6.456123,2.279948,15.027645,9.438,1.939259,2.015502,4.975939,0.903224,1.06376,0.929083,3.034487,2.056853,2.932167,1.035512,0.973387,3.069894,1.006987,4.981103,2.140896,Below Average,2,2,2,3,2,2,2,3,2,Below Average,-0.141
415,0.967447,0.667629,147.374342,7.97737,2.18929,0.11788,0.272247,0.655117,0.763604,703.724199,19.788395,6.320514,4.540486,23.417135,40.478,1.005378,1.415032,5,0.928182,1.035169,1.51845,2.951028,0.915165,1.541624,0.996251,1.049279,4.572764,1.048497,5,2.411036,Below Average,1,3,2,3,1,2,3,2,2,Below Average,-0.411
416,0.905981,0.434367,95.048851,6.629826,1.877412,0.128364,0.289067,0.540214,0.775949,1878.818481,14.419419,9.332045,9.660802,37.754669,65.414,1.000626,1.358395,4.980807,0.99269,0.998097,1.582062,2.306768,1.586037,0.978871,0.925504,1.044943,4.988141,1.576898,5,2.271709,Below Average,2,2,1,4,2,3,2,3,3,Average,0.728
417,0.828884,0.720678,22.344194,8.932985,0.732043,0.110557,0.266448,0.580775,0.601719,389.349323,17.584697,98.978771,9.312893,45.755785,15.903,0.969597,0.938927,4.996942,1.013911,0.982342,0.988721,2.951343,1.575011,1.909788,0.965719,3.031705,4.967564,2.399931,5,2.257541,Below Average,2,1,2,3,1,2,3,1,3,Average,0.742
418,0.828559,0.443012,82.255367,11.539729,1.179971,0.152178,0.296851,0.577014,0.734803,1256.456333,12.853082,4.775418,4.538824,20.473557,42.611,1.00486,1.9681,4.984902,1.037849,1.026681,0.990138,2.974691,0.926947,1.002301,0.988019,0.960967,4.96214,1.14618,5,2.272337,Below Average,2,2,3,3,2,2,3,3,2,Below Average,-0.272
419,0.887678,0.393332,114.700244,5.833124,1.99866,0.127386,0.261261,0.642686,0.819814,332.553796,12.046853,2.684037,2.497337,13.949132,20.774,1.021189,1.957586,4.98179,1.056154,0.983962,1.03814,2.999617,1.048144,2.533906,0.955618,1.076714,3.525658,0.962834,4.997384,2.245515,Below Average,2,2,1,3,2,2,3,2,2,Below Average,-0.246
420,0.821991,0.630961,46.204538,8.735782,1.143726,0.117082,0.217146,0.678069,0.713201,468.986726,14.279968,2.899127,3.035256,17.074571,17.019,0.987217,1.011867,5,1.025755,0.948424,0.997804,3.685345,1.352547,2.279089,1.010718,1.052215,4.393247,0.942551,4.960171,2.233402,Below Average,1,1,2,4,2,1,3,2,2,Below Average,-0.233
421,0.867561,0.745512,70.968703,6.877464,1.061495,0.126411,0.254331,0.593055,0.683929,880.456111,16.650601,6.677711,5.225758,25.801074,30.524,0.961714,1.044298,5,1.051484,0.996451,0.978272,3.049685,2.042129,1.067997,0.980122,1.08668,4.899324,1.040253,4.987297,2.210757,Below Average,3,1,1,3,1,2,2,3,2,Below Average,-0.211
422,0.891093,0.4359,21.644325,7.287138,0.941206,0.119378,0.215984,0.655751,0.731812,308.842576,12.715689,2.460658,2.034592,13.881289,9.832,1.038388,1.957818,4.906203,1.06833,0.935375,0.958649,3.04811,1.003579,2.539807,1.053397,0.978964,3.486288,0.928102,5,2.257509,Below Average,1,2,2,3,2,2,2,2,2,Below Average,-0.258
423,0.746202,0.546272,207.951831,8.112569,1.897004,0.143736,0.295942,0.639629,0.792035,1289.367731,12.740683,2.380027,4.3995,19.698992,35.586,1.473316,1.523416,4.967606,1.013098,1.021929,1.488506,2.924459,1.510644,1.093421,1.033543,0.878489,4.087362,1.046818,4.983968,2.318472,Below Average,2,2,2,3,1,2,3,2,2,Below Average,-0.318
424,0.950789,0.444939,130.659319,7.297509,2.077529,0.111703,0.273824,0.599416,0.783614,1705.114882,14.461778,15.495673,6.157362,28.058967,77.046,1.01526,1.585933,5,1.074014,0.985719,1.006402,2.922763,1.412584,0.899949,0.980726,1.076994,4.996614,0.955009,4.971323,2.259265,Below Average,2,1,1,4,2,1,3,3,2,Below Average,-0.259
425,0.659632,0.646628,114.197477,6.861997,1.481085,0.119186,0.314395,0.585971,0.746183,1372.915383,13.323641,6.91724,6.481515,26.576498,26.362,1.971995,1.013415,5,1.020339,1.423465,1.993496,2.587049,0.958077,1.059099,0.978807,0.982732,4.979139,1.395988,4.97467,2.151796,Below Average,1,2,1,3,2,2,1,3,2,Below Average,-0.152
426,0.858436,0.481714,124.290987,4.058059,1.72519,0.129701,0.3163,0.606825,0.690988,335.970885,17.328297,303.68197,7.243803,47.638605,27.105,0.986473,1.385145,5,1.03975,0.99355,1.54463,2.502861,2.022959,2.502961,1.045759,3.183608,4.637918,2.649381,4.963209,2.163105,Below Average,1,2,2,3,1,2,2,2,2,Below Average,-0.163
427,0.84196,0.598773,139.268163,3.678308,1.89626,0.165011,0.381542,0.60544,0.700875,1013.100292,27.000351,603.430344,6.505168,50.210937,69.586,1.012536,1.015506,5,1.005732,1.052543,1.945217,2.424848,1.482577,1.826407,1.654036,3.199966,4.522247,2.717359,5,2.20694,Below Average,2,2,2,4,2,2,2,2,2,Below Average,-0.207
428,0.933071,0.639464,47.951741,10.189069,1.236949,0.110185,0.26494,0.595486,0.587333,542.38173,19.453198,95.483165,8.95199,48.155448,19.612,0.983488,1.048518,5,1.022173,1.513045,1.009374,3.031332,2.033885,1.428792,1.022672,2.980767,4.983205,2.515767,5,2.249668,Below Average,2,2,2,3,1,2,3,2,2,Below Average,-0.25
429,0.756054,0.64043,160.035388,9.076596,2.771838,0.125482,0.308792,0.636252,0.728941,1380.378596,29.825895,14.686216,8.772713,41.584346,68.868,1.051608,1.404601,5,1.003859,0.945401,1.498848,3.551056,1.057816,0.984843,2.060945,0.953459,4.986416,2.240596,5,2.266206,Below Average,2,2,2,3,2,2,3,3,3,Average,0.734
430,0.675818,0.532771,109.915244,8.605718,2.049714,0.137282,0.287017,0.706992,0.683759,716.957232,24.973539,10.103249,5.977465,30.274226,40.888,1.581354,1.59221,4.977156,1.031512,1.021739,1.391221,3.419064,1.598108,2.275829,1.74148,0.980913,3.715868,1.781592,5,2.315087,Below Average,2,2,2,3,1,1,2,2,2,Below Average,-0.315
431,0.915609,0.564426,52.420978,9.400513,3.253219,0.121596,0.196157,0.733037,0.914871,240.78824,13.332399,3.965109,2.068064,13.26098,21.455,0.954002,0.97887,5,0.97616,0.958803,0.997239,3.937716,1.014063,3.477823,0.965393,0.890579,3.503255,1.095002,5,2.273418,Below Average,1,1,2,4,1,2,2,2,2,Below Average,-0.273
432,0.692407,0.65322,119.253697,6.545111,2.067727,0.126186,0.299997,0.709066,0.777864,307.1161,19.701209,9.889116,3.453636,20.565011,38.107,1.405625,1.019912,5,1.021508,1.040154,1.596189,2.924714,1.428028,2.982252,0.944662,1.008613,4.418687,0.991029,4.971786,2.198037,Below Average,2,2,2,4,1,1,2,2,2,Below Average,-0.198
433,1.124467,0.593779,72.609087,8.775743,1.328953,0.101547,0.274497,0.626736,0.733145,1250.717338,12.988268,8.182199,4.562235,20.516901,27.638,1.378046,1.003295,5,1.050948,2.044014,0.989832,3.033774,0.959068,1.023966,1.049519,1.012102,4.986914,1.081931,5,2.055058,Below Average,2,2,2,3,2,2,2,2,2,Below Average,-0.055
434,0.91251,0.515405,61.047501,5.028986,0.824033,0.125114,0.324873,0.533351,0.613672,1233.028157,16.173429,202.759626,6.903218,39.479962,21.468,1.037441,0.973517,4.96533,0.978151,1.009255,1.993295,1.95548,2.317044,1.388786,0.948193,2.385196,5,2.029515,4.990245,2.328278,Below Average,1,2,2,3,2,2,2,2,2,Below Average,-0.328
435,0.758827,0.475692,113.216133,7.023486,1.420951,0.12549,0.297928,0.519797,0.742427,1651.446157,13.466105,7.246648,7.399542,29.516329,30.008,1.434081,1.598592,5,1.012017,1.482058,2.00938,1.985354,1.618313,1.061185,0.925145,1.026463,5,1.327003,5,2.279292,Below Average,2,2,1,3,2,2,2,2,2,Below Average,-0.279
436,0.736507,0.511912,128.642851,7.658059,2.32318,0.10654,0.310351,0.626635,0.773167,1116.335162,14.988933,0,5.214418,22.694695,48.734,1.531681,1.011674,4.985594,0.956026,0.981794,2.009984,3.017388,1.425019,1.641308,0.991486,0.884229,5,0.931897,5,2.160161,Below Average,2,2,2,4,2,3,3,2,2,Below Average,-0.16
437,0.828102,0.478796,38.217849,7.844691,1.321936,0.110454,0.217219,0.60153,0.73818,553.064546,13.286096,5.063771,3.959876,19.316822,31.637,1.009834,1.55302,4.964882,1.021246,0.924369,1.020052,3.010486,1.481839,1.515537,1.004172,1.134627,4.523567,1.022954,4.994162,2.427128,Below Average,2,1,2,3,2,1,3,2,2,Below Average,-0.427
438,0.75858,0.63822,64.360468,7.139177,1.521217,0.120037,0.222365,0.63003,0.723078,367.290631,14.680992,8.16173,3.282808,17.947607,22.185,1.544026,1.032367,5,0.911366,0.984363,0.986639,2.958618,1.013953,2.705431,1.013867,0.894939,4.336708,0.884985,5,2.264281,Below Average,2,2,1,4,1,2,2,2,2,Below Average,-0.264
439,0.704911,0.419469,61.444699,8.283923,0.93256,0.11656,0.275386,0.674116,0.700487,861.159947,17.453671,8.276303,5.407544,25.664055,23.641,1.51906,1.572549,4.935124,0.997849,1.016883,0.973972,2.979457,1.532033,2.072023,0.904816,0.907935,4.48632,1.519872,5,2.360406,Below Average,2,2,1,3,2,2,2,2,2,Below Average,-0.36
440,0.675339,0.445353,50.117672,8.157394,1.315018,0.127785,0.269766,0.659223,0.691964,423.564336,13.109376,6.036825,5.032288,22.628403,54.255,1.583283,1.579273,5,1.053032,1.028324,1.518318,3.029363,2.01461,1.998148,0.950895,0.946483,4.511308,0.998053,5,2.208822,Below Average,2,2,2,3,2,3,3,2,2,Below Average,-0.209
441,0.741767,0.596151,78.023843,6.131564,1.483349,0.117423,0.289464,0.588398,0.77281,918.23732,20.247526,201.459803,9.493327,54.10682,37.755,1.492592,1.047157,5,1.022999,1.48105,1.51911,2.526439,1.003884,1.013528,1.454503,3.04031,4.984552,2.478567,5,2.240486,Below Average,2,2,1,3,3,2,2,4,2,Below Average,-0.24
442,0.773729,0.418924,117.047296,8.569933,1.45098,0.109455,0.300919,0.654468,0.74996,473.251892,14.945431,6.948613,3.654903,19.749165,39.135,1.675008,1.978985,4.964718,1.004323,1.039894,1.513703,2.974336,1.661434,2.15848,0.951216,0.881533,4.372668,0.926977,5,2.211629,Below Average,2,2,1,3,1,2,3,2,2,Below Average,-0.212
443,0.754204,0.300416,120.09236,5.812809,2.007949,0.110791,0.245257,0.663994,0.730722,490.058829,13.085329,5.933093,5.297722,23.269053,36.054,0.985235,2.628487,4.965619,0.992645,0.960551,0.975348,3.033357,1.348727,1.642274,1.007999,0.928072,4.991988,1.13656,5,2.23011,Below Average,1,2,2,3,3,1,3,3,2,Below Average,-0.23
444,0.835889,0.542777,105.499025,8.168175,1.957523,0.12243,0.236904,0.621692,0.817677,864.847311,13.486252,3.755049,4.08136,18.807645,43.875,1.009481,1.556398,4.983179,0.952672,0.997434,1.030095,2.990087,0.978865,1.909795,1.00888,1.00721,4.511234,0.904239,5,2.217245,Below Average,2,2,2,3,3,2,3,2,2,Below Average,-0.217
445,0.721487,0.611857,75.568428,7.183879,1.471069,0.121307,0.292863,0.645418,0.730478,1218.612402,12.882975,6.8444,5.62981,24.551241,34.404,1.478229,0.959964,5,1.012236,1.548656,1.464448,2.999663,1.539909,1.117907,0.999634,1.033093,5,0.993257,5,2.239334,Below Average,2,1,1,4,1,1,3,1,2,Below Average,-0.239
446,0.717335,0.546249,87.318348,8.035479,1.231345,0.131885,0.325321,0.624668,0.695046,1185.700672,16.235364,6.540176,5.919156,27.039847,31.154,1.465242,1.034517,4.990904,1.018381,0.988976,1.607921,2.974283,2.005548,1.881171,1.023551,1.084112,4.9821,0.936403,4.987138,2.317619,Below Average,2,2,2,4,1,2,2,2,2,Below Average,-0.318
447,0.796675,0.521977,61.913425,5.373443,1.718587,0.136363,0.294352,0.543579,0.680936,1026.594031,15.054469,3.332593,8.533484,33.913284,29.271,1.033148,0.982154,5,1.029541,0.979133,1.611783,2.452935,2.046448,1.864196,1.024627,1.096281,4.51025,1.56144,5,2.181602,Below Average,1,2,1,3,1,2,3,2,2,Below Average,-0.182
448,0.75665,0.537457,45.15669,4.555142,1.344502,0.129734,0.342208,0.545364,0.787669,723.190327,23.189253,201.921671,9.727288,55.552009,23.347,0.888281,0.982694,4.953776,0.999059,1.051255,1.909625,2.525122,0.939405,0.886293,1.591359,3.063519,4.860782,2.583379,4.990913,2.180152,Below Average,2,2,2,3,3,2,2,2,2,Below Average,-0.18
449,0.882964,0.683398,102.747512,7.943295,4.650728,0.115761,0.236099,0.714697,0.975437,207.912151,16.563015,11.812676,2.2319,15.534558,37.07,1.051733,1.02156,5,1.007412,1.070644,1.374834,3.706263,0.969588,3.637153,1.045306,1.136062,3.341432,1.030631,4.956383,2.272144,Below Average,2,1,2,4,1,3,2,2,2,Below Average,-0.272
450,0.862072,0.445725,124.990766,6.436568,2.541956,0.138853,0.250103,0.626827,0.795742,1110.520989,14.132609,12.965291,4.201771,20.538624,57.062,0.987835,1.449195,5,1.00036,0.970859,0.952392,2.965604,1.576887,2.079229,1.02306,0.85283,4.431161,0.963931,5,2.185145,Below Average,1,2,2,3,2,1,2,3,2,Below Average,-0.185
451,1.179135,0.591485,253.246287,5.913526,2.490299,0.100956,0.312375,0.674019,0.745372,2184.904704,13.926759,7.449166,11.240873,41.131714,89.646,0.906736,1.420577,5,0.965474,1.051926,1.573542,3.020652,1.40828,0.967572,1.03202,1.098813,5,2.229688,4.987628,2.239066,Below Average,1,3,2,3,2,3,3,2,2,Below Average,-0.239
452,0.985369,0.596021,54.654757,8.114175,1.438749,0.119853,0.250063,0.638319,0.762825,842.009057,20.514535,4.886501,5.516142,27.953288,27.536,1.050042,1.039617,4.975047,1.050013,0.972486,0.98434,2.957982,1.557367,1.521487,1.461593,0.864206,5,0.947159,4.939387,2.254862,Below Average,2,3,2,3,1,1,2,3,2,Below Average,-0.255
453,0.70873,0.477315,45.007735,7.285403,0.970635,0.135126,0.310474,0.52371,0.686183,1022.218304,15.389905,8.018576,7.632403,30.469386,23.982,1.530368,1.544271,5,1.044823,1.037964,1.527898,2.543681,1.975959,2.049553,1.042781,0.950926,4.000198,1.517329,5,2.151801,Below Average,1,1,2,3,1,2,2,3,2,Below Average,-0.152
454,0.937839,0.471381,178.714229,8.102726,2.261791,0.104907,0.258879,0.647128,0.811773,584.69357,16.437859,3.062143,4.301638,22.160898,62.629,1.441903,1.610545,5,0.947088,0.997248,0.935672,3.004457,1.015294,1.665138,0.981825,0.970217,4.540539,1.077774,5,2.201345,Below Average,1,2,2,3,2,2,2,2,2,Below Average,-0.201
455,0.688003,0.608083,110.120391,7.622002,1.82084,0.12222,0.308558,0.63131,0.745194,975.797353,12.187542,4.031404,4.197819,18.314981,31.436,1.529125,1.035971,5,1.012524,0.965008,1.577416,2.961329,0.977469,1.388502,0.970927,0.925226,5,1.017049,4.967098,2.274667,Below Average,1,2,1,3,2,1,2,3,2,Below Average,-0.275
456,0.755804,0.535485,103.617243,6.149011,2.578683,0.11269,0.261925,0.622321,0.725997,501.850798,13.841448,8.024855,6.637285,27.854323,89.63,1.400792,0.990422,5,1.143554,0.998192,1.457376,2.934369,1.54807,1.452193,0.977257,1.131768,5,0.942145,4.956285,2.200659,Below Average,2,2,1,2,1,2,2,2,2,Below Average,-0.201
457,0.684265,0.534923,61.808311,6.228236,1.240758,0.100007,0.197029,0.554824,0.809634,452.893239,21.637775,86.490664,6.140047,38.446256,25.548,2.1467,1.029435,5,1.004114,1.414325,0.975656,2.386756,1.343415,2.188172,0.968537,2.840948,5,1.611267,4.93215,2.189999,Below Average,1,2,2,3,2,1,2,2,2,Below Average,-0.19
458,0.820703,0.486887,55.168903,8.371463,1.21188,0.098555,0.239757,0.598603,0.676734,841.326161,17.386365,6.86428,5.106125,24.897029,24.296,1.025449,1.642288,5,0.990348,0.996668,0.982683,2.957033,1.632524,1.648104,1.031804,0.985982,4.380668,1.458224,5,2.202307,Below Average,1,2,2,3,2,1,2,2,2,Below Average,-0.202
459,0.657163,0.556066,78.681901,7.892916,1.143268,0.137516,0.266968,0.636027,0.680161,1369.813385,16.780332,1.625853,6.039166,27.434998,36.214,1.939222,0.999055,4.999222,1.004827,1.00908,1.011362,2.941455,2.042966,2.072864,0.985792,1.059999,4.964226,1.312719,4.969894,2.385352,Below Average,2,2,2,3,1,2,2,2,2,Below Average,-0.385
460,0.579851,0.521028,96.205572,6.674784,1.346481,0.116552,0.290869,0.645047,0.721188,516.21268,16.620484,9.670898,4.678331,23.823376,26.601,2.080713,1.431532,5,0.976821,1.086025,1.419369,2.939342,1.449436,1.949837,1.05069,0.995485,4.578772,0.999317,5,2.209767,Below Average,2,1,2,3,2,2,2,3,2,Below Average,-0.21
461,0.769047,0.548141,64.87444,9.618325,1.300327,0.119914,0.241911,0.667817,0.759178,297.8438,14.110555,7.453089,2.6002,15.44864,21.154,1.045873,1.020969,5,1.097801,1.047159,1.057192,3.013311,1.477654,3.028049,1.002085,0.974782,3.557522,0.981917,5,2.14009,Below Average,1,2,2,3,2,1,2,1,1,Poor,-1.14
462,0.924703,0.56869,83.883483,7.320572,2.099395,0.106596,0.242966,0.616158,0.682219,427.063167,15.799351,7.738768,3.355963,18.648755,20.337,0.932389,1.034946,4.983238,1.00126,1.474893,0.893808,3.056926,1.9864,2.11936,0.986233,0.954108,4.519189,0.930028,5,2.281132,Below Average,1,2,2,3,2,1,3,2,2,Below Average,-0.281
463,1.027828,0.702428,196.266035,5.936214,2.764073,0.110603,0.293234,0.687876,0.713566,1627.122464,15.74018,8.317247,8.689794,34.668487,84.387,0.990051,1.055049,5,1.022698,0.942056,1.483018,2.877968,1.553521,1.527873,0.931148,1.085316,4.971473,1.893292,5,2.333237,Below Average,1,2,1,4,2,2,2,2,2,Below Average,-0.333
464,1.101642,0.479884,51.960258,8.710813,0.95153,0.119075,0.275593,0.566456,0.699749,1538.03891,13.307069,9.872167,4.92134,21.815062,18.713,0.943086,1.425957,5,1.002532,1.494817,1.48565,2.564633,1.44299,1.03368,1.003144,1.019854,5,0.963665,5,2.218183,Below Average,2,1,2,3,2,2,3,2,2,Below Average,-0.218
465,0.696031,0.682178,181.033516,4.98279,2.474488,0.109888,0.320987,0.63762,0.803951,763.998384,18.614747,5.205138,5.850878,27.343712,44.986,1.451468,1.00156,5,0.988884,1.475654,2.053074,2.561446,1.020997,2.157737,1.029223,1.084284,4.360898,1.457601,5,2.18527,Below Average,1,2,2,3,1,2,2,2,2,Below Average,-0.185
466,0.795945,0.484037,63.946643,9.632963,1.396762,0.14826,0.247579,0.574664,0.713626,1022.210048,12.501121,6.270675,4.674736,20.90042,46.915,1.082335,1.455459,5,0.985029,1.007346,1.028128,2.981258,1.427835,0.981978,1.017616,1.06506,4.986865,1.044556,4.957646,2.189614,Below Average,1,1,2,3,1,1,2,2,2,Below Average,-0.19
467,0.916956,0.576893,62.811937,8.515127,1.667161,0.110863,0.227284,0.574692,0.704998,716.944098,14.436026,8.263821,4.575775,22.36109,38.775,1.065822,1.065391,5,1.057838,1.441386,0.981702,3.000367,1.962968,0.977884,0.945073,0.982643,5,0.954104,5,2.324769,Below Average,2,1,1,3,2,1,3,3,2,Below Average,-0.325
468,0.73593,0.553804,38.45736,7.073449,1.034782,0.146638,0.293639,0.587366,0.731565,882.831724,17.117072,1.463703,7.478794,32.599551,24.908,1.53106,1.015729,5,1.014672,0.973212,1.406987,2.65845,1.419388,2.06792,0.985322,1.071649,4.494627,1.375037,5,2.255737,Below Average,1,1,1,3,2,1,2,2,2,Below Average,-0.256
469,0.954744,0.88503,176.988572,7.405819,2.502489,0.128964,0.28842,0.659636,0.732237,830.867592,21.683199,5.990005,5.057722,26.367473,47.826,1.008134,1.024013,5,0.986074,1.010087,1.551053,3.023686,1.434584,1.002735,0.969056,1.062391,4.97234,0.943133,4.959962,2.213946,Below Average,1,2,2,3,1,1,2,1,2,Below Average,-0.214
470,0.820723,0.369912,67.759149,6.091014,1.087109,0.117628,0.288035,0.603693,0.737762,1010.065202,13.979341,6.019089,4.707807,21.698588,22.014,0.928997,2.079982,4.907455,0.964245,1.006071,1.428536,2.553195,1.582755,1.385477,1.038805,0.838262,4.976775,0.951183,5,2.22946,Below Average,1,2,2,3,2,2,2,2,2,Below Average,-0.229
471,0.632536,0.576283,159.766958,6.01658,2.609132,0.115383,0.263425,0.662051,0.755719,698.6627,19.096715,2.281987,5.289257,26.492935,52.949,2.070615,0.980704,5,1.003943,1.069638,1.02059,3.412621,1.038569,0.951427,0.974861,0.976686,4.987463,0.878952,5,2.158252,Below Average,2,1,2,4,1,2,3,2,2,Below Average,-0.158
472,0.907064,0.36322,101.038565,8.57203,1.771423,0.13098,0.28537,0.565735,0.769621,2046.477386,12.911171,7.679856,5.835205,25.323295,59.381,1.039184,2.001576,5,1.0012,0.941277,1.598006,2.460929,1.556795,0.964589,1.07788,0.930633,5,0.959191,4.99782,2.273694,Below Average,2,2,2,3,1,2,3,2,2,Below Average,-0.274
473,0.965661,0.645035,28.346712,9.567698,0.781372,0.107076,0.281229,0.581376,0.599984,683.826419,17.718563,112.701808,10.351058,52.908149,16.526,1.003281,1.019562,5,1.009048,1.371566,0.90605,2.999328,1.603006,1.541858,1.05789,3.585088,4.982521,2.889383,5,2.214904,Below Average,1,2,2,3,2,1,2,3,2,Below Average,-0.215
474,0.98249,0.498326,43.436298,7.564564,1.0156,0.125607,0.265167,0.654179,0.696842,865.122065,13.10979,6.982097,4.455177,20.320207,15.628,1.064868,1.462379,4.939066,1.034324,1.007524,0.938906,2.999087,1.569991,1.954923,0.949504,0.952871,4.17108,1.04715,5,2.259884,Below Average,1,2,2,3,2,2,3,3,2,Below Average,-0.26
475,0.873804,0.550312,47.94945,9.506302,2.960341,0.104255,0.207272,0.672531,0.852529,217.882368,13.675351,3.08776,2.100496,13.980093,20.577,0.962034,1.030984,4.987271,1.060434,1.026644,1.074142,3.423236,1.573238,3.441029,0.94729,1.049172,2.914229,0.983847,4.957178,2.277619,Below Average,2,1,3,3,2,2,3,2,2,Below Average,-0.278
476,0.80318,0.570923,135.787836,6.795826,2.002765,0.13506,0.309322,0.604935,0.723041,942.661772,12.36436,6.805274,3.97638,18.767605,38.646,1.035718,1.018807,4.993238,0.963807,0.996479,1.360081,2.628329,1.375688,1.573866,1.029518,1.050822,4.979505,1.074043,5,2.279811,Below Average,2,2,2,3,2,2,2,2,2,Below Average,-0.28
477,0.76206,0.538096,74.918866,8.787216,1.31645,0.114162,0.304587,0.654677,0.696622,1266.657891,14.08258,3.909237,5.541015,24.463833,30.872,1.006954,0.97569,4.942747,1.005706,0.952389,1.630551,3.402283,1.617944,1.872872,0.961407,1.054223,4.688119,1.073525,5,2.215962,Below Average,2,1,2,3,1,1,3,3,2,Below Average,-0.216
478,0.910412,0.542412,123.592318,9.245714,1.590966,0.098473,0.298545,0.595816,0.656803,555.565443,18.763368,92.932145,9.870516,48.814051,51.09,1.022827,1.422161,4.970109,1.109141,1.0244,0.962003,2.998531,1.465342,1.487946,1.000493,3.022353,4.964612,2.650535,4.930619,2.203964,Below Average,3,1,2,3,2,2,3,3,2,Below Average,-0.204
479,0.829644,0.577885,19.654722,8.38075,0.816909,0.134191,0.261528,0.606114,0.611675,300.531841,16.51004,97.440642,8.072423,41.860788,13.232,1.038595,1.533527,5,1.013823,0.936262,1.058524,2.986503,1.516598,2.491505,1.042089,2.995685,3.959072,2.605711,5,2.241847,Below Average,2,2,1,4,2,2,3,2,2,Below Average,-0.242
480,0.740187,0.500856,125.419389,7.483517,2.084728,0.120853,0.284503,0.659001,0.696256,1035.000713,11.486868,4.689307,5.251511,22.531732,35.903,1.527383,1.523041,4.977849,1.00952,0.969464,1.571969,3.064382,1.536195,1.148738,1.004194,0.962576,4.905737,0.980348,4.938475,2.298509,Below Average,1,2,2,3,2,2,2,2,2,Below Average,-0.299
481,0.830763,0.615606,121.210629,6.439579,1.929776,0.123379,0.277991,0.65703,0.792832,432.039162,14.232081,4.308898,3.308237,18.115848,25.409,1.011634,1.549473,4.952788,1.045009,1.060797,1.020971,3.061916,1.457754,2.064949,1.054794,0.9873,4.439072,1.103675,4.993821,2.244212,Below Average,1,2,2,3,2,2,3,2,2,Below Average,-0.244
482,0.920428,0.513628,52.471432,7.69,1.637382,0.122551,0.242505,0.604377,0.68318,846.006157,13.535589,1.630904,7.033192,29.122819,71.037,0.990106,0.935294,4.996467,0.952272,1.006134,1.083706,2.998924,1.98688,0.940778,0.934492,0.890737,4.998099,0.908017,4.980462,2.249161,Below Average,1,2,2,3,2,2,2,2,2,Below Average,-0.249
483,0.817457,0.671111,119.278344,6.691781,2.169929,0.127283,0.309826,0.629918,0.815394,717.954443,22.371845,4.608762,6.017266,29.920664,44.099,0.933834,0.983401,5,1.022757,0.992518,1.666055,2.9961,0.948261,2.289406,1.033399,1.09756,4.333187,1.367759,4.99045,2.267332,Below Average,2,2,2,3,1,2,2,3,2,Below Average,-0.267
484,0.714601,0.68386,181.756749,6.789858,2.127551,0.104126,0.29592,0.643878,0.703007,667.535176,17.856919,86.070969,9.696213,46.927047,52.793,1.048503,1.006004,5,0.987109,1.583567,1.030206,3.066544,1.490063,1.498312,1.012655,2.789444,4.969697,2.419481,4.948745,2.259441,Below Average,1,2,2,3,2,2,3,3,2,Below Average,-0.259
485,1.063126,0.648118,97.641452,7.045382,1.819154,0.104079,0.291529,0.658303,0.793121,762.030503,17.025881,5.275159,3.599038,20.197951,30.571,0.909298,0.998941,5,0.9669,1.546383,1.480522,3.023054,1.003082,1.831982,1,1.009497,4.601903,0.912905,5,2.17051,Below Average,2,2,1,2,2,1,2,2,2,Below Average,-0.171
486,0.884079,0.439288,119.744269,6.335017,1.77023,0.13583,0.320133,0.589985,0.777532,1006.586498,12.37919,10.426698,3.675009,17.187602,22.153,0.999629,1.557665,4.997497,0.980833,0.978403,1.50332,2.512487,1.587637,1.999935,0.950454,1.046043,4.508517,1.010169,4.971423,2.21101,Below Average,2,2,2,3,2,2,2,3,2,Below Average,-0.211
487,0.896967,0.50111,72.737757,9.805124,0.989429,0.115131,0.299242,0.621327,0.698093,1618.981061,14.562196,10.038162,5.845388,25.302447,23.508,1.015471,0.989974,5,1.089324,0.977692,1.519521,3.005443,2.003794,0.884341,0.974561,0.940202,5,0.934949,5,2.232831,Below Average,2,2,1,3,2,2,3,1,2,Below Average,-0.233
488,0.784135,0.453754,34.891578,7.701734,1.305347,0.120714,0.301879,0.603189,0.736204,602.391046,16.332128,10.539222,4.368819,21.61262,16.085,1.010923,0.977405,4.995164,1.02891,1.029958,1.505152,2.918123,1.479248,1.830955,0.965673,0.974541,4.006626,1.061141,5,2.160232,Below Average,2,1,2,3,2,2,2,3,2,Below Average,-0.16
489,0.812013,0.503123,55.974201,5.899079,1.289466,0.129585,0.252722,0.56914,0.727566,415.281631,21.856772,158.746786,7.001346,43.664167,23.858,0.963241,1.584694,4.978713,0.983008,1.052091,1.401259,2.595452,1.597,1.666198,1.379283,2.481461,4.398287,2.193931,5,2.298023,Below Average,2,2,2,3,2,2,2,3,2,Below Average,-0.298
490,0.91489,0.621835,20.227615,7.600566,0.879723,0.110056,0.221966,0.614418,0.772855,401.142705,14.57733,6.664124,3.239841,17.315582,14.408,0.993846,1.495543,4.972579,0.998113,1.02134,1.026845,2.980064,1.055856,1.992046,1.037411,1.00456,4.57818,0.953259,4.999733,2.167527,Below Average,2,2,3,3,2,1,2,2,2,Below Average,-0.168
491,1.093966,0.585244,205.506357,7.319708,1.660398,0.120127,0.320228,0.69349,0.754244,2091.940369,15.341107,2.118558,9.806317,37.324115,74.642,1.319888,1.372461,4.928828,1.018565,1.023258,1.680143,3.02365,1.357511,1.722037,1.033773,1.103155,4.210384,2.253012,4.976169,2.302894,Below Average,1,2,2,3,3,2,2,2,2,Below Average,-0.303
492,0.630848,0.554869,172.238381,6.457452,3.023978,0.122569,0.255298,0.658059,0.757204,734.825628,19.619618,6.267102,4.919269,25.285444,58.206,2.008825,1.018299,4.995008,0.996836,0.963781,0.992896,3.59399,0.948931,1.00968,0.977573,1.015229,4.986669,1.029338,5,2.220031,Below Average,2,3,2,3,2,1,2,3,3,Average,0.78
493,1.039802,0.738287,226.638952,5.861158,2.43181,0.117127,0.33648,0.686145,0.811684,1641.993942,19.433414,4.843151,8.333048,35.35692,76.857,0.877719,1.00629,5,1.098867,0.996836,2.015618,2.981008,1.032709,2.049769,0.992327,1.041046,4.493817,1.925904,5,2.311926,Below Average,2,2,2,3,2,3,2,1,2,Below Average,-0.312
494,0.820007,0.523862,115.361821,5.29389,1.94959,0.124442,0.300048,0.661975,0.801881,573.461081,12.397214,3.606316,3.937843,19.206649,25.868,0.955494,1.593387,5,1.031282,0.991881,1.563796,3.069783,1.470889,2.145989,0.982279,1.070886,4.437668,0.943654,5,2.277815,Below Average,2,2,1,3,2,1,3,3,2,Below Average,-0.278
495,0.822203,0.401164,67.036244,10.103095,1.04099,0.14073,0.303845,0.533362,0.714102,1579.452064,12.641795,4.750826,5.235188,23.979829,31.983,1.050844,2.005502,5,0.976287,1.034517,1.537962,2.522294,1.459059,1.021532,0.969669,1.090032,5,1.126462,4.984432,2.376157,Below Average,1,2,2,3,2,1,3,2,2,Below Average,-0.376
496,1.099866,0.617526,156.364747,6.311252,1.882515,0.098253,0.282052,0.661014,0.778054,1106.18272,14.544594,7.608306,4.530446,21.539629,42.9,1.005908,0.941046,5,0.978417,2.00415,0.903936,2.983265,0.937067,1.018291,0.945974,1.036939,5,1.002341,5,2.210709,Below Average,1,2,1,3,2,1,2,2,2,Below Average,-0.211
497,0.916848,0.529442,124.302224,3.522299,1.495039,0.13522,0.358685,0.497943,0.699488,1008.320366,15.56881,103.090613,9.829128,48.251816,60.472,0.988994,1.007954,4.942014,1.046581,1.053906,1.522887,2.523254,1.49756,0.911698,1.008227,2.532963,5,2.114923,5,2.27045,Below Average,2,2,2,3,1,2,2,3,2,Below Average,-0.27
498,1.028674,0.75152,255.896906,6.390104,3.116537,0.111927,0.345405,0.703515,0.763519,2219.475683,30.698448,9.681102,12.930854,54.953635,100,1.032655,0.987512,5,1.028638,1.018995,2.066268,3.533047,1.045537,0.981482,2.066688,1.068109,4.984782,3.024097,4.983645,2.310939,Below Average,1,2,1,3,2,3,3,3,2,Below Average,-0.311
499,0.981745,0.60928,68.235181,7.624077,1.520174,0.11589,0.270902,0.593902,0.733792,660.710237,21.509378,144.979359,7.29154,44.094787,25.417,1.047166,0.998048,5,0.997343,1.575186,1.347127,2.622825,1.649769,0.978243,1.411182,2.448213,4.995085,2.050888,4.94103,2.483106,Below Average,2,2,2,3,1,1,2,3,2,Below Average,-0.483
500,0.907695,0.701267,159.600914,8.386667,2.872613,0.113602,0.284769,0.648047,0.70673,1103.37011,30.674924,13.014275,8.053665,40.388987,57.6,1.012238,0.989122,4.956897,1.110416,1.470292,1.523635,3.477007,1.564201,0.933302,2.085711,0.984746,4.974829,2.076286,4.95322,2.213115,Below Average,1,2,1,3,1,1,3,3,2,Below Average,-0.213
501,0.697588,0.462704,30.24753,5.312718,0.955454,0.119836,0.190356,0.584653,0.775376,266.274123,17.706267,69.4465,4.424665,28.160276,17.228,1.911653,1.547105,4.965987,1.028783,1.037286,1.02483,2.484204,0.932996,2.974649,1.003712,2.367316,3.820311,1.549963,4.967991,2.304374,Below Average,2,2,1,3,1,2,2,2,3,Average,0.696
502,0.878649,0.44732,44.50744,8.52105,0.951267,0.125124,0.237729,0.627013,0.70451,858.142998,12.414691,2.044635,2.821702,14.836655,13.06,1.01926,1.72483,5,1.058022,0.982208,1.343998,3.056402,1.364181,2.309514,0.972143,1.035206,3.679833,0.885573,4.941186,2.237175,Below Average,1,1,2,4,2,2,2,2,2,Below Average,-0.237
503,0.914537,0.566675,74.135865,7.983375,1.221257,0.109942,0.322098,0.65744,0.704575,1516.008215,15.028012,7.109305,7.028421,29.301406,29.484,1.052439,1.027895,4.973685,0.976352,1.094249,1.444513,2.99706,1.934717,0.985782,1.02088,0.95935,5,1.018788,4.985208,2.231593,Below Average,1,2,2,4,1,2,3,2,2,Below Average,-0.232
504,0.964357,0.538465,105.083074,4.368567,1.267081,0.158157,0.377836,0.569188,0.683273,1534.642349,28.743108,667.806432,9.612721,63.451328,67.295,0.989292,0.977765,5,0.974088,1.069276,1.666311,2.40021,1.674354,0.999621,1.588212,3.644143,4.886938,3.336585,4.953085,2.179601,Below Average,2,1,1,2,2,2,2,3,2,Below Average,-0.18
505,0.77908,0.595787,87.987926,6.854144,1.550518,0.104239,0.248508,0.645109,0.675616,734.300469,15.105788,10.127733,5.001394,23.762239,34.598,1.536524,0.908434,5,1.025413,0.991009,0.994966,2.989631,1.504955,2.082515,1.043409,0.963967,4.485461,0.970572,5,2.213665,Below Average,3,1,2,3,1,2,2,3,2,Below Average,-0.214
506,0.650598,0.55259,75.145719,8.168204,1.126566,0.139347,0.271194,0.624857,0.676777,1321.301172,16.591972,5.837583,5.826144,26.518878,34.972,1.932331,0.970757,4.978769,1.121585,0.968098,1.00553,3.107639,2.020279,2.377975,1.034069,0.882118,4.978289,1.337931,4.927855,2.314912,Below Average,2,1,2,3,2,2,3,3,2,Below Average,-0.315
507,0.783693,0.587351,89.459626,7.056686,1.595744,0.106686,0.258095,0.645123,0.696273,699.797857,15.382075,12.502907,4.91095,24.107359,33.586,1.612466,1.045517,4.896829,0.970957,0.991852,0.996053,2.988627,1.305325,2.090823,0.94813,1.042021,4.482033,1.006738,5,2.150028,Below Average,2,2,2,3,2,1,2,2,2,Below Average,-0.15
508,0.660204,0.47378,94.080916,7.551957,1.952077,0.13594,0.285687,0.678224,0.73132,404.340755,14.56851,5.274895,3.694277,19.135159,35.085,1.966152,1.539362,5,1.090564,1.045128,1.50634,3.028139,1.523202,2.585339,1.060991,0.926244,3.907299,1.007507,5,2.231131,Below Average,2,2,1,3,1,2,2,2,2,Below Average,-0.231
509,0.690937,0.432886,68.611592,10.423309,0.848714,0.119267,0.304123,0.646436,0.694728,1124.807538,14.074167,6.284718,3.964434,19.594439,17.865,1.517012,1.568189,5,0.988351,0.901668,2.011435,2.9706,2.041249,1.981774,1.063597,0.910761,4.496654,0.9692,5,2.339442,Below Average,2,1,1,3,1,3,3,3,2,Below Average,-0.339
510,0.685459,0.503386,58.707726,7.293234,1.284116,0.130883,0.299731,0.626476,0.717868,566.439634,17.249013,7.402227,4.825579,23.807944,20.564,1.574849,0.920258,5,1.029503,0.992048,1.334941,3.029224,1.689426,2.133489,0.960419,0.985707,5,1.069791,4.976828,2.246433,Below Average,1,1,2,3,1,2,3,2,2,Below Average,-0.246
511,0.679395,0.628208,53.365984,8.725753,0.954027,0.121369,0.330927,0.627377,0.740786,1348.606432,13.010266,5.267694,4.5233,19.910046,15.963,2.068506,0.975953,4.975215,0.954001,0.963265,1.951853,2.932696,1.029022,1.006265,1.012095,0.976967,5,0.995523,5,2.272755,Below Average,2,1,1,3,2,2,2,2,2,Below Average,-0.273
512,0.90069,0.409596,51.454048,9.237026,1.037205,0.120946,0.281859,0.586932,0.715867,1667.494789,15.235467,6.600394,6.744525,28.207111,35.832,0.939342,1.989661,5,0.958672,1.02989,1.501636,2.52786,1.474519,1.05883,0.92541,1.040732,5,0.993938,4.961032,2.266547,Below Average,2,3,2,3,2,2,2,2,2,Below Average,-0.267
513,1.179724,0.550628,94.138484,5.269768,1.293172,0.128124,0.325882,0.536797,0.749979,1103.563702,14.543778,70.746861,6.912016,35.176457,39.452,1.014936,0.994849,4.97366,1.048394,1.630599,1.352226,2.628911,1.019107,0.969097,1.005081,2.22513,4.940261,1.878154,4.93264,2.284473,Below Average,2,1,3,3,2,2,2,2,2,Below Average,-0.284
514,0.886408,0.415284,31.034479,9.303122,1.020569,0.105289,0.229189,0.657441,0.725136,899.414137,15.704975,1.29439,5.056068,23.781508,30.506,0.997511,2.02782,5,1.01077,0.976546,1.021672,3.016709,0.958722,1.482907,1.0426,0.902238,4.457123,1.059198,5,2.287202,Below Average,2,2,2,3,1,2,2,2,2,Below Average,-0.287
515,0.725792,0.520653,45.09562,8.503531,0.89293,0.143211,0.27465,0.619487,0.73734,797.870754,16.825019,10.186914,4.223315,22.072719,17.819,1.646232,1.36637,4.97691,0.962646,0.991058,1.448542,2.679235,1.378905,2.32739,1.03833,0.975422,4.35671,0.996268,5,2.153679,Below Average,2,1,2,3,1,2,2,3,2,Below Average,-0.154
516,0.879714,0.477279,128.396128,6.793085,2.18796,0.116511,0.266723,0.636849,0.677942,971.874662,12.4296,6.75687,6.33758,25.731451,38.868,1.055053,1.553296,4.961019,1.052344,1.038689,1.022982,2.97829,2.019289,1.103512,0.98102,1.050177,4.937342,0.946181,5,2.220605,Below Average,2,1,2,3,2,2,3,2,2,Below Average,-0.221
517,0.824188,0.554756,188.054747,8.877572,1.941186,0.127057,0.263035,0.705646,0.802927,1136.754906,15.455974,6.995486,5.427809,24.488273,50.461,1.399299,1.599224,5,0.967651,1.007193,1.002098,3.386964,0.970001,1.009866,1.046871,1.004035,4.116995,1.084906,5,2.314811,Below Average,2,2,1,3,1,1,3,3,2,Below Average,-0.315
518,0.634142,0.535361,75.236956,9.157431,1.260293,0.135692,0.278795,0.659989,0.779654,314.80405,13.796828,8.970323,2.946826,16.220542,19.082,1.564094,1.586601,4.998603,1.051526,1.010133,1.534842,2.959978,1.553712,3.025531,1.034221,0.965318,4.029175,1.029184,4.964933,2.421347,Below Average,2,2,1,3,2,2,2,2,2,Below Average,-0.421
519,0.634839,0.736315,287.806793,5.201457,2.873426,0.111055,0.295746,0.680518,0.827457,701.506067,17.916909,10.370339,5.78843,27.74154,84.858,2.003984,1.003304,5,0.990038,0.979528,1.332733,3.610452,1.049535,1.413878,1.039412,1.057161,5,0.960997,5,2.213033,Below Average,2,1,3,3,2,2,2,2,2,Below Average,-0.213
520,0.665983,0.750197,272.142342,8.223821,2.291953,0.130616,0.272902,0.680492,0.748722,442.072711,15.671059,64.216953,6.476541,33.359839,40.119,1.632181,1.091098,5,1.000481,1.060258,0.969509,3.674935,1.421226,1.278074,1.047292,2.357855,3.726273,2.109703,5,2.32171,Below Average,2,3,1,3,1,2,3,3,2,Below Average,-0.322
521,1.066759,0.61758,79.558949,8.780523,1.470571,0.11536,0.260861,0.644104,0.774806,815.596104,14.067859,4.102559,3.379825,17.732234,22.724,0.972695,1.035571,5,0.989328,1.533001,0.995166,3.00181,0.982883,2.034586,1.067355,1.022384,4.465031,0.943424,5,2.160571,Below Average,2,1,1,3,2,1,3,2,1,Poor,-1.161
522,0.745627,0.57384,60.37926,7.850748,1.364009,0.127696,0.245114,0.674639,0.760853,370.323438,21.453501,1.647091,3.991816,22.620392,25.168,1.648864,0.936595,4.995682,0.985557,0.954008,0.903241,2.960242,1.667823,2.710661,1.372957,0.966789,4.94832,0.933162,5,2.211592,Below Average,1,1,2,3,1,2,2,2,2,Below Average,-0.212
523,1.015407,0.475989,168.02082,4.645602,1.770269,0.157392,0.376908,0.563647,0.712919,1265.855727,26.440324,634.310829,7.436893,53.828605,83.251,0.967335,1.367916,4.98881,0.98281,1.005078,1.610747,2.437491,1.655459,1.004296,1.651893,3.400878,4.970244,2.764577,5,2.29986,Below Average,2,2,3,4,2,1,3,3,2,Below Average,-0.3
524,0.714349,0.531779,48.292508,7.476946,1.387543,0.121726,0.345575,0.596864,0.755036,1127.137939,15.673081,3.322607,5.624159,24.873624,18.974,1.456949,0.994575,4.96825,1.037394,0.995694,2.029196,2.962768,0.963572,1.078075,0.988867,1.017007,4.975698,0.955042,4.992998,2.218295,Below Average,2,2,1,3,2,2,2,1,2,Below Average,-0.218
525,0.738611,0.539983,46.270567,5.587194,1.423495,0.124695,0.340544,0.590839,0.737624,915.92785,15.941292,5.196899,5.958416,26.450929,21.16,1.007199,0.986883,5,1.011987,1.006788,2.058788,2.939673,1.373171,0.980127,1.025976,1.022638,4.896439,1.007757,4.981888,2.16805,Below Average,2,2,3,3,1,2,2,3,2,Below Average,-0.168
526,0.784549,0.476429,114.288655,7.14996,1.404375,0.124666,0.302671,0.520281,0.723898,1683.700078,13.407875,6.447304,7.087653,28.460667,29.425,1.417103,1.614351,4.974215,0.997897,1.330658,1.930463,1.9874,1.634312,1.006992,1.017422,0.991638,5,1.379922,5,2.117734,Below Average,1,2,2,3,3,2,2,2,2,Below Average,-0.118
527,0.841037,0.456932,96.961307,9.582974,1.365682,0.112765,0.277775,0.592337,0.728229,1680.493773,13.578391,6.084764,4.784851,21.51809,36.299,0.981074,1.436509,4.981658,0.998005,0.986996,1.554814,2.991734,1.552556,1.021991,0.97017,1.034931,4.958916,0.925994,5,2.293302,Below Average,1,1,1,3,2,2,2,2,2,Below Average,-0.293
528,0.857411,0.530996,48.175084,6.100456,1.108043,0.117568,0.288806,0.590673,0.753841,953.857811,23.654856,217.64981,10.658954,62.038994,37.052,1.05907,1.455899,4.992488,0.927657,1.002931,1.505795,2.422234,1.036963,0.904171,1.547647,3.24882,4.933612,2.716873,5,2.208466,Below Average,1,2,1,3,1,2,2,3,2,Below Average,-0.208
529,0.125382,0.510027,93.701707,1.061285,0.814571,0.215307,0.446453,0.374263,0.56639,1988.486181,25.588711,1100.668243,13.439085,82.872967,70.568,4.607189,0.99576,5,0.938619,0.961846,2.660013,1.39896,2.044403,1.198969,1.570786,4.971206,5,4.617358,5,2.837705,Average,4,2,2,4,2,2,3,4,3,Average,0.162
530,0.243654,0.498175,26.470553,5.402458,0.748703,0.152519,0.301076,0.521065,0.467265,676.432655,27.277936,353.429799,14.360327,86.005984,23.469,3.859391,0.979745,5,1.026889,1.014087,1.522607,1.982585,2.421023,1.769553,2.024298,4.976642,4.978124,4.414282,5,2.696263,Average,3,2,2,3,2,3,3,4,3,Average,0.304
531,0.53013,0.489205,32.883884,3.066481,1.24457,0.10475,0.296181,0.615925,0.707223,261.235394,28.097968,205.610739,13.210102,73.262957,12.361,2.17993,1.6453,4.981518,0.945073,1.540455,1.447144,2.985582,1.440766,3.103584,2.038781,4.453423,4.98513,3.864133,5,2.749069,Average,2,2,2,4,2,3,3,3,2,Below Average,-0.749
532,0.504271,0.546701,22.471652,1.871032,0.565034,0.121141,0.288543,0.533101,0.591472,284.796721,39.297466,225.625631,14.300023,79.287311,17.331,2.268657,1.020383,4.9625,1.578602,1.028428,1.635235,2.617885,2.315003,2.781659,2.625874,3.630214,5,3.600337,4.932538,2.667999,Average,3,3,3,3,2,2,3,3,3,Average,0.332
533,0.477989,0.458737,29.470706,2.40933,1.009725,0.147042,0.304567,0.577541,0.921309,367.957681,26.999741,356.595194,18.416498,98.210783,39.408,2.388145,1.453431,5,1.002653,0.959558,1.416292,2.524495,0.951883,2.482224,1.510378,5,5,4.942958,4.948406,2.795053,Average,3,2,2,4,2,2,3,4,3,Average,0.205
534,0.333919,0.692248,115.941649,1.685287,0.925023,0.163601,0.359114,0.401187,0.580603,2123.518643,30.726917,720.070147,18.409424,100.187401,29.666,3.471734,0.979148,5,1.013598,1.097531,1.7438,1.37334,2.104337,1.778872,2.029168,4.934131,5,5,5,2.766294,Average,3,2,3,4,2,3,3,4,3,Average,0.234
535,0.110359,0.680182,70.270007,2.687018,0.765727,0.107119,0.232412,0.565504,0.892612,306.524319,21.231125,298.884735,12.516158,74.791836,16.907,4.420662,1.024417,5,1.522189,1.542766,1.019583,2.487407,1.079473,3.429013,0.930116,4.964269,4.907707,3.933968,4.090675,2.711696,Average,3,1,2,4,2,3,4,3,3,Average,0.288
536,0.007903,0.750264,110.739515,6.192094,0.824771,0.14452,0.368256,0.481517,0.566266,2030.359705,26.907565,712.932885,16.2394,93.33706,24.06,4.896041,0.966,4.700662,1.028694,1.358324,1.588881,1.860188,1.979363,1.635784,1.677224,4.982395,5,4.680052,3.957458,2.694597,Average,4,2,3,3,2,2,3,3,3,Average,0.305
537,0.116393,0.817481,56.064686,4.529583,0.937967,0.119051,0.323732,0.584737,0.715587,558.977884,29.949625,270.639478,14.597859,85.578964,18.626,4.359092,0.94904,5,0.951869,1.541003,1.481463,2.514929,1.548035,2.693083,1.971978,5,5,4.383255,5,2.742642,Average,3,3,2,3,3,3,2,3,3,Average,0.257
538,0.179512,0.523822,27.183965,3.605717,0.818024,0.13614,0.243844,0.452149,0.71094,293.767797,28.313007,416.732106,16.480241,94.801541,16.384,4.148526,0.988869,5,1.016889,1.019061,1.010232,1.878059,1.564636,2.89841,2.042535,4.946706,4.960389,4.529179,4.958537,2.651908,Average,3,2,3,5,2,2,2,4,3,Average,0.348
539,0,0.686317,102.221854,5.213876,0.722117,0.191624,0.426074,0.451167,0.553281,1831.276618,29.023998,919.368455,18.213753,101.334492,34.039,4.865196,0.993723,4.986302,0.98785,0.995642,2.461711,1.551966,2.057741,1.054316,1.97823,5,4.940722,5,4.879249,2.711605,Average,3,2,2,4,2,3,3,3,3,Average,0.288
540,0.087473,0.633834,32.876668,0.666847,0.792058,0.104084,0.244174,0.597495,1.006075,292.576082,21.527207,256.533322,14.490534,77.233902,17.476,4.745044,1.024318,4.964093,0.971534,1.371108,1.095373,2.86949,0.996888,2.598494,0.990153,5,5,3.892868,4.970564,2.728866,Average,4,2,2,3,3,1,2,3,2,Below Average,-0.729
541,0.227068,0.678368,13.436616,11.357566,0.856509,0.099339,0.273409,0.624876,0.532833,295.528405,21.048978,394.486128,15.468293,86.661243,4.649,3.892194,1.042481,4.356693,1.002502,1.59642,1.38282,2.984292,1.98246,2.478005,1.37576,5,5,4.287648,3.151224,2.725923,Average,3,2,3,3,3,2,3,3,2,Below Average,-0.726
542,0.431698,0.544438,27.65388,4.691195,1.035472,0.159745,0.332068,0.587501,0.83023,326.44267,26.675828,385.843919,12.356871,81.543554,34.21,3.027548,1.464341,4.958436,0.971488,1.009827,1.51386,2.554885,1.616172,2.58302,1.4375,5,5,4.563501,4.517629,2.659077,Average,3,2,3,3,3,3,3,3,3,Average,0.341
543,0.192832,0.498159,191.194002,0.27313,0.892894,0.124534,0.26966,0.32663,0.88396,1107.719007,21.365625,339.571679,9.655937,62.582608,41.942,4.247699,1.012324,5,2.219593,1.501835,1.412472,1.111173,1.091167,0.964635,0.986511,4.275795,4.975767,3.357905,5,2.683118,Average,3,3,3,3,2,1,2,3,3,Average,0.317
544,0.480607,0.514026,8.458157,2.030493,0.819764,0.147204,0.233773,0.531693,0.539586,242.866613,28.293979,569.38939,22.043577,109.790509,13.867,2.845011,1.578699,5,1.523211,1.548694,0.989456,2.037717,2.552226,2.934625,1.99711,5,5,4.901607,4.605744,2.741304,Average,4,3,2,3,3,1,2,4,2,Below Average,-0.741
545,0.002561,0.677445,0,9.779147,0.756603,0.109196,0.297326,0.549457,0.483007,1329.451828,17.026506,285.21522,16.932922,78.301246,6.533,4.989486,1.026614,4.428133,1.491571,1.533979,1.440172,2.686405,2.511639,2.039902,0.98281,3.767129,4.972935,4.000435,3.309993,2.746304,Average,4,2,2,3,2,2,3,2,2,Below Average,-0.746
546,0.265459,0.5306,82.59602,1.502117,0.782142,0.181962,0.424715,0.459689,0.625412,1341.148976,28.830954,904.985575,17.545271,95.528791,51.408,3.595995,1.025593,4.95857,1.036115,0.942814,2.564214,1.994582,1.438433,1.561354,2.005513,4.984675,4.979785,4.913532,5,2.767806,Average,4,2,2,3,2,3,2,5,3,Average,0.232
547,0.287879,0.651825,14.068196,2.372284,0.565011,0.129112,0.306515,0.586283,0.644271,275.247876,28.704886,126.010285,26.144481,106.26651,6.852,3.411935,1.040854,5,2.010212,1.034456,1.628783,2.464913,1.895069,2.803199,1.988224,3.423743,5,4.957257,4.559303,2.668762,Average,4,2,2,3,3,2,3,4,2,Below Average,-0.669
548,0.211385,0.601162,24.181814,1.000013,0.766127,0.128217,0.261535,0.593421,0.889088,262.38243,25.590852,270.70615,17.512379,90.795929,15.426,3.829275,1.008733,5,1.034221,0.995015,1.419413,3.078265,0.952656,2.589097,1.434166,5,5,4.445789,4.964563,2.63425,Average,3,1,3,4,3,2,3,4,3,Average,0.366
549,0.907401,0.532292,25.359976,2.828374,0.894163,0.126735,0.301319,0.480821,0.509292,429.443187,27.40395,373.959834,17.217379,92.531817,22.592,1.040088,0.949074,5,1.368147,1.007375,1.342893,2.38677,2.500906,2.282353,1.957013,4.961044,5,4.639383,4.843789,2.81354,Average,2,3,2,3,2,2,2,3,3,Average,0.186
550,0.453917,0.418337,51.823822,4.452799,1.376167,0.09129,0.300433,0.556564,0.516097,147.947039,20.16655,160.846117,3.698413,38.363838,33.136,3.116713,1.918629,4.984114,1.054601,1.916526,2.081867,2.965006,1.974998,3.837257,0.956887,3.971964,5,1.898211,4.946908,2.735833,Average,3,3,2,4,2,3,3,2,3,Average,0.264
551,0.001132,0.636514,44.451206,5.020267,0.897136,0.100468,0.250598,0.591536,0.616098,490.85111,19.407819,183.919925,13.471357,67.682941,14.945,5,0.95281,4.993531,1.418663,1.572898,1.484332,2.802656,1.95745,2.299131,0.998328,3.321511,5,3.40336,4.994213,2.667615,Average,3,2,2,3,2,3,2,3,3,Average,0.332
552,0.377457,0.580111,25.206899,4.95034,0.702835,0.126286,0.275924,0.465945,0.716845,331.17086,27.675315,120.648775,28.43274,110.498833,12.733,3.119004,1.020225,4.974881,1.632934,0.953343,1.398881,1.95067,2.140904,3.030012,1.617368,3.171978,5,4.588356,4.994011,2.707822,Average,2,2,2,3,3,1,3,3,3,Average,0.292
553,0,0.725675,0,1.98402,1.159915,0.198583,0.284172,0.579588,0.595342,227.613722,30.619089,763.29354,18.813934,101.642452,2.746,4.807052,1.01601,5,1.047538,1.076085,1.053994,2.417508,2.021048,2.949401,2.051173,5,5,5,3.597082,2.780348,Average,4,1,2,3,2,3,2,4,3,Average,0.22
554,0.344561,0.408621,21.113656,1.52298,0.997385,0.113491,0.224886,0.554973,0.781924,750.081334,19.120361,159.003193,5.7875,41.980986,34.544,3.350562,1.596957,5,0.967385,0.982416,1.367282,2.352039,1.727898,3.283488,1.073885,4.028262,4.563767,2.056419,5,2.671919,Average,2,2,2,3,2,2,2,3,2,Below Average,-0.672
555,0.558496,0.604566,59.587806,1.472071,0.690047,0.10247,0.328935,0.588594,0.782383,499.462881,22.915262,292.852875,11.734018,72.50028,30.608,2.501998,0.977136,5,1.432141,1.577204,1.479093,3.026294,1.886702,1.468916,1.458212,5,4.985259,3.974188,5,2.711133,Average,3,2,2,4,3,2,3,3,3,Average,0.289
556,0.290991,0.561893,22.027163,2.95886,0.680642,0.121308,0.33326,0.545608,0.787748,426.892656,33.170519,112.272193,14.116736,68.19253,17.309,3.452697,0.952593,4.974904,1.540483,1.020696,1.980669,2.598518,2.034756,1.898981,2.105581,2.502756,5,3.55019,5,2.84971,Average,3,2,2,3,1,3,1,4,3,Average,0.15
557,0.686716,0.360102,47.184931,3.275794,1.161839,0.105025,0.253235,0.527491,0.603809,227.697393,24.050255,198.74508,6.116801,50.691152,25.407,1.909596,2.03737,4.97603,0.942858,1.538356,1.452106,2.529737,1.925847,3.490836,1.494492,4.588784,5,2.591808,5,2.667531,Average,3,3,2,3,3,3,3,3,3,Average,0.332
558,0.375782,0.506075,31.326321,6.450855,0.75446,0.159287,0.296689,0.540023,0.662599,371.350979,29.049057,369.629842,11.836935,80.282737,22.013,3.040948,0.994339,5,0.981202,1.016769,1.512902,2.528322,1.482101,1.910579,1.993108,5,5,4.552588,4.974944,2.767332,Average,3,2,2,3,2,3,3,3,3,Average,0.233
559,0.059469,0.818576,101.353416,3.151361,0.773124,0.185322,0.425071,0.507393,0.635274,1889.481302,26.526493,1156.877298,18.150821,94.674055,25.904,4.904611,1.011877,4.964362,1.005978,0.962807,2.58152,1.85207,1.442186,1.324488,1.583278,4.983064,4.979671,4.916243,5,2.720073,Average,3,3,2,4,2,3,2,3,3,Average,0.28
560,0.241397,0.553444,29.562909,3.390143,0.822831,0.152573,0.290452,0.513681,0.659583,437.027272,27.392939,342.032088,13.45346,75.792997,13.941,3.860735,0.968999,4.978709,1.063806,1.014942,1.364729,2.023053,2.343376,2.079001,1.606927,3.855034,4.983481,4.18214,4.985134,2.805744,Average,3,2,2,3,3,3,2,4,3,Average,0.194
561,0.206884,0.545361,56.379465,1.955322,0.953228,0.183123,0.374773,0.456242,0.784766,1101.690375,22.862377,423.122053,14.753197,77.772053,46.369,4.249805,0.9321,5,0.963554,1.019417,2.019997,1.996777,1.6731,1.201718,0.993084,3.885695,5,3.945056,5,2.670144,Average,3,3,2,4,2,2,3,3,2,Below Average,-0.67
562,0.534855,0.725609,36.885658,2.339655,1.224449,0.133794,0.249433,0.530155,0.726182,394.181356,25.57166,329.659094,22.409688,104.759696,15.739,2.930941,0.950615,4.958415,0.965631,0.971815,0.945769,2.535805,1.439896,2.473897,1.46525,4.97885,4.968476,5,5,2.658711,Average,3,2,2,4,2,2,3,3,3,Average,0.341
563,0.233612,0.588393,11.420767,1.648968,0.729391,0.112198,0.221555,0.491521,0.915401,194.717971,26.004208,321.369828,21.782657,105.113623,11.693,3.901683,1.032255,4.879656,1.055222,1.106544,1.01811,2.366768,0.978088,3.592222,1.663042,5,5,4.591556,4.980556,2.958591,Average,4,2,2,3,2,2,3,3,3,Average,0.041
564,0.001871,0.441544,167.416434,2.081728,0.474647,0.093537,0.180475,0.334814,0.817586,407.809042,18.211649,179.9164,7.251085,49.32062,10.881,4.998147,1.006341,5,2.610877,1.576646,1.023861,0.985323,1.038419,1.717803,1.075268,4.393102,5,2.290051,4.990171,2.681201,Average,4,3,4,4,2,2,2,3,3,Average,0.319
565,0.415363,0.723487,32.184996,2.407079,0.879126,0.126403,0.228853,0.587661,0.578134,231.707632,27.406648,318.518769,9.704443,70.224983,14.11,2.665938,0.957989,4.963243,1.030666,1.437647,1.095037,2.321583,2.209501,3.413305,2.045117,4.989929,4.974021,4.01698,5,2.762725,Average,3,2,2,4,2,3,4,3,3,Average,0.237
566,0.25682,0.479374,26.244484,3.045927,0.996977,0.123129,0.275581,0.492258,1.035398,291.156306,19.842564,96.500894,14.66259,62.358669,14.716,3.735072,1.406126,5,1.020728,0.901601,1.597451,1.9543,0.984168,3.217736,1.063212,2.882809,4.930506,3.158952,5,2.798148,Average,2,2,2,4,1,2,3,3,3,Average,0.202
567,0.154085,0.622175,63.551209,1.140923,1.058288,0.146308,0.272817,0.482243,0.624331,793.432601,21.952491,449.126137,8.853114,67.493269,40.183,4.449311,1.003423,4.970347,1.053917,1.469465,1.488534,2.001455,1.908647,1.98686,1.051123,4.965419,5,3.467074,5,2.753563,Average,3,3,2,3,3,3,2,3,3,Average,0.246
568,0.659822,0.534301,93.506081,1.663348,1.1209,0.173736,0.421129,0.455939,0.734802,1356.928486,25.237743,403.218606,14.776919,84.901939,59.479,2.148653,1.008107,5,1.389547,0.984348,1.986309,1.743091,1.888023,0.99782,1.398322,4.973035,4.987006,4.617023,5,2.646267,Average,3,2,2,4,2,2,3,3,3,Average,0.354
569,0.394613,0.599183,20.494898,3.480506,0.638305,0.112744,0.228074,0.521405,0.664387,181.454861,27.03205,175.224964,27.024593,109.308569,10.426,3.155824,0.995205,4.998261,1.537311,1.020055,0.904649,2.385933,2.170908,3.731547,1.622735,4.462762,4.985868,4.587534,5,2.673575,Average,3,2,3,3,3,3,4,3,3,Average,0.326
570,0,0.849222,82.587908,1.118081,1.015204,0.173013,0.355909,0.526971,0.58952,1694.959742,32.164168,836.420632,18.908868,100.38095,20.472,4.888112,1.022855,5,1.007851,1.028865,1.487823,1.969521,2.091497,2.136792,2.067062,5,5,5,3.911553,2.820601,Average,4,1,2,3,2,3,3,3,3,Average,0.179
571,0.628156,0.626786,27.076841,3.195961,0.690647,0.125801,0.284143,0.513005,0.473614,286.075264,29.094855,219.090195,24.181893,109.450507,13.301,1.87543,0.997798,5,1.510657,1.02034,1.453477,1.988826,2.589645,3.007531,2.04017,4.634771,4.986233,4.939685,5,2.732335,Average,3,2,2,3,1,3,3,3,3,Average,0.268
572,0.131223,0.471247,63.632076,3.724096,0.670019,0.11154,0.294471,0.48728,0.789635,224.263441,19.817607,257.070636,15.141953,79.851792,10.233,4.396003,0.979087,4.989997,1.668181,1.056751,1.389696,1.634433,0.975544,3.336989,1.108588,4.950693,4.959802,3.639371,5,2.817172,Average,3,1,2,4,2,2,2,3,2,Below Average,-0.817
573,0.568859,0.60008,48.504198,1.218863,0.821111,0.144106,0.352271,0.55684,0.645203,329.50902,30.037362,336.187773,18.472079,101.203188,20.477,2.160795,1.007624,5,1.061391,0.989256,2.042633,2.564041,1.479969,1.948614,2.045567,5,5,4.864102,4.998064,2.777498,Average,3,2,2,3,3,2,3,3,3,Average,0.223
574,0,0.645591,40.623358,5.833385,0.673745,0.140572,0.225326,0.641378,0.792754,77.977093,21.203129,214.53577,20.336129,95.025944,1.069,5,0.91878,5,1.730759,1.049307,0.990581,2.63312,1.050937,4.916767,0.954082,4.594899,4.966995,4.390813,2.557654,2.624025,Average,2,3,3,4,2,2,3,3,3,Average,0.376
575,0.264152,0.670451,104.669493,1.366794,1.604793,0.168936,0.375171,0.547755,0.923782,1406.849318,26.39732,480.742533,19.075929,99.010107,28.369,3.830943,1.066342,5,1.00292,0.965964,2.187775,2.401171,1.001459,1.227873,1.984312,4.988266,4.999444,4.983735,5,2.741686,Average,3,2,2,3,3,3,3,3,2,Below Average,-0.742
576,0.772862,0.54319,21.654767,3.900777,0.538554,0.112702,0.312965,0.503753,0.477658,374.640737,27.47361,169.507203,24.113248,102.071771,19.985,1.557572,0.921374,5,1.995972,0.942144,1.537001,2.512761,2.964417,2.657994,1.973844,4.364689,4.992404,4.52837,4.99465,2.751449,Average,3,2,3,4,2,2,3,2,3,Average,0.249
577,0,0.697393,27.53476,4.161966,0.551438,0.172442,0.235762,0.6681,0.588557,121.682596,18.499446,205.376023,10.563058,61.312356,1.007,5,1.008383,4.938097,1.953873,1.009176,0.943779,3.003321,1.942693,4.018429,1.026524,4.536014,5,2.99494,2.541206,2.725911,Average,4,2,3,4,2,3,3,3,3,Average,0.274
578,0.637767,0.494645,96.353393,1.113535,1.148307,0.15843,0.344975,0.417808,0.737395,1252.70077,25.389882,495.24919,19.193092,99.464191,58.088,2.422153,1.387945,4.979882,1.392034,1.370954,1.546415,1.39632,1.782293,1.705914,1.433255,5,5,4.938,4.99914,2.736859,Average,3,2,3,4,2,2,3,3,3,Average,0.263
579,0.19961,0.940917,44.413361,3.022616,1.039703,0.116609,0.280364,0.655958,0.84412,244.04649,27.357488,291.478697,12.745859,78.838335,7.794,4.386798,0.992671,5,0.979543,1.686757,1.364761,3.039441,1.047202,3.391387,1.651536,5,5,4.33595,5,2.679618,Average,3,2,2,4,3,2,4,3,3,Average,0.32
580,0.248481,0.505828,56.027812,4.518094,0.646424,0.127835,0.232122,0.513258,0.608387,181.266424,19.188082,215.837271,15.052085,78.271563,10.125,3.762672,1.010568,4.993622,1.533893,1.037719,0.973406,1.849728,2.397581,3.872331,1.099768,5,5,3.905702,5,2.708387,Average,3,2,2,3,1,3,2,4,3,Average,0.292
581,0,0.66319,96.092207,5.332409,0.829164,0.166041,0.381486,0.552007,0.542601,1871.789896,24.244219,595.272297,11.082031,68.92653,41.347,4.907596,0.944488,4.993347,0.968107,0.977254,2.469862,2.506752,2.595029,0.956469,1.552632,4.408276,4.50547,3.275264,4.983303,2.894237,Average,4,2,2,3,2,3,3,2,3,Average,0.106
582,0.006123,0.607205,44.934232,4.723224,0.75774,0.142604,0.237029,0.495324,0.698481,246.067418,25.384732,343.441831,12.139279,76.877423,10.916,5,1.030777,5,1.502549,0.992551,1.050373,1.997228,1.532869,3.481297,1.53572,4.90499,4.963862,3.994309,4.109249,2.668212,Average,4,2,2,3,3,2,3,3,3,Average,0.332
583,0.01045,0.725881,87.675215,3.401207,0.836689,0.172258,0.406069,0.441619,0.850067,1558.436338,25.043701,775.743675,19.744718,89.739113,26.753,4.724591,1.045018,5,1.040011,0.959748,2.448225,1.735875,1.378755,1.607332,1.521629,3.350892,5,4.442887,4.950607,2.721202,Average,3,3,1,4,2,2,3,3,3,Average,0.279
584,0,0.701429,26.412916,11.710932,0.920157,0.176893,0.343532,0.445089,0.647523,2142.203136,24.881305,648.597959,10.311141,74.142033,32.785,5,0.967709,3.999517,0.958556,1.482464,1.98366,1.495284,1.991842,1.903522,1.567809,5,4.986531,3.982574,4.9926,2.852236,Average,4,2,2,2,3,3,1,4,3,Average,0.148
585,0.231618,0.565669,53.429714,3.466428,1.292487,0.094477,0.292558,0.588132,0.702698,264.89159,23.314158,267.20444,13.072765,73.11847,21.531,3.967839,1.453206,4.987265,0.976015,1.525812,1.53446,2.963375,1.574045,2.905566,1.48798,4.506213,4.946465,3.491117,5,2.66646,Average,3,3,1,4,2,2,2,4,3,Average,0.334
586,0.376843,0.581784,16.090273,3.833059,0.77185,0.141512,0.256522,0.586972,0.593446,226.746137,21.31083,145.347122,21.314989,87.01262,9.69,3.161148,1.054388,4.999182,0.969157,0.977873,1.417378,2.569349,2.958996,3.694079,0.949741,3.930503,5,4.586953,4.993071,2.744125,Average,3,3,2,3,2,2,3,4,3,Average,0.256
587,0.358089,0.811669,51.259464,2.744158,1.041703,0.088076,0.214443,0.632483,1.026571,181.220983,27.301033,161.311955,9.801492,60.12428,12.401,3.380729,1.337294,4.957097,0.968139,2.026861,0.890333,2.975542,0.987577,4.007295,1.607236,4.224004,4.923477,3.22899,5,2.68038,Average,3,1,2,3,2,2,2,3,3,Average,0.32
588,0.276604,0.572379,24.111297,2.874937,0.688349,0.120848,0.344998,0.545653,0.793243,423.687345,33.824174,105.647673,14.210891,66.95246,17.758,3.369622,1.015299,4.966604,1.551837,0.995001,1.986455,2.527734,1.883047,2.069777,2.038132,2.637292,5,3.592583,4.955222,2.692257,Average,3,2,3,4,3,2,3,3,3,Average,0.308
589,0.003297,0.553544,54.919003,3.255547,0.587336,0.118727,0.3219,0.509554,0.807983,292.502179,21.777766,164.125149,14.679131,71.208961,8.756,4.974495,0.964156,5,1.920128,1.003034,1.276927,1.774205,1.023698,2.440077,1.349944,4.1883,4.951198,3.78966,4.541003,2.809571,Average,3,2,3,4,2,2,2,3,3,Average,0.19
590,0.373663,0.546827,49.046561,0.951014,0.750262,0.15414,0.345225,0.5222,0.566528,540.639174,22.671189,230.735841,13.532788,77.693286,21.322,3.689663,0.989203,5,1.320479,0.982372,1.614855,2.440711,2.454768,1.160128,1.377998,5,4.983302,4.338605,5,2.840532,Average,3,2,2,4,2,2,3,3,3,Average,0.159
591,0.396811,0.812763,45.580063,1.873093,0.802885,0.09796,0.302277,0.63254,0.668271,285.969131,38.504659,164.403706,9.706578,63.618397,15.007,3.033948,0.9868,4.984496,1.512877,1.470791,1.479012,3.040059,1.959038,2.998738,2.466425,4.085666,5,3.590959,4.992414,2.737742,Average,3,3,2,3,3,2,2,4,3,Average,0.262
592,0.383589,0.425733,47.421884,5.10048,0.796872,0.141509,0.296774,0.494199,0.571973,683.84855,27.980218,291.272547,14.123828,83.759145,23.052,3.43173,1.47097,5,1.058416,1.025459,1.464433,1.943343,1.988036,1.732288,1.93767,5,5,4.059455,5,2.643136,Average,3,3,3,3,1,3,2,3,3,Average,0.357
593,0.243819,0.506873,41.182328,5.115009,0.764173,0.149164,0.355973,0.540124,0.535791,775.330252,26.18689,342.875464,15.540501,87.38584,32.156,3.937361,0.935529,5,1.05426,1.001393,1.97119,2.554312,2.071418,0.955829,2.000637,5,5,4.328585,4.941873,2.791535,Average,3,3,2,3,2,3,3,4,3,Average,0.208
594,0.407092,0.538049,33.380771,4.025801,0.943542,0.108956,0.287475,0.696104,0.682711,309.103626,22.098244,206.467522,22.534952,96.044235,7.263,3.16216,1.547434,4.978709,1.001942,1.001329,1.00727,3.603363,1.582609,2.670523,1.411849,3.711401,4.989284,5,5,2.658354,Average,2,3,2,3,3,1,2,3,3,Average,0.342
595,0.546509,0.541921,90.411155,1.881831,0.807731,0.15742,0.3087,0.453506,0.635966,1310.305197,28.064483,810.446357,12.76751,81.367666,26.287,2.585031,1.579268,4.99046,1.035817,1.020476,1.827006,1.663914,1.962611,1.983165,1.916596,5,4.95458,3.855081,4.970963,2.794062,Average,3,3,2,4,1,2,2,3,3,Average,0.206
596,0.299154,0.627186,73.980876,2.249796,1.188105,0.200931,0.363827,0.544176,0.638599,498.227304,26.988105,571.859861,14.516681,87.42647,28.613,3.567396,0.948437,4.991055,0.960756,0.992021,1.422061,2.440916,1.974685,2.183304,1.57932,5,4.961748,4.581427,4.461644,2.816233,Average,4,3,1,3,1,3,3,2,3,Average,0.184
597,0.208207,0.540915,6.553701,1.909671,0.763574,0.115945,0.263901,0.514561,0.658096,950.296012,24.013293,295.004964,14.130578,78.07454,39.101,4.101519,0.991826,4.970347,1.039876,1.027144,1.438386,2.440742,2.027584,2.558827,1.460564,4.491025,4.4883,3.514728,5,2.790556,Average,3,2,2,3,2,2,3,3,3,Average,0.209
598,0.314534,0.681651,19.174988,9.325975,0.844856,0.112923,0.296607,0.613324,0.565656,285.153684,23.102366,363.236002,15.994526,90.184419,6.636,3.537096,0.98099,4.577667,0.954619,1.403359,1.558879,3.124165,1.963794,2.310904,1.592337,4.967643,5,4.527402,3.739328,2.875117,Average,4,3,1,3,2,2,3,3,2,Below Average,-0.875
599,0.720793,0.473643,37.075111,3.440987,1.206147,0.152018,0.257742,0.48096,0.857525,473.431272,29.04409,411.88133,16.194863,93.03606,47.686,1.541664,1.597221,4.993796,0.900463,0.986562,0.930976,1.990193,1.440773,1.836394,1.975452,5,4.960001,5,4.976489,2.815078,Average,2,3,3,4,2,3,3,4,2,Below Average,-0.815
600,0.456928,0.521462,64.283395,1.376634,0.565252,0.133565,0.286896,0.525416,0.480505,756.476224,21.870797,303.17158,13.472513,78.93129,21.386,2.971737,1.007473,4.93617,2.006514,1.001837,1.052181,2.594728,2.99983,1.559891,1.421775,5,5,4.528888,5,2.760239,Average,2,2,2,4,2,2,3,3,3,Average,0.24
601,0.53796,0.505738,33.148464,2.034043,0.571251,0.127462,0.338769,0.58228,0.509553,479.746613,37.297246,215.263577,9.632181,66.208416,25.246,2.574551,1.020594,4.998254,1.63842,1.013876,2.000342,2.945866,2.688038,1.734868,2.589367,3.794978,5,3.485198,5,2.758448,Average,3,2,3,4,2,3,2,4,3,Average,0.242
602,0.634208,0.52847,18.030712,2.381557,0.63437,0.138326,0.297536,0.471391,0.667461,330.212516,27.589858,322.499498,19.89603,102.396482,21.241,2.08768,0.998929,5,1.441648,0.957557,1.440146,2.459753,1.794089,2.76331,2.070606,4.845268,5,4.624159,5,2.802893,Average,3,3,2,4,2,3,3,3,3,Average,0.197
603,0.198532,0.652802,384.95477,3.575477,1.926891,0.10985,0.428193,0.617106,0.729191,2244.106192,39.675952,87.631636,11.543269,61.897228,63.446,3.933421,0.962578,4.986017,1.401719,0.950827,2.646389,2.886025,1.763332,1.534467,2.97781,2.327313,5,3.559843,5,2.606168,Average,2,3,2,3,3,3,3,3,3,Average,0.394
604,0.296829,0.665534,38.33013,2.299408,0.965514,0.154986,0.25993,0.55424,0.593711,369.649893,28.36121,394.71875,15.077735,87.529996,13.968,3.614608,0.947769,4.956592,0.944777,0.989254,1.020231,2.37251,2.276295,2.007285,1.703736,4.936821,4.99149,4.393151,5,2.737898,Average,3,2,2,4,2,2,2,3,3,Average,0.262
605,0,0.595467,0,2.049441,0.961899,0.164444,0.295477,0.574149,0.566986,934.346101,25.950436,470.956265,11.447704,70.787455,31.248,4.889394,0.985457,5,0.99359,1.089896,1.387504,2.44292,2.432663,1.943901,1.563904,4.583111,4.5706,3.592722,4.481211,2.758362,Average,3,2,2,4,2,3,2,2,2,Below Average,-0.758
606,0.26993,0.644569,44.706264,1.844154,0.783716,0.093684,0.246293,0.558237,0.579904,291.193956,31.549527,221.238157,7.50764,61.478538,18.639,3.427187,1.034157,4.991589,1.45112,1.430811,1.528593,2.511809,2.477503,2.510505,1.981294,4.008111,5,3.117637,5,2.590509,Average,3,2,3,3,1,2,3,3,3,Average,0.409
607,0.606146,0.637378,32.554026,4.97406,0.687525,0.112446,0.277251,0.516372,0.497676,250.729536,29.411056,202.735132,27.232606,119.602815,10.8,1.99803,0.992158,4.936549,1.680828,0.992105,1.386759,2.338198,2.547725,3.162556,2.061928,4.447358,4.944289,4.947297,5,2.705835,Average,2,3,2,3,2,2,3,4,3,Average,0.294
608,0.528253,0.471719,40.492519,6.598205,1.025851,0.102021,0.2212,0.594572,0.646013,221.338695,30.174616,216.979431,27.550961,118.505252,9.63,2.478723,1.491533,5,1.562413,0.963592,1.014739,2.857601,2.008617,3.452502,2.055422,4.416758,4.97121,5,4.986268,2.845765,Average,3,2,2,4,3,2,3,3,3,Average,0.154
609,0.098065,0.872059,89.797288,1.199844,1.09104,0.160977,0.333029,0.53776,0.802993,1417.872565,26.403133,462.123524,22.123402,103.634072,23.816,4.907064,0.928411,5,1.009606,1.024858,1.378643,2.254871,1.40617,1.395527,1.349509,4.968631,4.940737,5,5,2.940948,Average,3,2,2,3,3,2,3,3,3,Average,0.059
610,0.546767,0.473881,22.025004,4.274606,0.699644,0.146435,0.330966,0.585623,0.721679,224.340044,26.580462,338.504207,18.788287,99.59241,15.22,2.221109,0.946151,4.949531,1.059615,1.03275,1.998493,2.991644,0.999159,3.043553,1.383628,4.923718,4.961021,5,4.991448,2.734543,Average,2,1,2,3,2,2,4,3,3,Average,0.265
611,0.392907,0.590417,343.937783,3.431126,1.827932,0.109833,0.358207,0.571775,0.702194,1936.493079,33.181796,195.347331,18.731139,90.507161,57.334,3.074149,1.446753,4.978847,1.433897,1.427487,2.097445,2.602453,1.859245,1.746747,2.683256,3.237679,4.970177,4.549016,5,2.708342,Average,2,3,2,3,3,3,3,3,3,Average,0.292
612,0.384893,0.612634,54.431653,1.81326,0.970188,0.103214,0.204906,0.575222,0.877987,318.060394,22.117145,196.746375,15.696686,77.880805,18.928,3.128333,1.635998,4.996429,0.979772,1.662328,0.991782,2.417516,1.091859,2.56646,0.99441,5,4.991621,3.794789,4.944959,2.712808,Average,3,3,2,4,3,2,3,3,3,Average,0.287
613,0.524407,0.482672,63.928043,2.155264,0.572823,0.129797,0.345956,0.530917,0.482354,825.086263,21.281499,279.817375,13.068452,74.44358,30.408,2.726046,1.004838,4.961627,2.059835,0.972508,1.453953,2.641393,2.979606,0.826699,1.509041,4.976768,4.947043,4.020233,4.962924,2.68797,Average,3,3,3,3,2,3,2,3,3,Average,0.312
614,0.269154,0.814006,104.142273,3.153422,0.804329,0.172074,0.433541,0.476551,0.571859,1746.235148,28.412819,1006.9401,18.022338,101.039032,26.66,3.616387,1.03753,5,0.962684,0.964669,2.558912,1.795712,1.953044,1.472546,2.019848,4.970863,5,4.958654,5,2.738004,Average,3,2,3,4,3,3,2,3,3,Average,0.262
615,0.165995,0.532878,22.914885,4.501842,1.005293,0.134138,0.326927,0.586161,0.641059,1657.415912,21.238191,154.969929,20.179389,88.704331,11.299,3.999531,1.416464,5,1.54619,0.995261,1.60174,2.853078,2.073067,1.893383,1.452655,3.336439,4.994397,4.493721,4.950229,2.789718,Average,5,2,2,4,2,3,3,3,3,Average,0.21
616,0.52617,0.473191,86.095416,2.456613,1.401641,0.180725,0.349952,0.442803,1.014905,1171.482043,27.510999,441.182656,14.556733,87.414857,74.723,2.564183,1.565899,4.989243,1.003136,0.892908,1.436429,1.586938,1.000338,0.897986,1.491828,4.97779,4.974752,4.94612,5,2.775049,Average,3,2,2,4,3,2,3,3,2,Below Average,-0.775
617,0.44445,0.647572,85.139303,4.338614,1.013884,0.169792,0.388316,0.645623,0.650108,475.174463,23.623486,414.843756,10.651723,72.397007,27.303,3.065199,1.029101,4.997849,1.008457,0.9909,1.953644,3.033466,2.015034,2.806986,1.006479,4.939712,5,4.124629,4.471478,2.737441,Average,3,3,2,3,1,2,3,4,3,Average,0.263
618,0.646231,0.44598,46.696142,4.386497,0.727907,0.113012,0.227343,0.538297,0.796931,295.617002,25.707636,245.71611,11.23307,70.220283,21.376,1.695571,1.571984,4.939524,1.005506,1.623093,1.379101,2.412659,1.033642,2.580066,1.399676,4.893972,4.981598,3.89202,5,2.719282,Average,3,2,2,4,1,1,2,3,3,Average,0.281
619,0.347816,0.411275,34.054355,5.56095,0.815144,0.128238,0.236585,0.560406,1.002558,506.882218,24.834035,187.950664,12.551134,66.498732,21.175,3.449226,1.578409,5,1.055368,1.643489,1.355396,2.505497,1.342041,2.945782,1.384758,3.809052,5,3.208125,4.987002,2.76109,Average,3,3,3,4,2,2,3,3,3,Average,0.239
620,0.212417,0.401691,47.467847,6.924588,1.261606,0.13257,0.239955,0.653019,0.784356,262.287916,28.909072,352.308118,14.860969,87.300564,13.309,3.64874,1.595108,4.989739,1.048838,1.041758,0.908034,3.176956,1.412728,2.506734,2.050969,5,5,4.613542,5,2.731172,Average,3,2,2,3,2,1,3,3,3,Average,0.269
621,0.181599,0.559305,32.952729,6.330703,0.69222,0.140458,0.321891,0.626964,0.490109,628.8694,23.921229,256.873733,17.069544,78.047939,13.134,4.202945,1.00071,5,1.472048,0.909403,1.570986,3.012721,2.476566,1.48954,1.463583,2.837171,5,3.924902,5,2.83297,Average,4,2,2,4,1,3,4,3,3,Average,0.167
622,0.489192,0.469531,54.045191,3.162968,1.189253,0.116913,0.327786,0.582611,0.621573,222.611756,24.290235,265.965419,11.046911,68.182969,29.74,2.733404,1.527049,4.965321,0.941413,1.539053,2.032394,2.967766,1.688583,2.985024,1.468621,4.49327,4.95557,3.254213,5,2.867834,Average,2,3,2,4,2,2,4,3,4,Good,1.132
623,0.462683,0.628801,79.685264,5.054327,0.704856,0.168831,0.368852,0.473552,0.654165,1473.842086,30.753047,542.49235,14.96363,90.205065,30.477,2.441181,1.067192,4.926779,0.989288,1.007184,2.041881,2.117166,1.452498,1.695341,2.035471,4.881722,5,5,4.979003,2.745466,Average,3,3,2,4,2,3,2,3,3,Average,0.255
624,0.008154,0.604278,50.675137,1.559625,0.648262,0.186029,0.444746,0.374659,0.504996,2532.863249,21.366033,750.419211,17.954495,80.879624,45.498,5,1.070633,5,1.495486,0.995046,2.467022,1.469539,2.465893,1.052738,1.435689,3.404741,4.96457,4.431933,4.937128,2.679852,Average,3,3,3,4,2,3,2,4,3,Average,0.32
625,0.617494,0.359505,25.105376,4.58294,0.86702,0.100499,0.183067,0.665512,1.024944,179.800638,21.304698,78.545357,13.879599,60.221285,12.36,2.144459,2.031975,4.980613,0.911681,1.544517,1.021435,3.400214,1.547627,3.682037,1.007375,3.021721,4.922583,3.18974,5,2.747372,Average,3,3,2,5,2,2,3,2,3,Average,0.253
626,0.215946,0.62258,70.678521,1.027097,1.067917,0.169563,0.437754,0.409264,0.692249,2306.147517,20.190066,294.810879,18.241868,83.343858,45.621,4.07696,1.042933,5,1.531179,1.043827,2.079304,1.520073,2.074555,0.821754,1.001686,3.430675,5,4.540685,4.958056,2.755115,Average,3,2,2,4,2,3,3,3,3,Average,0.245
627,0.273838,0.816723,171.049235,2.149174,0.944509,0.198875,0.473553,0.450205,0.59971,2126.777457,26.653338,1147.223489,15.160657,90.516664,48.905,3.790546,0.985781,5,1.042739,0.976825,2.555902,1.757625,1.998188,1.042839,1.591143,5,5,4.618323,5,2.670774,Average,3,2,2,3,2,3,3,3,3,Average,0.329
628,0.109962,0.611783,18.628756,7.088541,0.789041,0.146634,0.326001,0.793829,0.754156,91.124331,21.651508,246.478288,23.286517,100.315634,2.561,4.64185,1.058681,5,1.046035,0.944768,1.389622,3.68781,1.345458,4.635284,0.956828,4.429798,4.93023,4.597924,2.756907,2.606159,Average,3,2,2,3,2,2,4,3,3,Average,0.394
629,0,0.620876,7.847663,5.042979,0.979211,0.174681,0.28727,0.691673,0.724987,185.682733,25.522235,455.276955,23.945464,110.981418,2.127,5,0.983221,4.936968,0.95019,0.999817,0.976049,2.918963,1.440555,4.088605,1.466919,4.505315,4.976613,4.953818,2.982538,2.671245,Average,4,2,2,4,2,2,2,3,2,Below Average,-0.671
630,0.321912,0.889853,97.181333,1.643431,1.271503,0.132899,0.325676,0.551194,0.906648,814.640752,28.314173,336.006042,12.369517,79.348972,35.388,3.622737,1.042141,4.955774,0.969416,1.544729,1.316615,2.210517,0.945343,2.846092,1.669119,5,4.973529,4.439492,4.972564,2.738642,Average,3,2,2,4,2,3,3,4,3,Average,0.261
631,0.428684,0.539027,33.474214,5.208931,0.627995,0.144677,0.397101,0.524184,0.500465,769.600637,27.550429,266.989984,16.15473,89.984834,29.1,3.235164,0.966815,4.985413,1.408947,0.966057,1.989274,2.465507,2.375438,1.065108,2.056943,5,4.959938,4.589547,5,2.706043,Average,3,2,2,3,2,3,4,3,3,Average,0.294
632,0.311589,0.613474,34.252453,0.907309,0.751308,0.146934,0.366391,0.644135,0.761843,305.799943,29.789607,261.233159,20.920672,96.071276,14.15,3.360244,0.97212,4.983845,1.399388,0.989036,2.046018,3.018307,1.072576,1.98648,1.96087,4.162148,5,5,4.514811,2.872801,Average,3,2,2,4,2,3,3,4,3,Average,0.127
633,0.475123,0.526343,69.050041,2.455465,0.921499,0.171396,0.372141,0.389033,0.540771,1273.039378,28.365806,930.850096,17.553919,96.026842,46.7,2.86798,0.986474,4.927473,0.97511,1.029424,2.018432,1.498766,2.034963,2.085191,1.929832,5,5,5,4.993444,2.551163,Average,3,2,1,3,2,3,2,3,3,Average,0.449
634,0.585318,0.495644,31.083866,4.095135,0.990081,0.093978,0.238292,0.538556,0.586886,160.030112,30.832608,133.946024,23.949367,102.406525,12.044,1.912902,1.365925,5,1.672136,1.336946,1.000043,2.375493,2.228739,3.94091,1.980141,3.938183,5,4.180646,5,2.687363,Average,3,2,2,4,2,2,3,3,3,Average,0.313
635,0.41954,0.602173,74.637784,1.222693,0.856261,0.121201,0.320313,0.587976,0.85218,378.66205,26.077937,361.288369,16.275913,93.299741,26.36,2.648927,0.977685,5,1.024992,1.44495,1.614835,2.992889,1.008538,1.912415,1.623569,4.937948,5,4.575028,5,2.716364,Average,3,3,2,3,3,2,3,4,3,Average,0.284
636,0.146572,0.569738,10.580142,0.839319,0.751832,0.121343,0.27569,0.606105,0.878504,195.456498,22.109254,258.366241,19.471462,95.982242,8.953,4.227444,1.026943,5,1.017686,0.981404,1.392396,3.017894,1.100549,3.488072,0.962193,4.941513,5,4.278911,5,2.726221,Average,3,2,2,4,2,2,2,3,3,Average,0.274
637,0.00671,0.591065,16.905458,2.463182,0.766392,0.142655,0.249708,0.554662,0.824769,260.729637,24.715481,301.466946,13.877302,79.756363,13.837,5,1.004321,5,0.952253,1.047002,1.00706,2.606881,1.4311,2.627792,1.42784,5,5,4.045519,4.940109,2.796691,Average,3,2,2,4,2,2,2,3,3,Average,0.203
638,0.296161,0.547918,124.006809,4.069922,0.918361,0.144036,0.329719,0.467004,0.730677,506.973062,20.142756,281.704714,9.965533,65.746942,31.802,3.669625,0.932589,4.964323,1.53883,1.017079,1.461551,1.859097,1.453674,2.092619,1.015214,5,5,3.431571,5,2.701296,Average,3,2,2,4,2,2,3,3,3,Average,0.299
639,0.521091,0.619849,89.414052,2.645335,1.164456,0.15302,0.404294,0.481337,0.754045,1128.755419,25.484072,427.441945,16.889105,93.140509,44.935,2.363993,1.037387,4.981275,1.019551,1.06918,2.084964,2.008565,1.534285,1.478034,1.489588,4.957479,5,5,4.940187,2.724677,Average,2,2,2,3,2,3,3,3,3,Average,0.275
640,0.358429,0.451005,138.10539,0.684047,0.479747,0.088163,0.145712,0.388494,0.678501,418.641461,21.450577,260.429943,13.50977,73.644473,14.925,3.312144,1.369486,5,2.568315,1.975944,0.979663,1.450396,1.830151,1.697041,1.453838,4.330325,4.956095,3.244687,4.966396,2.744445,Average,3,3,3,3,3,2,3,3,3,Average,0.256
641,0.574762,0.491264,24.368684,3.528609,0.981078,0.156387,0.238377,0.567889,0.734993,346.641557,25.901161,294.25679,17.272492,89.603515,40.659,2.065773,1.472039,4.953532,1.022978,1.02746,0.998103,2.481857,2.345308,2.933487,1.565991,5,4.972626,5,4.983749,2.714517,Average,2,3,3,3,2,2,2,4,2,Below Average,-0.715
642,0.180645,0.522865,38.461264,3.320851,0.921618,0.132038,0.336604,0.504438,0.87386,343.163292,22.352642,145.395669,16.618155,76.774229,14.435,3.901059,1.467132,5,0.970827,1.01287,2.036075,1.982858,1.629863,2.418998,1.050783,3.422483,5,3.949528,5,2.77253,Average,3,2,3,4,3,3,2,3,3,Average,0.227
643,0.3612,0.428738,30.603523,4.266123,0.944944,0.109398,0.256401,0.606222,0.811349,351.744167,17.444313,97.803191,12.976215,59.362536,13.684,3.043669,1.645267,4.904947,1.43529,0.980667,1.416615,2.734252,1.437043,3.687043,0.998731,2.828716,5,2.711177,5,2.871365,Average,3,3,2,4,2,2,3,3,3,Average,0.129
644,0.355298,0.45207,41.916543,1.63948,0.88277,0.124387,0.317915,0.589788,0.728775,202.413706,23.697541,295.884808,17.956611,93.364911,11.122,3.017566,1.56283,4.949844,1.054027,0.969445,1.990114,2.450258,1.553147,3.535582,1.108349,5,5,4.480295,5,2.781706,Average,3,1,3,4,2,2,3,3,3,Average,0.218
645,0.258936,0.547285,74.932952,3.27113,0.660258,0.169614,0.387432,0.397487,0.502513,1388.536138,28.431124,859.98657,22.711088,105.782048,48.901,3.676695,1.020241,4.956741,1.437704,1.032653,2.127871,1.372631,2.348252,2.114593,2.045529,4.604444,4.925454,4.976174,4.968408,2.771279,Average,3,2,3,3,2,3,3,4,3,Average,0.229
646,0.002452,0.813639,134.991109,0.6566,0.856711,0.189637,0.42304,0.413833,0.598959,2515.21344,30.373754,877.777434,16.315511,93.279213,33.901,4.912642,0.978394,4.91776,0.978837,0.968356,1.967332,1.399696,2.099307,1.050828,2.013139,4.938942,5,4.928873,5,2.794708,Average,4,2,2,4,2,2,3,4,2,Below Average,-0.795
647,0,0.624981,43.714346,4.841023,0.731037,0.148777,0.223843,0.519159,0.700692,230.001257,24.474346,335.095755,12.577098,75.889735,10.096,4.987849,1.026479,5,1.557672,1.037775,1.002515,1.958087,1.515075,3.621121,1.46853,5,4.8954,4.011658,3.933634,2.619776,Average,4,2,3,4,3,2,2,4,3,Average,0.38
648,0.465216,0.599434,13.661292,2.164976,0.824829,0.146195,0.325037,0.431473,0.505416,1550.169092,21.168776,269.161276,20.468763,90.077758,14.648,3.11719,1.011791,4.956183,1.575633,0.936272,1.563197,1.961267,2.514906,2.057156,1.453982,3.433771,4.981941,4.586026,5,2.789218,Average,3,3,2,4,2,3,3,3,3,Average,0.211
649,0.147324,0.718215,111.603084,7.28063,0.830863,0.174466,0.419907,0.587051,0.618422,1054.549149,26.399697,698.09557,15.075547,90.514893,10.19,4.434223,0.973643,4.98952,0.992361,1.027648,2.488555,2.485257,1.962041,2.57551,1.510251,5,4.996546,4.449738,4.549494,2.846256,Average,3,1,3,3,2,3,3,3,3,Average,0.154
650,0.216497,0.645391,112.999079,1.772764,0.78014,0.176529,0.395912,0.449683,0.571592,1968.657413,29.252188,637.606203,15.393805,89.73627,36.686,4.053707,1.103607,5,1.054767,0.943994,2.033956,1.912746,2.017307,0.846711,2.09737,4.942217,5,4.593456,5,2.759454,Average,4,2,2,4,2,3,2,4,3,Average,0.241
651,0,0.60838,7.952152,4.800735,0.958761,0.173401,0.29326,0.691752,0.702644,197.896101,25.506252,468.318408,23.644574,108.496468,2.874,4.931029,1.040693,4.990252,0.975591,1.067209,0.99569,2.869359,1.590218,3.786139,1.593507,4.612496,5,5,3.617221,2.83775,Average,4,2,2,4,1,3,2,4,3,Average,0.162
652,0.009766,0.572416,17.254202,4.360003,0.969674,0.195553,0.325911,0.525411,0.593802,563.758898,30.447562,570.782828,18.07857,100.627171,13.254,4.987319,0.982229,5,1.011961,1.01341,1.322063,1.987945,1.948664,2.146038,1.952182,4.972754,5,4.965247,4.434451,2.71098,Average,4,2,2,3,2,3,2,3,3,Average,0.289
653,0,0.494731,153.976009,1.63404,0.525427,0.106291,0.168194,0.378595,0.748348,510.104209,21.222063,273.726362,6.991169,52.729275,14.573,4.980085,1.005086,4.994398,2.301584,1.656454,1.013776,1.288161,1.350207,1.396427,1.373228,4.47158,4.989151,2.708607,5,2.702283,Average,3,2,3,4,2,2,3,3,3,Average,0.298
654,0,0.646825,92.283096,4.888824,0.773817,0.175399,0.412643,0.45317,0.535179,1735.893702,29.630041,518.468139,17.65715,101.357784,31.613,5,1.030044,5,0.998786,0.978329,2.091598,1.709216,2.114421,1.004649,2.070257,5,4.984203,5,5,2.786724,Average,3,2,2,3,2,3,2,4,2,Below Average,-0.787
655,0.188676,0.578702,17.658433,1.662837,0.750081,0.118104,0.274442,0.584961,0.80626,392.718697,22.76996,263.214348,15.165201,79.928109,19.521,4.040142,0.970009,5,0.960947,1.003217,1.454037,2.95868,1.37036,2.222029,1.37588,5,5,3.922981,5,2.841184,Average,3,2,2,4,2,3,3,3,2,Below Average,-0.841
656,0,0.524259,0.308765,4.192506,0.083904,0.14432,0.171626,0.561591,0.337113,74.212485,17.83753,257.556238,14.232423,66.918278,0.979,5,1.600103,5,4.618413,1.555094,1.44024,2.440127,3.69356,4.601594,0.980545,3.241867,4.976355,3.365345,1.657298,3.293001,Above Average,4,3,3,4,3,3,3,3,3,Average,-0.293
657,0.003354,0.726711,34.130846,0.926833,0.864465,0.15889,0.359155,0.464239,0.534638,818.001571,26.17518,331.03256,20.603167,102.136661,23.822,5,1.966109,5,1.444808,0.973305,1.995846,2.028488,2.032238,0.989037,1.582552,5,4.955034,5,4.959964,3.261805,Above Average,4,3,3,5,3,3,3,4,3,Average,-0.262
658,0.006272,0.426155,15.993518,4.411767,0.842032,0.106005,0.302309,0.61637,0.724113,219.279274,22.482682,292.893347,16.111862,87.063599,4.294,5,1.589141,5,1.055951,1.552957,1.395071,3.042551,1.55218,3.901987,1.095102,5,4.999605,4.452489,5,3.301466,Above Average,4,3,4,4,3,2,3,4,3,Average,-0.301
659,0.070666,0.599114,4.148436,5.936024,0.882319,0.135543,0.22921,0.682241,0.405581,199.659645,21.98499,199.103721,31.553019,123.479444,5.845,4.951741,0.969356,4.95089,1.378459,0.965527,0.984847,3.415815,3.058742,3.595809,0.967964,5,4.970712,4.542155,4.327187,3.248197,Above Average,4,2,3,4,3,2,3,3,3,Average,-0.248
660,0.008478,0.834904,5.437927,8.571588,0.406377,0.138719,0.286902,0.678416,0.32044,108.837574,25.838802,580.748205,13.196769,76.394765,1.27,5,1.037719,4.536746,2.659716,0.996869,1.622809,2.939213,3.558734,4.548873,1.423859,4.978873,4.999893,3.962341,2.108033,3.249393,Above Average,3,2,4,4,2,2,3,3,3,Average,-0.249
661,0.005676,0.593418,40.554392,3.260483,0.687903,0.159225,0.308937,0.515517,0.713483,217.312276,26.726153,270.840167,11.524304,71.882805,5.449,5,0.946184,5,1.7008,1.051708,1.593513,2.385488,1.565108,3.427103,1.962697,5,5,3.817691,4.935855,3.268905,Above Average,4,2,3,4,3,4,3,4,3,Average,-0.269
662,0.007886,0.447709,14.540428,4.566729,0.876064,0.098865,0.301333,0.596016,0.705401,198.779124,22.304547,300.591254,17.107259,90.802603,4.559,5,1.519995,5,1.015351,1.548633,1.427188,3.024465,1.452923,3.880574,0.979676,4.886285,5,4.418133,5,3.335266,Above Average,4,2,3,4,4,2,3,4,4,Good,0.665
663,0.113286,0.403864,37.953834,0.458163,0.338856,0.083234,0.223691,0.570581,0.356109,116.172896,18.957697,207.082542,11.442655,61.658307,5.598,4.494656,2.069713,4.982948,3.063195,1.937747,1.450555,2.496386,3.556817,4.505604,0.930054,3.516738,4.95993,2.90741,3.555074,3.119626,Above Average,3,3,4,5,3,3,3,5,3,Average,-0.12
664,0.006364,0.71015,7.512213,5.723858,0.577151,0.150556,0.304752,0.674804,0.528998,419.641897,25.058922,337.872379,33.751595,138.415542,6.315,5,1.012153,4.981318,2.027652,0.939984,1.423317,3.417501,2.536063,2.819428,1.388451,4.977512,5,4.937429,4.260482,3.235492,Above Average,4,3,4,4,2,3,3,4,3,Average,-0.235
665,0.001105,0.834384,18.065235,3.394291,0.345316,0.184186,0.363925,0.61132,0.498442,279.733021,20.809009,252.359553,17.334393,78.018872,7.741,4.951316,1.053676,4.999477,3.260456,0.977051,1.881392,3.332327,2.726265,3.102216,0.935339,3.059383,5,3.754634,3.682805,3.328317,Above Average,3,3,3,4,2,4,4,4,3,Average,-0.328
666,0,0.460844,19.621675,0.48182,0.903295,0.139423,0.299696,0.520141,0.575295,755.722184,25.920199,347.670966,15.550331,85.042074,12.018,5,1.5421,5,1.348449,1.558945,1.393041,2.596356,2.003104,1.919987,1.431184,5,4.97439,4.20242,4.864657,3.259871,Above Average,4,4,3,4,2,3,4,5,3,Average,-0.26
667,0,0.422217,47.332109,2.672464,0.774017,0.176625,0.404851,0.479755,0.528214,1541.548853,25.397224,505.542886,12.460563,77.613661,51.165,5,2.14172,5,1.882092,0.940996,2.612635,1.912177,2.490648,2.298878,1.563248,4.959768,4.978037,4.150519,4.075113,3.218825,Above Average,4,2,3,4,3,3,3,4,3,Average,-0.219
668,0,0.636271,23.192221,3.118629,0.684543,0.14445,0.246081,0.641018,0.432354,178.762113,23.70135,225.539298,30.886977,126.570492,5.081,5,1.051566,4.953806,1.670166,1.046813,1.024168,2.960464,3.123745,3.722183,1.407421,5,5,4.60606,4.553629,3.338631,Above Average,4,2,2,4,3,2,3,3,3,Average,-0.339
669,0.010067,0.702628,54.362736,2.614762,0.721117,0.096144,0.329667,0.605942,0.519986,252.057984,42.608729,426.118968,23.820953,121.183274,12.523,5,0.961607,5,1.415238,1.570195,1.432848,3.003267,2.591909,3.006994,3.339004,4.861921,4.991145,4.985569,5,3.316767,Above Average,4,3,3,4,3,3,3,4,3,Average,-0.317
670,0,0.603961,53.566498,3.708958,0.784097,0.155518,0.371668,0.68686,0.659701,431.551985,25.82826,431.103978,15.204673,88.075937,8.258,4.928143,1.55842,4.983685,1.428879,0.957241,1.918709,3.467246,2.01374,2.674902,2.041716,4.991624,5,4.494081,4.941273,3.077598,Above Average,4,2,3,4,3,3,3,4,3,Average,-0.078
671,0,0.294998,36.321741,0.574224,0.53414,0.147436,0.24986,0.437039,0.405981,1278.176575,20.53586,392.370479,12.736747,65.762364,42.435,5,2.476889,5,3.128112,1.547777,1.894082,1.504373,3.638711,2.959295,1.43868,3.404121,4.999029,3.396792,3.324759,3.182791,Above Average,4,3,3,4,3,3,2,3,3,Average,-0.183
672,0,0.481536,34.999203,5.7531,0.901864,0.125668,0.302753,0.692834,0.506355,305.594041,41.00733,178.294609,14.50674,77.522764,8.413,4.959829,1.027211,5,1.607216,1.048809,1.591751,3.605598,2.730485,3.026028,2.826278,3.336742,5,3.839051,4.950432,3.248475,Above Average,4,4,3,4,3,3,4,4,3,Average,-0.248
673,0.092177,0.848665,38.937713,1.191864,0.652368,0.124929,0.359478,0.528201,0.561415,413.775626,27.256889,390.374511,17.16288,97.036202,13.431,4.691511,1.358374,4.982163,1.623071,1.372054,1.957323,2.433704,1.880999,2.280115,1.586946,5,5,4.590404,5,3.164232,Above Average,3,3,3,4,2,3,3,4,3,Average,-0.164
674,0,0.905771,19.115933,8.478877,0.720784,0.116187,0.25271,0.636038,0.376601,150.282589,43.261821,820.814929,23.003305,121.461114,4.399,5,0.985546,4.448426,1.555407,1.513191,0.994173,3.07466,3.578276,4.083948,3.402163,4.995539,4.957096,4.98932,2.895216,3.142269,Above Average,4,2,2,3,3,3,3,4,3,Average,-0.142
675,0.001073,0.655671,12.522433,3.878806,0.407565,0.127838,0.327823,0.609732,0.47184,200.819861,23.325477,195.94519,11.051101,62.717875,4.754,5,0.967282,5,2.629751,1.124078,1.996341,2.594615,2.599771,3.623264,1.293012,4.544363,4.96064,3.389553,3.622021,3.330731,Above Average,5,3,3,4,3,3,3,3,3,Average,-0.331
676,0,0.732103,29.528648,0.961422,0.981631,0.106566,0.234253,0.612908,0.637881,255.622715,31.29355,223.233307,33.855537,139.918311,4.661,5,0.963654,4.999905,1.341268,1.410481,1.00859,3.026257,2.014338,3.081723,1.988298,3.897545,4.993916,5,4.624946,3.091668,Above Average,4,2,2,4,3,3,3,4,3,Average,-0.092
677,0,0.886734,85.349883,1.372203,1.20637,0.124811,0.270571,0.553008,0.500601,434.395757,28.590756,373.726404,15.157512,89.393089,12.97,4.973872,0.949721,4.980672,1.600846,1.460874,1.553081,2.500543,2.377994,2.00203,1.862846,5,4.924716,4.674054,4.94324,3.271174,Above Average,5,2,3,4,3,3,3,4,3,Average,-0.271
678,0,0.405272,76.619819,0.649205,1.033479,0.103443,0.292665,0.58862,0.88965,187.94715,24.226205,344.454143,10.473044,74.113018,7.291,4.993903,1.955799,5,0.948642,1.413303,1.549029,3.023198,1.454514,3.513478,1.626971,4.984951,4.999683,4.036831,4.98541,3.25237,Above Average,3,3,2,4,3,3,3,4,3,Average,-0.252
679,0.008904,0.334065,8.417886,10.742234,0.776067,0.073041,0.239702,0.802805,0.479473,47.222187,28.434373,90.015311,11.65693,59.709222,2.846,5,2.447469,4.555649,1.545702,2.516912,1.469099,4.086785,2.468956,5,2.000819,2.402683,4.990429,2.985998,3.10032,3.159207,Above Average,4,3,3,4,3,2,4,4,3,Average,-0.159
680,0.038856,0.661568,21.617701,4.869022,0.608776,0.141202,0.323136,0.666873,0.550317,536.526991,23.527783,472.604482,15.433391,89.659946,9.57,5,1.082305,4.970779,1.495792,1.418838,1.495901,3.526586,2.493848,1.984552,1.542375,4.883498,4.944016,4.517983,4.89375,3.284625,Above Average,4,2,3,3,3,3,4,3,4,Good,0.715
681,0.000875,0.428696,61.705284,0.830372,1.174032,0.130219,0.345023,0.603243,0.503994,235.366228,26.400578,382.212841,11.005522,77.115547,11.259,5,1.978418,4.910381,1.033603,0.973592,2.006105,3.098254,2.626694,3.355156,1.979318,5,5,4.011476,5,3.071137,Above Average,5,3,2,4,3,4,4,3,3,Average,-0.071
682,0.024598,0.746729,13.160229,1.413935,0.532474,0.15008,0.33248,0.614826,0.471711,197.386472,19.718568,356.244614,15.167231,84.744934,4.99,5,1.018447,4.961271,2.014239,1.503193,1.451197,3.020355,2.52075,3.435839,0.872744,4.963946,5,4.457598,2.8301,3.268836,Above Average,4,3,4,3,2,3,4,3,3,Average,-0.269
683,0,1.025223,3.685507,0.890158,0.403647,0.135407,0.291156,0.596569,0.555684,244.058457,36.698685,451.579776,30.782361,130.995281,1.827,5,1.044264,5,2.786859,1.462376,1.438009,3.016255,1.968771,2.885821,2.496493,3.968891,5,5,2.806391,3.262629,Above Average,4,3,4,4,3,2,3,3,3,Average,-0.263
684,0,0.511361,18.984526,0.490748,0.550353,0.120295,0.355617,0.539422,0.425357,230.923812,26.081035,208.249333,8.153561,57.648944,4.666,4.99576,1.014369,4.978752,1.955989,1.539888,2.068059,2.683761,2.526821,3.454357,1.485358,5,5,2.990734,4.9569,3.260957,Above Average,4,3,2,4,3,3,4,3,3,Average,-0.261
685,0.001576,0.684453,27.972555,3.287661,0.488637,0.138548,0.356993,0.58255,0.423982,275.455032,25.685239,309.975107,13.605289,74.614977,7.587,5,1.002514,5,2.356401,0.994887,2.009289,2.9425,2.939183,2.576026,1.570588,3.991809,4.991553,3.606966,4.878667,3.28067,Above Average,4,2,4,4,1,3,3,4,3,Average,-0.281
686,0,0.390309,25.89927,0.416959,0.708908,0.12432,0.202778,0.542178,0.302479,165.081761,20.621448,241.15957,10.281529,60.668073,8.35,4.975192,1.978455,5,2.817827,1.393243,1.603901,2.558894,3.886014,4.047387,1.568727,3.639978,4.925201,2.988092,3.511405,3.21516,Above Average,4,4,4,4,3,3,3,4,3,Average,-0.215
687,0.001892,0.499206,134.525923,1.519208,1.643821,0.093154,0.232814,0.613723,0.699908,255.177396,25.922996,327.806638,9.56647,70.905343,8.459,5,1.336336,4.972177,0.860038,1.958419,0.930283,3.001566,2.188296,2.989436,1.574061,4.980129,5,3.984094,4.941336,3.219354,Above Average,4,2,3,4,3,3,3,4,4,Good,0.781
688,0.092829,0.545971,41.024815,1.732908,0.612403,0.111851,0.347848,0.55232,0.637151,250.802827,25.086985,246.840462,14.847435,77.111218,10.476,4.532717,1.411695,5,1.457767,1.369614,1.983046,2.385003,1.960629,3.431068,1.555126,4.243708,5,4.08802,4.956288,3.318798,Above Average,4,4,2,4,2,3,4,3,3,Average,-0.319
689,0.010829,0.585493,39.338458,1.090725,0.800767,0.169474,0.378521,0.524293,0.518281,796.688688,25.588868,465.965412,19.42531,95.762244,21.537,4.970539,2.240654,5,2.030655,0.993377,1.99741,2.337104,2.064039,2.011422,1.263403,5,5,4.980236,3.881934,3.170154,Above Average,4,2,2,3,2,3,3,4,3,Average,-0.17
690,0.00434,0.721965,41.405084,0.746767,0.843921,0.080134,0.228424,0.611263,0.971541,177.420389,22.047725,285.222634,16.70991,87.613941,4.51,5,1.681215,5,1.272452,2.43426,1.018945,2.953358,1.414436,3.287525,1.004456,4.705481,5,4.358233,3.59476,3.306712,Above Average,4,3,2,4,3,1,4,2,4,Good,0.693
691,0,0.442911,24.26427,3.876193,0.473312,0.121187,0.378487,0.607443,0.442533,126.954009,20.040797,193.058289,17.201812,74.739568,2.685,4.997136,1.639326,5,1.927339,1.022954,1.970611,3.012726,3.028372,4.159981,1.473077,2.559374,4.960621,4.046634,3.182904,3.162676,Above Average,4,2,3,4,1,2,3,4,3,Average,-0.163
692,0,0.668845,48.503207,4.374767,1.205979,0.094138,0.279819,0.607806,0.569668,177.008282,39.55932,334.600963,27.677176,122.178309,7.088,4.946345,1.009724,5,1.152128,1.97708,1.072533,2.983362,2.465523,3.51796,3.133007,4.138839,5,4.988762,5,3.257935,Above Average,4,2,3,4,3,2,4,4,3,Average,-0.258
693,0.00716,0.833453,4.766024,4.556635,0.82986,0.10462,0.27379,0.629881,0.55222,97.250386,22.079562,272.042262,27.67688,116.309494,2.915,5,1.021166,5,1.292041,1.685481,1.6736,3.052278,1.99781,4.473467,1.000289,4.689754,4.998302,4.923758,3.599179,3.306897,Above Average,4,3,3,4,3,3,4,4,3,Average,-0.307
694,0.004772,0.855382,18.465007,1.673715,0.594915,0.145431,0.344387,0.522794,0.483546,414.681468,29.640682,434.724217,16.849001,92.618044,11.102,5,1.007229,5,2.004636,0.995992,1.993969,2.413594,2.389307,1.797318,2.035972,5,4.998162,4.638311,4.975313,3.28656,Above Average,4,3,3,3,3,3,2,4,3,Average,-0.287
695,0.000455,0.475148,29.380667,0.243596,1.073935,0.113447,0.292998,0.609458,0.603884,783.740339,24.144613,405.255991,21.736795,107.437451,19.951,4.964841,1.471356,5,0.894595,1.423454,1.519359,2.9313,1.967141,1.411446,1.044863,5,5,5,5,3.286365,Above Average,4,2,3,4,3,2,4,4,3,Average,-0.286
696,0,0.40909,42.30467,2.64238,0.972065,0.08746,0.225478,0.585916,0.77716,222.344587,22.290436,294.747698,12.128716,73.250901,10.447,4.92872,1.383009,4.955696,0.966522,1.977329,0.971759,2.989649,1.044639,3.692239,0.987479,4.947174,4.925049,3.943953,5,3.21902,Above Average,4,2,3,4,2,4,3,4,3,Average,-0.219
697,0.004859,0.565811,17.321672,4.328691,0.758899,0.122308,0.31286,0.670506,0.517659,324.457654,39.910574,291.891021,11.753881,75.201558,10.712,4.929462,1.025846,5,1.397404,1.009576,1.479724,3.470383,2.465415,2.547376,3.03544,3.541592,5,4.059209,5,3.254034,Above Average,5,2,3,4,3,3,3,4,4,Good,0.746
698,0.029933,0.732852,14.385607,1.407131,0.561953,0.134931,0.33783,0.626534,0.469164,215.369099,19.822327,345.34219,14.761971,85.746071,5.301,5,0.921535,4.941151,2.017249,1.491847,1.423648,2.997829,2.499256,3.523107,0.994414,4.884907,4.966611,4.524897,3.15763,3.225458,Above Average,5,3,3,4,2,3,4,4,3,Average,-0.225
699,0.001092,0.896948,21.409503,1.827526,0.704633,0.095537,0.259479,0.59872,0.548036,294.880482,47.571573,288.948265,37.80579,159.519905,5.524,5,0.960459,5,1.5733,2.010382,0.942864,3.051036,2.534606,2.543673,3.792013,3.809073,4.984889,5,4.496446,3.183163,Above Average,4,3,3,4,3,3,3,4,3,Average,-0.183
700,0.005571,0.717254,82.425814,5.688431,1.077889,0.151527,0.324769,0.692272,0.554309,590.981023,27.471594,455.792373,15.778304,92.5841,10.158,4.953329,0.940382,5,1.619654,1.418243,1.605085,3.530215,2.447923,1.861084,2.099535,5,5,4.617301,5,3.18142,Above Average,3,3,3,4,3,3,3,4,4,Good,0.819
701,0.006872,0.746716,22.260906,3.784753,0.74696,0.10748,0.266004,0.598644,0.447778,192.013271,42.482312,376.680751,34.504222,150.228786,7.165,5,1.059794,5,1.509164,1.56933,1.00736,2.956643,3.045888,3.628494,3.021764,4.941783,4.983566,5,4.628907,3.254164,Above Average,4,3,3,4,3,3,3,4,3,Average,-0.254
702,0.037009,0.39351,14.447564,1.394412,0.626208,0.083224,0.322684,0.60318,0.561817,250.837552,30.291675,172.964415,23.106944,99.865447,5.938,4.938021,1.822341,5,2.02932,1.612151,1.638855,2.977466,2.125028,3.163266,1.818562,4.553019,5,3.780252,5,3.266445,Above Average,3,3,3,5,2,3,4,4,4,Good,0.734
703,0.00229,0.615468,10.714709,4.453569,0.886106,0.156081,0.34276,0.664014,0.645072,959.666523,25.403292,507.451133,19.791648,102.375934,13.668,4.988638,1.536742,5,1.485036,1.471188,1.603937,3.555366,1.917835,0.962588,1.491924,4.985073,4.968218,5,5,3.143064,Above Average,4,3,3,4,2,3,3,3,3,Average,-0.143
704,0.000633,0.584151,35.786967,0.695536,0.914613,0.122913,0.275348,0.636713,0.612552,378.579522,27.339832,410.384453,18.685377,102.334136,17.13,5,0.996966,5,1.024143,1.003831,1.571411,3.053391,2.029959,2.52063,1.512719,4.886836,4.975344,5,4.916549,3.321004,Above Average,4,3,3,4,3,2,3,3,3,Average,-0.321
705,0.004519,0.610868,8.562936,3.480352,0.596515,0.129054,0.242708,0.637012,0.473289,193.153821,24.142167,230.526983,37.563032,145.500711,8.619,5,1.022146,4.948024,2.164263,1.012705,0.969232,3.109715,2.608706,3.581126,1.001897,4.97051,5,5,4.382137,3.270719,Above Average,4,3,2,5,3,3,3,4,3,Average,-0.271
706,0,0.686576,0,19.082875,0.269838,0.119339,0.145926,0.58703,0.288551,77.3488,20.930068,144.665378,29.274284,108.14999,2.468,4.964043,1.034797,3.313873,3.698457,1.03006,1.027629,2.460178,4.183426,4.678911,1.019432,3.897205,4.995843,4.505182,2.570118,3.234006,Above Average,4,2,3,3,3,2,2,4,4,Good,0.766
707,0,0.792284,34.986859,2.744806,1.135191,0.08481,0.250983,0.674109,0.658461,140.786971,20.23313,129.080031,28.860855,110.31714,2.531,4.98274,0.947921,4.976403,1.482647,2.375781,0.965913,3.016259,2.041543,3.981863,0.990019,3.294935,4.969196,4.946014,3.386279,3.181083,Above Average,4,3,3,4,3,2,3,4,3,Average,-0.181
708,0,0.658167,5.942352,2.369386,0.728796,0.115556,0.23761,0.636781,0.510128,221.436922,26.22644,318.545927,31.113251,130.821692,6.926,5,1.002736,5,1.521647,1.022852,0.99135,2.882758,2.501852,3.442558,1.349657,4.919058,5,4.998333,4.629923,3.280661,Above Average,3,3,3,4,3,3,4,3,3,Average,-0.281
709,0.010066,0.426768,15.093665,6.352235,0.588124,0.111387,0.183772,0.669126,0.447878,186.05454,28.954157,212.534889,20.536037,98.205466,10.762,5,1.762078,4.734835,1.933169,1.362496,0.971759,3.323487,2.613589,3.605174,1.673943,4.035565,4.953949,4.616297,3.605192,3.368674,Above Average,4,3,3,4,3,2,3,3,3,Average,-0.369
710,0,0.774236,9.051687,11.179331,0.564788,0.143481,0.280077,0.697145,0.330107,210.494616,37.829116,661.256675,15.781048,88.388757,4.795,4.967507,0.997576,4.370061,2.191195,0.98847,1.333156,3.473603,3.579672,3.795345,2.868139,3.817439,4.969334,4.225971,2.493704,3.264331,Above Average,4,2,3,3,2,3,4,4,4,Good,0.736
711,0.002926,0.685015,29.749216,1.32019,0.708275,0.151098,0.342817,0.603112,0.790551,180.365915,20.928224,344.412754,13.841759,80.071536,3.366,4.86862,1.365209,5,2.085588,1.419069,1.536142,2.972431,1.53671,3.694823,1.083167,5,5,4.605408,2.834386,3.248145,Above Average,3,3,3,4,3,2,3,3,3,Average,-0.248
712,0.078537,0.55175,32.77114,5.283593,1.014167,0.146936,0.250364,0.673717,0.421324,219.896888,22.395577,249.589571,12.569313,74.66582,6.946,4.974397,0.948766,4.94159,0.935666,1.03529,0.982445,3.400125,2.956526,3.028426,1.463744,4.99689,4.978367,4.011211,4.943307,3.332477,Above Average,3,3,2,4,3,3,3,3,3,Average,-0.332
713,0.00982,0.674605,23.023047,2.296564,0.779686,0.100687,0.325172,0.591982,0.423394,188.197499,45.643305,408.188609,18.240014,98.457534,8.151,4.981877,1.014803,5,1.416072,1.98795,1.413858,3.084379,3.016012,3.45088,3.320041,5,4.999841,4.29792,4.786801,3.347982,Above Average,4,3,1,3,3,3,3,3,3,Average,-0.348
714,0.01016,0.54983,28.666445,2.269344,0.912076,0.162816,0.343292,0.569075,0.388412,270.689606,25.28727,328.705618,9.984528,68.659535,8.89,4.99262,1.64096,5,1.800278,1.033386,2.012835,2.61278,3.043872,3.042287,1.63097,5,4.997668,3.607556,4.08782,3.353369,Above Average,4,3,3,4,3,3,3,3,3,Average,-0.353
715,0.003245,0.510804,6.91861,0.133317,0.978271,0.08521,0.353498,0.636391,0.623466,738.03262,23.188003,315.371534,38.558421,149.684924,11.573,5,1.639565,4.869837,1.35155,2.017764,1.677719,3.304036,1.904352,2.363222,0.901578,3.772438,4.984245,4.901006,3.823193,3.435395,Above Average,4,3,2,4,2,2,4,4,4,Good,0.565
716,0,0.487304,69.425659,0.392028,0.985733,0.126651,0.323474,0.637869,0.624663,326.781064,25.764901,360.685593,17.288172,92.637063,15.657,5,1.424843,5,0.977013,0.962945,1.987192,2.960607,2.022406,2.943451,1.45611,4.975941,5,4.4747,5,3.261181,Above Average,4,3,2,4,2,3,4,4,3,Average,-0.261
717,0.004188,1.001419,12.453486,1.350918,0.576166,0.133682,0.318247,0.601807,0.462857,336.23287,27.205056,359.141106,19.418779,99.884108,9.291,5,0.926523,4.986811,1.947703,1.065232,1.498216,2.875223,2.868875,2.303788,2.026969,4.959663,5,5,3.859786,3.373696,Above Average,4,3,2,5,2,3,3,4,3,Average,-0.374
718,0,0.744534,26.401959,2.437577,0.892273,0.088694,0.275463,0.617872,0.534018,238.844638,45.083146,533.207349,20.538061,115.917235,10.326,5,0.951598,4.948947,0.96935,1.545358,1.044506,3.040123,2.472083,2.952886,3.558089,4.995475,5,4.975364,5,3.270517,Above Average,5,2,2,4,4,2,4,4,3,Average,-0.271
719,0.002582,0.610957,31.177095,4.213131,0.662007,0.110717,0.346866,0.597014,0.468157,151.957413,36.788773,285.257605,22.933362,105.202384,5.145,5,1.484969,5,1.416387,1.490006,1.514235,3.046096,2.957051,4.116056,2.989995,3.026327,4.994822,4.413464,3.461534,3.271796,Above Average,5,3,3,4,3,2,3,4,3,Average,-0.272
720,0,0.404002,60.991788,0.956751,1.177879,0.115593,0.270545,0.567971,0.882924,222.416002,23.997642,374.332918,9.979086,72.142791,9.632,5,1.991972,4.91724,0.95838,1.650248,1.363639,2.93127,1.820958,2.922761,1.334036,5,5,3.968875,5,3.261662,Above Average,4,3,3,5,3,3,3,4,3,Average,-0.262
721,0.00233,1.017268,9.213165,5.748028,0.595227,0.136185,0.350022,0.782015,0.373593,115.605129,28.538009,370.565513,11.936959,74.608053,1.051,5,0.986078,5,1.91941,1.106063,1.953275,3.546061,3.07418,4.571551,1.466757,4.82514,5,4.100072,2.689051,3.290863,Above Average,4,3,2,4,2,3,3,3,3,Average,-0.291
722,0,0.689266,46.983379,2.328534,0.933606,0.113946,0.302403,0.593811,0.517549,299.453805,46.029274,483.250875,24.928591,126.359026,14.853,4.985837,1.022948,4.899907,1.025504,1.560924,1.406039,2.971119,2.438987,2.765103,3.402404,4.991334,4.927762,4.970186,4.975665,3.220363,Above Average,5,2,2,4,2,3,2,4,3,Average,-0.22
723,0.003153,0.525894,5.669025,2.96562,0.477196,0.181999,0.369241,0.737146,0.642024,62.941992,21.623809,394.728708,16.212513,81.915643,2.244,4.981817,1.325801,4.99901,2.941529,1.648914,1.985163,4.049835,1.574797,4.884397,1.012304,4.155514,5,3.980997,2.540565,3.120107,Above Average,3,4,3,3,3,2,4,3,4,Good,0.88
724,0,0.904503,13.255746,7.243776,0.691858,0.138052,0.354462,0.767719,0.384253,208.976952,40.956774,313.488095,12.101786,73.8304,5.648,4.946155,0.957675,5,1.335147,1.00733,2.009946,3.981948,3.049502,3.553996,2.891314,3.715237,5,4.003418,4.028092,3.35233,Above Average,4,3,2,4,2,2,4,4,3,Average,-0.352
725,0.062185,0.622945,29.713627,7.348775,1.118649,0.120873,0.271727,0.662465,0.774945,186.39896,24.066128,303.09797,14.872683,84.073857,8.154,5,0.980358,5,1.127273,1.056057,0.970713,3.360545,1.764481,3.625868,1.623978,5,5,4.61199,5,3.277811,Above Average,4,4,3,4,3,2,3,4,3,Average,-0.278
726,0.010851,0.454746,22.531744,3.594692,0.857527,0.101269,0.249951,0.590285,0.583442,247.474735,27.150505,301.258485,22.530471,111.912824,14.614,5,1.491762,4.980189,1.513545,1.490943,1.050649,2.979076,2.003459,2.852217,1.44744,5,5,4.92907,5,3.07785,Above Average,4,3,2,4,3,2,4,3,3,Average,-0.078
727,0.050247,0.725117,18.997098,0.575005,0.589548,0.08306,0.239731,0.609439,0.516087,301.357649,28.722213,237.521722,27.646126,114.444782,7.331,4.957712,1.079525,5,1.468924,2.031709,0.975713,2.997936,2.576714,2.622449,1.862311,4.003528,5,4.424669,4.387972,3.139802,Above Average,4,2,4,4,3,2,3,3,4,Good,0.86
728,0,0.564141,28.253741,1.230823,0.851221,0.159782,0.272995,0.666219,0.665873,131.609956,23.873269,419.532923,21.323944,106.27145,3.798,5,0.946328,4.977055,2.275896,1.046026,1.418464,3.35382,1.924159,4.380961,0.919928,4.986836,5,5,3.304622,3.250361,Above Average,5,3,3,3,2,2,3,4,4,Good,0.75
729,0,0.792996,30.329408,7.980376,0.521848,0.13083,0.278967,0.65731,0.40893,177.649918,26.581375,740.514277,20.245751,101.463167,6.906,4.964321,0.959354,4.421683,1.959728,1.109899,1.419441,2.995395,3.17953,4.350163,1.548788,4.972607,5,5,2.690266,3.297226,Above Average,4,3,3,4,3,3,3,3,3,Average,-0.297
730,0,0.557464,10.262636,6.929569,0.652997,0.161523,0.289704,0.630323,0.570995,162.326791,26.145457,417.925634,20.697579,103.772114,5.84,5,1.53393,5,2.402901,1.510748,1.507967,3.006726,1.946176,3.228097,1.571689,4.921387,4.940486,5,3.125554,3.2166,Above Average,4,2,3,4,2,3,3,4,3,Average,-0.217
731,0,0.931204,8.794576,0.128863,0.561439,0.104767,0.2354,0.599408,0.599272,336.392596,39.214922,107.360529,46.210015,168.622296,3.769,4.982439,1.028348,5,2.014349,2.015082,0.971076,3.092074,1.857028,1.81105,2.997516,2.881776,4.946296,5,3.941618,3.273956,Above Average,4,3,4,4,3,3,3,3,3,Average,-0.274
732,0.035759,0.403107,31.073904,2.556121,0.571899,0.119607,0.304205,0.581413,0.607678,279.917707,34.691768,303.670594,28.892956,121.151156,5.071,4.948059,2.009532,5,1.997749,1.001307,1.524769,3.045217,2.070779,2.283103,2.467703,4.451478,4.940417,4.536208,5,3.37671,Above Average,5,3,3,3,3,2,3,4,3,Average,-0.377
733,0,0.543695,20.831283,4.854441,0.640673,0.127532,0.324029,0.663449,0.782744,523.250327,23.296569,377.343201,13.17267,79.502153,6.247,4.985102,1.53272,5,1.506028,1.610518,1.356747,3.354744,1.444216,2.230428,1.512963,4.944406,5,4.392189,5,3.33343,Above Average,4,3,2,4,3,2,4,4,3,Average,-0.333
734,0,0.808751,70.487126,1.625146,1.044497,0.158392,0.346797,0.626507,0.47895,210.179155,23.129277,334.859067,14.05998,83.762553,4.248,5,0.96527,5,2.299225,1.39933,1.582023,2.952116,2.287038,3.561781,1.417904,5,5,4.644329,2.575986,3.226083,Above Average,4,3,3,3,2,3,4,4,4,Good,0.774
735,0.006962,0.401001,22.141193,3.003967,0.671274,0.107403,0.265762,0.593722,0.733313,291.822753,23.187478,286.435482,15.0636,83.541629,9.105,4.981909,1.604695,5,1.427116,1.551027,1.014731,2.997589,1.427499,2.925308,1.060867,4.957844,5,4.377555,5,3.364139,Above Average,4,2,3,3,3,3,3,3,3,Average,-0.364
736,0,0.336266,63.08806,1.004192,1.200138,0.165875,0.390442,0.461125,0.541382,1384.04715,26.963488,580.480645,13.697636,81.255695,52.665,5,2.525162,5,0.952255,1.091794,2.482157,2.010853,2.501364,1.975658,2.089296,5,4.979889,4.517586,5,3.235748,Above Average,4,3,3,5,3,3,2,4,4,Good,0.764
737,0.099469,0.544699,5.216992,5.331065,0.810386,0.186801,0.276869,0.727233,0.460735,184.422505,20.373943,354.972145,16.456759,84.579284,4.852,5,0.925983,5,2.109625,1.018075,1.323239,3.958758,2.583163,3.823507,0.967142,4.979555,5,4.395247,3.428365,3.261004,Above Average,4,2,3,4,3,2,4,4,3,Average,-0.261
738,0.004449,0.695943,9.569527,2.869183,0.730231,0.146319,0.340492,0.580871,0.570601,197.255419,23.67961,336.927953,19.520012,101.558415,5.305,4.97347,1.488453,4.987913,2.05059,1.491969,1.556072,3.00614,2.080822,3.561211,1.517281,4.989549,5,5,2.849349,3.263238,Above Average,4,3,3,5,4,3,3,3,3,Average,-0.263
739,0.007167,0.472258,83.095669,0.628619,0.905027,0.100621,0.133323,0.566539,0.287221,163.128545,20.717638,168.992747,9.937787,56.536368,5.341,5,1.5416,5,3.084803,1.985041,0.995343,2.428319,4.112959,4.05825,1.56334,3.589793,4.918604,2.843196,3.394052,3.349148,Above Average,4,3,3,3,3,2,3,3,3,Average,-0.349
740,0.002478,1.081019,11.501666,5.565997,0.71966,0.120131,0.339381,0.767068,0.466648,67.810107,27.946789,400.322622,18.29447,97.371219,3.27,5,1.036441,4.996817,1.457065,1.437203,1.989967,3.640524,2.58942,5,1.533728,4.921873,4.93761,4.956777,3.831348,3.229734,Above Average,4,3,3,5,3,2,3,3,3,Average,-0.23
741,0.001953,0.583307,6.658693,1.216688,0.326818,0.194979,0.333956,0.607945,0.607915,155.525967,23.277928,409.434656,18.424765,92.236974,4.445,4.967663,1.030468,5,3.077068,1.085103,2.003517,3.110444,2.143715,4.237097,1.386877,4.653963,4.963962,4.603771,2.522565,3.325981,Above Average,4,2,4,4,3,3,4,4,3,Average,-0.326
742,0.065181,0.76302,3.374468,4.373878,0.753502,0.193055,0.342074,0.67483,0.460649,188.951555,19.123378,292.205149,16.144206,85.791345,3.062,5,1.050112,4.960691,2.307275,1.062111,1.653419,3.454641,2.425205,3.548251,1.000077,4.991823,5,4.679932,2.682691,3.164927,Above Average,4,3,4,4,2,4,3,4,4,Good,0.835
743,0,0.990036,0,0,0.794098,0.106807,0.267091,0.668548,0.529569,144.837039,22.357281,230.631528,25.932253,107.931829,0.752,5,0.962682,4.895368,1.66556,2.274512,1.431795,2.960013,2.427925,3.964123,0.908471,4.401783,4.91166,4.904783,1.40271,3.113615,Above Average,5,4,5,4,3,3,3,3,4,Good,0.886
744,0,1.071504,3.985138,1.679473,0.405668,0.087191,0.256304,0.697267,0.50341,129.52978,21.660349,176.032561,21.802115,92.371425,1.05,5,1.007964,5,2.470392,2.353094,1.377915,2.996864,2.376428,3.990131,1.038991,4.387826,5,4.280949,1.683175,3.319202,Above Average,3,2,3,4,3,2,4,3,3,Average,-0.319
745,0,1.243922,4.951115,0.428356,0.512103,0.084805,0.25325,0.596717,0.565646,266.630724,23.00455,248.299043,26.603558,112.890678,6.303,5,1.033204,4.94151,2.128126,2.278088,1.34002,2.621546,2.028817,3.040698,1.300722,4.281049,4.999127,5,2.358075,3.248239,Above Average,4,2,2,4,4,3,4,3,4,Good,0.752
746,0.031823,0.57322,26.59648,5.816503,0.565239,0.163791,0.334244,0.666641,0.724277,596.736772,32.839616,371.082977,30.864301,131.818877,8.351,4.959309,1.90436,4.955001,1.92923,1.037949,1.56193,3.526307,1.546231,1.349759,2.526266,4.634882,4.993406,5,4.989651,3.308239,Above Average,4,2,3,4,3,2,4,4,4,Good,0.692
747,0.002018,0.824275,0,1.3873,0.289393,0.195331,0.471554,0.664949,0.49838,157.341171,24.494939,615.38535,16.27108,91.872619,0.046,4.95389,1.04392,5,3.507421,0.9601,2.476666,3.455048,2.519529,3.96714,1.614098,4.996792,5,4.944133,1.562341,3.231466,Above Average,4,1,4,4,2,4,3,3,3,Average,-0.231
748,0.000821,0.764385,37.366797,3.438386,0.779318,0.157079,0.34908,0.571912,0.448379,354.64767,22.758115,208.412554,13.842098,69.467294,12.741,5,1.424965,4.967703,2.124434,0.949086,1.997592,3.025654,2.948616,2.258525,1.313817,3.08091,4.954426,3.392713,5,3.160127,Above Average,4,3,3,5,3,2,3,3,3,Average,-0.16
749,0,0.83945,6.485037,0.781867,0.493781,0.178791,0.449352,0.569455,0.539208,394.570297,23.387143,367.045946,18.603595,99.718842,8.866,5,0.976906,4.980959,2.398984,1.002666,2.488425,3.020756,2.411231,2.500175,1.560659,5,5,4.944242,3.288609,3.245052,Above Average,4,2,4,4,3,4,3,4,3,Average,-0.245
750,0,0.579994,33.884186,7.431271,0.816911,0.127265,0.316844,0.66405,0.756891,240.816505,37.328931,234.143782,12.560812,74.368009,9.872,4.987634,1.00257,5,1.321567,1.013722,1.387652,3.525806,1.861884,3.02237,2.941899,3.610902,5,4.122337,5,3.185684,Above Average,3,2,3,4,3,4,3,4,3,Average,-0.186
751,0.004515,0.473727,35.726266,0.875554,0.684709,0.159324,0.283824,0.631034,0.909648,146.224937,22.19115,448.102264,14.335763,83.305944,4.093,5,1.54713,5,2.306826,1.554913,1.519582,3.430389,1.433357,3.91716,1.026414,5,4.987883,4.427742,3.127042,3.232272,Above Average,4,2,2,3,3,3,3,3,3,Average,-0.232
752,0,0.611595,33.963444,1.836888,0.931647,0.096884,0.394752,0.73048,0.669767,88.162166,22.046752,97.321359,54.047977,181.234819,2.036,4.948637,0.948072,5,1.575927,2.018989,2.220535,3.595178,1.991601,4.511928,1.06268,2.349868,4.988594,5,3.255844,3.242024,Above Average,3,2,3,4,3,3,4,3,4,Good,0.758
753,0,0.512757,9.464855,0.01869,0.242697,0.08747,0.276579,0.633119,0.429508,72.875019,17.4595,64.567846,39.060587,133.752591,1.32,4.99886,1.477814,5,3.459967,2.02863,2.028373,2.977633,3.447963,5,1.004416,1.995273,5,3.555073,1.7801,3.197233,Above Average,4,3,3,4,4,3,3,3,3,Average,-0.197
754,0.034185,0.422009,18.937861,1.538905,0.46858,0.162002,0.425197,0.648146,0.633256,283.882578,29.133168,230.483808,32.936096,136.770334,3.627,4.978375,1.98511,5,2.495456,1.051673,1.981579,3.407325,1.97607,3.046656,2.066612,4.375182,4.976035,5,3.127117,3.198521,Above Average,4,1,4,3,3,2,3,3,3,Average,-0.199
755,0.003194,0.692441,5.412204,1.04077,0.406417,0.167657,0.43858,0.719198,0.415806,154.864123,21.994675,311.952753,17.915175,97.034038,0.744,5,0.98712,5,2.584092,1.011342,1.962469,3.928874,3.419079,3.958511,1.484155,4.966418,5,4.96176,1.819543,3.196375,Above Average,4,3,4,5,2,3,3,3,4,Good,0.804
756,0,0.532381,3.569585,4.34738,1.152983,0.152561,0.32467,0.614536,0.496612,109.24456,22.564825,340.628391,23.663308,109.493778,3.326,4.976571,1.006922,5,1.051068,1.028365,1.952367,3.069002,2.423489,4.515559,1.056821,4.941215,4.904974,4.946734,3.757058,3.120737,Above Average,4,3,2,4,2,3,3,3,3,Average,-0.121
757,0.00712,0.643683,8.010762,3.806047,0.449361,0.156379,0.325321,0.578583,0.440592,274.480005,24.00244,249.245111,13.993483,78.522736,7.664,4.998257,0.992427,5,2.68758,0.999454,1.650315,2.310748,2.593199,2.997113,0.96716,5,4.887781,3.721763,3.69495,3.179912,Above Average,3,2,4,3,3,2,3,4,3,Average,-0.18
758,0.01202,0.491324,42.49995,3.742504,0.876379,0.184438,0.39083,0.552973,0.57901,976.496417,24.727342,372.3493,21.030226,101.263243,22.99,5,2.177406,5,1.511489,1.002359,2.006777,2.86694,1.989432,1.040417,1.375081,4.984183,5,4.985968,5,3.200768,Above Average,4,2,2,4,2,4,3,4,3,Average,-0.201
759,0,0.91469,27.06587,4.368493,1.042445,0.125387,0.304742,0.719497,0.529856,124.529983,28.79117,424.865439,18.671875,99.876898,3.638,5,0.995274,5,1.057235,0.983396,1.498119,3.522293,2.60903,4.477388,1.464838,4.8481,5,4.948054,3.874868,3.247662,Above Average,4,2,3,4,2,3,4,3,3,Average,-0.248
760,0.000359,0.644657,12.424626,5.249072,0.820195,0.154982,0.352689,0.650926,0.651773,937.712769,25.763003,516.166946,19.848107,103.276376,12.82,4.914953,1.374722,4.969415,1.518925,1.39111,1.689188,3.616399,1.97625,1.00526,1.483473,5,5,5,5,3.180704,Above Average,4,3,3,4,2,3,4,4,4,Good,0.819
761,0.001891,0.8975,20.301269,8.143345,0.708928,0.114447,0.250255,0.626271,0.382806,153.044148,45.514342,789.612741,22.441948,120.191863,4.886,4.95492,0.964216,4.462728,1.553448,1.535164,1.009355,2.990774,3.432366,3.992588,3.500004,5,5,4.954964,2.900037,3.254551,Above Average,4,2,3,3,2,3,4,4,3,Average,-0.255
762,0,0.3464,43.809609,2.176948,0.818473,0.151433,0.393876,0.54165,0.497626,696.915099,19.000131,135.825884,20.902783,87.035453,19.076,5,2.531621,5,1.389574,1.012951,2.032988,2.401534,2.478821,2.722919,0.994045,3.287194,5,4.617319,3.718325,3.18635,Above Average,4,3,3,5,3,3,4,4,3,Average,-0.186
763,0,0.5226,55.349988,4.022644,1.082518,0.096961,0.26324,0.586118,1.096341,170.577471,24.497866,351.079505,12.346874,79.839429,7.919,5,1.555071,4.941717,1.024971,1.495811,1.013184,3.034451,1.025145,3.452472,1.545105,5,4.937977,4.484536,4.850206,3.291343,Above Average,4,3,2,4,2,3,3,3,3,Average,-0.291
764,0.018626,0.829321,17.998112,4.267815,0.69303,0.129817,0.295282,0.690743,0.489556,173.423826,28.286002,392.35016,19.573819,102.466934,10.093,4.952635,1.030707,4.989475,1.523805,0.984517,1.395804,3.408214,2.414778,3.857211,1.430567,4.859697,4.992364,4.967139,4.174554,3.208317,Above Average,4,3,2,4,3,3,3,4,4,Good,0.792
765,0,0.4358,14.637026,4.814438,0.849273,0.126595,0.318012,0.658884,0.489756,713.573236,40.417793,244.00379,13.782449,77.802698,13.845,5,1.507196,5,1.485386,1.408157,1.64206,3.545717,2.608254,1.545332,2.644418,3.230165,5,3.931973,5,3.247323,Above Average,4,3,2,4,3,3,4,4,3,Average,-0.247
766,0.002837,0.520989,29.771799,7.391708,1.018854,0.086151,0.359587,0.727799,0.879803,89.514249,23.334195,232.934922,11.750675,66.609398,6.642,5,1.508765,4.961571,0.968376,2.071728,1.499908,3.474342,1.145282,4.522912,1.502646,3.95454,4.974874,3.422304,5,3.202119,Above Average,4,3,3,4,3,2,3,4,4,Good,0.798
767,0.039799,0.488693,54.740034,0.821976,0.813594,0.102791,0.292345,0.619925,0.541529,192.692053,23.420118,342.187056,11.666568,76.667193,8.995,4.991667,1.500919,5,1.033065,1.512354,1.525622,2.98959,2.469123,3.462191,1.383912,4.929692,4.941568,3.986981,4.993477,3.196468,Above Average,3,3,3,4,3,3,3,4,3,Average,-0.196
768,0.038778,0.511671,27.096512,1.927295,0.580866,0.112888,0.305436,0.593792,0.416432,222.012919,25.626965,411.243079,11.934242,82.474728,6.579,5,1.028378,5,1.600324,1.363751,1.586089,2.991248,3.033401,2.894071,1.552509,5,5,4.085468,4.976873,3.24757,Above Average,4,2,3,5,3,3,3,4,4,Good,0.752
769,0,0.848464,0,2.426626,0.495737,0.165014,0.366359,0.628075,0.496151,158.243311,20.659318,290.612639,27.680888,120.316725,1.674,4.979715,0.960859,4.910526,2.693406,1.078557,1.653561,3.032248,2.406208,3.891835,0.939624,4.937108,5,5,2.086132,3.262312,Above Average,5,2,3,4,3,3,3,3,4,Good,0.738
770,0.061273,0.609439,15.037144,3.35325,0.782507,0.114838,0.39144,0.726409,0.558786,130.958205,21.221932,136.527069,50.009778,170.712942,3.24,4.846119,1.002376,4.982686,1.58672,1.524562,2.234801,3.979584,2.433011,4.272317,0.891657,3.187173,4.935386,4.67805,3.057552,3.222484,Above Average,4,3,3,5,3,3,3,3,4,Good,0.778
771,0,0.696928,4.785261,0,0.879932,0.098898,0.243243,0.600543,0.590694,712.687491,32.792645,256.463207,34.027478,139.218686,10.019,4.975265,1.403927,4.956748,1.665759,2.0214,1.009225,2.934012,1.935798,1.432026,2.041191,3.821244,5,4.99143,4.539484,3.239856,Above Average,4,2,3,4,3,3,4,3,3,Average,-0.24
772,0.002493,0.651765,34.02982,1.415101,0.851323,0.130444,0.258482,0.638201,0.542251,260.327139,27.426071,398.490425,13.027444,81.254127,9.738,4.972863,0.956994,4.926322,1.063529,0.973852,1.071883,3.025694,2.420466,3.022047,1.972054,4.961696,5,4.596708,5,3.23,Above Average,3,2,3,4,2,3,4,4,3,Average,-0.23
773,0.04442,0.567797,22.707669,1.557585,0.629246,0.097869,0.272581,0.573961,0.543882,263.214629,22.202997,282.500264,13.480029,77.033336,10.309,4.974843,1.025934,5,1.295289,1.568377,1.321654,2.626242,2.653493,2.988597,1.29736,4.635852,4.975413,3.988135,5,3.152582,Above Average,4,3,3,4,3,3,4,3,3,Average,-0.153
774,0,0.409565,30.986888,6.105187,0.966781,0.109025,0.371922,0.668607,0.609081,297.89689,24.119743,191.296605,9.262391,58.319116,20.389,4.95762,1.996955,5,1.031521,2.24276,1.986932,3.18211,1.868023,3.312529,1.359305,3.825586,4.955128,2.815159,4.971964,3.322114,Above Average,3,3,2,4,2,2,2,3,3,Average,-0.322
775,0,1.034791,9.509506,5.629587,0.612729,0.1489,0.292091,0.535248,0.456447,377.965891,29.378358,639.880024,20.211008,105.23622,9.791,5,1.01475,4.602071,2.097119,0.974633,1.61139,2.376535,2.839304,2.542979,1.924337,5,5,4.972304,3.68112,3.312288,Above Average,4,2,3,3,3,2,3,3,3,Average,-0.312
776,0.105777,0.909472,35.636876,0.381088,0.57364,0.074701,0.296481,0.676674,0.571226,151.552204,21.46181,247.525471,22.390677,103.196263,5.271,4.571501,1.461786,5,1.590984,2.541322,1.510768,3.03453,1.865362,3.986771,1.041682,4.497354,5,4.598567,2.69255,3.124316,Above Average,3,3,3,4,3,3,3,3,4,Good,0.876
777,0.006143,0.685323,34.343043,2.080664,0.671652,0.155113,0.349936,0.564095,0.461362,330.556936,39.795886,392.820305,19.680397,108.263405,9.877,4.970395,0.995167,4.986126,1.583679,1.47185,1.484897,2.386516,3.085631,2.416575,2.929575,4.997101,4.946184,4.468771,4.924417,3.216394,Above Average,4,2,3,4,2,3,4,3,3,Average,-0.216
778,0.001132,0.663048,3.379104,0.743374,0.385827,0.186939,0.485214,0.727863,0.439061,181.78001,20.691171,325.974768,17.872905,95.498523,0.938,4.938547,1.03635,5,2.597995,0.984733,2.261602,3.940151,3.300853,3.935372,1.309081,4.958821,4.972182,4.94479,1.797862,3.293876,Above Average,5,2,3,4,2,3,4,4,4,Good,0.706
779,0.018475,0.504368,22.507291,2.947291,0.615384,0.117027,0.253637,0.636055,0.570801,243.944912,24.907976,302.745445,23.719971,116.023209,17.151,4.989466,1.087343,5,1.94634,1.037475,1.000455,2.96175,1.870664,3.063909,0.934278,4.948995,4.956453,4.984876,4.975299,3.309664,Above Average,4,3,3,4,2,2,3,4,3,Average,-0.31
780,0.031458,0.676785,18.406715,2.74,0.443418,0.138004,0.306255,0.607831,0.642602,246.923842,36.060865,494.932217,29.240175,130.93797,3.903,5,2.070533,5,2.848043,0.980798,1.506361,2.959567,1.464151,2.998181,2.468436,4.51255,5,4.997747,3.594987,3.204137,Above Average,4,3,3,4,3,2,3,3,3,Average,-0.204
781,0,0.630121,13.969699,3.228688,0.74091,0.106275,0.428157,0.679028,0.610591,75.457712,22.054972,187.618799,52.413826,181.039952,1.991,4.929347,1.049963,4.982148,1.566476,1.629721,2.583388,3.551046,1.887113,5,1.069949,3.387022,4.980493,5,3.147612,3.272649,Above Average,5,3,4,4,3,3,3,4,3,Average,-0.273
782,0.002399,0.693551,10.37762,2.931303,0.734245,0.160757,0.340345,0.590281,0.548232,202.127043,23.522948,334.53089,19.448214,99.970533,5.208,4.936557,1.455667,4.962888,2.019614,1.397923,1.464798,2.983846,1.956254,3.481236,1.482834,4.964632,4.967474,5,2.730995,3.306364,Above Average,4,2,2,4,2,3,3,4,4,Good,0.694
783,0,0.470587,30.404507,3.546597,1.168278,0.139727,0.318371,0.588402,0.457562,190.511781,24.713225,369.124733,17.066002,95.376891,9.599,5,1.513211,4.993352,1.009085,1.069781,2.001707,2.933916,2.59288,3.755964,1.569051,4.943326,4.928303,4.422179,5,3.231806,Above Average,4,2,3,4,2,4,2,4,4,Good,0.768
784,0,0.417342,35.753678,3.016077,0.856184,0.131198,0.360744,0.617848,0.430154,181.390691,20.715397,212.054054,15.380173,72.342041,7.476,5,1.950783,4.963868,1.42724,0.996287,2.10455,3.007253,3.094333,4.116645,1.557405,3.019468,5,3.996154,3.391369,3.255902,Above Average,4,2,3,4,2,3,3,3,3,Average,-0.256
785,0.092837,0.53011,22.495572,5.073668,0.90418,0.157188,0.272051,0.594884,0.430376,257.930213,22.713695,214.807439,12.373547,67.853146,5.809,4.997436,0.967204,5,1.246865,0.960821,1.417361,3.142784,2.56098,3.08177,1.40324,4.991884,5,3.586127,5,3.302622,Above Average,3,2,3,4,2,2,4,4,4,Good,0.697
786,0.006641,0.465549,35.151614,4.004122,0.87514,0.122735,0.305472,0.63618,0.525607,337.352767,26.631373,347.575139,18.194288,95.840333,14.714,5,1.448255,5,1.135682,0.954594,1.971653,2.954452,2.446573,2.908087,1.385281,4.982454,4.981628,4.591509,4.503487,3.298229,Above Average,5,3,3,4,3,3,3,4,3,Average,-0.298
787,0.001172,0.488431,38.483289,4.32156,1.216921,0.09612,0.298853,0.685153,0.715379,110.739039,23.847343,255.568598,17.841712,85.50324,5.825,5,1.391667,4.9699,1.080294,1.745265,1.349291,3.435244,1.591766,4.431533,1.102297,4.2764,5,3.916282,5,3.198201,Above Average,4,2,2,4,3,2,4,4,3,Average,-0.198
788,0,0.802251,23.988037,9.402157,0.969153,0.114902,0.240569,0.684619,0.472135,129.330459,26.115877,636.565688,23.650076,107.762926,2.346,5,0.980551,4.459644,1.661974,1.464659,1.035224,2.953745,3.191198,4.573745,1.59766,4.178761,5,5,2.881844,3.255051,Above Average,3,2,3,4,2,2,3,4,3,Average,-0.255
789,0.008656,0.50514,0.001919,0,0.02462,0.109467,0.176678,0.734759,0.398642,129.4715,29.318306,605.033535,41.150685,162.840198,0.349,5,1.811506,5,5,1.614382,0.99901,3.923086,3.242934,4.465932,1.671011,4.560584,4.989652,4.952228,1.040964,3.821916,Good,5,4,5,5,4,3,4,4,4,Good,0.178
790,0,0.213959,0.006392,3.630162,0.096081,0.075534,0.062596,0.569491,0.127462,71.265115,27.791399,655.862341,19.690032,99.778367,0.401,5,3.344604,4.955496,5,2.75752,0.985731,2.741169,4.603319,5,1.509264,5,5,5,1.022174,3.709224,Good,4,4,4,4,4,3,4,4,4,Good,0.291
791,0,0.387703,0,0.31798,0,0.170709,0.316785,0.572589,0.230666,41.905592,22.974211,400.774996,51.551014,190.920051,0.169,4.987795,3.124091,4.951451,4.920156,0.986451,1.42671,2.515617,3.939166,5,1.030715,5,5,4.95542,1.00451,3.68499,Good,5,4,4,5,3,4,3,4,5,Very Good,1.315
792,0,0.314407,0.026244,8.266296,0.189517,0.139982,0.278825,0.851287,0.234078,54.363189,33.125183,529.580037,45.715101,186.048039,0.296,5,2.306797,4.485049,4.026921,2.511062,1.89383,4.458768,3.963973,5,1.971359,4.991807,5,4.964368,1.032213,3.67543,Good,5,4,4,5,4,3,5,5,4,Good,0.325
793,0,0.002109,0.039777,1.635558,0.068285,0.12373,0.191654,0.33912,0.196072,53.186613,20.82858,234.636102,54.926898,193.832379,0.15,5,4.790026,4.970169,5,0.937125,1.05689,1.145619,3.970084,5,0.989149,5,5,4.924216,0.967417,3.650402,Good,4,5,5,5,3,2,3,4,4,Good,0.35
794,0.001795,0.40421,6.185602,0,0.123609,0.076384,0.415683,0.705573,0.462358,52.730367,18.384942,173.315336,65.436842,213.442345,0.239,4.931035,2.238809,5,4.433643,2.320906,2.148726,3.470643,2.677048,5,0.982258,3.969902,4.933215,4.998424,1.011464,3.790763,Good,5,3,4,4,4,3,4,4,4,Good,0.209
795,0.001849,0.290678,5.297124,1.489275,0.100391,0.077845,0.271182,0.681384,0.203768,50.384833,25.614117,523.935912,40.068621,155.525931,0.355,4.984471,2.534354,5,4.439939,2.968891,1.955948,3.521575,4.000563,5,1.481155,4.415899,4.998076,5,0.955301,3.625203,Good,4,3,4,5,4,3,4,4,4,Good,0.375
796,0,0.283866,0,3.080922,0.144969,0.15122,0.4353,0.617969,0.433422,201.306005,25.979701,1029.273013,40.517082,158.145774,0.478,5,3.403457,5,4.332866,1.784579,2.216329,2.640492,3.179632,3.802348,1.552851,4.695774,4.980676,5,1.004096,3.685171,Good,5,4,3,4,3,4,4,4,4,Good,0.315
797,0.006439,0,0.0379,0.026253,0,0.171349,0.217809,0.439548,0.211079,34.497665,28.127942,156.304283,68.406162,235.925907,0.097,5,4.952891,5,4.963307,0.850561,1.106929,1.930475,4.01248,4.940825,1.434402,4.519338,4.973257,4.965419,1.002038,3.8627,Good,4,5,4,4,3,3,4,3,4,Good,0.137
798,0,0.283066,0.028079,0.358379,0,0.140053,0.161802,0.795771,0.328821,166.070913,33.073148,906.099666,21.948334,112.976201,0.453,4.982815,2.766177,4.994816,4.999522,1.033727,0.983342,4.344089,3.587789,3.568176,2.044526,4.999669,5,4.97573,1.013897,3.810161,Good,4,4,4,5,2,3,4,4,4,Good,0.19
799,0,0.306937,5.952673,0.108845,0.09616,0.115209,0.364961,0.68452,0.333044,82.808423,25.214863,425.512943,45.57639,166.882963,0.29,4.959912,2.445204,4.953023,4.444315,1.465015,2.103864,3.4886,3.310828,4.510941,1.405819,4.494203,5,4.994222,1.067066,3.676149,Good,4,4,4,4,3,5,4,4,4,Good,0.324
800,0,0.530477,0,5.214657,0.160731,0.1201,0.359533,0.818507,0.542753,63.267479,24.113938,166.105005,71.412303,239.106849,0.208,4.956018,1.780573,4.609051,4.249202,2.310798,1.709955,4.297204,2.308521,4.978722,1.387835,4.392602,4.943713,5,0.991597,3.767463,Good,4,3,4,4,3,3,4,3,4,Good,0.233
801,0,0.270031,0.994843,0,0.000261,0.083578,0.089337,0.731264,0.189912,22.294631,17.048677,306.234429,15.206861,73.474706,0.065,4.98893,2.855431,4.985968,4.98595,3.051225,0.988673,3.584176,4.401161,5,0.99508,3.524838,5,3.500514,1.024069,3.758409,Good,4,4,5,4,4,2,4,4,4,Good,0.242
802,0.007253,0.400663,6.172379,0,0.115274,0.083644,0.424449,0.705819,0.469527,51.252151,18.452573,139.492311,64.304314,213.998247,0.234,4.99063,2.063332,5,4.432895,2.29277,2.259404,3.440506,2.580496,4.984497,0.98515,3.976025,5,4.932224,0.948014,3.737714,Good,4,3,5,4,4,3,4,4,4,Good,0.262
803,0,0.310316,0,9.075659,0.217963,0.212508,0.411213,0.871389,0.382303,81.392745,32.731488,426.183261,55.615397,208.509684,0.209,5,2.776539,4.379899,3.718812,0.92965,2.33101,4.619884,3.32033,4.616251,2.003574,4.928644,5,5,1.081737,3.760249,Good,4,3,3,4,3,3,5,4,4,Good,0.24
804,0.0009,0.329333,1.142531,2.215707,0.084745,0.085801,0.231232,0.76665,0.214264,123.391543,19.531131,706.452586,15.097901,70.285674,0.3,5,2.689749,4.998036,4.528504,3.365016,1.913887,3.835187,4.641705,4.179715,1.42645,3.271854,4.962107,3.235172,1.046136,3.821443,Good,4,3,4,5,4,3,5,4,4,Good,0.179
805,0,0.402144,0.015785,1.222817,0.02965,0.103225,0.090391,0.744009,0.17633,122.126566,34.241386,865.274775,22.390127,117.442245,0.422,4.998713,2.08372,5,5,2.285678,0.913268,3.955801,4.497267,4.432256,1.985333,5,5,5,1.003537,3.835897,Good,4,4,4,4,3,3,4,4,4,Good,0.164
806,0,0.066088,0,0.384435,0,0.183009,0.193792,0.755951,0.32489,137.977999,33.351746,650.372707,34.978467,144.980435,0.378,5,4.348031,5,4.925618,1.03541,0.997629,4.19446,3.421088,3.78014,2.070986,4.572892,4.968443,5,1.008383,3.817082,Good,5,4,4,4,4,4,4,4,4,Good,0.183
807,0.004034,0.070551,0,2.537859,0.081511,0.157987,0.314744,0.754979,0.361556,229.686691,31.865128,1188.400852,20.310601,103.265459,0.558,5,4.343176,5,4.669452,1.195318,1.72626,3.835169,3.363421,2.989267,2.002378,4.99969,4.957037,4.918593,0.90853,3.740086,Good,5,4,5,4,3,3,4,4,5,Very Good,1.26
808,0.001506,0.548613,0,2.06045,0.020067,0.126367,0.189022,0.745888,0.147065,53.253289,29.523213,778.126976,22.604459,111.700099,0.39,5,1.579597,5,4.967322,2.683184,1.452775,3.990945,4.58363,5,1.602668,4.987291,4.996076,5,0.99876,3.783675,Good,4,3,4,5,5,3,3,4,4,Good,0.216
809,0.001214,0.259963,0,14.488806,0.334318,0.246008,0.549178,0.961328,0.436574,49.256084,31.499636,182.591515,75.100701,255.631129,0.095,5,3.054171,4.048177,3.001507,0.860287,2.956408,5,2.999874,5,2.048706,5,5,5,0.968176,3.646605,Good,4,4,4,4,4,3,4,5,5,Very Good,1.353
810,0,0.085809,4.108411,0,0.056403,0.147764,0.31032,0.542614,0.302421,37.102392,19.569339,392.174986,36.132512,149.984462,0.122,4.970978,4.310866,4.962545,4.576738,1.400307,1.783909,2.421936,3.695943,4.955509,1.047404,4.596433,4.987854,4.962506,1.013254,3.833175,Good,4,4,4,5,3,3,4,4,4,Good,0.167
811,0,0.130961,0.012191,0.709553,0,0.134718,0.183779,0.906816,0.389586,200.835766,33.293117,985.107753,19.338054,105.349105,0.508,5,4.031426,5,4.966845,0.917501,1.033232,4.913098,3.049992,2.965903,1.981269,5,4.979713,4.95183,1.024401,3.714347,Good,5,3,4,4,4,3,5,4,4,Good,0.286
812,0,0.233064,0.059633,0.099023,0.006456,0.127001,0.193415,0.563266,0.251953,107.84877,29.695455,556.059547,49.584902,183.007843,0.244,5,3.157005,5,4.937011,1.002678,1.053509,2.650327,4.012571,4.383536,1.610411,4.989257,5,5,0.975377,3.774858,Good,5,4,4,4,4,3,4,3,4,Good,0.225
813,0.000113,0.395497,1.284541,0.269431,0,0.051875,0.06969,0.944231,0.213317,72.200203,19.54912,366.708961,13.186134,64.719396,0.237,5,2.03026,4.977412,4.98272,3.582649,1.058837,5,4.30487,4.296865,1.374476,3.078066,5,3.142239,0.939863,3.889299,Good,5,3,5,5,3,3,5,3,4,Good,0.111
814,0,0.441719,1.30533,4.963732,0.12763,0.078785,0.193643,0.956889,0.229536,17.66971,18.682863,117.212509,32.837433,114.647987,0.097,4.994882,1.680595,4.655361,4.336748,3.49615,1.831394,4.83897,4.260941,5,1.326768,3.016714,5,3.053421,1.025002,3.670723,Good,4,3,5,5,4,3,4,4,4,Good,0.329
815,0.005946,0.251934,0,0.032886,0.014116,0.160756,0.225187,0.675078,0.371769,48.39763,28.025116,152.75696,63.66023,216.622705,0.175,4.987484,3.517696,4.996663,5,1.637704,1.037682,3.434958,3.172045,5,1.615882,4.108123,4.976944,4.99648,1.015754,3.680936,Good,5,4,5,4,4,4,4,4,5,Very Good,1.319
816,0,0.307713,5.121717,0,0.078504,0.121976,0.335147,0.691121,0.325425,91.223674,25.475961,512.598695,41.967719,158.943975,0.291,4.949187,2.543384,4.996573,4.50103,1.551971,1.977357,3.543924,3.497085,4.382714,1.514968,4.441393,5,4.989978,0.970612,3.797841,Good,5,3,5,5,3,4,4,4,4,Good,0.202
817,0,0,0.095165,3.244717,0.127215,0.215706,0.393724,0.530715,0.289992,191.626185,31.559481,1017.822007,36.208403,149.108198,0.417,5,5,5,4.364965,0.971688,2.25085,2.33295,3.97691,3.840641,1.966449,4.61001,5,4.928507,0.994392,3.752325,Good,5,4,5,4,2,3,3,5,5,Very Good,1.248
818,0.000698,0.388543,0.020388,0.020089,0.002103,0.143931,0.153173,0.706616,0.282098,147.366942,34.761569,851.495528,24.095828,119.741101,0.393,4.987506,1.78982,4.93675,4.931791,1.076705,1.002063,4.051938,3.982395,3.928838,1.986823,4.999377,5,5,1.026845,3.671657,Good,5,4,4,5,3,3,5,5,5,Very Good,1.328
819,0,0.548367,1.994208,0.00684,0,0.00419,0.000348,0.982619,0.115055,4.15416,12.532488,47.710953,10.125406,42.656655,0.082,4.988497,0.988476,4.99959,4.914312,5,0.880426,5,5,4.950551,1.050153,2.173845,4.982981,1.992619,0.969558,3.716806,Good,5,4,4,5,5,3,4,3,4,Good,0.283
820,0,0.569606,0.027452,1.286975,0.049766,0.051772,0.156613,0.768613,0.385219,69.835816,25.639211,443.441489,49.588791,180.48138,0.359,4.999529,1.485071,5,5,3.262132,0.863715,4.045328,3.220724,5,1.396441,4.377623,4.918335,4.901949,1.047773,3.681163,Good,4,3,5,5,4,3,4,4,4,Good,0.319
821,0,0.598795,1.355722,0.036301,0.019529,0.015959,0.089535,0.880121,0.293089,31.297935,14.431796,107.076178,30.986449,107.046333,0.152,4.991974,0.895584,4.951989,5,4.277297,0.999969,4.565177,3.873591,4.975555,1.068971,2.784993,5,3.092305,0.994663,3.682764,Good,4,3,5,4,4,4,4,4,4,Good,0.317
822,0,0.507091,0,0.340277,0,0.235668,0.337188,0.74346,0.245231,42.93512,26.376691,464.095834,35.984918,150.293908,0.221,4.98048,2.405961,4.918039,5,1.061378,1.638179,3.469249,4.079449,4.941632,1.349132,4.651479,5,4.983384,0.926906,3.84224,Good,5,4,5,4,2,4,4,5,4,Good,0.158
823,0,0.005651,0.08778,1.647157,0.049829,0.18918,0.157807,0.487727,0.21904,56.83886,27.027585,222.168973,43.628794,168.445791,0.191,4.941256,4.87962,5,4.966911,1.00676,1.032267,2.211227,4.015312,4.951967,1.623496,4.407844,4.952716,4.965791,1.021435,3.69393,Good,5,5,3,4,4,3,4,4,4,Good,0.306
824,0.002363,0.515863,3.852979,0,0.087649,0.076469,0.352124,0.725637,0.514908,60.253886,19.272618,156.246302,66.421627,218.714326,0.24,5,1.702703,5,4.595326,2.756954,1.76261,3.60735,2.348623,4.994206,0.955768,4.021064,5,4.972843,0.943044,3.713131,Good,5,4,5,5,3,3,5,3,4,Good,0.287
825,3.2e-05,0.004562,0,4.756388,0.164786,0.16252,0.281392,0.419576,0.262914,169.528337,22.770288,847.990423,17.146985,97.571119,0.41,4.978525,5,4.972876,4.638199,1.059462,1.799504,1.445166,3.946528,4.147589,1.45172,5,4.954229,5,0.997861,3.758244,Good,4,5,5,5,3,3,3,4,4,Good,0.242
826,0,0.068542,0.034614,0.405789,0,0.162371,0.183477,0.68428,0.321154,122.655607,27.554927,766.431094,19.879582,104.032611,0.285,4.960271,4.185565,4.980201,5,0.964412,0.951525,3.503928,3.549853,4.006996,1.503973,5,4.977656,4.956897,1.012212,3.866042,Good,4,5,5,5,3,3,5,4,4,Good,0.134
827,0.00391,0,0,2.984456,0.125007,0.196708,0.390906,0.5065,0.301859,184.101204,26.366053,1223.157968,21.672374,106.240295,0.365,4.906713,4.972022,5,4.410273,1.003137,2.1948,1.954182,4.044854,3.825464,1.591906,5,4.940757,5,0.981105,3.781914,Good,4,5,5,5,2,3,3,4,4,Good,0.218
828,0.005564,0.304519,0,8.871898,0.209006,0.201075,0.39579,0.849297,0.374518,83.908742,31.769463,431.647771,54.114429,206.137354,0.208,5,2.712623,4.33223,3.770205,0.949504,2.25844,4.553411,3.409772,4.576867,2.04253,4.926463,5,5,1.026562,3.790393,Good,4,4,4,4,3,3,4,5,4,Good,0.21
829,0.006407,0.223826,0.027553,1.5993,0.025754,0.097556,0.126519,0.817821,0.259587,149.538064,33.757755,915.119432,20.087509,109.231482,0.51,4.950348,3.188647,5,5,2.303787,0.959665,4.629418,3.761969,3.684163,1.963288,5,5,4.996552,0.870054,3.732457,Good,5,4,4,4,3,3,5,4,5,Very Good,1.268
830,0.002466,0.557663,0,0.719285,0.00463,0.196744,0.326697,0.85585,0.292264,102.940337,27.482969,746.67516,22.070313,108.345979,0.356,5,2.152066,5,5,1.001566,1.614895,4.318809,3.597812,4.327422,1.35016,5,4.930815,4.950417,1.028107,3.632239,Good,5,3,4,4,3,3,5,4,4,Good,0.368
831,0,0.249839,0.001288,0,0,0.158122,0.154788,0.649512,0.276895,103.409732,28.875837,744.949611,23.011654,113.401284,0.26,4.983489,3.090044,4.962448,4.879024,0.888492,1.003048,3.419838,4.059668,4.412506,1.651493,4.989614,5,5,0.991927,3.760588,Good,4,4,4,5,3,3,4,4,4,Good,0.239
832,0,0.325164,0.051149,7.549792,0.170668,0.193964,0.366879,0.841676,0.359717,95.924679,32.586586,495.158366,50.187956,187.849361,0.236,4.990318,2.709715,4.477099,4.020821,0.994092,2.055014,4.507894,3.483388,4.526088,1.995911,4.973827,5,4.973946,0.980075,3.765554,Good,4,4,4,4,3,4,4,4,4,Good,0.234
833,0,0.08279,3.821092,0.05705,0.061492,0.18254,0.318539,0.606335,0.290917,34.473869,27.611668,147.233022,60.330146,210.541058,0.167,5,4.318251,5,4.591757,1.23242,1.862283,3.147673,3.70691,5,1.669253,3.956697,5,5,0.982802,3.791691,Good,5,4,5,5,3,4,3,4,4,Good,0.208
834,0,0,0.032542,0.122039,0.001047,0.174312,0.227139,0.436989,0.217223,35.569486,28.173562,167.3585,68.836924,244.897867,0.093,4.986255,5,5,5,0.854884,1.100013,2.067915,4.088043,5,1.482262,4.460696,5,4.959224,0.926128,3.783518,Good,5,4,5,5,4,3,3,4,4,Good,0.216
835,0.002516,0.376647,0.005522,1.272638,0.021628,0.105479,0.096455,0.702175,0.183029,109.429974,33.389677,862.194122,23.176562,118.029687,0.431,5,2.082944,5,5,2.163705,1.00483,3.816786,4.485272,4.434434,1.9747,4.964417,5,4.879278,0.995117,3.777617,Good,4,3,4,4,4,3,5,5,5,Very Good,1.222
836,0,0.310109,0.014085,8.925687,0.220829,0.207435,0.399446,0.858067,0.385668,87.290639,32.567308,421.116919,56.529454,208.941591,0.197,5,2.634606,4.362542,3.738741,1.034217,2.288394,4.59958,3.328499,4.609254,1.993603,4.984197,5,4.949898,0.95212,3.73845,Good,5,4,4,4,3,5,4,3,4,Good,0.262
837,0.006803,0.228788,0.028794,2.419817,0.092151,0.173674,0.331464,0.626338,0.302789,217.121082,31.778364,1199.332833,23.18028,115.335907,0.479,5,3.199562,5,4.570096,0.913654,1.935388,3.303545,3.973385,3.560953,1.946725,5,4.996321,5,1.045757,3.730158,Good,5,4,4,4,3,4,3,4,4,Good,0.27
838,0,0.317211,0.061514,8.524424,0.18106,0.132496,0.275962,0.85199,0.244198,57.728436,32.986817,547.750803,47.305953,179.42524,0.293,5,2.573568,4.57075,4.020956,2.640713,1.919764,4.350177,3.946056,5,2.036951,4.93768,4.983783,5,1.008881,3.704497,Good,4,4,4,5,3,3,4,4,4,Good,0.296
839,0,0.079489,3.724051,3.400008,0.18753,0.168451,0.532083,0.565806,0.345705,201.895684,26.073811,1094.443247,34.948093,142.973247,0.468,5,4.239968,5,4.079427,1.451749,3.039004,2.359058,3.654725,3.784253,1.652666,4.616928,5,4.994656,0.989313,3.745834,Good,5,4,3,4,2,3,4,4,4,Good,0.254
840,0.006235,0.132704,6.228683,2.138362,0.179676,0.14373,0.544919,0.601195,0.356861,137.171081,22.829749,725.528018,44.803105,170.583802,0.367,4.99397,3.9168,5,4.08385,1.719777,3.0196,2.779304,3.382415,4.146773,1.450229,4.410981,4.943036,5,0.986098,3.826608,Good,5,4,4,5,3,4,3,3,4,Good,0.173
841,0.004878,0.318404,4.188194,0.041928,0.068828,0.123489,0.293291,0.692069,0.317539,99.81475,28.085222,566.617174,39.143757,151.033147,0.323,5,2.461072,5,4.677961,1.51643,1.729169,3.703477,3.653369,4.40827,1.572294,4.567485,4.89928,4.96076,1.089953,3.67714,Good,4,4,4,4,4,4,4,4,4,Good,0.323
842,0.002852,0.121127,5.962066,1.995606,0.163432,0.111744,0.339955,0.532275,0.304369,58.34519,18.428385,224.593028,41.402987,156.480524,0.246,4.991488,3.852329,5,4.469615,1.597387,2.090321,2.222265,3.258389,5,1.024006,4.378755,4.980644,4.976782,0.992181,3.787516,Good,5,5,4,5,3,3,3,4,4,Good,0.212
843,0,0.203086,0,1.72255,0.026641,0.098499,0.096908,0.624821,0.142803,51.954117,28.433066,697.210342,21.25181,111.673969,0.3,5,3.220555,5,5,2.74786,1.055933,3.253992,4.578973,5,1.600339,4.995447,4.968687,4.913684,0.908755,3.746286,Good,5,3,5,5,4,3,3,4,4,Good,0.254
844,0.004315,0.115688,5.812958,0,0.087742,0.108211,0.397949,0.515933,0.30577,34.482433,20.022175,158.555085,67.99426,232.031528,0.144,5,3.992739,4.953313,4.448368,1.474509,1.959022,2.162355,3.408152,4.994215,0.961276,4.466553,4.964602,5,0.944586,3.833895,Good,4,3,5,5,3,3,3,3,4,Good,0.166
845,0,0.163001,0.081621,2.662416,0.085421,0.149304,0.121372,0.506148,0.234122,109.989869,25.298307,522.265213,19.560844,101.335978,0.326,5,3.79018,4.939028,5,0.961759,0.987072,2.199475,3.954255,4.659002,1.406497,5,4.956817,5,1.014011,3.8336,Good,4,4,4,5,3,3,4,5,4,Good,0.166
846,0.007618,0.617139,0,0.384767,0,0.186469,0.292743,0.782562,0.264694,92.37162,28.599545,712.792689,23.67607,110.835375,0.319,4.993585,1.440169,4.958396,5,0.934192,1.506962,3.965498,4.008513,4.553259,1.403724,4.994888,4.964297,4.997855,0.96424,3.637957,Good,5,4,5,4,3,3,4,4,4,Good,0.362
847,0,0.377604,0,1.332043,0.017466,0.092927,0.096604,0.730707,0.178476,109.92384,33.884193,865.812239,22.695943,114.945369,0.423,5,1.867746,4.980258,4.990267,2.34646,1.042917,3.985638,4.53081,4.354608,2.029021,5,5,4.976029,0.960541,3.77119,Good,5,4,5,4,4,3,4,4,4,Good,0.229
848,0,0.46331,6.201187,0.203817,0.099949,0.148204,0.482028,0.726962,0.329341,43.612839,20.508541,344.315085,45.855272,164.896794,0.239,4.98035,2.049753,4.984213,4.383448,1.745154,2.608399,3.583896,3.362975,5,1.003793,4.417991,4.933315,5,0.981161,3.710003,Good,4,4,5,4,3,3,4,4,4,Good,0.29
849,0,0.100832,0,6.213946,0.157455,0.207217,0.335387,0.690347,0.345227,41.848992,25.337232,398.670786,45.051529,165.099984,0.064,4.87863,4.228346,4.546851,4.108585,0.940403,1.943287,3.357289,3.60678,5,1.440199,5,4.991808,4.939925,0.981951,3.643705,Good,4,4,4,4,4,3,4,4,5,Very Good,1.356
850,0.006123,0.008472,0,0,0,0.215774,0.183904,0.546641,0.244045,36.30287,28.171603,307.5955,45.346832,169.055712,0.098,5,4.835476,4.967689,5,0.98329,0.918177,2.759498,4.052752,4.954736,1.629933,4.334974,5,4.947644,0.987348,3.724535,Good,5,4,4,5,3,2,4,4,4,Good,0.275
851,0.000488,0.530669,0,2.204661,0.035239,0.110249,0.162682,0.763408,0.131014,55.896436,29.324975,787.874441,22.203631,111.143178,0.408,4.966608,1.562691,5,5,2.871738,1.415529,3.845247,4.616057,5,1.645783,4.933198,5,4.924487,0.912275,3.731588,Good,5,3,5,5,3,4,4,4,4,Good,0.268
852,0.00442,0.548009,0.127626,1.468727,0.045092,0.03874,0.146704,0.744735,0.361561,71.235517,25.849222,491.398159,46.756548,177.263375,0.374,4.97504,1.488465,5,5,3.405137,1.033565,3.971192,3.416301,4.97678,1.456292,4.511255,4.953307,4.957175,1.012333,3.850733,Good,5,2,5,5,4,2,4,4,4,Good,0.149
853,0,0.649025,0.006181,1.629537,0.007106,0.15835,0.26082,0.798849,0.180982,52.662907,27.163273,723.563759,22.602448,112.128438,0.351,5,1.382327,4.99553,5,2.213575,1.507359,4.120225,4.401169,4.967009,1.339201,5,5,5,1.034971,3.622725,Good,5,3,4,5,4,3,4,4,4,Good,0.377
854,0.001471,0.443517,0,2.454692,0.065341,0.176709,0.26934,0.604842,0.237299,67.621955,21.457919,505.192591,19.808982,98.197268,0.281,4.97013,2.98941,5,4.868039,0.865392,1.544849,2.723477,4.050714,4.980745,1.015292,5,5,5,0.946766,3.667283,Good,5,4,4,5,3,3,4,3,4,Good,0.333
855,0,0.227069,0.023415,0,0.008553,0.140334,0.191419,0.542232,0.243645,95.779587,28.10446,559.334912,48.741809,186.131655,0.264,4.980653,3.282464,4.96996,5,1.213131,0.970642,2.607398,3.976667,4.452605,1.599013,4.940977,4.965881,5,0.965364,3.660935,Good,5,4,5,5,3,3,4,4,4,Good,0.339
856,0,0.371788,0.795766,8.385716,0.182506,0.144376,0.31728,0.953952,0.29716,29.549956,23.081824,139.444694,48.106374,167.936302,0.096,5,1.952519,4.400964,3.824804,2.773054,2.175637,5,3.75393,4.949048,1.640838,3.750362,5,3.785209,1.003757,3.798764,Good,4,4,3,4,4,3,5,4,4,Good,0.201
857,0.001705,0.702435,0,0,0.043209,0.058581,0.248219,0.773591,0.593836,76.936877,19.007518,163.014452,67.692793,233.579435,0.276,5,1.195829,4.977014,5,2.926219,0.945657,4.084654,2.05349,4.928993,0.985643,4.028105,4.965852,5,1.059243,3.731059,Good,5,3,5,4,3,4,4,4,4,Good,0.269
858,0,0.422676,0,2.758967,0.098357,0.217134,0.484469,0.668659,0.283246,163.647996,27.379426,1115.246475,21.548572,108.978867,0.432,5,3.049594,4.972476,4.430066,0.932718,2.497513,2.948386,4.034255,4.032238,1.466191,5,4.962425,5,0.99793,3.691349,Good,4,3,5,5,3,4,4,5,4,Good,0.309
859,0,0.191472,0,0.015193,0,0.1228,0.195084,0.51124,0.239294,86.294895,29.215647,493.902947,52.695272,197.136804,0.227,5,3.597022,4.981417,4.969616,0.988172,1.005203,2.325398,4.001511,4.50911,1.466269,5,4.997805,5,1.016783,3.697767,Good,5,4,5,4,3,4,3,4,4,Good,0.302
860,0.004128,0.611565,0,0.272681,0,0.186256,0.2906,0.803686,0.274025,100.961479,28.716348,702.935166,23.133798,117.722738,0.312,5,1.465712,4.954164,5,1.023912,1.445604,3.959439,4.007207,4.514653,1.537934,5,5,5,0.986365,3.746193,Good,5,3,4,4,3,3,4,4,4,Good,0.254
861,0,0.586624,0,1.160604,0.043742,0.043354,0.165532,0.744538,0.399106,70.158277,24.514133,414.724329,52.660597,190.224941,0.357,5,1.448754,4.963306,4.997887,3.325352,0.993526,3.996463,3.056567,5,1.333393,4.346499,5,4.959743,1.023884,3.724075,Good,5,3,4,5,4,3,4,4,5,Very Good,1.276
862,0.000159,0.576122,0,0.369836,0.007005,0.175256,0.263219,0.759544,0.267471,102.552557,30.76892,740.371957,23.535063,119.171609,0.333,4.977879,1.665407,5,4.976907,0.891832,1.429259,4.034406,4.081486,4.425471,1.546757,5,5,4.937896,0.987064,3.858744,Good,5,4,4,4,3,4,4,4,4,Good,0.141
863,0,0.541749,0.004228,1.623043,0.054668,0.054847,0.142384,0.748246,0.343541,66.59666,25.966814,507.978463,45.595099,173.434349,0.379,5,1.427081,4.969319,5,3.683436,1.016305,4.128792,3.41537,5,1.450771,4.341119,4.996364,4.842288,0.955178,3.756225,Good,5,2,5,5,4,3,4,4,4,Good,0.244
864,0,0.423994,0.053573,8.424967,0.214136,0.1585,0.433544,0.884698,0.505522,60.947124,27.07352,182.365962,72.979856,249.51093,0.166,5,2.293314,4.392197,3.749125,1.804459,2.286179,4.700697,2.57761,5,1.556489,4.639167,5,4.997665,0.978934,3.73684,Good,4,4,3,5,3,4,5,5,4,Good,0.263
865,0.00011,0.165842,0.061094,3.798425,0.094456,0.098006,0.064837,0.529575,0.13901,76.380256,25.368749,579.715493,19.448056,100.491186,0.383,4.973094,3.554473,5,5,2.45062,0.95338,2.303862,4.494987,5,1.440953,4.955079,5,4.997132,1.002097,3.756515,Good,5,5,5,4,3,3,4,4,5,Very Good,1.243
866,0,0.342854,0,5.325001,0.124489,0.17997,0.304331,0.798904,0.348066,109.152301,33.420201,598.37132,42.353417,171.500641,0.287,4.96616,2.466732,4.663619,4.21818,0.899997,1.645069,4.449425,3.576618,4.324451,2.027865,5,5,5,1.036882,3.746354,Good,3,4,4,4,4,4,5,4,4,Good,0.254
867,0.001205,0.263561,0.031743,1.938318,0.086628,0.167546,0.28245,0.652854,0.299586,209.874262,32.225825,1143.650621,22.116253,118.422829,0.462,4.988402,3.06406,5,4.608124,1.188449,1.644414,3.412739,3.968127,3.641015,2.031928,4.903257,4.928117,5,1.008928,3.711649,Good,5,5,4,5,4,3,4,5,4,Good,0.288
868,0.000339,0.163712,0,10.370262,0.26953,0.207755,0.379375,0.749253,0.347437,62.652702,26.857886,235.10827,51.735071,201.548629,0.173,5,3.77408,4.33524,3.785346,1.086653,2.340053,3.55791,3.343462,5,1.634744,4.975255,4.980783,5,0.990388,3.82125,Good,5,4,4,5,2,3,5,4,4,Good,0.179
869,0.000359,0.583055,0,0.047744,0.031579,0.094683,0.204173,0.756435,0.473866,113.855945,25.575191,456.97092,50.3285,184.314859,0.306,4.935539,1.517112,4.994629,5,2.039742,0.98752,3.958665,2.869613,4.566073,1.448612,4.381204,4.98149,4.983156,0.994406,3.783682,Good,5,3,5,5,4,3,5,4,4,Good,0.216
870,0,0.102348,0.112537,8.791003,0.257749,0.221071,0.533622,0.698228,0.37529,185.078857,31.138779,1020.819542,42.56399,169.600883,0.396,4.96622,4.142741,4.53415,3.548905,1.03792,3.030211,3.290444,3.648603,3.773498,1.943837,5,4.962614,4.980146,1.037184,3.626952,Good,5,4,3,5,4,4,3,4,4,Good,0.373
871,0.00168,0.119058,0,6.262931,0.149337,0.214494,0.331621,0.703371,0.340363,44.814398,25.856939,386.221141,44.694989,172.54178,0.067,4.983266,3.949719,4.572292,4.177197,1.078759,2.083052,3.265205,3.581789,5,1.488997,5,5,5,1.034358,3.57465,Good,5,5,4,5,3,3,3,4,4,Good,0.425
872,0,0.44893,0.67154,0.06271,0,0.081678,0.092952,0.825949,0.21485,89.809978,25.870517,541.762173,18.823281,88.93086,0.274,4.999395,1.543737,5,5,2.513265,0.994318,4.442573,4.45351,4.377899,1.65615,3.856488,5,3.883231,1.01412,3.804223,Good,4,4,4,4,3,3,4,3,4,Good,0.196
873,0,0.118012,6.138478,2.43162,0.189081,0.143477,0.542254,0.590709,0.355745,143.566849,23.068541,801.470837,43.828102,162.000385,0.385,5,4.028447,5,4.063656,1.7129,2.995867,2.598178,3.453603,4.084439,1.444643,4.437137,5,5,0.968957,3.701751,Good,5,4,4,4,4,4,4,4,4,Good,0.298
874,0.008866,0.225836,0.069384,1.897777,0.069116,0.14234,0.140197,0.567961,0.253322,122.152217,27.228559,637.781148,21.703274,108.043079,0.344,4.94537,3.281979,5,5,0.95748,0.947523,2.538271,3.9101,4.445351,1.526786,4.997582,4.966203,5,1.068668,3.707644,Good,5,4,4,5,3,3,3,4,4,Good,0.292
875,0.001262,0.538117,4.51498,0.306951,0.066119,0.177042,0.443124,0.735776,0.314363,43.056575,21.660404,432.680398,39.110873,150.059469,0.248,4.983312,1.786391,4.972264,4.572358,1.292556,2.372099,3.509463,3.495299,5,0.946718,4.618897,4.954784,5,1.025261,3.673895,Good,5,3,5,5,3,3,4,4,4,Good,0.326
876,0,0.416472,1.121144,6.414054,0.155707,0.109306,0.258608,0.936998,0.261849,24.554318,21.290459,116.932555,38.773199,138.908976,0.096,5,1.898775,4.483993,4.118816,3.100108,1.878442,4.887818,4.113003,4.975624,1.441772,3.52144,5,3.401508,0.992124,3.635426,Good,5,4,4,5,4,3,5,3,4,Good,0.365
877,0.00252,0.416951,0,0,0,0.140674,0.149432,0.750678,0.282347,159.05048,34.973223,842.685518,23.534975,121.936844,0.381,4.977918,1.99954,5,4.99394,0.889071,0.988277,3.916428,4.005135,3.905277,1.977571,5,5,4.983808,1.010636,3.637439,Good,4,4,4,4,2,3,5,4,5,Very Good,1.363
878,0,0.252716,0.987349,2.374262,0.094183,0.07229,0.053186,0.647208,0.16708,51.596602,15.551788,210.500641,13.805621,66.378537,0.204,4.966632,3.387526,4.985754,5,2.753579,1.03134,2.990805,4.521548,5,0.980305,3.614018,5,3.655659,1.041619,3.707013,Good,5,5,4,5,4,3,5,4,4,Good,0.293
879,0.003438,0.536498,0,1.55168,0.042946,0.042082,0.136543,0.751379,0.321042,66.110905,27.593913,522.574267,46.332924,173.456439,0.381,4.967116,1.581563,4.927816,4.990116,3.56508,0.894055,3.991731,3.523902,5,1.518984,4.501053,5,5,1.027463,3.769987,Good,5,3,4,4,4,4,5,4,4,Good,0.23
880,0.000454,0.254101,0.965793,0,0.00153,0.065851,0.127216,0.616927,0.160242,19.538484,17.775425,130.932702,47.05235,161.801135,0.082,5,3.213611,5,4.97106,3.066537,1.022614,2.919453,4.454586,4.985875,1.059064,3.625232,4.994159,3.533472,0.997481,3.86556,Good,4,4,5,5,4,3,4,4,4,Good,0.134
881,0,0.16102,0.070814,10.318576,0.262559,0.209835,0.389506,0.721782,0.345962,65.696929,26.291008,244.250428,52.597913,193.383234,0.186,4.981883,3.723181,4.335108,3.784469,0.925687,2.250411,3.607102,3.339796,4.946876,1.683724,5,4.953439,5,0.991776,3.750482,Good,4,4,4,5,3,3,4,4,4,Good,0.25
882,0,0.690143,0.054919,0,0.04439,0.045957,0.253625,0.800063,0.621696,75.066721,19.47823,169.252013,70.431879,228.256925,0.277,4.899816,0.91658,5,5,2.992305,0.921474,3.983361,2.041913,4.958448,1.012909,3.972492,5,5,0.958722,3.728315,Good,5,3,5,5,4,4,4,3,4,Good,0.272
883,0.005223,0.301875,1.055656,2.571123,0.10124,0.095121,0.232493,0.744039,0.21071,136.424944,20.699822,776.717469,15.043769,70.767599,0.321,4.960122,2.824279,4.906171,4.531695,3.235072,1.95639,3.626572,4.632598,4.133587,1.533032,3.459629,5,3.369751,0.96168,3.705465,Good,5,4,4,4,4,3,4,4,4,Good,0.295
884,0,0.382261,0.12538,2.039231,0.028772,0.082023,0.066855,0.733923,0.149099,99.145974,34.014476,855.120602,23.843872,118.010195,0.46,4.966839,2.117632,5,5,2.93026,1.081138,3.885446,4.6319,4.542519,1.956675,5,5,4.891988,1.026357,3.707122,Good,5,4,4,4,4,3,4,5,4,Good,0.293
885,0.000692,0.479626,0,1.998083,0.048545,0.047263,0.114096,0.746416,0.268299,66.884889,27.47591,604.828713,40.352187,159.527534,0.415,4.944984,1.572578,5,5,3.595161,1.063404,3.921652,3.858577,4.995732,1.670371,4.550953,5,4.971658,1.049396,3.805441,Good,5,3,3,5,4,3,4,4,4,Good,0.195
886,0,0.102388,5.377884,0,0.090858,0.108905,0.387794,0.503588,0.286676,33.676283,19.967617,162.286511,69.210408,231.450818,0.137,5,3.834227,4.998243,4.461563,1.53339,2.057658,2.03229,3.549175,5,1.025896,4.507989,4.98453,5,1.042516,3.736792,Good,5,5,4,4,4,4,5,4,4,Good,0.263
887,0,0.115474,5.952703,2.399967,0.191684,0.142382,0.525003,0.582932,0.348966,144.702598,22.967064,782.329916,42.519674,168.314834,0.383,5,3.862077,4.983137,3.921618,1.4218,2.933544,2.690834,3.449472,4.15985,1.496792,4.40143,4.988111,4.891899,0.972188,3.894941,Good,5,4,4,4,3,4,4,4,5,Very Good,1.105
888,0,0.260421,0.099956,0,0.018299,0.094978,0.24288,0.493261,0.347834,48.675848,21.08654,174.76929,75.697267,264.315368,0.14,5,3.644335,5,5,1.78342,1.049796,2.26263,3.288335,4.978763,0.983867,4.675901,5,5,0.975011,3.780711,Good,5,4,4,4,3,3,4,4,5,Very Good,1.219
889,0.000532,0.055096,0,0.402935,0.003941,0.126846,0.214916,0.59569,0.30557,114.899937,28.097628,571.850985,49.584307,191.785348,0.283,4.963881,4.364912,5,4.903279,1.157269,0.98575,3.011121,3.477476,3.959078,1.483878,4.956947,5,5,0.937192,3.676094,Good,4,4,4,4,3,3,4,4,4,Good,0.324
890,0.004833,0.614642,0.855429,0,0.029766,0.031747,0.124032,0.884257,0.371383,42.47327,15.924099,118.767744,39.569848,141.653534,0.193,5,1.021819,5,4.99336,3.869419,0.996405,4.500135,3.328166,5,0.96535,2.994397,5,3.491736,1.005215,3.673539,Good,4,3,5,5,4,4,4,4,4,Good,0.326
891,0,0.317158,0,7.322559,0.15903,0.120456,0.223968,0.795018,0.196031,56.894078,32.582048,615.484045,41.36042,164.920956,0.347,4.991998,2.437895,4.637577,4.223582,2.848413,1.803046,4.465551,4.247791,4.931908,1.982648,4.998833,5,4.951017,1.016259,3.694498,Good,5,4,5,4,4,3,5,4,4,Good,0.306
892,0.004479,0,0,4.476724,0.145678,0.143208,0.107418,0.370021,0.218431,90.078742,18.603524,359.964827,16.986728,89.37282,0.293,5,5,5,5,1.092634,1.061747,1.067484,4.092259,5,0.96716,5,5,5,1.03111,3.633849,Good,5,4,4,5,3,2,4,3,4,Good,0.366
893,0.006859,0.413315,1.114974,6.01468,0.138359,0.103245,0.231614,0.969725,0.244062,21.266503,20.363475,103.276299,37.12678,134.694872,0.105,5,1.744296,4.595709,4.116459,3.313817,1.8473,4.981287,4.075984,4.991254,1.401723,3.244915,4.990808,3.236638,1.030965,3.70501,Good,5,3,4,4,5,4,5,3,5,Very Good,1.295
894,0.002419,0.395464,0,0.069422,0.000184,0.146423,0.15247,0.71526,0.281904,140.006595,34.5753,856.015474,24.215944,121.729778,0.391,4.995748,2.179238,4.995386,5,0.980078,1.05172,3.931273,3.99277,3.993821,1.956674,5,5,5,0.975386,3.787484,Good,4,3,4,5,4,3,4,4,4,Good,0.213
895,0.00286,0.467106,0.777073,0,0.002552,0.088796,0.084716,0.8206,0.226756,95.808033,25.255043,509.716478,18.310486,87.592832,0.254,5,1.646732,5,4.932798,2.535479,0.904566,4.354568,4.375601,4.417015,1.529557,3.698345,5,3.784832,0.974828,3.797677,Good,4,3,5,5,3,3,4,4,5,Very Good,1.202
896,0.011001,0.495946,0,0.373238,0.003885,0.21765,0.310165,0.719871,0.269366,45.473938,22.913682,594.643371,22.101303,110.643405,0.185,4.971443,2.574791,5,4.947601,0.973883,1.597903,3.406017,4.019267,4.994933,1.028657,4.979079,4.992734,4.917147,0.967796,3.704291,Good,4,4,5,4,3,2,4,5,4,Good,0.296
897,0,0.077104,0,2.433524,0.080106,0.165998,0.320275,0.757823,0.371274,233.82008,32.779749,1215.59272,20.574444,105.322715,0.545,4.987007,4.381173,4.961898,4.608596,1.0389,1.777102,3.811664,3.325885,3.001881,2.034563,4.955762,4.982482,5,0.988529,3.780326,Good,5,4,4,4,4,3,4,4,4,Good,0.22
898,0.001789,0.5781,0,0,0.035836,0.090009,0.203244,0.768616,0.481738,108.252204,25.17343,406.479274,51.143194,192.039514,0.315,4.981094,1.249118,5,5,2.430198,0.990083,3.910792,2.755272,4.698423,1.394672,4.43632,5,5,1.018758,3.880188,Good,4,4,4,4,3,4,4,4,4,Good,0.12
899,0,0.164869,0.005706,10.780292,0.284485,0.230029,0.542114,0.790152,0.395532,138.594269,30.930247,724.48317,54.845031,200.643497,0.284,5,3.792253,4.308064,3.427436,1.040254,3.091046,3.901136,3.399594,4.255169,2.008354,5,4.998396,5,0.996995,3.726277,Good,5,4,4,4,3,4,3,3,4,Good,0.274
900,0.006086,0.40636,0,0,0.007494,0.147375,0.150246,0.735606,0.283145,152.788667,34.200208,849.950257,24.366764,121.188808,0.397,4.987884,2.098958,5,4.997962,1.168996,0.959991,4.040383,4.032321,4.030952,1.966324,4.999818,5,4.930093,0.996404,3.737786,Good,5,3,5,4,3,3,4,3,4,Good,0.262
901,0.005967,0.169263,0,0,0,0.160444,0.165457,0.581529,0.263649,85.619385,26.58421,673.356694,21.99313,110.182119,0.193,4.971385,3.723411,4.942966,5,0.97165,1.031079,2.683252,4.091553,4.538134,1.456361,5,4.974127,5,0.960378,3.848065,Good,5,4,5,4,3,3,4,4,5,Very Good,1.152
902,0,0.451142,5.264982,0.056337,0.108529,0.069976,0.387006,0.736987,0.488282,54.008139,19.099752,143.408536,66.807167,216.561941,0.236,5,1.9559,4.968503,4.437525,2.444762,1.988198,3.405342,2.511593,4.895148,0.925771,3.944338,4.9997,4.968714,1.025832,3.74717,Good,4,3,4,5,3,4,3,4,4,Good,0.253
903,0,0.467977,0.89771,0,0,0.07892,0.078827,0.840903,0.219572,93.338064,24.459038,498.382578,18.73169,84.520693,0.254,4.999827,1.476571,4.963544,4.980027,2.873907,1.055504,4.512406,4.495085,4.407756,1.54488,3.588323,4.947138,3.60616,0.983182,3.77824,Good,4,3,4,4,4,3,5,4,5,Very Good,1.222
904,0.004332,0.257833,0.01564,0,0.01712,0.13201,0.199063,0.604821,0.389552,53.741196,21.100361,418.89884,38.928738,147.806843,0.133,4.98878,3.380428,4.951948,5,1.682794,1.121863,2.756135,3.234976,5,1.005547,4.663389,5,5,1.011277,3.709287,Good,4,4,4,5,4,3,4,4,4,Good,0.291
905,0.008227,0.402373,0.029815,0,0,0.148488,0.158479,0.723272,0.291497,154.637374,35.086168,830.913091,23.886042,119.632776,0.378,5,1.852058,4.991298,5,1.029964,0.959385,4.021846,3.981859,3.984057,1.977987,4.891793,5,4.986283,0.949239,3.78293,Good,5,3,5,4,3,3,4,4,5,Very Good,1.217
906,0.002731,0.743352,0,0.403812,0.03532,0.145289,0.329381,0.812357,0.423836,61.090167,21.310617,416.160226,44.222938,167.741107,0.26,4.965492,1.069886,5,4.995438,2.017579,1.442059,4.020691,3.092487,4.935395,1.016934,4.610435,4.982006,4.994805,1.049395,3.761044,Good,4,3,4,4,2,3,4,4,4,Good,0.239
907,0,0.45782,0,9.162236,0.214084,0.236403,0.503771,0.915629,0.370888,47.595659,29.258006,333.478895,54.863643,203.532001,0.157,4.967698,2.494714,4.410007,3.804188,1.067231,2.696574,4.771993,3.291799,5,1.618212,4.985695,4.997154,5,0.982073,3.713456,Good,5,4,5,5,4,3,5,3,4,Good,0.287
908,0.000477,0.303968,0.100289,0.181835,0,0.144706,0.164398,0.799198,0.321282,176.290773,34.563663,893.016889,22.661085,114.281214,0.437,4.921684,2.931111,5,4.987584,1.024614,1.006095,4.321866,3.629587,3.615737,1.973044,5,5,5,0.970151,3.752286,Good,5,3,4,4,3,3,4,3,4,Good,0.248
909,0,0.254886,0,1.753025,0.055482,0.14204,0.132445,0.601876,0.260159,130.02068,28.21011,651.226084,21.680831,105.993511,0.347,5,2.983027,5,4.991139,0.896283,0.995761,2.83812,4.055,4.348398,1.603722,5,4.984176,5,0.97681,3.722576,Good,5,3,4,4,2,3,3,5,4,Good,0.277
910,0.003045,0.283883,0,0.300977,0,0.141926,0.16599,0.785948,0.320396,169.283074,33.211063,903.109948,22.384637,112.951867,0.453,5,2.870293,4.966633,5,0.999421,0.947318,4.28727,3.587432,3.582726,1.978117,4.965244,4.997312,4.980507,0.986053,3.665923,Good,4,3,4,5,3,3,5,4,4,Good,0.334
911,0,0,0.041847,0,0.006364,0.117657,0.247004,0.326795,0.205191,31.455904,22.601938,182.39108,77.637003,263.0437,0.074,4.968862,5,5,4.965983,1.166463,1.139516,0.857077,4.027736,4.951277,1.010926,5,5,4.98975,1.005145,3.750958,Good,4,4,4,4,4,2,2,4,4,Good,0.249
912,0,0.771625,0.023174,0.199084,0.033603,0.128555,0.295318,0.807737,0.494583,64.932422,20.99533,347.623541,50.908579,188.299497,0.27,5,1.307514,4.977875,4.956207,2.333051,1.405671,4.027112,2.81562,4.984927,0.950605,4.369168,5,5,1.022686,3.847063,Good,5,3,5,5,4,4,4,4,4,Good,0.153
913,0.006995,0.52547,0.024019,0.01983,0.021702,0.111215,0.187036,0.749617,0.415654,130.318217,30.223612,570.890195,41.525255,165.439614,0.337,4.992453,1.467447,4.931154,5,1.809691,1.119994,4.037339,3.231984,4.393772,1.667302,4.671756,4.914262,4.981342,1.03221,3.670592,Good,4,4,5,4,4,3,4,4,4,Good,0.329
914,0,0.409632,0.043978,0,0,0.144721,0.147112,0.722971,0.29304,160.291316,35.127131,848.540248,24.154439,119.884354,0.379,4.996686,2.212956,5,5,1.044172,1.092454,3.832835,4.00101,4.020418,1.966411,5,5,4.937057,1.076712,3.738748,Good,5,3,4,5,3,3,4,3,4,Good,0.261
915,0.005613,0.19075,0,0,0,0.184712,0.169716,0.647899,0.250515,86.094778,33.968632,466.466056,42.60768,162.605278,0.25,4.986747,3.470036,4.935678,4.97456,0.979973,0.97732,3.544812,3.93268,4.55948,1.975593,4.599117,4.963714,5,0.96349,3.716903,Good,4,4,4,5,3,3,4,4,4,Good,0.283
916,0,0.005071,0,2.427753,0.093886,0.155926,0.378901,0.401067,0.262429,148.22919,25.132974,845.183282,52.952395,195.737774,0.305,5,4.800654,4.991071,4.516833,1.037485,1.885977,1.354674,3.964792,4.124248,1.416404,5,4.988835,5,0.982037,3.607669,Good,5,5,5,4,4,3,3,4,4,Good,0.392
917,0.005853,0.534813,0.110764,0.06606,0.025196,0.094632,0.19174,0.750383,0.447236,110.022997,26.866115,508.466542,45.29504,173.858239,0.341,5,1.329018,5,5,2.005486,0.934243,3.968496,3.000313,4.506485,1.54155,4.534073,5,5,0.968174,3.755275,Good,5,3,4,3,3,4,4,4,4,Good,0.245
918,0.000217,0.210254,0,8.023508,0.180658,0.199526,0.391223,0.916039,0.415351,116.269301,31.507004,534.046198,50.099286,188.449483,0.287,5,3.526644,4.448733,3.866979,0.89607,2.060447,5,2.921006,4.192782,2.020432,4.958704,4.929101,4.976782,0.971705,3.716548,Good,5,4,4,4,3,3,4,3,4,Good,0.283
919,0.010826,0.486339,1.141539,0,0,0.072227,0.07661,0.869242,0.197431,79.674642,22.758386,440.283495,17.195337,80.032593,0.227,5,1.596171,4.927647,4.952446,3.0325,1.026649,4.631645,4.439835,4.400856,1.551572,3.482068,4.939496,3.468607,0.996339,3.785593,Good,5,3,4,5,3,3,5,4,4,Good,0.214
920,0.004353,0.40271,0.006552,2.482555,0.078892,0.186096,0.260008,0.608364,0.236044,70.232102,21.332247,498.073242,20.015594,100.513423,0.278,5,2.920608,4.944127,4.963689,1.036893,1.530628,2.606972,3.982533,4.92513,0.995506,4.98013,4.997644,4.949551,0.997727,3.514776,Good,4,4,4,5,3,3,4,3,4,Good,0.485
921,0.005401,0.236712,0.092033,0,0,0.183471,0.172689,0.682833,0.25988,104.894418,33.891585,549.540424,39.194812,157.294339,0.28,4.992303,3.042034,4.934433,5,1.055149,1.032667,3.584631,3.964329,4.333321,1.94192,4.656896,4.971301,5,0.993134,3.780352,Good,4,4,5,5,3,4,4,4,4,Good,0.22
922,0,0.322326,0,3.407922,0.12646,0.213197,0.492863,0.646249,0.301479,196.587276,27.29965,1229.207432,21.94008,109.058613,0.469,5,3.484131,5,4.312719,0.94027,2.677261,2.825989,3.943426,3.813558,1.585939,5,5,5,0.948492,3.779359,Good,4,4,5,4,3,4,3,4,3,Average,-0.779
923,0.001185,0.453379,5.396112,0,0.113416,0.078311,0.38985,0.721244,0.494439,55.17238,18.754879,153.6101,63.634782,215.142401,0.252,4.955003,1.951102,5,4.482164,2.500783,2.099155,3.514318,2.545473,4.958138,1.048597,3.943826,4.999458,4.978595,0.986461,3.769074,Good,4,3,5,5,4,4,5,3,4,Good,0.231
924,0,0.095027,0,7.956455,0.210284,0.173045,0.275416,0.597874,0.295464,73.08408,23.767338,283.999676,39.376208,150.163708,0.22,4.97744,4.154329,4.633576,4.163023,1.075221,1.845508,2.390924,3.552561,5,1.254557,5,4.985179,5,1.08524,3.612563,Good,4,4,4,5,4,3,4,4,4,Good,0.387
925,0.000654,0.528701,0,0.057828,0.021113,0.09821,0.194213,0.736094,0.426698,114.23477,27.076248,536.419762,42.846985,172.489588,0.341,5,1.565005,4.981976,5,1.815859,0.978888,3.917236,3.101307,4.516833,1.602842,4.61246,5,5,1.031066,3.785202,Good,5,3,5,5,3,3,4,4,4,Good,0.215
926,0,0.304853,1.111186,0,0,0.074398,0.075544,0.762587,0.184359,20.552937,16.17505,260.353169,15.176613,68.607712,0.074,5,2.400296,5,4.969991,3.124494,0.956034,3.588987,4.560487,5,0.948283,3.287662,5,3.261422,1.036094,3.737678,Good,4,4,5,5,4,2,4,3,4,Good,0.262
927,0,0.330865,0,0.224678,0.00614,0.206947,0.257213,0.64947,0.258071,44.753168,22.805118,597.158327,21.453453,109.256707,0.133,4.998201,3.364148,5,4.977676,1.009707,1.356768,2.762066,4.033771,5,1.021624,5,4.915352,4.964115,0.99661,3.881102,Good,4,4,4,5,3,3,4,4,4,Good,0.119
928,0.004176,0.12273,6.4655,0,0.094212,0.151068,0.396697,0.63323,0.315138,39.025188,23.641507,144.090579,60.337392,204.204927,0.175,5,3.986401,5,4.452366,1.817465,2.152138,2.976025,3.382819,4.928281,1.382726,3.946774,5,4.93797,0.998207,3.85573,Good,4,4,5,4,2,3,4,4,4,Good,0.144
929,0,0.473724,0.703296,0,0.007785,0.101916,0.099249,0.827488,0.232305,105.058381,26.232744,554.83209,19.085544,93.888279,0.278,5,1.639744,5,5,2.349966,1.041259,4.383885,4.29249,4.328168,1.584264,4.037882,5,3.942047,1.047673,3.738995,Good,4,3,5,3,3,3,4,4,4,Good,0.261
930,0,0.259176,0,14.200638,0.338029,0.244585,0.555017,0.952165,0.42956,44.688121,31.677196,194.031574,75.244465,259.291954,0.101,5,2.943703,4.043,3.018834,1.118327,3.129933,5,2.952953,4.995436,1.996164,5,5,4.950166,0.998653,3.76229,Good,4,4,3,5,3,4,5,4,4,Good,0.238
931,0,0.235703,0.069666,1.890266,0.028609,0.111548,0.084233,0.671264,0.122663,50.094166,34.213918,583.560536,37.081617,151.982583,0.353,4.959066,3.076546,5,4.961396,2.746533,0.95655,3.642183,4.657989,4.950286,2.023455,4.672379,5,5,1.018564,3.729653,Good,5,3,5,4,4,3,4,4,4,Good,0.27
932,0.004219,0.001982,0,4.902703,0.173985,0.169315,0.320683,0.425113,0.262499,179.374229,23.825892,920.563933,19.137144,99.795793,0.44,5,5,4.95477,4.528846,0.987867,1.862698,1.607863,4.051556,4.062939,1.376627,5,5,5,1.00676,3.697871,Good,4,5,4,4,3,3,3,4,4,Good,0.302
933,0,0.304994,4.17074,1.797568,0.092561,0.064087,0.229161,0.686808,0.19131,52.893129,27.499845,581.9713,37.421776,150.459979,0.378,5,2.604887,4.974552,4.601867,3.288128,1.771031,3.498761,4.168712,5,1.545885,4.533488,4.947806,5,1.078968,3.602989,Good,4,3,4,4,4,4,4,5,3,Average,-0.603
934,0.010724,0.178981,0.083195,1.724137,0.021502,0.135158,0.115298,0.661495,0.134091,46.420231,33.534337,529.906718,41.546463,163.001262,0.315,5,3.555059,4.943843,4.995158,2.585475,0.969722,3.412242,4.615974,4.915099,1.965887,4.577769,5,4.932498,0.957422,3.751161,Good,5,4,5,5,4,3,4,4,4,Good,0.249
935,0,0.104729,0,5.241275,0.123524,0.231064,0.336915,0.701827,0.308597,38.376354,32.598415,158.293384,66.715548,228.047457,0.117,5,4.183739,4.622291,4.234674,0.935875,1.721582,3.850495,3.70662,4.994519,2.021406,4.339266,4.946132,4.937939,1.052375,3.621415,Good,3,4,4,4,4,4,4,5,4,Good,0.379
936,0,0.405277,0.002919,0.105132,0.001033,0.143838,0.147398,0.726716,0.286969,161.897147,34.739812,852.789109,24.120161,119.265754,0.383,4.980462,1.998491,4.982019,5,1.059219,1.050646,3.947295,4.013686,4.002523,1.958254,5,4.988029,4.921174,1.049171,3.63089,Good,4,3,5,4,3,3,4,3,5,Very Good,1.369
937,0,0.089233,4.444984,0.023365,0.074516,0.15015,0.321936,0.558493,0.313771,35.422971,19.724112,368.41578,38.599175,145.071524,0.104,5,4.157157,4.98416,4.659917,1.423551,1.82091,2.475196,3.708481,5,0.980905,4.607924,4.962668,4.937942,1.052148,3.799433,Good,4,4,4,4,3,4,4,4,4,Good,0.201
938,0,0,0,4.820268,0.18645,0.182626,0.38258,0.454994,0.28564,209.889744,24.961953,1115.841241,20.17417,102.627904,0.482,5,5,5,4.395795,0.927883,2.245194,1.509237,4.101057,3.868525,1.611489,5,4.960567,4.931297,1.035054,3.655204,Good,5,5,4,5,2,3,4,3,4,Good,0.345
939,0.003484,0.186242,0,0.012335,0,0.17143,0.165355,0.587297,0.267207,88.084978,27.149033,679.63599,22.427927,111.072716,0.2,4.972676,3.782331,5,4.994788,0.865137,0.889786,2.822103,4.114263,4.588192,1.490266,5,4.976578,4.987679,0.990888,3.722773,Good,4,4,5,5,3,3,4,4,4,Good,0.277
940,0,0.152079,0.002679,10.181379,0.262233,0.208569,0.375923,0.716091,0.354847,66.932242,25.934735,239.84371,51.635743,189.302939,0.184,4.960953,3.876494,4.332901,3.902488,0.982136,2.234413,3.178984,3.448575,4.980986,1.663525,4.995328,5,5,0.959221,3.692289,Good,5,4,4,3,3,3,4,4,4,Good,0.308
941,0,0.520573,4.895321,0.234174,0.079081,0.168625,0.458354,0.746639,0.310864,41.748119,21.525565,394.073173,39.960296,150.533396,0.245,4.959621,1.781685,5,4.579652,1.34333,2.505147,3.623419,3.570484,4.912626,1.05104,4.494674,4.958058,5,0.989344,3.832485,Good,5,3,4,4,3,4,4,5,5,Very Good,1.168
942,0.006211,0.705096,0.068717,0,0.054765,0.060144,0.245965,0.780565,0.598544,75.79999,19.033269,163.111401,70.618169,233.607109,0.276,5,1.096279,5,5,2.950329,0.921568,3.958219,1.961613,4.927878,1.00144,3.999571,4.986368,5,1.018538,3.793616,Good,4,4,5,5,4,3,4,3,4,Good,0.206
943,0.002735,0.456772,1.027326,1.540399,0.020555,0.018863,0.018224,0.846833,0.093814,35.657883,22.975808,456.995148,17.353924,81.192309,0.284,4.982483,1.692186,5,5,4.415962,1.042997,4.387904,4.965025,5,1.4996,3.628185,4.978843,3.551573,0.972478,3.79256,Good,5,3,4,4,5,3,4,4,4,Good,0.207
944,0.006042,0.477539,0.106905,0.343133,0.029069,0.084591,0.222202,0.813427,0.519841,126.020556,25.272528,491.055389,48.443875,181.620928,0.364,5,2.230202,5,5,2.236668,1.009822,4.429746,2.380591,4.202652,1.374545,4.368718,4.924066,4.995368,1.031272,3.578831,Good,5,3,4,5,4,3,5,5,4,Good,0.421
945,0,0.517807,0.147687,0.077066,0.030593,0.098021,0.195788,0.753288,0.434814,109.84134,27.957543,553.352759,44.767918,171.043314,0.338,5,1.608662,5,5,1.902133,0.969428,3.96335,3.018425,4.419501,1.57701,4.564513,4.945228,5,0.997725,3.87381,Good,5,3,5,4,3,2,4,4,4,Good,0.126
946,0.000338,0.200425,0.130388,8.524677,0.193897,0.202996,0.402978,0.917807,0.419462,110.25325,33.0046,492.854587,51.345227,196.409693,0.274,4.989608,3.388064,4.420869,3.783966,1.064477,2.11591,4.964718,3.022303,4.141283,2.018704,4.972799,4.999512,4.957316,1.010711,3.742279,Good,4,3,5,4,3,4,5,4,4,Good,0.258
947,0,0.33592,0.013836,2.635291,0.134994,0.127733,0.398974,0.634568,0.473083,188.980844,25.454331,923.128088,43.824795,169.16503,0.444,4.945254,3.048845,5,4.556853,1.8818,1.947905,2.920983,3.004,3.990304,1.487329,4.520146,5,4.933898,1.022772,3.819001,Good,5,4,4,4,3,4,3,4,4,Good,0.181
948,0.001102,0.330157,0.163024,3.393313,0.125079,0.216991,0.47972,0.655135,0.302752,188.58618,27.002523,1211.019155,22.693336,108.282184,0.462,4.948309,3.275979,4.958868,4.462189,0.946982,2.675882,3.037652,3.969626,3.908587,1.631296,4.959943,5,4.998991,0.991095,3.689258,Good,4,4,4,4,3,4,4,4,4,Good,0.311
949,0.002133,0.06655,0,2.797339,0.093003,0.165665,0.355104,0.723118,0.360926,242.115854,32.230948,1305.973761,20.638349,104.370695,0.55,4.976453,4.299741,5,4.482348,0.877079,1.837778,3.612639,3.475449,2.9803,1.914469,5,5,4.992089,1.007783,3.743342,Good,4,4,4,5,4,3,4,3,4,Good,0.257
950,0.001162,0.155033,0,3.291363,0.137267,0.179247,0.384964,0.607585,0.310755,240.167843,31.003767,1322.21646,22.293704,111.855104,0.517,5,3.766153,4.968667,4.438768,1.030985,2.250848,2.74815,4.002686,3.407009,1.914736,5,4.974794,5,0.976699,3.704233,Good,4,5,4,5,3,4,4,4,4,Good,0.296
951,0,0.243962,0.096594,0,0.001686,0.173778,0.171468,0.66502,0.258584,102.602315,33.794012,548.779329,38.382688,154.594681,0.284,4.998794,2.982995,4.999148,5,1.000442,0.986076,3.607052,4.027137,4.464239,1.991127,4.601736,5,4.986343,0.990342,3.732358,Good,4,4,5,5,3,3,5,4,4,Good,0.268
952,0.000912,0.31595,4.388313,0,0.077285,0.128121,0.314097,0.688514,0.32353,98.234465,26.875219,539.104746,40.135112,158.767474,0.324,4.968023,2.352044,5,4.611079,1.217214,1.882662,3.558524,3.597887,4.328395,1.527839,4.563674,5,4.987675,0.94773,3.689334,Good,4,3,4,5,4,4,4,3,4,Good,0.311
953,0,0.590994,0,0.175539,0.007372,0.183411,0.266753,0.781141,0.271466,109.498369,29.935052,744.984343,23.103912,113.246582,0.326,5,1.608788,4.997643,5,0.9848,1.504323,4.090236,3.95986,4.441263,1.483564,5,5,4.916353,1.06383,3.75489,Good,4,3,5,4,3,3,4,4,4,Good,0.245
954,0.005711,0.407401,6.431187,0.073236,0.116992,0.084089,0.413904,0.69976,0.462738,49.334625,19.025858,165.205118,65.55266,214.605792,0.24,4.985097,2.234567,5,4.340755,2.456978,2.222499,3.412631,2.564009,4.999211,0.98283,3.977262,4.974991,4.97742,0.985541,3.723479,Good,5,3,4,4,4,4,4,4,5,Very Good,1.277
955,0.00315,0.377255,0.008317,1.916204,0.032333,0.083346,0.077125,0.715598,0.146558,94.90802,33.439849,855.780134,22.690191,116.796575,0.453,4.997616,2.014688,5,4.999668,2.764432,0.94463,4.024597,4.545509,4.513196,2.00195,5,4.956927,4.981738,1.034315,3.777018,Good,4,4,4,5,4,3,4,4,5,Very Good,1.223
956,0,0.204913,0.007869,0,0,0.124366,0.199709,0.532562,0.239693,88.037139,28.566169,524.987981,50.607454,189.22177,0.237,4.95151,3.493777,5,5,1.112855,1.023939,2.585348,4.085953,4.511248,1.538446,5,4.986954,5,0.991572,3.815587,Good,4,4,5,5,4,3,3,4,3,Average,-0.816
957,0.003593,0.222271,0.013684,0,0,0.129031,0.184394,0.543012,0.243278,102.148653,28.437439,543.585746,50.708683,187.401636,0.243,4.991604,3.334312,5,4.982235,1.002456,1.056396,2.780229,4.00713,4.422055,1.522719,4.934349,5,5,1.002476,3.784191,Good,5,4,5,5,2,3,4,3,4,Good,0.216
958,0.010814,0.201457,0,8.566906,0.194153,0.203105,0.401871,0.909516,0.407673,108.165654,32.188554,512.728874,50.427109,194.231416,0.276,5,3.452144,4.35017,3.77858,0.888783,2.153466,5,2.951787,4.220963,2.025234,5,4.960754,5,0.964432,3.6936,Good,5,5,4,4,3,4,4,4,4,Good,0.306
959,3.4e-05,0.322865,0.060785,7.885172,0.174641,0.133895,0.261647,0.81925,0.222745,57.057793,33.055677,573.045954,44.103765,175.765376,0.316,5,2.461488,4.560115,4.128718,2.49784,1.858296,4.368253,4.116784,5,1.998903,5,5,5,0.970257,3.81152,Good,4,4,4,4,3,4,4,3,3,Average,-0.812
960,0,0.05989,0,2.818283,0.08477,0.140992,0.143398,0.595789,0.27923,138.816147,25.119428,609.052974,17.646883,94.977038,0.391,5,4.286519,4.927774,4.997729,0.939248,1.039794,2.72252,3.601313,4.128313,1.419895,5,4.950817,4.971036,1.074834,3.763541,Good,4,4,5,5,3,3,5,4,4,Good,0.236
961,0.006189,0,0.037643,0,0,0.201214,0.189611,0.517624,0.247976,36.048536,26.224291,414.56569,34.621195,148.204008,0.072,4.951081,4.908503,5,5,0.910242,1.052123,2.345608,4.015875,4.995572,1.389663,4.67876,4.991315,5,1.027934,3.818729,Good,5,5,5,5,4,3,5,5,4,Good,0.181
962,0.000755,0.22493,0.063142,3.730459,0.08885,0.066277,0.051725,0.57276,0.110263,73.305013,27.205939,661.413658,20.562417,103.098173,0.411,5,3.277947,4.967475,4.947029,2.876631,0.946652,3.036691,4.654355,5,1.651448,5,4.969546,5,0.958094,3.825545,Good,4,4,5,4,3,3,3,4,4,Good,0.174
963,0.003906,0.498186,0,0.32556,0.033225,0.08372,0.215366,0.824195,0.523513,119.57776,24.305295,431.989359,52.320835,189.539772,0.365,5,1.995701,4.976248,5,2.358886,0.955684,4.281648,2.374126,4.247021,1.376202,4.331055,4.994298,4.898072,0.962208,3.727877,Good,4,3,4,4,4,3,5,5,4,Good,0.272
964,0,0.612725,1.08092,0,0.03132,0.026515,0.11586,0.869237,0.365403,40.015273,15.435612,117.930275,38.047182,131.865543,0.179,5,1.086103,5,5,3.985431,0.887452,4.558959,3.538668,5,1.00033,2.934036,4.971723,3.332069,1.002751,3.651335,Good,5,3,5,4,4,3,4,4,4,Good,0.349
965,0,0,0,2.90105,0.129118,0.174944,0.411413,0.437168,0.277045,184.041737,26.770043,1060.415789,43.289924,175.457241,0.39,5,5,5,4.407907,0.934033,2.183391,1.656134,3.92734,3.860229,1.629749,5,4.960951,5,0.927908,3.629718,Good,4,5,4,4,3,4,3,4,4,Good,0.37
966,0.001957,0,0,0,0.003474,0.008442,0.004514,0.005499,0.000708,1.18139,23.64052,273.109405,66.475605,238.044602,0,5,4.98904,5,5,5,1.056724,0.891882,4.960331,4.972002,1.3749,4.292796,4.958156,4.959824,0.946935,4.336686,Very Good,4,5,5,5,4,4,3,5,5,Very Good,0.663
967,0.006704,0,0.007963,0.925745,0,0.093731,0.02224,0.360944,0.128199,49.199168,24.560236,446.072081,26.37019,125.179146,0.081,5,5,5,5,3.474157,1.039562,2.710735,4.620364,4.651706,1.649639,4.962785,4.895578,4.993169,0.975723,4.564884,Very Good,5,4,5,5,4,4,4,5,5,Very Good,0.435
968,0,0.007573,0,0,0,0,0.006934,0.00358,0.000223,1.430058,26.770515,562.904204,41.356254,157.2174,0.007,5,4.993935,5,5,4.875991,1.014013,0.954587,5,4.999074,1.594814,4.174807,5,4.967246,0.988932,4.311422,Very Good,5,5,5,5,4,4,4,4,5,Very Good,0.689
969,0.00411,0,0,0.01756,0,0,0.006809,0,0,0,30.457758,1136.599514,20.471108,108.664508,0,4.967929,5,5,5,5,0.996231,0.916687,4.966585,5,1.964786,5,5,5,0.990778,4.633494,Very Good,5,4,4,4,4,4,3,4,4,Good,-0.633
970,0,0,0.012228,0.994697,0.000251,0.104455,0.020131,0.373385,0.133803,50.467461,22.518888,577.83597,23.801478,114.265273,0.076,5,5,5,5,3.22894,1.021472,2.755037,4.632067,4.534693,1.007125,4.957414,4.989263,5,1.001577,4.420475,Very Good,5,5,5,5,4,4,3,5,5,Very Good,0.58
971,0.001426,0.003263,0.008446,0,0,0.000461,0.003659,0.001573,0.004653,1.334715,26.376782,520.96247,42.811131,161.25712,0.001,4.93333,5,5,4.976991,5,1.051398,0.898458,5,5,1.595577,4.177924,5,4.959448,1.063876,4.438154,Very Good,5,4,4,5,4,3,4,5,4,Good,-0.438
972,0.004998,0,0,0,0,0.014411,0,0.001149,0.006481,0.059207,22.775555,166.926923,88.877137,291.488613,0.002,5,5,4.96185,4.985411,5,1.035806,1.087267,5,5,0.955328,3.962891,4.992411,5,1.026254,4.481868,Very Good,5,5,5,5,5,3,3,4,4,Good,-0.482
973,0.004044,0,0,1.095239,0.002214,0.105999,0.026627,0.408783,0.146956,58.446907,21.548387,292.923709,47.824933,178.104485,0.084,4.985447,4.991487,4.997061,5,3.193756,1.004554,2.835533,4.472035,4.536902,1.098149,3.88677,4.905775,5,1.023992,4.369248,Very Good,4,4,5,5,5,3,4,5,4,Good,-0.369
974,0,0.005309,0,0,0,0,0,0,0.005743,0,20.94802,459.384472,41.73722,157.18856,0.011,4.925685,4.968291,4.983722,5,4.795198,0.988082,1.162806,5,5,0.933683,4.354396,4.913677,4.954908,0.965647,4.648289,Very Good,5,5,5,4,4,3,3,4,5,Very Good,0.352
975,0.005941,0,0.002255,0,0,0.007258,0,0.011417,0.0089,0.440752,25.68802,732.720861,23.445859,113.700326,0.004,4.987244,4.955333,4.997709,4.932896,5,0.976002,1.037659,4.999296,4.942998,1.446917,4.958262,4.996426,5,1.066436,4.277782,Very Good,5,5,5,5,5,4,4,4,5,Very Good,0.722
976,0,0,0,0,0.001208,0,0.003984,0.006232,0,0.551851,23.465123,299.147483,46.985544,178.492753,0,4.96301,4.940832,5,5,4.935351,0.977109,1.076892,4.91674,5,1.559783,4.216824,5,5,0.972958,4.458094,Very Good,4,4,5,5,5,4,3,4,5,Very Good,0.542
977,0,0.000939,0,1.146481,0,0.117458,0.030293,0.432298,0.149422,58.264843,22.92388,575.900157,24.179038,112.50554,0.092,5,4.948724,5,4.977739,3.189187,0.9669,2.929153,4.512936,4.510607,1.011183,5,5,4.939989,0.98532,4.481758,Very Good,4,5,5,5,4,3,4,4,4,Good,-0.482
978,0,0.000225,0.009669,2.4214,0,0.241237,0.054831,0.883018,0.323138,123.169354,23.7945,500.750209,21.971214,109.2489,0.202,4.920156,5,4.924992,5,0.891109,0.950096,5,3.993847,4.030789,1.059115,5,4.955464,5,1.047158,4.42891,Very Good,4,5,5,5,3,3,4,5,5,Very Good,0.571
979,0.003392,0.000753,0,0.00621,0.006732,0.001197,0.000458,0,0,0,26.819012,923.647674,23.040502,111.499696,0,4.997934,4.935998,4.972959,5,5,0.99073,0.948558,4.968149,4.986224,1.597443,5,5,5,0.98476,4.543134,Very Good,4,5,5,5,5,3,3,4,5,Very Good,0.457
980,0.003748,0,0.019278,0.012074,0,0,0,0,0,0,21.215628,161.801867,83.174986,273.886509,0,4.970118,4.993155,4.924562,5,4.998327,1.06698,1.122064,4.933511,4.999005,0.912864,3.683736,4.986984,5,0.994394,4.443747,Very Good,5,4,5,5,5,3,3,4,5,Very Good,0.556
981,0.001002,0,0,0,0.005461,0,0,0,0,0,21.231798,145.684982,77.936171,257.962656,0.002,4.908969,5,4.993694,4.996208,4.976937,0.988337,0.969886,4.939038,4.998781,0.996825,3.489304,5,4.91259,1.001989,4.401882,Very Good,5,5,5,5,5,4,4,4,5,Very Good,0.598
982,0,0,0.001602,0,0.001756,0.00063,0.004375,0,0,0.530398,23.679951,299.827189,62.575754,226.276892,0.005,5,4.997861,4.963626,4.997639,5,0.99322,1.048563,5,5,1.444411,4.455043,5,4.951012,1.032066,4.533766,Very Good,5,4,5,5,5,3,4,4,4,Good,-0.534
983,0,0.009676,0.005486,0,0,0,0.002393,0.005005,0,0,27.248592,498.084335,56.717877,212.144122,0.003,5,5,4.977837,5,5,0.985813,0.925161,5,4.942651,1.536913,4.538277,4.972793,4.984004,1.018217,4.622758,Very Good,4,5,5,5,5,4,3,5,5,Very Good,0.377
984,0.000603,0,0,0,0.006707,0,0.002718,0.001789,0.013915,0,21.354188,640.944752,26.344926,113.64388,0.004,5,5,4.975,4.907129,4.944573,1.02313,1.039608,4.902594,4.979832,1.070698,5,5,4.935361,1.10159,4.601323,Very Good,5,5,5,5,5,3,4,5,5,Very Good,0.399
985,0.001535,0,0,0.017591,0.009823,0.005466,0.00412,0,0.004067,1.318074,28.335437,677.139666,24.037049,119.123914,0,5,5,4.97419,5,5,1.009215,0.993085,4.983052,5,2.035954,4.969423,4.970589,5,0.919805,4.536377,Very Good,5,5,5,5,5,3,3,5,5,Very Good,0.464
986,0.005381,0.000347,0.006717,0.014128,0.005436,0,0.003899,0,0,0,26.117387,604.27229,56.743647,213.840273,0,5,4.959419,5,4.976901,5,0.998716,0.937641,4.98143,4.988049,1.515406,4.404398,4.970159,4.978901,1.032212,4.672469,Very Good,4,4,5,5,5,3,4,5,5,Very Good,0.328
987,0.00342,0,0.001141,0,0,0,0,0.001847,0.000963,0.039747,20.730151,152.440749,79.630065,273.330987,0.005,5,5,4.981772,5,5,0.918669,1.023676,5,5,0.965167,3.598938,4.981349,5,0.92553,4.441591,Very Good,5,5,5,5,5,3,4,3,5,Very Good,0.558
988,0,0,0.002408,0,0,0,0,0,0.002174,0,31.946102,993.633088,19.75853,107.661426,0,4.986029,4.99324,4.977545,5,5,0.953123,0.816506,4.99604,5,1.979011,5,5,4.952014,1.02076,4.42997,Very Good,5,5,5,4,4,3,4,5,4,Good,-0.43
989,0.003389,0,0.014452,0.022998,0,0.011402,0.001664,0.013234,0,0,27.368825,561.474376,40.891708,160.809642,0.01,5,5,5,4.924144,5,0.97952,1.094903,4.988643,5,1.580206,4.251679,5,4.999247,1.01668,4.49612,Very Good,5,5,5,4,5,4,4,5,5,Very Good,0.504
990,0.003772,0,0.010481,1.179584,0,0.12677,0.027274,0.438556,0.147515,60.320968,22.168467,562.70209,23.643192,110.787027,0.083,5,5,4.991826,5,3.143569,0.992894,2.895731,4.469205,4.452879,1.034624,5,5,4.917321,1.024575,4.481846,Very Good,5,4,5,5,5,3,4,4,5,Very Good,0.518
991,0,0,0.008244,0.005685,0,0,0,0,0,1.017034,23.601407,544.571649,29.244059,119.516846,0,4.986753,5,5,5,4.99052,1.015134,0.987964,4.980193,4.950156,1.413719,5,5,4.99258,1.01959,4.634289,Very Good,5,5,5,5,5,4,4,5,4,Good,-0.634
992,0.000371,0.001661,0,0,0.005683,0.005762,0,0.000477,0,1.05079,23.884566,611.849402,45.512296,172.133281,0.002,4.969055,4.991464,4.97892,5,4.940633,0.969525,0.876394,4.958028,4.930483,1.519814,4.038543,4.982237,4.915815,1.001234,4.521193,Very Good,5,4,4,5,4,4,3,5,4,Good,-0.521
993,0.003679,0,0,0,0,0.004896,0,0.007567,0,0,31.273965,999.808466,20.8912,105.765508,0,4.996173,5,4.976116,5,4.979779,1.014015,0.959026,5,5,1.986522,4.949753,5,4.972958,1.049371,4.397828,Very Good,5,5,5,5,5,4,2,5,5,Very Good,0.602
994,0,0.001065,0.001785,0,0,0,0,0.008745,0.004765,0,23.572436,527.039244,28.129945,125.276692,0,4.96871,4.998717,5,4.971582,4.940071,0.971573,1.15219,5,4.957893,1.552878,4.95421,4.949658,5,1.004993,4.539093,Very Good,4,4,5,4,5,3,3,3,5,Very Good,0.461
995,0,0.000737,0,0.022982,0.005593,0.001103,0,0,0,0,27.462864,757.237812,22.603513,109.240455,0,5,4.973128,5,4.946366,4.900142,1.005255,1.131435,5,5,1.528341,4.956366,4.90648,5,0.923268,4.479136,Very Good,5,5,5,5,5,3,4,5,5,Very Good,0.521
996,0,0.000476,0.002378,0,0.001597,0.008143,0,0.009303,0,1.53205,27.30043,573.650649,47.817949,185.245401,0.003,4.974936,4.927494,4.956645,5,5,0.968599,1.007487,4.998264,4.877857,1.576431,4.570446,5,5,0.999845,4.416723,Very Good,4,5,4,5,5,3,4,5,5,Very Good,0.583
997,0,0,0,2.335335,0,0.239311,0.066262,0.916303,0.317631,122.60589,23.576253,496.943696,21.849061,107.874196,0.197,4.964037,5,5,4.92543,1.014924,1.029428,5,4.005764,3.981141,1.029641,5,5,4.968622,1.027219,4.691287,Very Good,4,5,5,5,4,4,5,3,4,Good,-0.691
998,0,0.008259,0.006417,0.000348,0.000178,0,0,0.000713,0,0,25.280801,410.256536,30.396369,133.956199,0,5,5,5,4.996929,5,0.975647,1.159933,4.96829,5,1.970985,5,4.953174,4.987506,0.98606,4.524738,Very Good,5,5,4,5,5,4,3,5,5,Very Good,0.475
999,0,0,0.001575,1.05598,0,0.107213,0.026905,0.387764,0.144798,54.12179,25.371872,458.865842,27.64891,123.017456,0.095,4.943043,4.986499,5,5,3.292483,0.976458,2.731075,4.570631,4.50895,1.534593,5,4.989679,4.919195,1.054978,4.785502,Very Good,5,5,4,5,4,4,3,4,4,Good,-0.786
1000,0,0.000582,0.001484,0.001679,0.00322,0.003143,0,0.007009,0.000549,0.718172,27.65015,743.30326,23.859125,113.885008,0,5,5,5,4.932235,5,0.9841,1.064217,5,5,1.597463,4.984855,4.985503,5,0.97251,4.305489,Very Good,5,4,5,5,4,3,4,4,5,Very Good,0.695
1001,0.001406,0.00294,0.003768,0,0.004544,0.003771,0,0,0,0,28.314318,749.23376,23.259714,112.652811,0,4.989881,5,5,4.914644,5,0.969123,0.89208,4.946555,4.975025,1.594394,4.996104,4.941708,5,0.992047,4.500324,Very Good,4,5,5,5,5,4,3,4,5,Very Good,0.5
1002,0,0,0,0,0,0,0,0,0.002679,0,25.977405,877.422734,23.025044,113.955227,0,5,4.989122,4.954225,4.986817,5,0.983263,1.028842,5,5,1.464104,5,4.946403,5,1.075938,4.507689,Very Good,5,4,5,5,4,3,4,4,5,Very Good,0.492
1003,0,0.001,0,0.020872,0.001305,0,0,0,0,1.555064,28.4777,796.325697,26.429208,118.951193,0.007,5,5,5,4.948713,4.86138,1.020306,0.960783,5,4.848408,2.073161,4.948451,5,4.969739,1.038487,4.590875,Very Good,4,5,5,5,5,3,3,5,5,Very Good,0.409
1004,0,0,0.00298,0.006042,0.002909,0,0.000142,0,0.002894,0.257039,28.831894,668.488151,24.243759,120.112266,0,5,4.928912,5,5,4.960404,0.984858,0.846494,4.941301,5,2.073385,4.916938,4.988376,5,1.022738,4.70906,Very Good,5,5,5,5,5,3,3,4,5,Very Good,0.291
1005,0,0,0,0,0.005304,0.003554,0,0.006772,0.007659,0,23.392748,502.387858,53.047803,184.015383,0,4.990621,4.927732,5,4.979116,5,0.978983,0.83374,4.997192,4.926983,1.435891,3.825421,5,4.952904,0.91143,4.417546,Very Good,5,5,5,5,5,4,4,5,5,Very Good,0.582
1006,0,0.002645,0,0.026873,0,0,0,0,0.00272,0.630988,20.375884,393.538539,46.860847,168.717141,0,5,4.97318,4.971756,4.980668,5,0.947778,1.128265,4.982869,5,1.01401,4.109262,5,4.951176,1.051024,4.445538,Very Good,5,5,5,5,5,4,4,4,5,Very Good,0.554
1007,0.002898,0.004513,0.000521,0.020211,0.002258,0,0,0,0,0.735723,28.267765,617.854987,25.52107,117.431671,0,5,4.927831,4.996192,5,5,1.083467,0.991749,5,5,2.033526,5,4.986471,5,1.02785,4.418524,Very Good,4,5,5,5,5,4,4,4,5,Very Good,0.581
1008,0,0.000996,0.00493,0,0,0.00087,0.005222,0.000442,0,0,31.919081,955.324079,20.330115,107.810624,0,4.998255,4.959602,5,5,4.881533,1.006996,1.039971,5,5,1.952328,4.990941,4.945735,4.978154,1.031729,4.461413,Very Good,5,5,4,5,5,3,4,5,5,Very Good,0.539
1009,0,0.004095,0,0.003732,0,0,0.001807,0,0,1.361836,20.720283,140.926591,76.353372,254.378267,0,5,4.962433,4.90594,4.956367,4.968712,0.934564,0.9567,4.97716,5,1.053728,3.478238,4.999234,4.950129,0.965563,4.537851,Very Good,5,5,5,5,5,4,4,5,4,Good,-0.538
1010,0.004072,0.002952,0,0,0,0.000163,0,0.00314,0,0.575811,21.758159,387.275521,57.439012,209.109914,0.009,4.92999,4.997292,5,5,5,0.993658,0.835989,4.954595,4.98512,0.978447,4.512851,5,5,1.026138,4.519457,Very Good,5,4,5,5,4,3,3,5,5,Very Good,0.481
1011,0,0,0.007231,0,0,0,0.002974,0.004251,0,0.655479,27.589339,518.082301,53.747783,200.833621,0.007,4.994832,5,5,5,5,1.02118,1.183048,5,5,1.51808,4.471428,5,4.958515,0.953072,4.491048,Very Good,5,5,5,5,4,4,3,4,4,Good,-0.491
1012,0.003567,0,0,0.000901,0.004828,0,0.001634,0.005477,0,0,28.165068,750.410929,23.400037,114.509897,0,4.996274,5,5,4.971899,4.981925,0.966227,0.906649,4.987283,5,1.569159,5,5,4.956057,1.021973,4.601524,Very Good,5,5,4,4,5,3,3,4,5,Very Good,0.398
1013,0,0.000708,0.004373,0.031453,0,0.008134,0,0,0.001979,0.924831,29.712684,1150.435027,20.222875,107.321499,0.004,5,5,4.934108,5,4.986359,0.964413,1.003572,4.952935,5,1.983835,4.952357,5,4.989537,1.030753,4.491175,Very Good,5,5,5,5,5,4,3,5,5,Very Good,0.509
1014,0,0.003376,0.003467,0,0.004939,0,0.005988,0,0.000852,0.243529,20.221405,422.74115,43.3148,160.505825,0,4.95966,5,4.960924,5,5,0.874199,1.030855,4.966269,5,0.968547,4.237094,4.998216,4.958398,0.95351,4.520503,Very Good,5,5,5,4,5,3,4,5,5,Very Good,0.479
1015,0,0,0.004352,0.024135,0,0.00034,0,0,0,0,22.190337,276.198207,50.000474,182.340763,0,4.954463,4.971048,5,4.953393,4.979867,0.959893,1.010265,5,4.957486,1.550052,4.131118,5,4.959628,1.015151,4.552259,Very Good,5,4,5,4,5,3,3,4,5,Very Good,0.448
1016,0.001795,0.006197,0.001274,0,0.000955,0.005539,0.003345,0.009627,0.000299,0,27.552903,733.330717,27.179458,121.88558,0.003,4.998501,4.960655,4.986142,5,5,0.912968,1.141254,4.986136,4.980099,2.008679,5,4.972273,4.936571,1.021059,4.255933,Very Good,5,4,5,4,5,3,3,4,5,Very Good,0.744
1017,0,0.002142,0,0.024871,0,0.004651,0,0.004901,0,0.288024,22.355638,619.082925,25.890997,118.756416,0.003,4.961224,4.990643,5,4.946807,5,1.025535,1.007376,5,5,1.021083,5,4.976008,4.926369,0.985444,4.650711,Very Good,4,5,5,5,4,4,4,4,5,Very Good,0.349
1018,0.004891,0.004392,0.000194,0,0.000799,0,0,0.012456,0.005067,0,22.301523,435.431795,50.734582,193.34401,0,5,4.995092,5,4.900379,4.908439,0.956304,1.055151,5,4.987706,1.02486,4.58189,5,5,1.013983,4.742673,Very Good,4,4,5,5,5,3,4,4,5,Very Good,0.257
1019,0,0,0,0,0.003008,0.001712,0.006471,0,0,0.425676,29.901323,1164.821192,20.369004,108.641094,0,5,4.944964,4.999765,5,4.965942,1.035303,0.892157,5,5,2.058035,4.961193,4.983897,5,1.00342,4.585335,Very Good,5,5,5,5,4,4,3,5,5,Very Good,0.415
1020,0.004424,0.000125,0,2.414758,0,0.246547,0.072206,0.924688,0.320708,126.577383,23.410173,483.559895,22.587994,108.422484,0.197,5,4.994547,5,4.945366,0.974622,0.966442,4.873049,4.07866,4.028629,0.982365,5,4.943303,5,1.018021,4.602697,Very Good,4,4,4,5,3,4,5,4,5,Very Good,0.397
1021,0.006648,0.000771,0.001419,1.049252,0,0.093984,0.027609,0.381575,0.142655,54.974226,24.449024,457.916288,27.395664,119.483952,0.094,5,5,4.962124,4.986259,3.292791,0.994406,2.743496,4.579339,4.571519,1.617497,4.9695,4.983867,4.987102,1.009207,4.324323,Very Good,5,5,5,5,5,4,4,4,5,Very Good,0.676
1022,0,0,0,0.946203,0,0.091191,0.037004,0.343409,0.120593,47.569825,20.996483,265.314711,51.914287,185.333666,0.07,4.980707,4.996216,4.979559,5,3.535481,0.929525,2.444834,4.64569,4.574421,1.039712,3.691067,4.959213,4.975709,0.984458,4.171555,Very Good,4,5,5,5,5,3,5,4,5,Very Good,0.828
1023,0,0.008498,0.004488,0.007897,0,0.005875,0.00339,0.013589,0,0,21.766288,611.994607,25.811038,120.056817,0.006,4.990657,5,4.958367,4.983125,5,1.041113,0.93211,5,5,1.043801,5,5,4.983709,1.049735,4.463135,Very Good,5,5,5,5,5,3,3,5,5,Very Good,0.537
1024,0.00044,0,0,0,0.003934,0.007358,0,0.008647,0.003354,1.72534,22.629354,261.386888,50.012252,185.352891,0,4.951313,4.987495,5,5,4.907095,1.016896,0.944084,4.940324,4.993022,1.507365,3.977666,5,4.993744,1.010957,4.472825,Very Good,5,5,4,5,5,3,3,4,5,Very Good,0.527
1025,0,0,0,0.004037,0.000389,0.003913,0.001267,0,0,0,27.802577,741.75278,22.996442,112.945583,0.004,5,4.939487,5,5,4.815708,0.949626,1.03117,5,5,1.615523,5,5,5,0.973765,4.523654,Very Good,5,4,5,5,4,4,4,5,5,Very Good,0.476
1026,0.006108,0.004972,4.3e-05,0,0.001781,0.003929,0.005323,0.002974,0.003489,0,27.080787,737.928032,23.232938,112.688265,0,5,5,4.973212,4.976415,5,0.99643,0.893485,4.991893,5,1.481047,4.990852,5,4.934823,1.004162,4.37393,Very Good,4,4,5,5,5,3,4,5,4,Good,-0.374
1027,0,0.013066,0,0.000116,0.006724,0.000743,0,0.000456,0,0,24.628189,299.306382,60.378582,216.590083,0.001,4.994344,4.995607,5,5,5,1.011578,0.964922,5,5,1.463888,4.529774,5,5,1.065426,4.598771,Very Good,5,5,5,5,5,3,4,4,5,Very Good,0.401
1028,0.001694,0.003379,0,0.011622,0.004845,0.006134,0.004937,0.002541,0.008693,0,26.217091,788.773754,38.748286,152.416967,0.001,5,4.972519,4.983164,5,4.872227,0.962253,0.827035,5,4.94091,1.646871,4.303671,4.987543,4.966128,1.024,4.529915,Very Good,5,5,5,5,5,3,3,4,5,Very Good,0.47
1029,0,0,0.00047,0.000332,0.010687,0,0,0.006648,0,0.443551,32.365035,842.26044,21.137361,107.775209,0.007,4.974733,4.993726,5,4.97876,5,1.036869,0.982898,5,5,2.009018,5,5,5,1.011127,4.600262,Very Good,5,4,5,5,5,4,3,5,5,Very Good,0.4
1030,0.004158,0,0,1.280561,0.002716,0.123925,0.038188,0.446586,0.153856,60.764459,22.992981,337.033677,54.375563,198.676861,0.104,4.927362,5,5,5,2.976565,0.95193,3.008538,4.434324,4.460545,1.028513,4.42516,5,4.943185,0.961483,4.48398,Very Good,4,4,5,5,4,4,4,5,4,Good,-0.484
1031,0,0,0,0.020158,0.004894,0.002732,0,0,6.1e-05,0.851387,21.842221,467.023355,49.673869,179.195246,0,4.9948,5,5,4.964143,4.998342,0.978543,1.087449,4.952185,5,0.957998,4.705153,4.960086,5,1.021168,4.495995,Very Good,5,5,5,5,5,3,3,4,5,Very Good,0.504
1032,0,0.001627,0,0,0,0,0,0,0,0.086534,28.395565,843.853198,25.159006,119.203249,0.001,4.995228,5,4.988927,5,5,1.00399,0.89859,5,5,2.004737,5,5,4.95742,0.953478,4.530887,Very Good,5,5,4,4,5,3,3,5,5,Very Good,0.469
1033,0.003915,0.005889,0,0.033601,0.008563,0,0.001041,0,0.0049,0,21.004505,240.036275,54.7415,193.923177,0.001,4.969693,4.980441,4.958668,5,5,0.960934,1.011589,5,4.976896,1.387416,3.673941,5,4.981361,0.886908,4.637676,Very Good,5,5,5,5,5,3,3,5,5,Very Good,0.362
1034,0,0,0,0.011159,0,0.000751,0,0,0.003428,0,22.164084,398.723858,56.710904,201.174613,0,4.967354,4.983089,4.992082,4.996341,5,0.978895,0.958549,4.984201,5,0.976211,4.541662,5,5,0.936798,4.448923,Very Good,4,5,5,4,5,3,3,4,5,Very Good,0.551
1035,0.000588,0.00164,0,1.402951,0.005004,0.138454,0.041289,0.521028,0.188413,73.582928,22.758171,550.463821,22.71899,113.46226,0.112,5,5,5,5,2.575742,1.061563,3.265527,4.45068,4.428697,0.971328,4.943006,5,5,0.992586,4.632535,Very Good,5,5,5,5,4,4,5,4,5,Very Good,0.367
1036,0,0,0,1.241185,0,0.122299,0.033591,0.460067,0.161146,63.888056,22.222312,305.605982,45.415673,170.741329,0.092,4.886398,4.964471,5,4.934001,2.969837,1.050163,3.051429,4.561378,4.456557,0.957389,3.986638,4.980013,4.97842,0.978491,4.397701,Very Good,5,4,4,5,4,3,4,4,5,Very Good,0.602
1037,0.003469,0.00052,0,0.004804,0.007324,0.00649,0.001133,0,0.004188,0,30.731764,1033.421038,20.725473,106.555697,0,5,5,4.947454,4.976713,4.969439,1.029289,1.001628,4.97699,4.954965,1.958135,4.960749,5,5,0.977715,4.634012,Very Good,5,5,5,4,5,3,4,4,4,Good,-0.634
1038,0.002609,6.9e-05,0.003467,0.002828,0.001351,0,0,0.004821,0.008223,0,20.621326,362.952026,48.612972,175.303019,0,4.925452,5,5,4.952598,4.877849,0.912659,0.990798,4.978585,5,0.942854,3.976056,5,4.926083,1.004228,4.382553,Very Good,3,4,4,5,5,4,3,4,4,Good,-0.383
1039,0,0.006237,0.001339,0.005432,0,0,0.005025,0,0,0.640126,22.805853,532.494697,28.303538,126.464054,0,5,4.991165,5,5,5,0.977675,1.178251,5,5,1.475452,4.9755,5,5,1.03394,4.612269,Very Good,5,5,5,5,5,3,3,4,5,Very Good,0.388
1040,0,0.004533,0.002821,0.00924,0.006122,0.00586,0,0,0,0.131212,25.536306,513.492745,44.167571,166.978171,0.001,4.982163,5,5,5,4.951764,0.961185,1.218473,5,4.983746,1.557119,4.105796,4.948923,5,0.986579,4.540079,Very Good,4,4,5,5,5,4,4,4,5,Very Good,0.46
1041,0.00059,0.00061,0.001801,0.032552,0.007274,0.006428,0,0.000707,0.000423,1.974148,26.528203,926.578163,22.463306,111.424046,0.002,5,4.957672,4.98396,5,4.898702,0.999395,0.929457,4.985886,5,1.610912,4.982299,5,4.97479,0.959952,4.49101,Very Good,5,5,5,5,5,5,3,5,5,Very Good,0.509
1042,0.002986,0,0,0.00947,0.006008,0.006019,0,0.002458,0,0.120117,31.9015,1035.522241,20.97842,107.672544,0.005,4.998113,4.99708,5,4.920018,4.830667,0.948224,1.041404,5,5,1.989576,4.950797,5,4.989533,1.062381,4.40032,Very Good,5,5,5,5,5,4,4,4,5,Very Good,0.6
1043,0.002386,0.000853,0.005204,0.005746,0,0.007248,0,0,0,0.78895,26.083088,650.849385,57.406146,215.23368,0.008,4.954039,4.965464,4.980243,5,5,1.024704,1.220339,5,5,1.469931,4.449983,5,4.967062,1.007607,4.407122,Very Good,5,5,5,5,5,3,3,5,4,Good,-0.407
1044,0,0,0,0.985091,0.003018,0.09749,0.025448,0.367007,0.139161,51.531198,21.028747,272.233194,51.215798,182.531759,0.09,4.978168,4.980302,4.971465,5,3.307161,1.026634,2.452404,4.634594,4.577484,1.073817,3.881574,5,5,0.987911,4.536898,Very Good,4,5,5,5,5,3,4,4,5,Very Good,0.463
1045,0.000438,0.00343,0.002263,1.016292,0.006879,0.092699,0.032415,0.360122,0.129799,50.554417,28.30519,875.643046,20.974611,106.469261,0.066,5,4.982557,5,5,3.527101,1.043745,2.670807,4.603502,4.601909,1.628689,5,5,5,1.018908,4.319071,Very Good,5,4,5,5,3,4,4,4,5,Very Good,0.681
1046,0,0.006507,0,0,0,0,0,0.000807,0,0.634164,22.631123,256.104199,51.263952,184.400047,0,4.997376,5,5,5,4.827356,1.034107,0.829958,4.97453,5,1.431045,3.860316,5,5,1.019309,4.442739,Very Good,4,4,5,5,5,4,4,4,5,Very Good,0.557
1047,0,0.000785,0.002455,0.003609,0,0,0.00747,0,0.002019,0,31.355324,1002.248731,19.931738,106.753151,0.001,5,4.986145,5,5,4.957756,0.949643,0.825929,4.939417,4.978468,2.022645,4.988751,5,4.948559,0.966196,4.521281,Very Good,4,5,5,5,5,3,3,5,5,Very Good,0.479
1048,0,0,0.010171,0.001069,0,0,0,0,0.001223,0,20.493619,444.137046,42.24821,157.497176,0.003,5,4.937991,4.952314,5,5,1.035279,0.955225,5,5,1.088338,4.348404,5,4.946155,0.999984,4.474072,Very Good,5,5,4,4,5,3,4,4,5,Very Good,0.526
1049,0.001735,0.001365,0.003613,0,0.008588,0,0,0.001747,0.001645,0.032485,26.855496,693.876037,51.587382,193.977964,0,5,4.952896,4.962994,5,5,1.019115,1.206075,4.97273,5,1.454773,4.492203,5,5,0.993535,4.611044,Very Good,5,5,5,5,5,4,3,5,5,Very Good,0.389
1050,0.005258,0,0,0,0,0.005608,0,0.004219,0,0.584976,28.384935,836.723179,25.724247,119.258219,0.001,4.994314,5,5,4.994259,4.902355,0.989331,1.109078,5,5,2.028083,4.994272,5,5,0.998526,4.364282,Very Good,4,5,4,5,4,4,4,3,5,Very Good,0.636
1051,0,0.005859,0,1.483942,0.003914,0.145252,0.037019,0.539622,0.192768,74.191844,24.328849,462.42817,25.112911,118.708934,0.123,5,4.952023,5,4.962578,2.538983,1.025352,3.449841,4.430129,4.371214,1.380076,4.993787,5,4.929558,0.968103,4.579127,Very Good,5,5,5,5,4,3,3,4,5,Very Good,0.421
1052,0,0.004229,0,1.276725,0.00012,0.140702,0.026647,0.46906,0.166969,65.020049,28.503723,679.082269,21.473851,108.192296,0.108,4.994896,4.992066,5,4.99765,2.876309,0.957743,3.060191,4.493236,4.444944,1.439799,5,5,4.986715,0.974765,4.690326,Very Good,5,5,5,5,4,4,5,4,5,Very Good,0.31
1053,0,0.010701,0.003636,1.500932,0,0.162836,0.039669,0.592077,0.197027,78.447249,24.358297,474.358356,25.69685,114.785006,0.13,5,5,4.984509,4.99915,2.502559,0.976216,3.454211,4.424372,4.288037,1.318864,4.964094,5,4.914252,1.024695,4.416099,Very Good,4,5,4,4,5,4,5,5,4,Good,-0.416
1054,0,0.004221,0,0,0.004847,0.006334,0,0.002668,0.006895,0.519435,24.082499,545.31863,27.210547,124.619807,0,4.996073,4.938232,5,4.958658,5,1.030341,1.056469,4.939158,4.977831,1.408769,5,5,4.952059,0.935495,4.840057,Very Good,5,4,5,5,5,3,4,4,5,Very Good,0.16
1055,0.002432,0.00192,0.003299,0,0,0,0.00268,0.00206,0,1.413529,25.939706,463.214043,45.685235,173.194214,0.003,4.940767,5,5,4.992172,4.97709,1.035858,1.04468,5,5,1.478881,3.989403,4.958159,5,1.034314,4.452471,Very Good,5,4,5,5,5,4,3,4,5,Very Good,0.548
1056,0,0,0.005371,0,0,0.002593,0,0,0,1.162512,19.996684,123.289836,70.224437,231.235898,0.003,5,4.970105,4.99277,5,5,1.028507,1.132725,5,5,1.021505,2.999316,5,5,0.998712,4.809509,Very Good,5,5,5,4,5,4,3,4,5,Very Good,0.19
1057,0.000192,0.00512,0,0.006104,0.005227,0.002286,0,0.01079,0,1.3885,20.921811,355.05836,50.446548,183.94798,0,5,5,5,4.975184,4.905801,1.033687,0.98789,4.966201,5,1.079048,3.889221,5,4.998364,1.095692,4.597784,Very Good,5,4,5,5,5,3,4,4,5,Very Good,0.402
1058,0.006173,0.001203,0,1.273846,0,0.124993,0.031275,0.461289,0.160566,64.485494,23.232743,554.015633,23.614406,112.220924,0.104,5,4.977926,5,5,2.972473,1.019072,2.915717,4.530372,4.483637,0.991716,4.912849,5,5,0.990009,4.429387,Very Good,5,5,5,5,4,3,4,4,5,Very Good,0.571
1059,0,0,0,0,0,0.007189,0,0,0,1.270919,26.55182,562.793972,40.614283,156.239028,0.015,5,5,5,4.980646,4.88934,1.051809,1.185733,5,5,1.515232,4.143164,5,5,0.961581,4.326394,Very Good,5,5,5,4,5,3,4,5,5,Very Good,0.674
1060,0.004715,0.002688,0,0,0.00029,0.003823,0.008772,0,0,0,28.676973,578.417728,25.977166,125.43548,0,5,5,4.972092,5,4.964272,1.028172,0.996378,5,4.990533,1.988106,4.960151,4.993529,4.946517,1.014916,4.5496,Very Good,5,5,5,5,5,3,3,5,4,Good,-0.55
1061,0,0,0,0.021903,0.003978,0.003314,0,0.00133,0,0,22.967485,508.303103,28.2706,124.421682,0.001,5,4.939729,5,5,4.740863,0.965999,1.149608,4.914665,4.920389,1.445744,5,5,5,0.959335,4.479865,Very Good,5,5,5,5,5,4,4,5,5,Very Good,0.52
1062,0,0,0,0.001496,0,0,0,0.004343,0.004077,0.762855,27.8058,566.089076,47.797832,182.239355,0,4.91694,4.983421,5,4.996029,4.837684,0.993636,0.873265,5,4.954335,1.647208,4.52386,5,5,1.029688,4.464538,Very Good,5,5,5,5,5,4,3,5,5,Very Good,0.535
1063,0.000976,0.001812,0.007293,0,0,0,0,0.003704,0.003778,0,21.979291,180.861022,86.623827,290.316916,0,5,4.969406,5,5,4.942011,1.018144,0.950341,4.917244,5,1.000194,4.005446,5,4.916178,0.925654,4.223228,Very Good,5,5,5,5,5,4,3,5,5,Very Good,0.777
1064,0,0.005494,0.005955,0,0.002938,0,0.009877,0.010442,0,0.345598,21.396059,141.820918,81.143893,270.071166,0.004,4.985361,5,5,5,4.727777,1.030834,1.061786,5,4.974793,1.00017,3.627983,5,4.986734,0.972624,4.342599,Very Good,5,5,4,5,5,3,4,4,5,Very Good,0.657
1065,0,0.00298,0,0.876212,0,0.085831,0.02247,0.328513,0.116647,45.664435,20.606354,252.141264,51.097822,188.879371,0.076,4.972809,5,5,4.996594,3.291351,1.007007,2.545121,4.762829,4.623272,0.98517,3.710395,4.958693,5,0.995291,4.4034,Very Good,5,4,5,5,4,4,4,4,5,Very Good,0.597
1066,0,0,0,0,0,0,0.00256,0.009491,0,0.131372,27.757898,739.973979,22.460286,111.471102,0.004,4.989725,5,4.935768,5,5,1.089559,0.946612,4.983764,4.963507,1.562138,5,4.976809,5,0.990193,4.440484,Very Good,5,4,4,5,5,3,4,5,4,Good,-0.44
1067,0,0.001672,0.002012,0.889825,0.005743,0.087816,0.031187,0.332079,0.117901,46.0503,21.146144,251.113828,53.208149,186.857224,0.073,5,4.998762,4.961766,5,3.626882,1.01858,2.38066,4.721548,4.647649,0.950354,3.760041,4.931739,5,1.015194,4.465917,Very Good,5,4,5,4,4,4,3,5,5,Very Good,0.534
1068,0,0,0,1.475998,0.002439,0.149439,0.033742,0.568898,0.200913,77.786434,22.492936,369.213336,39.420641,151.316151,0.121,4.971849,4.988104,5,4.989758,2.442241,1.030797,3.49018,4.328063,4.431311,0.980691,4.28278,5,5,0.988368,4.334873,Very Good,5,4,4,5,4,4,4,4,5,Very Good,0.665
1069,1e-05,0,0.008225,2.438873,0.002696,0.233846,0.069661,0.892892,0.3158,125.407719,24.237646,504.21947,21.795625,105.742949,0.191,4.968473,5,4.960603,4.937322,1.155836,1.07902,5,3.96715,4.024609,1.055656,5,5,4.974426,1.025727,4.509802,Very Good,5,4,5,5,3,3,5,5,5,Very Good,0.49
1070,0,0,0.007904,1.562231,0.007246,0.155238,0.040285,0.583512,0.200799,79.883976,23.198963,381.593086,44.84249,174.950043,0.129,5,5,5,4.963928,2.324446,1.002277,3.3747,4.312828,4.331255,1.03489,4.567874,5,5,1.011357,4.711663,Very Good,5,5,4,5,4,3,4,4,4,Good,-0.712
1071,0.006325,0.006039,0.009465,0.00557,0.000443,0,0,0,0,0,31.436371,1001.647776,20.670996,107.056241,0.006,4.950128,5,5,4.954709,5,0.940929,1.059424,5,5,2.049382,5,4.941981,5,1.002621,4.497023,Very Good,5,5,5,4,5,4,3,5,5,Very Good,0.503
1072,0,0.005013,0,2.457692,0,0.253537,0.061152,0.923129,0.321844,124.06875,23.556286,494.064106,20.797118,108.110798,0.199,5,4.937973,4.93589,5,0.99974,0.957369,5,3.970316,4.006483,0.913034,5,4.997053,5,1.022988,4.482321,Very Good,5,5,5,4,4,4,5,4,5,Very Good,0.518
1073,0.004331,0.005043,0.001739,0.014754,0.005384,0,0,0.007036,0,0.60079,25.962755,426.483817,30.277024,134.743968,0,4.948151,5,4.982252,4.935212,4.995274,1.042869,1.064694,5,4.942456,2.002644,5,4.996261,4.951735,1.041383,4.494472,Very Good,5,5,5,5,4,4,4,5,5,Very Good,0.506
1074,0.004934,0,0,0.018107,0.006529,0,0,0,0,0,31.623965,992.946434,20.646293,106.302722,0,4.98681,5,4.993624,4.9904,5,1.004371,0.960182,4.912683,4.933205,1.970775,4.986225,5,5,1.01823,4.671715,Very Good,5,5,5,4,5,3,3,5,5,Very Good,0.328
1075,4.4e-05,0.001618,0,0.00933,0.005017,0,0,0.011221,0.003162,0.588132,19.350805,113.564175,70.625848,229.200904,0.004,4.954976,5,4.980076,4.973249,5,1.006639,1.042394,4.997197,5,0.976786,3.076583,5,5,1.005968,4.453898,Very Good,5,5,4,5,5,3,4,4,5,Very Good,0.546
1076,0.004415,0.001376,0,0.018739,0,0,0.000966,0.009563,0.000931,0.324675,27.875304,589.478803,38.582526,150.173026,0.007,4.960049,4.942971,5,4.973362,4.873047,1.022995,0.931996,5,5,1.611651,4.385238,5,4.994898,0.99813,4.419885,Very Good,5,5,5,5,5,4,4,4,5,Very Good,0.58
1077,0.004041,0,0,0.006998,0.003508,0,0.001383,0.000782,0,0,19.941511,124.256467,68.028415,238.026234,0.006,5,5,5,4.945953,5,1.042999,0.854888,5,4.996357,0.931371,2.978502,4.959839,4.935474,0.986183,4.357281,Very Good,4,5,5,5,5,3,3,5,5,Very Good,0.643
1078,0,0.007102,0.001983,0,0,0,0,0.004058,0,0,26.882596,682.171252,52.904659,195.802004,0.002,5,4.978868,5,4.997479,5,0.981094,1.059329,4.974939,5,1.47119,4.483476,5,5,1.000917,4.321748,Very Good,5,4,5,4,5,4,3,4,5,Very Good,0.678
1079,0.002408,0.0107,0,0,0,0.008255,0,0,0.007521,0.962959,30.070843,1149.299617,19.948655,104.780203,0,5,5,4.982265,4.990699,4.983825,0.988671,0.915087,4.946068,5,2.030418,5,4.980995,5,0.992062,4.67364,Very Good,5,5,5,5,5,3,3,4,4,Good,-0.674
1080,0,0,0,0,0,0.003866,0,0,0,0,23.904478,538.336674,27.340661,124.043933,0,4.933108,5,4.942593,4.9404,5,0.961371,0.922868,4.962638,5,1.381781,5,5,4.960215,0.949946,4.497893,Very Good,5,5,5,4,5,3,4,4,5,Very Good,0.502
1081,0.005671,0,0.002363,0,3.7e-05,0.001655,0,0.007425,0.00743,0.402008,29.026761,604.066075,45.488893,179.686453,0,4.960773,4.96378,4.957049,4.988465,4.919762,1.006113,0.963791,5,4.968075,1.635768,4.663109,5,5,1.036461,4.492985,Very Good,5,5,4,5,5,4,5,4,5,Very Good,0.507
1082,0,0.005299,0.00446,1.572351,0,0.156928,0.032811,0.590314,0.212873,81.822256,22.135883,369.035111,38.82651,154.230056,0.136,5,5,4.958864,5,2.310838,1.003041,3.736353,4.334973,4.319157,1.013396,4.281001,4.967547,5,0.948945,4.468074,Very Good,5,4,5,5,4,4,4,4,4,Good,-0.468
1083,0,0,0,0,0.001239,0,0.003325,0,0.001831,0.852627,26.862189,656.810623,55.541665,202.471533,0.005,4.967063,4.935169,5,4.967234,5,0.991869,0.878535,5,4.990561,1.532756,4.52698,4.970432,5,0.945177,4.622863,Very Good,5,5,5,5,4,3,3,4,5,Very Good,0.377
1084,0,0.000515,0,1.066211,8.1e-05,0.106877,0.025639,0.402048,0.139094,54.659123,28.029786,683.030386,20.55888,107.226228,0.085,5,5,4.985865,5,3.213191,1.036897,2.644512,4.569388,4.579159,1.641725,4.957108,4.950665,4.992722,0.989376,4.74155,Very Good,5,5,5,5,4,4,4,5,5,Very Good,0.258
1085,0,0.006026,0,1.138741,0,0.112066,0.028844,0.421893,0.143182,58.286293,23.228771,563.827163,23.902001,113.617868,0.095,4.966466,4.934682,4.92222,4.979824,2.963441,1.017529,2.869864,4.508749,4.530601,0.910578,5,5,4.968471,1.029004,4.742372,Very Good,5,4,5,4,4,4,3,4,4,Good,-0.742
1086,0,0.003386,0,0,0,0.004805,0,0,0.007951,0,21.145997,154.627033,79.926227,259.51384,0.001,5,5,4.981194,5,5,0.927454,0.957994,4.994328,5,1.025949,3.415376,5,4.992381,0.979818,4.568199,Very Good,5,5,4,5,4,4,3,4,5,Very Good,0.432
1087,0,0.003266,0,0,0,0.004206,0.001542,0,0.003969,0,24.212328,416.631094,50.15012,183.889109,0.007,5,4.978222,4.949184,5,4.79553,1.028192,0.977728,5,4.998049,1.460244,3.829699,4.993491,4.954202,1.074472,4.46944,Very Good,5,4,5,5,4,3,3,4,5,Very Good,0.531
1088,0,0,0.004773,0,0.002277,0.000565,0,0.00857,0,0,19.033306,128.163405,68.660494,226.537834,0,5,5,5,5,4.805961,0.99583,1.009578,5,4.992733,0.959412,2.904177,4.998966,4.957519,0.999334,4.452375,Very Good,5,5,5,4,4,3,3,5,4,Good,-0.452
1089,0,0,0,0,0,0,0.000278,0.007811,0,0.082773,24.223935,546.725992,49.96626,177.740842,0,5,4.989305,5,5,4.913659,0.959416,1.0112,5,5,1.394628,3.822084,4.976831,4.938623,0.995498,4.843908,Very Good,5,4,4,5,5,3,4,4,5,Very Good,0.156
1090,0,0.004407,7.4e-05,0.017919,0,0,0.006572,0,0.005546,0.50254,27.68046,713.589334,26.837453,122.666072,0,5,4.979623,5,5,5,0.952197,1.006627,4.863319,5,2.034123,4.978181,4.949363,5,0.913299,4.440908,Very Good,5,5,5,5,5,4,4,4,4,Good,-0.441
1091,0,0,0,0,0.007771,0,0.006459,0,0,0,23.494671,515.422757,28.329706,123.753944,0.008,5,4.927857,4.947853,4.979675,5,0.978212,1.130532,5,5,1.507072,5,4.960961,5,0.957474,4.366821,Very Good,5,5,5,5,5,4,3,4,4,Good,-0.367
1092,0,0,0.006426,0.009829,0.001676,0.003871,0.004863,0,0,0,22.827706,177.326085,88.313526,286.089567,0,5,4.977668,4.978233,5,5,1.003403,0.946523,5,4.992175,0.991938,3.923373,5,5,1.02039,4.792692,Very Good,5,5,5,5,5,4,4,5,5,Very Good,0.207
1093,0,0.001557,0.002958,0.001784,0,0,0,0.004786,0.000524,0.626088,25.959137,868.604897,22.503787,111.115909,0.007,5,5,4.978821,5,4.978894,0.968579,1.05501,4.950094,4.999608,1.450615,5,4.984388,5,1.027944,4.509301,Very Good,5,5,5,5,5,3,4,4,5,Very Good,0.491
1094,0.000669,0,0,1.60734,0.003858,0.156138,0.034564,0.57858,0.206138,80.343709,26.13644,722.789087,20.912805,103.768911,0.122,5,5,5,5,2.410127,1.006819,3.560782,4.372169,4.378208,1.354537,4.96755,5,5,1.044813,4.487131,Very Good,5,5,5,5,5,4,4,4,5,Very Good,0.513
1095,0.001243,0.005959,0.001967,2.422917,0,0.242441,0.06535,0.912196,0.316207,127.513394,23.890242,488.734168,20.738029,107.670954,0.2,4.987511,4.977043,4.959899,5,1.027125,0.975117,4.947472,4.008139,4.005377,0.917643,4.958489,4.96701,5,0.994373,4.286021,Very Good,5,5,5,5,4,3,5,4,5,Very Good,0.714
1096,0.002203,0,0,0,0,0,0.001531,0,0.008928,0.35902,27.704739,703.918475,26.915843,125.258378,0.001,4.883441,4.989935,5,4.96455,4.943012,1.015422,0.989831,5,4.972036,1.989296,5,4.990554,4.957036,1.000164,4.445135,Very Good,5,5,4,5,5,4,4,5,5,Very Good,0.555
1097,0,0,0.00577,0.002898,0.000775,0.001958,0.005529,0,0,1.967621,32.897185,829.716983,19.342532,110.437435,0.003,4.984162,4.959979,5,4.991768,5,1.07296,0.851981,4.948683,5,2.040437,5,4.993737,4.969144,1.045176,4.610683,Very Good,5,5,5,5,5,3,2,4,5,Very Good,0.389
1098,0,0,0.005557,0.022028,0.001104,0.00545,0.002351,0.000557,0,0,24.270809,308.327016,55.519101,208.721218,0,5,4.973355,5,5,5,1.065625,1.031315,4.974115,5,1.498103,4.533219,4.97947,4.942013,0.947087,4.437876,Very Good,4,5,5,5,5,4,4,5,5,Very Good,0.562
1099,0,0.003145,0,1.069441,0.007599,0.10311,0.032168,0.387869,0.130132,53.330772,22.379449,568.690797,24.351807,113.772318,0.083,5,4.915847,5,4.980452,3.492859,0.979791,2.662927,4.566744,4.569926,0.957697,4.892376,4.976811,4.955721,0.986285,4.611337,Very Good,5,5,5,5,5,4,4,4,5,Very Good,0.389
1100,5.5e-05,0.000924,0,0.012478,0,0.004755,0,0.006168,0.001849,0,27.030862,540.661865,39.980405,158.969206,0,5,5,5,4.964502,5,1.021143,1.092349,4.983532,5,1.585044,4.246372,4.980668,4.998433,1.005017,4.634932,Very Good,5,4,5,5,4,4,4,4,5,Very Good,0.365
1101,0.002576,0,0,1.375645,0,0.135933,0.034134,0.505038,0.189708,72.022155,25.958282,800.510299,21.507839,108.304172,0.119,5,5,4.969816,5,2.685908,1.0256,3.239776,4.503691,4.407865,1.437833,4.960865,4.998734,5,0.943603,4.414492,Very Good,5,4,5,5,3,3,4,4,5,Very Good,0.586
1102,0.001165,0,0.005389,0,0,0,0.009686,0,0,0.717194,27.249957,686.768755,28.048749,124.632792,0.01,5,4.986498,4.982922,4.977214,5,1.008951,1.117124,5,4.95702,1.997782,5,5,5,1.042416,4.567737,Very Good,5,5,4,5,4,4,4,4,4,Good,-0.568
1103,0,0,0.006489,1.440715,0.002248,0.146607,0.029869,0.54167,0.186321,73.052932,23.255121,359.394281,48.475664,179.472963,0.122,4.967893,5,5,5,2.651552,0.970942,3.453097,4.376109,4.451377,1.003873,4.542215,4.994725,4.988828,1.080272,4.436872,Very Good,5,4,4,4,4,4,4,5,5,Very Good,0.563
1104,0.002696,0.005109,0,0,0,0,0.006493,0.008172,0,0,30.282354,1191.401994,20.255482,107.852782,0.001,5,4.996849,4.938293,5,4.873282,0.974068,1.083254,4.976003,5,2.006203,5,4.92058,5,1.064144,4.489535,Very Good,4,5,5,5,5,3,3,4,5,Very Good,0.51
1105,0,0,0.001789,0,0.008145,0,0,0,0,0,28.794373,669.338953,24.395408,121.105148,0,4.982581,5,5,4.978436,5,1.014193,0.751342,5,5,2.036695,4.94807,4.960293,4.978627,1.03471,4.606075,Very Good,5,5,4,5,5,3,3,4,5,Very Good,0.394
1106,0.012099,0,0,0,0.009517,0.006028,0,0.00866,0.007515,0,26.097513,593.969268,58.576258,214.00707,0.009,4.998368,4.944792,4.985149,4.940395,5,1.023145,0.855956,5,4.954695,1.385658,4.40217,4.993227,4.989395,1.05365,4.353148,Very Good,5,5,5,5,5,4,4,5,4,Good,-0.353
1107,0.004927,0.005239,0.003001,0.018871,0.005884,0.00946,0,0.010706,0,1.277214,23.060248,301.143221,45.370896,174.995016,0.004,5,5,5,5,5,1.023044,0.938871,5,4.996151,1.60518,4.296237,5,4.985893,0.999571,4.437195,Very Good,5,5,5,5,5,3,3,5,5,Very Good,0.563
1108,0,0.0106,0.001874,0.026912,0.000741,0,0,0,0,1.185474,26.283573,772.343705,22.784377,109.478639,0,4.972061,4.993898,4.956118,5,5,1.043005,0.909865,4.986724,5,1.451792,4.98756,5,4.935539,0.990585,4.735027,Very Good,5,5,5,5,5,3,4,4,5,Very Good,0.265
1109,0,0,0,0,0,0.006194,0.000764,0,0.006119,0.799179,26.729631,430.11789,29.894132,133.948062,0.001,4.976207,5,4.989519,4.981317,5,1.040039,1.030233,4.977248,5,1.998018,5,4.942097,5,0.993091,4.531011,Very Good,5,5,5,5,4,4,2,4,5,Very Good,0.469
1110,0,0,0,0.910696,0.000718,0.082345,0.026074,0.333131,0.126184,46.643241,23.119094,283.145672,61.663225,221.001492,0.07,4.997024,4.996904,5,4.985579,3.428482,0.991431,2.352495,4.693524,4.561927,1.018419,4.41504,5,5,0.981903,4.55445,Very Good,4,5,5,5,4,4,4,4,4,Good,-0.554
1111,0,0,0.004601,0.019455,0.003611,0.001247,0.001969,0.005064,0,0,29.084492,656.085659,24.625022,121.102288,0.004,5,5,5,5,4.757803,1.074528,1.010386,5,5,1.967186,5,4.990875,5,1.080573,4.470152,Very Good,5,5,4,5,5,4,4,5,4,Good,-0.47
1112,0.00105,0,0,0.925303,0,0.101221,0.022901,0.338114,0.125335,47.913303,28.003743,917.672374,20.216139,107.630251,0.074,5,4.993042,4.974192,5,3.364748,1.014216,2.50374,4.646179,4.550043,1.652557,4.96469,5,4.981205,1.023828,4.396686,Very Good,5,5,5,5,4,4,3,5,5,Very Good,0.603
1113,0.000169,0.007249,0,0.022254,0.010188,0,0,0.009521,0,0.40193,27.566925,763.80465,22.980764,111.025521,0,5,5,4.932831,5,4.93572,0.920993,1.15042,5,4.977772,1.659121,4.99933,5,5,1.041687,4.5925,Very Good,5,5,5,4,5,4,4,5,5,Very Good,0.407
1114,0,0,0.00128,0,0,0.004948,0.000209,0,0,0.782769,26.004449,469.38963,57.820608,212.422552,0.005,5,4.986338,4.945565,5,4.850667,1.073853,1.156822,4.96442,4.982882,1.554589,4.459729,4.976738,4.975895,1.020947,4.412675,Very Good,5,5,4,5,5,4,4,4,4,Good,-0.413
1115,0.008936,0,0,0.004089,0.006858,0.002272,0.003452,0,0.007082,0,30.875494,989.185059,19.372439,105.932631,0,4.982422,5,4.99677,4.978894,5,0.998615,1.008883,4.98947,4.95604,1.966677,4.911774,4.944774,4.97859,0.956685,4.596391,Very Good,4,5,5,5,4,4,4,5,4,Good,-0.596
1116,0.003417,0.005777,0,0.016006,0,0,0.002575,0,0,0,20.829281,446.62275,40.289192,160.304835,0,4.951437,4.955761,4.947941,4.96367,5,1.04662,0.993152,4.920409,5,1.024942,4.227437,4.9705,4.994008,0.964921,4.275381,Very Good,5,5,5,5,5,4,5,4,5,Very Good,0.725
1117,0,0.001115,0.002586,0,0.000575,0.003716,0.002814,0.000279,0,0,30.950105,967.706093,19.96456,107.82333,0.007,4.933097,4.940952,4.993493,5,4.920521,0.986468,0.99624,4.958624,4.945821,2.023252,4.986451,5,5,1.016615,4.515898,Very Good,5,5,5,5,5,4,4,5,5,Very Good,0.484
1118,0.005489,0.007213,0,0.002319,0,0,0,0,0,0,27.027072,817.529313,44.680717,171.495645,0,4.967496,4.968426,4.999009,5,5,0.964357,1.043739,5,4.94957,1.650941,4.646824,4.959509,4.987204,0.987917,4.498646,Very Good,5,5,5,5,4,4,4,5,4,Good,-0.499
1119,0,0,0.010565,0,0.002783,0.00532,0,0.002311,0.005325,0,20.828535,145.53919,76.893143,262.64198,0,5,4.946112,5,5,5,1.023646,1.144995,4.965139,4.97893,0.968172,3.419378,4.99406,4.985214,1.065064,4.29182,Very Good,5,5,5,5,5,3,3,4,5,Very Good,0.708
1120,0.001961,0,0,0.000463,0.003537,0,0,0.002934,0.008041,0.529066,26.047463,418.693588,31.376685,137.954075,0.004,5,4.917434,5,5,5,0.918245,0.945459,4.997325,4.95684,1.924701,4.936155,4.971534,4.99274,0.971746,4.496255,Very Good,5,5,5,4,4,4,3,5,5,Very Good,0.504
1121,0.001484,0,0,0,0.005077,0.003461,0.001314,0,0,0,23.794068,297.598303,60.901182,215.622362,0,5,4.985733,5,4.973334,4.870379,0.990459,1.021207,5,5,1.442516,4.424935,5,4.985517,0.999599,4.494266,Very Good,5,5,4,5,5,4,3,5,5,Very Good,0.506
1122,0,0,0.00422,6.3e-05,0.001115,0,0,0.003953,0,0.360221,21.759877,370.241927,60.963919,212.652277,0.001,5,4.939094,5,5,5,0.973822,0.862433,5,4.993349,0.960276,4.475788,5,4.993177,0.947332,4.75882,Very Good,4,5,5,5,5,3,3,5,5,Very Good,0.241
1123,0.002472,0.00062,0.003439,0.014525,0.004594,0,0,0.011688,7.3e-05,0,26.066145,924.802409,23.109957,113.134263,0.004,5,4.979259,4.981201,4.997786,5,0.992926,1.032792,5,4.972814,1.54193,5,4.995948,4.990517,1.009509,4.291869,Very Good,5,5,5,5,4,3,3,4,4,Good,-0.292
1124,0,0,0.001873,1.387335,0.001038,0.133499,0.037949,0.505666,0.172424,69.845234,26.55816,772.42858,21.558562,105.146006,0.11,4.996681,4.94634,5,5,2.75993,1.034449,3.251847,4.489659,4.421217,1.44536,5,5,4.913411,0.940823,4.56564,Very Good,5,5,4,5,4,4,4,4,4,Good,-0.566
1125,0,0.001966,0,0,0.001351,0,0,0.006851,0.006548,0,26.427783,899.936154,23.089287,114.720099,0,5,4.989149,5,5,5,1.079066,1.201992,5,4.951404,1.504095,4.982823,5,4.952632,1.015732,4.543592,Very Good,4,4,5,4,5,3,3,4,4,Good,-0.544
1126,0.001993,0,0,0,0.014022,0,0,0,0.004962,0,24.001855,395.741213,52.062595,187.14653,0.007,5,4.917279,4.977626,4.989433,4.954803,0.971687,0.877206,5,5,1.429202,3.660144,5,5,0.949144,4.333142,Very Good,5,5,4,4,5,4,4,4,4,Good,-0.333
1127,0,0.000837,0,0.007939,0,0,0.004464,0,0,0,26.946907,580.827903,38.839144,151.465188,0,5,5,5,4.9903,4.994169,1.009725,1.018635,5,5,1.555248,4.265725,4.995809,5,1.048867,4.164207,Very Good,5,5,5,5,5,4,3,5,5,Very Good,0.836
1128,0,0.008914,0,0.86534,0,0.086647,0.013538,0.312961,0.112525,46.082239,22.717127,287.243753,63.645077,228.043495,0.069,5,5,5,4.93845,3.487497,0.995378,2.232311,4.655042,4.6404,1.028804,4.284855,4.964844,5,0.953487,4.418284,Very Good,5,5,5,5,4,4,3,5,5,Very Good,0.582
1129,0,0.003737,0.000975,0,0,0,0.006958,0,0,0,22.740623,398.530918,58.039546,206.285514,0.002,5,5,4.956966,4.990762,5,0.945502,1.128005,4.949763,5,1.016893,4.601912,4.960381,4.951252,1.001419,4.446533,Very Good,4,5,5,5,5,3,2,4,4,Good,-0.447
1130,0.003387,0,0.00224,0,0.001536,0,0.006227,0.008384,0.00203,0,20.624725,399.019246,45.089012,164.363706,0,5,4.98255,5,4.988024,5,1.038271,0.907576,4.952338,4.94839,0.950442,4.165726,5,5,1.025793,4.283553,Very Good,4,5,4,4,5,4,3,5,5,Very Good,0.716
1131,0.000425,0,0.008815,0.011065,0,0,0,0.002393,0.002519,0.146441,31.803625,969.793888,20.161426,109.517277,0.001,4.99851,4.951389,4.960354,4.963096,5,0.969653,1.190494,5,5,2.02396,5,5,4.996782,0.971429,4.558103,Very Good,5,5,5,5,4,4,4,4,5,Very Good,0.442
1132,0,0.003734,0,0.038097,0,0,0.001681,0.002921,0,0,24.9691,637.620868,46.413257,174.260314,0,5,4.997644,4.93572,5,4.9239,0.97716,0.833703,4.998056,5,1.570494,3.924539,4.971743,5,0.975536,4.590106,Very Good,4,5,5,4,5,4,4,5,5,Very Good,0.41
1133,0.009087,0.000217,0,0.003639,0,0.006823,0.009218,0,0.002721,0.084453,24.329622,292.854628,58.699638,212.041339,0,5,5,5,5,4.959596,0.964328,1.037636,4.981783,4.8937,1.563483,4.424433,4.993294,5,0.93141,4.377793,Very Good,5,4,4,5,5,4,4,4,5,Very Good,0.622
1134,0.001665,0,0.00348,0,0.000457,0,0,0,0.002829,1.39389,25.038832,425.803256,30.373686,135.966266,0.003,5,5,5,5,4.84622,0.971176,0.85102,4.966138,4.988159,2.030328,4.996322,4.966259,5,0.952869,4.483196,Very Good,5,5,5,5,5,4,4,5,5,Very Good,0.517
1135,0.000106,0,0.004401,0,0,0,0,0,0.00746,0.449434,23.388042,518.821637,27.965042,125.397269,0,5,5,5,5,4.874618,0.98141,1.135622,5,4.989849,1.492115,5,5,4.966763,1.004037,4.464765,Very Good,5,5,5,5,5,3,3,5,5,Very Good,0.535
1136,0,0,0.000702,0,0.004134,0,0,0,0,0.507822,21.969878,432.990606,51.981244,189.507996,0,4.969002,4.927656,5,4.984606,4.915031,1.004284,1.07236,4.991219,5,0.94682,4.605632,5,4.962395,1.05573,4.494135,Very Good,4,5,5,5,5,4,5,4,4,Good,-0.494
1137,0,0,0,0,0,0,0.00498,0,0.000978,0,27.467897,756.345588,22.2898,108.774128,0.007,5,4.99816,5,5,4.903014,0.974606,0.996516,5,5,1.557706,5,5,4.989485,0.993926,4.452095,Very Good,4,5,5,5,4,4,4,4,5,Very Good,0.548
1138,0.003034,0,0,0,0,0.001548,0.000672,0.003067,0,1.939724,32.104862,818.777157,20.679216,109.418582,0,5,4.992107,4.95382,5,5,0.966293,1.057882,5,4.999155,1.997174,5,5,4.991976,0.99511,4.779186,Very Good,5,4,5,4,5,3,3,4,4,Good,-0.779
1139,0,0.001677,0,0.015698,0.004724,0.008895,0,0,0,0,27.519187,812.852706,43.73463,175.211289,0.003,5,4.947683,5,5,4.948018,1.066211,0.783537,4.887762,4.978128,1.650259,4.647325,4.914323,4.915275,1.060838,4.523114,Very Good,5,5,4,4,5,4,3,5,5,Very Good,0.477
1140,0.002145,0.006956,0,0.061178,0,0,0,0,0.010937,1.247963,27.541112,735.80153,22.624881,110.059331,0.002,5,5,5,4.99982,4.889974,0.98127,0.898884,4.990966,4.966961,1.598378,4.883482,5,4.970414,1.016973,4.414361,Very Good,4,5,5,5,5,4,4,4,4,Good,-0.414
1141,0,0,0,1.54206,0,0.151074,0.0371,0.576539,0.201872,78.196281,22.756369,555.02882,23.660011,107.74329,0.131,4.958813,5,5,5,2.386626,1.020447,3.384276,4.376151,4.339441,1.039257,5,5,4.983402,1.043026,4.499448,Very Good,5,5,4,5,4,4,4,5,5,Very Good,0.501
1142,0.00109,0,0,0,0,0.005083,0,0.000182,0.002092,1.144407,25.849559,706.654755,23.10609,114.451557,0.002,5,5,5,4.975312,5,1.032632,1.000112,4.99984,4.958732,1.417282,5,5,4.968892,0.994481,4.729884,Very Good,5,5,5,5,5,3,3,4,5,Very Good,0.27
1143,0.000128,0,0.006139,0.014165,0,0,0,0.009514,0,0,27.122123,753.871696,27.262813,121.011082,0.001,5,4.981576,4.960485,4.965994,4.930993,1.006897,0.741762,5,4.965394,1.979817,5,5,5,1.023726,4.701165,Very Good,5,5,4,5,5,3,3,4,5,Very Good,0.299
1144,0,0.004212,0.010557,0,0.005904,0,0,0.001822,8.7e-05,0,26.431911,888.585379,23.41965,115.127372,0,5,5,5,4.992133,4.960456,1.058607,0.967971,5,5,1.492985,4.90144,5,5,0.967594,4.282306,Very Good,5,5,5,5,5,3,4,4,5,Very Good,0.718
1145,0,0,0.000867,0.018676,0,0,0,0.007006,0,1.00057,21.101385,158.842793,77.562056,259.198508,0,5,4.971913,5,4.998155,4.984519,1.046409,1.032243,5,4.923617,1.004805,3.49797,4.930363,5,0.962998,4.679349,Very Good,5,5,5,5,5,3,4,4,5,Very Good,0.321
1146,0,0.002812,0,0.008737,0,0,0,0.000907,0,0.984666,20.322809,343.140577,49.481805,181.120007,0,5,4.9803,4.976631,5,4.92805,0.945838,1.00404,5,5,0.971429,3.824437,4.973359,4.977637,1.008057,4.483396,Very Good,5,5,5,5,5,3,4,5,5,Very Good,0.517
1147,0.001015,0,0.009868,0.043779,0.002661,0,0,0,0,0,24.200597,320.292932,53.528383,196.724808,0,4.972612,4.979881,4.999281,4.988177,5,0.964321,1.068158,5,5,1.695727,4.609885,4.987942,5,1.000677,4.755571,Very Good,5,5,5,5,5,4,4,4,5,Very Good,0.244
1148,0,0.001409,0,0,0,0.002775,0,0,0,0.245333,20.140015,328.951934,52.165287,189.226376,0,4.869341,5,4.988567,4.98996,5,1.015559,1.189486,5,5,1.022797,3.737371,4.980802,5,0.942117,4.438278,Very Good,5,5,5,5,4,3,4,4,5,Very Good,0.562
